{"num_mu": {"Cationic_Lipid_Mass_Ratio": 11.724740982055664, "Phospholipid_Mass_Ratio": 3.4891650676727295, "Cholesterol_Mass_Ratio": 3.7845191955566406, "PEG_Lipid_Mass_Ratio": 1.7900292873382568, "Cationic_Lipid_Mol_Ratio": 45.774513244628906, "Phospholipid_Mol_Ratio": 18.881847381591797, "Cholesterol_Mol_Ratio": 33.327735900878906, "PEG_Lipid_Mol_Ratio": 2.015876531600952, "Cationic_Lipid_to_mRNA_weight_ratio": 10.298595428466797, "size": 4.011819839477539, "PDI": 0.0, "Purity": 0.0}, "num_sd": {"Cationic_Lipid_Mass_Ratio": 23.561931610107422, "Phospholipid_Mass_Ratio": 7.915587425231934, "Cholesterol_Mass_Ratio": 7.933740615844727, "PEG_Lipid_Mass_Ratio": 4.169063091278076, "Cationic_Lipid_Mol_Ratio": 18.09950828552246, "Phospholipid_Mol_Ratio": 11.725565910339355, "Cholesterol_Mol_Ratio": 16.574087142944336, "PEG_Lipid_Mol_Ratio": 1.1365528106689453, "Cationic_Lipid_to_mRNA_weight_ratio": 5.085962295532227, "size": 74.871337890625, "PDI": 1.0, "Purity": 1.0}}