{"num_mu": {"Cationic_Lipid_Mass_Ratio": 12.752037048339844, "Phospholipid_Mass_Ratio": 3.8028934001922607, "Cholesterol_Mass_Ratio": 4.170293807983398, "PEG_Lipid_Mass_Ratio": 1.9652460813522339, "Cationic_Lipid_Mol_Ratio": 46.13304901123047, "Phospholipid_Mol_Ratio": 18.91837501525879, "Cholesterol_Mol_Ratio": 32.944461822509766, "PEG_Lipid_Mol_Ratio": 2.004051446914673, "Cationic_Lipid_to_mRNA_weight_ratio": 10.630053520202637, "size": 6.922471046447754, "PDI": 0.0, "Purity": 0.0}, "num_sd": {"Cationic_Lipid_Mass_Ratio": 24.26552963256836, "Phospholipid_Mass_Ratio": 8.190940856933594, "Cholesterol_Mass_Ratio": 8.281641960144043, "PEG_Lipid_Mass_Ratio": 4.347399711608887, "Cationic_Lipid_Mol_Ratio": 18.262142181396484, "Phospholipid_Mol_Ratio": 11.891096115112305, "Cholesterol_Mol_Ratio": 16.517316818237305, "PEG_Lipid_Mol_Ratio": 1.1789915561676025, "Cationic_Lipid_to_mRNA_weight_ratio": 5.3423285484313965, "size": 117.6474838256836, "PDI": 1.0, "Purity": 1.0}}