{"num_mu": {"Cationic_Lipid_Mass_Ratio": 10.756966590881348, "Phospholipid_Mass_Ratio": 3.1785519123077393, "Cholesterol_Mass_Ratio": 3.390346050262451, "PEG_Lipid_Mass_Ratio": 1.6158925294876099, "Cationic_Lipid_Mol_Ratio": 45.72679901123047, "Phospholipid_Mol_Ratio": 19.041545867919922, "Cholesterol_Mol_Ratio": 33.2326774597168, "PEG_Lipid_Mol_Ratio": 1.9989460706710815, "Cationic_Lipid_to_mRNA_weight_ratio": 10.428174018859863, "size": 4.095736980438232, "PDI": 0.0, "Purity": 0.0}, "num_sd": {"Cationic_Lipid_Mass_Ratio": 22.881877899169922, "Phospholipid_Mass_Ratio": 7.636950492858887, "Cholesterol_Mass_Ratio": 7.5157470703125, "PEG_Lipid_Mass_Ratio": 3.9773855209350586, "Cationic_Lipid_Mol_Ratio": 17.95498275756836, "Phospholipid_Mol_Ratio": 11.784917831420898, "Cholesterol_Mol_Ratio": 16.518062591552734, "PEG_Lipid_Mol_Ratio": 1.104274034500122, "Cationic_Lipid_to_mRNA_weight_ratio": 5.191314697265625, "size": 74.20491027832031, "PDI": 1.0, "Purity": 1.0}}