{"num_mu": {"Cationic_Lipid_Mass_Ratio": 11.259827613830566, "Phospholipid_Mass_Ratio": 3.4053709506988525, "Cholesterol_Mass_Ratio": 3.7318286895751953, "PEG_Lipid_Mass_Ratio": 1.7670904397964478, "Cationic_Lipid_Mol_Ratio": 46.01201629638672, "Phospholipid_Mol_Ratio": 19.130769729614258, "Cholesterol_Mol_Ratio": 32.86280059814453, "PEG_Lipid_Mol_Ratio": 1.9943498373031616, "Cationic_Lipid_to_mRNA_weight_ratio": 10.675487518310547, "size": 6.144272327423096, "PDI": 0.0, "Purity": 0.0}, "num_sd": {"Cationic_Lipid_Mass_Ratio": 23.07598876953125, "Phospholipid_Mass_Ratio": 7.852414131164551, "Cholesterol_Mass_Ratio": 7.982555389404297, "PEG_Lipid_Mass_Ratio": 4.186043739318848, "Cationic_Lipid_Mol_Ratio": 18.33457374572754, "Phospholipid_Mol_Ratio": 12.025474548339844, "Cholesterol_Mol_Ratio": 16.663480758666992, "PEG_Lipid_Mol_Ratio": 1.1693772077560425, "Cationic_Lipid_to_mRNA_weight_ratio": 5.430972099304199, "size": 92.66447448730469, "PDI": 1.0, "Purity": 1.0}}