,Raj_Jacob_ML_branched_ester_RM_Michael_addition_branched_spleen_intravenous,IR_BL_AG_4CR_IR_4CR_aldehyde_generic_cell_in_vitro,Raj_Jacob_ML_branched_ester_RM_Michael_addition_branched_lung_intravenous,Raj_Jacob_ML_branched_ester_RM_Michael_addition_branched_liver_intravenous,Zhou_dendrimer_Zhou_dendrimer_liver_intravenous,IR_BL_AG_4CR_IR_4CR_aldehyde_muscle_intramuscular,LM_3CR_LM_3CR_macrophage_in_vitro,LM_3CR_LM_3CR_dendritic_cell_in_vitro,LM_3CR_LM_3CR_generic_cell_in_vitro,A549_form_screen_IR_Reductive_amination_lung_epithelium_in_vitro,Raj_Jacob_ML_branched_ester_RM_Michael_addition_branched_muscle_intramuscular,Liu_Phospholipids_Liu_iPhos_generic_cell_in_vitro,Whitehead_siRNA_whitehead_lipidoid_liver_intravenous,Luke_Raj_Branched_ester_RM_Michael_addition_branched_liver_intravenous,A549_form_screen_RM_Michael_addition_branched_lung_epithelium_in_vitro,Zhou_dendrimer_Zhou_dendrimer_generic_cell_in_vitro,IR_BL_AG_3CR_sting_IR_3CR_sting_generic_cell_in_vitro,Whitehead_siRNA_whitehead_lipidoid_generic_cell_in_vitro,RM_BL_AG_carbonate_RM_carbonate_generic_cell_in_vitro
0,0.09855659098042274,-0.13151841404017983,,0.19265237130305424,,0.1199180425189361,,,0.4237646533934163,0.155323712019767,,0.5619439916387847,0.2731226964236669,0.602131006400932,0.5566317758386923,0.6716368566332844,0.10102730394192731,0.4306764519328023,0.18392856073856775
1,0.2871999837134073,-0.022162681096955968,,0.21714718629679283,,-0.15109913953913595,,,0.5153169237287211,0.6323436110758058,,0.592090621121313,0.01914418150448531,0.54552060304079,0.7351030413141945,0.46416821379239304,0.3398587688757779,0.2874017644234034,0.3261351434491032
2,0.28891050614003844,0.018459898440132086,,0.5790627537465418,,0.1425113700238366,,,0.4338108161951154,0.20527345738937233,,0.6255737646391366,0.0027267424797147166,0.7150134049864385,0.5761434642430219,0.6547984029852252,0.3357529135805818,0.7207167315853136,0.21911893969639323
3,0.39164847371781003,0.21388326757657677,,0.11850341608175335,,,,,0.43993349608541055,0.758056131350031,,0.2335894722283304,0.05073948732123145,0.8063475237139666,0.5890731900267191,0.5670930390320356,-0.2195909181348064,0.44668816617969775,0.05170816599926418
4,0.41364975855130354,0.13491972379066414,,0.5607910770311806,,,,,0.5880315748680962,0.8128776384599818,,0.5795370164212512,-0.17248991415753429,0.676584913804593,0.797206486828262,0.5744267691356326,0.27583398977956036,0.5460707823045658,-0.06443430766302849
