smiles,quantified_delivery,Encapsulation_Efficiency_EE<50,Encapsulation_Efficiency_50<=EE<80,Encapsulation_Efficiency_80<EE<=100,Biodistribution_lymph_nodes,Biodistribution_heart,Biodistribution_liver,Biodistribution_spleen,Biodistribution_lung,Biodistribution_kidney,Biodistribution_muscle,quantified_total_luminescence,chronic_toxicity_none,acute_toxicity_none,acute_toxicity_present,size,PDI_0_0to0_2,PDI_0_2to0_3,PDI_0_3to0_4,PDI_0_4to0_5
OC(CN(CCN(CCN1CCN(CC1)CCN(CC(CCCCCCCCCC)O)CC(CCCCCCCCCC)O)CC(CCCCCCCCCC)O)CC(CCCCCCCCCC)O)CCCCCCCCCC,0.5812143606898561,,,,,,,,,,,,,,,,0.0,0.0,0.0,0.0
OC(CN(CCN(CCN1CCN(CC1)CCN(CC(CCCCCCCCCC)O)CC(CCCCCCCCCC)O)CC(CCCCCCCCCC)O)CC(CCCCCCCCCC)O)CCCCCCCCCC,-1.370671299808699,,,,,,,,,,,,,,,,0.0,0.0,0.0,0.0
OC(CN(CCN(CCN1CCN(CC1)CCN(CC(CCCCCCCCCC)O)CC(CCCCCCCCCC)O)CC(CCCCCCCCCC)O)CC(CCCCCCCCCC)O)CCCCCCCCCC,1.6639009379976484,,,,,,,,,,,,,,,,0.0,0.0,0.0,0.0
OC(CN(CCN(CCN1CCN(CC1)CCN(CC(CCCCCCCCCC)O)CC(CCCCCCCCCC)O)CC(CCCCCCCCCC)O)CC(CCCCCCCCCC)O)CCCCCCCCCC,-1.4316677266992788,,,,,,,,,,,,,,,,0.0,0.0,0.0,0.0
OC(CN(CCN(CCN1CCN(CC1)CCN(CC(CCCCCCCCCC)O)CC(CCCCCCCCCC)O)CC(CCCCCCCCCC)O)CC(CCCCCCCCCC)O)CCCCCCCCCC,0.3296040997662142,,,,,,,,,,,,,,,,0.0,0.0,0.0,0.0
OC(CN(CCN(CCN1CCN(CC1)CCN(CC(CCCCCCCCCC)O)CC(CCCCCCCCCC)O)CC(CCCCCCCCCC)O)CC(CCCCCCCCCC)O)CCCCCCCCCC,0.7642036413615959,,,,,,,,,,,,,,,,0.0,0.0,0.0,0.0
OC(CN(CCN(CCN1CCN(CC1)CCN(CC(CCCCCCCCCC)O)CC(CCCCCCCCCC)O)CC(CCCCCCCCCC)O)CC(CCCCCCCCCC)O)CCCCCCCCCC,0.4668460602700193,,,,,,,,,,,,,,,,0.0,0.0,0.0,0.0
OC(CN(CCN(CCN1CCN(CC1)CCN(CC(CCCCCCCCCC)O)CC(CCCCCCCCCC)O)CC(CCCCCCCCCC)O)CC(CCCCCCCCCC)O)CCCCCCCCCC,0.6117125741351461,,,,,,,,,,,,,,,,0.0,0.0,0.0,0.0
OC(CN(CCN(CCN1CCN(CC1)CCN(CC(CCCCCCCCCC)O)CC(CCCCCCCCCC)O)CC(CCCCCCCCCC)O)CC(CCCCCCCCCC)O)CCCCCCCCCC,-0.0592481216612321,,,,,,,,,,,,,,,,0.0,0.0,0.0,0.0
OC(CN(CCN(CCN1CCN(CC1)CCN(CC(CCCCCCCCCC)O)CC(CCCCCCCCCC)O)CC(CCCCCCCCCC)O)CC(CCCCCCCCCC)O)CCCCCCCCCC,1.0158139022852375,,,,,,,,,,,,,,,,0.0,0.0,0.0,0.0
OC(CN(CCN(CCN1CCN(CC1)CCN(CC(CCCCCCCCCC)O)CC(CCCCCCCCCC)O)CC(CCCCCCCCCC)O)CC(CCCCCCCCCC)O)CCCCCCCCCC,1.877388432114678,,,,,,,,,,,,,,,,0.0,0.0,0.0,0.0
OC(CN(CCN(CCN1CCN(CC1)CCN(CC(CCCCCCCCCC)O)CC(CCCCCCCCCC)O)CC(CCCCCCCCCC)O)CC(CCCCCCCCCC)O)CCCCCCCCCC,0.9471929220333356,,,,,,,,,,,,,,,,0.0,0.0,0.0,0.0
OC(CN(CCN(CCN1CCN(CC1)CCN(CC(CCCCCCCCCC)O)CC(CCCCCCCCCC)O)CC(CCCCCCCCCC)O)CC(CCCCCCCCCC)O)CCCCCCCCCC,0.3906005266567941,,,,,,,,,,,,,,,,0.0,0.0,0.0,0.0
OC(CN(CCN(CCN1CCN(CC1)CCN(CC(CCCCCCCCCC)O)CC(CCCCCCCCCC)O)CC(CCCCCCCCCC)O)CC(CCCCCCCCCC)O)CCCCCCCCCC,0.5278424871605986,,,,,,,,,,,,,,,,0.0,0.0,0.0,0.0
OC(CN(CCN(CCN1CCN(CC1)CCN(CC(CCCCCCCCCC)O)CC(CCCCCCCCCC)O)CC(CCCCCCCCCC)O)CC(CCCCCCCCCC)O)CCCCCCCCCC,1.1911786295956546,,,,,,,,,,,,,,,,0.0,0.0,0.0,0.0
OC(CN(CCN(CCN1CCN(CC1)CCN(CC(CCCCCCCCCC)O)CC(CCCCCCCCCC)O)CC(CCCCCCCCCC)O)CC(CCCCCCCCCC)O)CCCCCCCCCC,1.7935183451401306,,,,,,,,,,,,,,,,0.0,0.0,0.0,0.0
OC(CN(CCN(CCN1CCN(CC1)CCN(CC(CCCCCCCCCC)O)CC(CCCCCCCCCC)O)CC(CCCCCCCCCC)O)CC(CCCCCCCCCC)O)CCCCCCCCCC,0.0703692854812499,,,,,,,,,,,,,,,,0.0,0.0,0.0,0.0
OC(CN(CCN(CCN1CCN(CC1)CCN(CC(CCCCCCCCCC)O)CC(CCCCCCCCCC)O)CC(CCCCCCCCCC)O)CC(CCCCCCCCCC)O)CCCCCCCCCC,1.7630201316948406,,,,,,,,,,,,,,,,0.0,0.0,0.0,0.0
OC(CN(CCN(CCN1CCN(CC1)CCN(CC(CCCCCCCCCC)O)CC(CCCCCCCCCC)O)CC(CCCCCCCCCC)O)CC(CCCCCCCCCC)O)CCCCCCCCCC,0.03987107203596,,,,,,,,,,,,,,,,0.0,0.0,0.0,0.0
OC(CN(CCN(CCN1CCN(CC1)CCN(CC(CCCCCCCCCC)O)CC(CCCCCCCCCC)O)CC(CCCCCCCCCC)O)CC(CCCCCCCCCC)O)CCCCCCCCCC,0.2609831195143119,,,,,,,,,,,,,,,,0.0,0.0,0.0,0.0
CCCCCCCCCCC(O)CN(CCCCC1NC(=O)C(CCCCN(CC(O)CCCCCCCCCC)CC(O)CCCCCCCCCC)NC1=O)CC(O)CCCCCCCCCC,0.9014456018654003,,,,,,,,,,,,,,,,0.0,0.0,0.0,0.0
CCCCCCCCCCC(O)CN(CCCCC1NC(=O)C(CCCCN(CC(O)CCCCCCCCCC)CC(O)CCCCCCCCCC)NC1=O)CC(O)CCCCCCCCCC,2.2052442266515446,,,,,,,,,,,,,,,,0.0,0.0,0.0,0.0
CCCCCCCCCCC(O)CN(CCCCC1NC(=O)C(CCCCN(CC(O)CCCCCCCCCC)CC(O)CCCCCCCCCC)NC1=O)CC(O)CCCCCCCCCC,-1.401169513253989,,,,,,,,,,,,,,,,0.0,0.0,0.0,0.0
CCCCCCCCCCC(O)CN(CCCCC1NC(=O)C(CCCCN(CC(O)CCCCCCCCCC)CC(O)CCCCCCCCCC)NC1=O)CC(O)CCCCCCCCCC,0.863322835058788,,,,,,,,,,,,,,,,0.0,0.0,0.0,0.0
CCCCCCCCCCC(O)CN(CCCCC1NC(=O)C(CCCCN(CC(O)CCCCCCCCCC)CC(O)CCCCCCCCCC)NC1=O)CC(O)CCCCCCCCCC,0.7260808745549836,,,,,,,,,,,,,,,,0.0,0.0,0.0,0.0
CCCCCCCCCCC(O)CN(CCCCC1NC(=O)C(CCCCN(CC(O)CCCCCCCCCC)CC(O)CCCCCCCCCC)NC1=O)CC(O)CCCCCCCCCC,1.3284205900994597,,,,,,,,,,,,,,,,0.0,0.0,0.0,0.0
CCCCCCCCCCC(O)CN(CCCCC1NC(=O)C(CCCCN(CC(O)CCCCCCCCCC)CC(O)CCCCCCCCCC)NC1=O)CC(O)CCCCCCCCCC,0.6498353409417583,,,,,,,,,,,,,,,,0.0,0.0,0.0,0.0
CCCCCCCCCCC(O)CN(CCCCC1NC(=O)C(CCCCN(CC(O)CCCCCCCCCC)CC(O)CCCCCCCCCC)NC1=O)CC(O)CCCCCCCCCC,1.0158139022852375,,,,,,,,,,,,,,,,0.0,0.0,0.0,0.0
CCCCCCCCCCC(O)CN(CCCCC1NC(=O)C(CCCCN(CC(O)CCCCCCCCCC)CC(O)CCCCCCCCCC)NC1=O)CC(O)CCCCCCCCCC,0.924319261949368,,,,,,,,,,,,,,,,0.0,0.0,0.0,0.0
CCCCCCCCCCC(O)CN(CCCCC1NC(=O)C(CCCCN(CC(O)CCCCCCCCCC)CC(O)CCCCCCCCCC)NC1=O)CC(O)CCCCCCCCCC,2.06800226614774,,,,,,,,,,,,,,,,0.0,0.0,0.0,0.0
CCCCCCCCCCC(O)CN(CCCCC1NC(=O)C(CCCCN(CC(O)CCCCCCCCCC)CC(O)CCCCCCCCCC)NC1=O)CC(O)CCCCCCCCCC,0.8328246216134981,,,,,,,,,,,,,,,,0.0,0.0,0.0,0.0
CCCCCCCCCCC(O)CN(CCCCC1NC(=O)C(CCCCN(CC(O)CCCCCCCCCC)CC(O)CCCCCCCCCC)NC1=O)CC(O)CCCCCCCCCC,0.9395683686720124,,,,,,,,,,,,,,,,0.0,0.0,0.0,0.0
CCCCCCCCCCC(O)CN(CCCCC1NC(=O)C(CCCCN(CC(O)CCCCCCCCCC)CC(O)CCCCCCCCCC)NC1=O)CC(O)CCCCCCCCCC,1.3131714833768142,,,,,,,,,,,,,,,,0.0,0.0,0.0,0.0
CCCCCCCCCCC(O)CN(CCCCC1NC(=O)C(CCCCN(CC(O)CCCCCCCCCC)CC(O)CCCCCCCCCC)NC1=O)CC(O)CCCCCCCCCC,1.397041570351362,,,,,,,,,,,,,,,,0.0,0.0,0.0,0.0
CCCCCCCCCCC(O)CN(CCCCC1NC(=O)C(CCCCN(CC(O)CCCCCCCCCC)CC(O)CCCCCCCCCC)NC1=O)CC(O)CCCCCCCCCC,2.235742440096834,,,,,,,,,,,,,,,,0.0,0.0,0.0,0.0
CCCCCCCCCCC(O)CN(CCCCC1NC(=O)C(CCCCN(CC(O)CCCCCCCCCC)CC(O)CCCCCCCCCC)NC1=O)CC(O)CCCCCCCCCC,1.0463121157305275,,,,,,,,,,,,,,,,0.0,0.0,0.0,0.0
CCCCCCCCCCC(O)CN(CCCCC1NC(=O)C(CCCCN(CC(O)CCCCCCCCCC)CC(O)CCCCCCCCCC)NC1=O)CC(O)CCCCCCCCCC,2.03750405270245,,,,,,,,,,,,,,,,0.0,0.0,0.0,0.0
CCCCCCCCCCC(O)CN(CCCCC1NC(=O)C(CCCCN(CC(O)CCCCCCCCCC)CC(O)CCCCCCCCCC)NC1=O)CC(O)CCCCCCCCCC,0.0551201787586049,,,,,,,,,,,,,,,,0.0,0.0,0.0,0.0
CCCCCCCCCCC(O)CN(CCCCC1NC(=O)C(CCCCN(CC(O)CCCCCCCCCC)CC(O)CCCCCCCCCC)NC1=O)CC(O)CCCCCCCCCC,0.230484906069022,,,,,,,,,,,,,,,,0.0,0.0,0.0,0.0
CCCCCCCCC(OC(CCCCCCCN(CCO)CCCCCCCC(OCCCCCCCCC)=O)=O)CCCCCCCC,0.3982250800181164,,,,,,,,,,,,,,,,0.0,0.0,0.0,0.0
CCCCCCCCC(OC(CCCCCCCN(CCO)CCCCCCCC(OCCCCCCCCC)=O)=O)CCCCCCCC,-0.7683315842642231,,,,,,,,,,,,,,,,0.0,0.0,0.0,0.0
CCCCCCCCC(OC(CCCCCCCN(CCO)CCCCCCCC(OCCCCCCCCC)=O)=O)CCCCCCCC,1.2826732699315244,,,,,,,,,,,,,,,,0.0,0.0,0.0,0.0
CCCCCCCCC(OC(CCCCCCCN(CCO)CCCCCCCC(OCCCCCCCCC)=O)=O)CCCCCCCC,0.7337054279163059,,,,,,,,,,,,,,,,0.0,0.0,0.0,0.0
CCCCCCCCC(OC(CCCCCCCN(CCO)CCCCCCCC(OCCCCCCCCC)=O)=O)CCCCCCCC,1.6791500447202938,,,,,,,,,,,,,,,,0.0,0.0,0.0,0.0
CCCCCCCCC(OC(CCCCCCCN(CCO)CCCCCCCC(OCCCCCCCCC)=O)=O)CCCCCCCC,0.4210987401020841,,,,,,,,,,,,,,,,0.0,0.0,0.0,0.0
CCCCCCCCC(OC(CCCCCCCN(CCO)CCCCCCCC(OCCCCCCCCC)=O)=O)CCCCCCCC,0.215235799346377,,,,,,,,,,,,,,,,0.0,0.0,0.0,0.0
CCCCCCCCC(OC(CCCCCCCN(CCO)CCCCCCCC(OCCCCCCCCC)=O)=O)CCCCCCCC,0.6650844476644037,,,,,,,,,,,,,,,,0.0,0.0,0.0,0.0
CCCCCCCCC(OC(CCCCCCCN(CCO)CCCCCCCC(OCCCCCCCCC)=O)=O)CCCCCCCC,1.0310630090078825,,,,,,,,,,,,,,,,0.0,0.0,0.0,0.0
CCCCCCCCC(OC(CCCCCCCN(CCO)CCCCCCCC(OCCCCCCCCC)=O)=O)CCCCCCCC,1.3284205900994597,,,,,,,,,,,,,,,,0.0,0.0,0.0,0.0
CCCCCCCCC(OC(CCCCCCCN(CCO)CCCCCCCC(OCCCCCCCCC)=O)=O)CCCCCCCC,1.1073085426211076,,,,,,,,,,,,,,,,0.0,0.0,0.0,0.0
CCCCCCCCC(OC(CCCCCCCN(CCO)CCCCCCCC(OCCCCCCCCC)=O)=O)CCCCCCCC,1.8316411119467435,,,,,,,,,,,,,,,,0.0,0.0,0.0,0.0
CCCCCCCCC(OC(CCCCCCCN(CCO)CCCCCCCC(OCCCCCCCCC)=O)=O)CCCCCCCC,1.8850129854760005,,,,,,,,,,,,,,,,0.0,0.0,0.0,0.0
CCCCCCCCC(OC(CCCCCCCN(CCO)CCCCCCCC(OCCCCCCCCC)=O)=O)CCCCCCCC,1.7858937917788082,,,,,,,,,,,,,,,,0.0,0.0,0.0,0.0
CCCCCCCCC(OC(CCCCCCCN(CCO)CCCCCCCC(OCCCCCCCCC)=O)=O)CCCCCCCC,1.6639009379976484,,,,,,,,,,,,,,,,0.0,0.0,0.0,0.0
CCCCCCCCC(OC(CCCCCCCN(CCO)CCCCCCCC(OCCCCCCCCC)=O)=O)CCCCCCCC,0.5125933804379539,,,,,,,,,,,,,,,,0.0,0.0,0.0,0.0
CCCCCCCCC(OC(CCCCCCCN(CCO)CCCCCCCC(OCCCCCCCCC)=O)=O)CCCCCCCC,1.6029045111070686,,,,,,,,,,,,,,,,0.0,0.0,0.0,0.0
CCCCCCCCC(OCCCCCCN1CCC[C@H]1COC(OC[C@@H]2CCCN2CCCCCCOC(CCCCCCCC)=O)=O)=O,-1.4926641535898586,,,,,,,,,,,,,,,,0.0,0.0,0.0,0.0
CCCCCCCCC(OCCCCCCN1CCC[C@H]1COC(OC[C@@H]2CCCN2CCCCCCOC(CCCCCCCC)=O)=O)=O,-2.438108770393846,,,,,,,,,,,,,,,,0.0,0.0,0.0,0.0
CCCCCCCCC(OCCCCCCN1CCC[C@H]1COC(OC[C@@H]2CCCN2CCCCCCOC(CCCCCCCC)=O)=O)=O,-0.8826998846840602,,,,,,,,,,,,,,,,0.0,0.0,0.0,0.0
CCCCCCCCC(OCCCCCCN1CCC[C@H]1COC(OC[C@@H]2CCCN2CCCCCCOC(CCCCCCCC)=O)=O)=O,-1.1724329124143145,,,,,,,,,,,,,,,,0.0,0.0,0.0,0.0
CCCCCCCCC(OCCCCCCN1CCC[C@H]1COC(OC[C@@H]2CCCN2CCCCCCOC(CCCCCCCC)=O)=O)=O,-0.6920860506509982,,,,,,,,,,,,,,,,0.0,0.0,0.0,0.0
CCCCCCCCC(OCCCCCCN1CCC[C@H]1COC(OC[C@@H]2CCCN2CCCCCCOC(CCCCCCCC)=O)=O)=O,-1.767148074597468,,,,,,,,,,,,,,,,0.0,0.0,0.0,0.0
CCCCCCCCC(OCCCCCCN1CCC[C@H]1COC(OC[C@@H]2CCCN2CCCCCCOC(CCCCCCCC)=O)=O)=O,-1.4316677266992788,,,,,,,,,,,,,,,,0.0,0.0,0.0,0.0
CCCCCCCCC(OCCCCCCN1CCC[C@H]1COC(OC[C@@H]2CCCN2CCCCCCOC(CCCCCCCC)=O)=O)=O,-0.9131980981293502,,,,,,,,,,,,,,,,0.0,0.0,0.0,0.0
O=C(OC(CCCCCCCC)CCCCCCCC)CCCCCN1[C@H](COC(OC[C@@H]2CCCN2CCCCCC(OC(CCCCCCCC)CCCCCCCC)=O)=O)CCC1,-1.0504400586331546,,,,,,,,,,,,,,,,0.0,0.0,0.0,0.0
O=C(OC(CCCCCCCC)CCCCCCCC)CCCCCN1[C@H](COC(OC[C@@H]2CCCN2CCCCCC(OC(CCCCCCCC)CCCCCCCC)=O)=O)CCC1,-2.163624849386237,,,,,,,,,,,,,,,,0.0,0.0,0.0,0.0
O=C(OC(CCCCCCCC)CCCCCCCC)CCCCCN1[C@H](COC(OC[C@@H]2CCCN2CCCCCC(OC(CCCCCCCC)CCCCCCCC)=O)=O)CCC1,-0.6005914103151283,,,,,,,,,,,,,,,,0.0,0.0,0.0,0.0
O=C(OC(CCCCCCCC)CCCCCCCC)CCCCCN1[C@H](COC(OC[C@@H]2CCCN2CCCCCC(OC(CCCCCCCC)CCCCCCCC)=O)=O)CCC1,-1.0809382720784446,,,,,,,,,,,,,,,,0.0,0.0,0.0,0.0
O=C(OC(CCCCCCCC)CCCCCCCC)CCCCCN1[C@H](COC(OC[C@@H]2CCCN2CCCCCC(OC(CCCCCCCC)CCCCCCCC)=O)=O)CCC1,-0.4481003430886786,,,,,,,,,,,,,,,,0.0,0.0,0.0,0.0
O=C(OC(CCCCCCCC)CCCCCCCC)CCCCCN1[C@H](COC(OC[C@@H]2CCCN2CCCCCC(OC(CCCCCCCC)CCCCCCCC)=O)=O)CCC1,-1.401169513253989,,,,,,,,,,,,,,,,0.0,0.0,0.0,0.0
O=C(OC(CCCCCCCC)CCCCCCCC)CCCCCN1[C@H](COC(OC[C@@H]2CCCN2CCCCCC(OC(CCCCCCCC)CCCCCCCC)=O)=O)CCC1,-1.4697904935058912,,,,,,,,,,,,,,,,0.0,0.0,0.0,0.0
O=C(OC(CCCCCCCC)CCCCCCCC)CCCCCN1[C@H](COC(OC[C@@H]2CCCN2CCCCCC(OC(CCCCCCCC)CCCCCCCC)=O)=O)CCC1,-0.7759561376255454,,,,,,,,,,,,,,,,0.0,0.0,0.0,0.0
CN(CCCCCCOC(CCCCCCCC)=O)CCOC(OCCN(CCCCCCOC(CCCCCCCC)=O)C)=O,-1.4469168334219238,,,,,,,,,,,,,,,,0.0,0.0,0.0,0.0
CN(CCCCCCOC(CCCCCCCC)=O)CCOC(OCCN(CCCCCCOC(CCCCCCCC)=O)C)=O,-1.8433936082106928,,,,,,,,,,,,,,,,0.0,0.0,0.0,0.0
CN(CCCCCCOC(CCCCCCCC)=O)CCOC(OCCN(CCCCCCOC(CCCCCCCC)=O)C)=O,-0.798829797709513,,,,,,,,,,,,,,,,0.0,0.0,0.0,0.0
CN(CCCCCCOC(CCCCCCCC)=O)CCOC(OCCN(CCCCCCOC(CCCCCCCC)=O)C)=O,-1.515537813673826,,,,,,,,,,,,,,,,0.0,0.0,0.0,0.0
CN(CCCCCCOC(CCCCCCCC)=O)CCOC(OCCN(CCCCCCOC(CCCCCCCC)=O)C)=O,-0.2651110624169391,,,,,,,,,,,,,,,,0.0,0.0,0.0,0.0
CN(CCCCCCOC(CCCCCCCC)=O)CCOC(OCCN(CCCCCCOC(CCCCCCCC)=O)C)=O,-1.92726369518524,,,,,,,,,,,,,,,,0.0,0.0,0.0,0.0
CN(CCCCCCOC(CCCCCCCC)=O)CCOC(OCCN(CCCCCCOC(CCCCCCCC)=O)C)=O,-1.6451552208163085,,,,,,,,,,,,,,,,0.0,0.0,0.0,0.0
CN(CCCCCCOC(CCCCCCCC)=O)CCOC(OCCN(CCCCCCOC(CCCCCCCC)=O)C)=O,-1.4850396002285362,,,,,,,,,,,,,,,,0.0,0.0,0.0,0.0
CN(CCCCCC(OC(CCCCCCCC)CCCCCCCC)=O)CCOC(OCCN(CCCCCC(OC(CCCCCCCC)CCCCCCCC)=O)C)=O,0.3372286531275365,,,,,,,,,,,,,,,,0.0,0.0,0.0,0.0
CN(CCCCCC(OC(CCCCCCCC)CCCCCCCC)=O)CCOC(OCCN(CCCCCC(OC(CCCCCCCC)CCCCCCCC)=O)C)=O,-1.6222815607323406,,,,,,,,,,,,,,,,0.0,0.0,0.0,0.0
CN(CCCCCC(OC(CCCCCCCC)CCCCCCCC)=O)CCOC(OCCN(CCCCCC(OC(CCCCCCCC)CCCCCCCC)=O)C)=O,0.3219795464048919,,,,,,,,,,,,,,,,0.0,0.0,0.0,0.0
CN(CCCCCC(OC(CCCCCCCC)CCCCCCCC)=O)CCOC(OCCN(CCCCCC(OC(CCCCCCCC)CCCCCCCC)=O)C)=O,-0.2269882956103269,,,,,,,,,,,,,,,,0.0,0.0,0.0,0.0
CN(CCCCCC(OC(CCCCCCCC)CCCCCCCC)=O)CCOC(OCCN(CCCCCC(OC(CCCCCCCC)CCCCCCCC)=O)C)=O,0.1466148190944748,,,,,,,,,,,,,,,,0.0,0.0,0.0,0.0
CN(CCCCCC(OC(CCCCCCCC)CCCCCCCC)=O)CCOC(OCCN(CCCCCC(OC(CCCCCCCC)CCCCCCCC)=O)C)=O,-0.5167213233405811,,,,,,,,,,,,,,,,0.0,0.0,0.0,0.0
CN(CCCCCC(OC(CCCCCCCC)CCCCCCCC)=O)CCOC(OCCN(CCCCCC(OC(CCCCCCCC)CCCCCCCC)=O)C)=O,-0.7225842640962882,,,,,,,,,,,,,,,,0.0,0.0,0.0,0.0
CN(CCCCCC(OC(CCCCCCCC)CCCCCCCC)=O)CCOC(OCCN(CCCCCC(OC(CCCCCCCC)CCCCCCCC)=O)C)=O,0.924319261949368,,,,,,,,,,,,,,,,0.0,0.0,0.0,0.0
CN(CCCCCC(OC(CCCCCCCC)CCCCCCCC)=O)CCOC(OCCN(CCCCCC(OC(CCCCCCCC)CCCCCCCC)=O)C)=O,-0.0592481216612321,,,,,,,,,,,,,,,,0.0,0.0,0.0,0.0
CN(CCCCCC(OC(CCCCCCCC)CCCCCCCC)=O)CCOC(OCCN(CCCCCC(OC(CCCCCCCC)CCCCCCCC)=O)C)=O,0.1237411590105075,,,,,,,,,,,,,,,,0.0,0.0,0.0,0.0
CN(CCCCCC(OC(CCCCCCCC)CCCCCCCC)=O)CCOC(OCCN(CCCCCC(OC(CCCCCCCC)CCCCCCCC)=O)C)=O,0.8252000682521757,,,,,,,,,,,,,,,,0.0,0.0,0.0,0.0
CN(CCCCCC(OC(CCCCCCCC)CCCCCCCC)=O)CCOC(OCCN(CCCCCC(OC(CCCCCCCC)CCCCCCCC)=O)C)=O,0.0856183922038949,,,,,,,,,,,,,,,,0.0,0.0,0.0,0.0
CN(CCCCCC(OC(CCCCCCCC)CCCCCCCC)=O)CCOC(OCCN(CCCCCC(OC(CCCCCCCC)CCCCCCCC)=O)C)=O,1.02343845564656,,,,,,,,,,,,,,,,0.0,0.0,0.0,0.0
CN(CCCCCC(OC(CCCCCCCC)CCCCCCCC)=O)CCOC(OCCN(CCCCCC(OC(CCCCCCCC)CCCCCCCC)=O)C)=O,0.5430915938832439,,,,,,,,,,,,,,,,0.0,0.0,0.0,0.0
CN(CCCCCC(OC(CCCCCCCC)CCCCCCCC)=O)CCOC(OCCN(CCCCCC(OC(CCCCCCCC)CCCCCCCC)=O)C)=O,0.1237411590105075,,,,,,,,,,,,,,,,0.0,0.0,0.0,0.0
CN(CCCCCC(OC(CCCCCCCC)CCCCCCCC)=O)CCOC(OCCN(CCCCCC(OC(CCCCCCCC)CCCCCCCC)=O)C)=O,0.0474956253972826,,,,,,,,,,,,,,,,0.0,0.0,0.0,0.0
CN(CCCCCC(OC(CCCCCCCC)CCCCCCCC)=O)CCOC(OCCN(CCCCCC(OC(CCCCCCCC)CCCCCCCC)=O)C)=O,-0.2041146355263592,,,,,,,,,,,,,,,,0.0,0.0,0.0,0.0
CN(CCCCCC(OC(CCCCCCCC)CCCCCCCC)=O)CCOC(OCCN(CCCCCC(OC(CCCCCCCC)CCCCCCCC)=O)C)=O,0.4363478468247294,,,,,,,,,,,,,,,,0.0,0.0,0.0,0.0
CN(CCCCCCOC(CCCCCCCC)=O)CCOC(OCCN(CCCCCC(OC(CCCCCCCC)CCCCCCCC)=O)C)=O,-0.135493655274457,,,,,,,,,,,,,,,,0.0,0.0,0.0,0.0
CN(CCCCCCOC(CCCCCCCC)=O)CCOC(OCCN(CCCCCC(OC(CCCCCCCC)CCCCCCCC)=O)C)=O,-1.324923979640764,,,,,,,,,,,,,,,,0.0,0.0,0.0,0.0
CN(CCCCCCOC(CCCCCCCC)=O)CCOC(OCCN(CCCCCC(OC(CCCCCCCC)CCCCCCCC)=O)C)=O,0.8785719417814334,,,,,,,,,,,,,,,,0.0,0.0,0.0,0.0
CN(CCCCCCOC(CCCCCCCC)=O)CCOC(OCCN(CCCCCC(OC(CCCCCCCC)CCCCCCCC)=O)C)=O,-0.0744972283838771,,,,,,,,,,,,,,,,0.0,0.0,0.0,0.0
CN(CCCCCCOC(CCCCCCCC)=O)CCOC(OCCN(CCCCCC(OC(CCCCCCCC)CCCCCCCC)=O)C)=O,0.0856183922038949,,,,,,,,,,,,,,,,0.0,0.0,0.0,0.0
CN(CCCCCCOC(CCCCCCCC)=O)CCOC(OCCN(CCCCCC(OC(CCCCCCCC)CCCCCCCC)=O)C)=O,-1.0656891653557996,,,,,,,,,,,,,,,,0.0,0.0,0.0,0.0
CN(CCCCCCOC(CCCCCCCC)=O)CCOC(OCCN(CCCCCC(OC(CCCCCCCC)CCCCCCCC)=O)C)=O,-0.3642302561141313,,,,,,,,,,,,,,,,0.0,0.0,0.0,0.0
CN(CCCCCCOC(CCCCCCCC)=O)CCOC(OCCN(CCCCCC(OC(CCCCCCCC)CCCCCCCC)=O)C)=O,0.4592215069086963,,,,,,,,,,,,,,,,0.0,0.0,0.0,0.0
CN(CCCCCCOC(CCCCCCCC)=O)CCOC(OCCN(CCCCCC(OC(CCCCCCCC)CCCCCCCC)=O)C)=O,0.5049688270766316,,,,,,,,,,,,,,,,0.0,0.0,0.0,0.0
CN(CCCCCCOC(CCCCCCCC)=O)CCOC(OCCN(CCCCCC(OC(CCCCCCCC)CCCCCCCC)=O)C)=O,0.451596953547374,,,,,,,,,,,,,,,,0.0,0.0,0.0,0.0
CN(CCCCCCOC(CCCCCCCC)=O)CCOC(OCCN(CCCCCC(OC(CCCCCCCC)CCCCCCCC)=O)C)=O,0.3829759732954718,,,,,,,,,,,,,,,,0.0,0.0,0.0,0.0
CN(CCCCCCOC(CCCCCCCC)=O)CCOC(OCCN(CCCCCC(OC(CCCCCCCC)CCCCCCCC)=O)C)=O,0.5049688270766316,,,,,,,,,,,,,,,,0.0,0.0,0.0,0.0
CN(CCCCCCOC(CCCCCCCC)=O)CCOC(OCCN(CCCCCC(OC(CCCCCCCC)CCCCCCCC)=O)C)=O,0.451596953547374,,,,,,,,,,,,,,,,0.0,0.0,0.0,0.0
CN(CCCCCCOC(CCCCCCCC)=O)CCOC(OCCN(CCCCCC(OC(CCCCCCCC)CCCCCCCC)=O)C)=O,0.1923621392624097,,,,,,,,,,,,,,,,0.0,0.0,0.0,0.0
CN(CCCCCCOC(CCCCCCCC)=O)CCOC(OCCN(CCCCCC(OC(CCCCCCCC)CCCCCCCC)=O)C)=O,0.0322465186746376,,,,,,,,,,,,,,,,0.0,0.0,0.0,0.0
O=C(CCCCCCC/C=C\CCCCCCCC)OCCCCCCN(C)CCOC(OCCN(CCCCCCOC(CCCCCCC/C=C\CCCCCCCC)=O)C)=O,-0.798829797709513,,,,,,,,,,,,,,,,0.0,0.0,0.0,0.0
O=C(CCCCCCC/C=C\CCCCCCCC)OCCCCCCN(C)CCOC(OCCN(CCCCCCOC(CCCCCCC/C=C\CCCCCCCC)=O)C)=O,-1.7595235212361455,,,,,,,,,,,,,,,,0.0,0.0,0.0,0.0
O=C(CCCCCCC/C=C\CCCCCCCC)OCCCCCCN(C)CCOC(OCCN(CCCCCCOC(CCCCCCC/C=C\CCCCCCCC)=O)C)=O,-0.5472195367858711,,,,,,,,,,,,,,,,0.0,0.0,0.0,0.0
O=C(CCCCCCC/C=C\CCCCCCCC)OCCCCCCN(C)CCOC(OCCN(CCCCCCOC(CCCCCCC/C=C\CCCCCCCC)=O)C)=O,-0.8674507779614152,,,,,,,,,,,,,,,,0.0,0.0,0.0,0.0
O=C(CCCCCCC/C=C\CCCCCCCC)OCCCCCCN(C)CCOC(OCCN(CCCCCCOC(CCCCCCC/C=C\CCCCCCCC)=O)C)=O,-0.8903244380453825,,,,,,,,,,,,,,,,0.0,0.0,0.0,0.0
O=C(CCCCCCC/C=C\CCCCCCCC)OCCCCCCN(C)CCOC(OCCN(CCCCCCOC(CCCCCCC/C=C\CCCCCCCC)=O)C)=O,-0.6920860506509982,,,,,,,,,,,,,,,,0.0,0.0,0.0,0.0
O=C(CCCCCCC/C=C\CCCCCCCC)OCCCCCCN(C)CCOC(OCCN(CCCCCCOC(CCCCCCC/C=C\CCCCCCCC)=O)C)=O,-0.8674507779614152,,,,,,,,,,,,,,,,0.0,0.0,0.0,0.0
O=C(CCCCCCC/C=C\CCCCCCCC)OCCCCCCN(C)CCOC(OCCN(CCCCCCOC(CCCCCCC/C=C\CCCCCCCC)=O)C)=O,-0.5243458767019035,,,,,,,,,,,,,,,,0.0,0.0,0.0,0.0
O=C(CCCCCCC/C=C\CCCCCCCC)OCCCCCCN(C)CCOC(OCCN(CCCCCC(OC(CCCCCCCC)CCCCCCCC)=O)C)=O,-0.3794793628367763,,,,,,,,,,,,,,,,0.0,0.0,0.0,0.0
O=C(CCCCCCC/C=C\CCCCCCCC)OCCCCCCN(C)CCOC(OCCN(CCCCCC(OC(CCCCCCCC)CCCCCCCC)=O)C)=O,-0.1888655288037143,,,,,,,,,,,,,,,,0.0,0.0,0.0,0.0
O=C(CCCCCCC/C=C\CCCCCCCC)OCCCCCCN(C)CCOC(OCCN(CCCCCC(OC(CCCCCCCC)CCCCCCCC)=O)C)=O,0.9776911354786256,,,,,,,,,,,,,,,,0.0,0.0,0.0,0.0
O=C(CCCCCCC/C=C\CCCCCCCC)OCCCCCCN(C)CCOC(OCCN(CCCCCC(OC(CCCCCCCC)CCCCCCCC)=O)C)=O,-0.2651110624169391,,,,,,,,,,,,,,,,0.0,0.0,0.0,0.0
O=C(CCCCCCC/C=C\CCCCCCCC)OCCCCCCN(C)CCOC(OCCN(CCCCCC(OC(CCCCCCCC)CCCCCCCC)=O)C)=O,-0.2498619556942942,,,,,,,,,,,,,,,,0.0,0.0,0.0,0.0
O=C(CCCCCCC/C=C\CCCCCCCC)OCCCCCCN(C)CCOC(OCCN(CCCCCC(OC(CCCCCCCC)CCCCCCCC)=O)C)=O,-0.4709740031726462,,,,,,,,,,,,,,,,0.0,0.0,0.0,0.0
O=C(CCCCCCC/C=C\CCCCCCCC)OCCCCCCN(C)CCOC(OCCN(CCCCCC(OC(CCCCCCCC)CCCCCCCC)=O)C)=O,-0.1736164220810693,,,,,,,,,,,,,,,,0.0,0.0,0.0,0.0
O=C(CCCCCCC/C=C\CCCCCCCC)OCCCCCCN(C)CCOC(OCCN(CCCCCC(OC(CCCCCCCC)CCCCCCCC)=O)C)=O,-0.4404757897273562,,,,,,,,,,,,,,,,0.0,0.0,0.0,0.0
O=C(CCCCCCC/C=C\CCCCCCCC)OCCCCCCN(C)CCOC(OCCN(CCCCCC(OC(CCCCCCCC)CCCCCCCC)=O)C)=O,-0.2117391888876819,,,,,,,,,,,,,,,,0.0,0.0,0.0,0.0
O=C(CCCCCCCCCCCCCCCCC)OCCCCCCN(C)CCOC(OCCN(CCCCCCOC(CCCCCCCCCCCCCCCCC)=O)C)=O,-1.2868012128341515,,,,,,,,,,,,,,,,0.0,0.0,0.0,0.0
O=C(CCCCCCCCCCCCCCCCC)OCCCCCCN(C)CCOC(OCCN(CCCCCCOC(CCCCCCCCCCCCCCCCC)=O)C)=O,-0.4709740031726462,,,,,,,,,,,,,,,,0.0,0.0,0.0,0.0
O=C(CCCCCCCCCCCCCCCCC)OCCCCCCN(C)CCOC(OCCN(CCCCCCOC(CCCCCCCCCCCCCCCCC)=O)C)=O,-0.4785985565339685,,,,,,,,,,,,,,,,0.0,0.0,0.0,0.0
O=C(CCCCCCCCCCCCCCCCC)OCCCCCCN(C)CCOC(OCCN(CCCCCCOC(CCCCCCCCCCCCCCCCC)=O)C)=O,-0.4404757897273562,,,,,,,,,,,,,,,,0.0,0.0,0.0,0.0
O=C(CCCCCCCCCCCCCCCCC)OCCCCCCN(C)CCOC(OCCN(CCCCCCOC(CCCCCCCCCCCCCCCCC)=O)C)=O,-0.1888655288037143,,,,,,,,,,,,,,,,0.0,0.0,0.0,0.0
O=C(CCCCCCCCCCCCCCCCC)OCCCCCCN(C)CCOC(OCCN(CCCCCCOC(CCCCCCCCCCCCCCCCC)=O)C)=O,-0.4252266830047113,,,,,,,,,,,,,,,,0.0,0.0,0.0,0.0
O=C(CCCCCCCCCCCCCCCCC)OCCCCCCN(C)CCOC(OCCN(CCCCCCOC(CCCCCCCCCCCCCCCCC)=O)C)=O,-0.165991868719747,,,,,,,,,,,,,,,,0.0,0.0,0.0,0.0
O=C(CCCCCCCCCCCCCCCCC)OCCCCCCN(C)CCOC(OCCN(CCCCCCOC(CCCCCCCCCCCCCCCCC)=O)C)=O,-0.8674507779614152,,,,,,,,,,,,,,,,0.0,0.0,0.0,0.0
O=C(CCCCCCCCCCCCCCCCC)OCCCCCCN(C)CCOC(OCCN(CCCCCCOC(CCCCCCCCCCCCCCCCC)=O)C)=O,0.1161166056491848,,,,,,,,,,,,,,,,0.0,0.0,0.0,0.0
O=C(OCCN(C)CCCCCCOC(CCCCCCC/C=C\C/C=C\CCCCC)=O)OCCN(CCCCCCOC(CCCCCCC/C=C\C/C=C\CCCCC)=O)C,-0.94369631157464,,,,,,,,,,,,,,,,0.0,0.0,0.0,0.0
O=C(OCCN(C)CCCCCCOC(CCCCCCC/C=C\C/C=C\CCCCC)=O)OCCN(CCCCCCOC(CCCCCCC/C=C\C/C=C\CCCCC)=O)C,-0.2346128489716492,,,,,,,,,,,,,,,,0.0,0.0,0.0,0.0
O=C(OCCN(C)CCCCCCOC(CCCCCCC/C=C\C/C=C\CCCCC)=O)OCCN(CCCCCCOC(CCCCCCC/C=C\C/C=C\CCCCC)=O)C,-0.5472195367858711,,,,,,,,,,,,,,,,0.0,0.0,0.0,0.0
O=C(OCCN(C)CCCCCCOC(CCCCCCC/C=C\C/C=C\CCCCC)=O)OCCN(CCCCCCOC(CCCCCCC/C=C\C/C=C\CCCCC)=O)C,-0.4481003430886786,,,,,,,,,,,,,,,,0.0,0.0,0.0,0.0
O=C(OCCN(C)CCCCCCOC(CCCCCCC/C=C\C/C=C\CCCCC)=O)OCCN(CCCCCCOC(CCCCCCC/C=C\C/C=C\CCCCC)=O)C,-0.1431182086357793,,,,,,,,,,,,,,,,0.0,0.0,0.0,0.0
O=C(OCCN(C)CCCCCCOC(CCCCCCC/C=C\C/C=C\CCCCC)=O)OCCN(CCCCCCOC(CCCCCCC/C=C\C/C=C\CCCCC)=O)C,-1.180057465775637,,,,,,,,,,,,,,,,0.0,0.0,0.0,0.0
O=C(OCCN(C)CCCCCCOC(CCCCCCC/C=C\C/C=C\CCCCC)=O)OCCN(CCCCCCOC(CCCCCCC/C=C\C/C=C\CCCCC)=O)C,-0.356605702752809,,,,,,,,,,,,,,,,0.0,0.0,0.0,0.0
O=C(OCCN(C)CCCCCCOC(CCCCCCC/C=C\C/C=C\CCCCC)=O)OCCN(CCCCCCOC(CCCCCCC/C=C\C/C=C\CCCCC)=O)C,-0.1812409754423919,,,,,,,,,,,,,,,,0.0,0.0,0.0,0.0
O=C(OCCN(C)CCCCCCOC(CCCCCCC/C=C\C/C=C\CCCCC)=O)OCCN(CCCCCCOC(CCCCCCC/C=C\C/C=C\CCCCC)=O)C,0.0017483052293477,,,,,,,,,,,,,,,,0.0,0.0,0.0,0.0
O=C(CCCCCCCCCCCCCCCCC)OCCCCCCN(C)CCOC(OCCN(CCCCCC(OC(CCCCCCCC)CCCCCCCC)=O)C)=O,-1.0961873788010896,,,,,,,,,,,,,,,,0.0,0.0,0.0,0.0
O=C(CCCCCCCCCCCCCCCCC)OCCCCCCN(C)CCOC(OCCN(CCCCCC(OC(CCCCCCCC)CCCCCCCC)=O)C)=O,-0.0973708884678444,,,,,,,,,,,,,,,,0.0,0.0,0.0,0.0
O=C(CCCCCCCCCCCCCCCCC)OCCCCCCN(C)CCOC(OCCN(CCCCCC(OC(CCCCCCCC)CCCCCCCC)=O)C)=O,0.1389902657331521,,,,,,,,,,,,,,,,0.0,0.0,0.0,0.0
O=C(CCCCCCCCCCCCCCCCC)OCCCCCCN(C)CCOC(OCCN(CCCCCC(OC(CCCCCCCC)CCCCCCCC)=O)C)=O,-0.1888655288037143,,,,,,,,,,,,,,,,0.0,0.0,0.0,0.0
O=C(CCCCCCCCCCCCCCCCC)OCCCCCCN(C)CCOC(OCCN(CCCCCC(OC(CCCCCCCC)CCCCCCCC)=O)C)=O,-0.1964900821650369,,,,,,,,,,,,,,,,0.0,0.0,0.0,0.0
O=C(CCCCCCCCCCCCCCCCC)OCCCCCCN(C)CCOC(OCCN(CCCCCC(OC(CCCCCCCC)CCCCCCCC)=O)C)=O,-0.6997106040123205,,,,,,,,,,,,,,,,0.0,0.0,0.0,0.0
O=C(CCCCCCCCCCCCCCCCC)OCCCCCCN(C)CCOC(OCCN(CCCCCC(OC(CCCCCCCC)CCCCCCCC)=O)C)=O,-0.8598262246000926,,,,,,,,,,,,,,,,0.0,0.0,0.0,0.0
O=C(CCCCCCCCCCCCCCCCC)OCCCCCCN(C)CCOC(OCCN(CCCCCC(OC(CCCCCCCC)CCCCCCCC)=O)C)=O,-0.1964900821650369,,,,,,,,,,,,,,,,0.0,0.0,0.0,0.0
O=C(CCCCCCCCCCCCCCCCC)OCCCCCCN(C)CCOC(OCCN(CCCCCC(OC(CCCCCCCC)CCCCCCCC)=O)C)=O,-0.2498619556942942,,,,,,,,,,,,,,,,0.0,0.0,0.0,0.0
N(CCC(=O)OCCCCCCCC\C=C/CC(CCCCCC)OC(=O)CCC/C=C\C/C=C\C/C=C\C/C=C\C/C=C\CC)(CCC(=O)OCCCCCCCC\C=C/CC(CCCCCC)OC(=O)CCC/C=C\C/C=C\C/C=C\C/C=C\C/C=C\CC)CCCN(CC)CC,2.340266307079023,,,,,,,,,,,,,,,,0.0,0.0,0.0,0.0
N(CCC(=O)OCCCCCCCC\C=C/CC(CCCCCC)OC(=O)CCC/C=C\C/C=C\C/C=C\C/C=C\C/C=C\CC)(CCC(=O)OCCCCCCCC\C=C/CC(CCCCCC)OC(=O)CCC/C=C\C/C=C\C/C=C\C/C=C\C/C=C\CC)CCCN(CC)CC,1.7866939427149175,,,,,,,,,,,,,,,,0.0,0.0,0.0,0.0
N(CCC(=O)OCCCCCCCC\C=C/CC(CCCCCC)OC(=O)CCC/C=C\C/C=C\C/C=C\C/C=C\C/C=C\CC)(CCC(=O)OCCCCCCCC\C=C/CC(CCCCCC)OC(=O)CCC/C=C\C/C=C\C/C=C\C/C=C\C/C=C\CC)CCCN(CC)CC,1.4635918166350124,,,,,,,,,,,,,,,,0.0,0.0,0.0,0.0
N(CCC(=O)OCCCCCCCC\C=C/CC(CCCCCC)OC(=O)CCC/C=C\C/C=C\C/C=C\C/C=C\C/C=C\CC)(CCC(=O)OCCCCCCCC\C=C/CC(CCCCCC)OC(=O)CCC/C=C\C/C=C\C/C=C\C/C=C\C/C=C\CC)CCCN(CC)CC,0.9439757962638886,,,,,,,,,,,,,,,,0.0,0.0,0.0,0.0
N(CCC(=O)OCCCCCCCC\C=C/CC(CCCCCC)OC(=O)CCC/C=C\C/C=C\C/C=C\C/C=C\C/C=C\CC)(CCC(=O)OCCCCCCCC\C=C/CC(CCCCCC)OC(=O)CCC/C=C\C/C=C\C/C=C\C/C=C\C/C=C\CC)CCCN(CC)CC,0.9024085373158908,,,,,,,,,,,,,,,,0.0,0.0,0.0,0.0
N(CCC(=O)OCCCCCCCC\C=C/CC(CCCCCC)OC(=O)CCC/C=C\C/C=C\C/C=C\C/C=C\C/C=C\CC)(CCC(=O)OCCCCCCCC\C=C/CC(CCCCCC)OC(=O)CCC/C=C\C/C=C\C/C=C\C/C=C\C/C=C\CC)CCCN(CC)CC,0.8539140014373935,,,,,,,,,,,,,,,,0.0,0.0,0.0,0.0
N(CCC(=O)OCCCCCCCC\C=C/CC(CCCCCC)OC(=O)CCC/C=C\C/C=C\C/C=C\C/C=C\C/C=C\CC)(CCC(=O)OCCCCCCCC\C=C/CC(CCCCCC)OC(=O)CCC/C=C\C/C=C\C/C=C\C/C=C\C/C=C\CC)CCCN(CC)CC,0.397691807598062,,,,,,,,,,,,,,,,0.0,0.0,0.0,0.0
N(CCC(=O)OCCCCCCCC\C=C/CC(CCCCCC)OC(=O)CCC/C=C\C/C=C\C/C=C\C/C=C\C/C=C\CC)(CCC(=O)OCCCCCCCC\C=C/CC(CCCCCC)OC(=O)CCC/C=C\C/C=C\C/C=C\C/C=C\C/C=C\CC)CCCN(CC)CC,0.3228014143132346,,,,,,,,,,,,,,,,0.0,0.0,0.0,0.0
N(CCC(=O)OCCCCCCCC\C=C/CC(CCCCCC)OC(=O)CCC/C=C\C/C=C\C/C=C\C/C=C\C/C=C\CC)(CCC(=O)OCCCCCCCC\C=C/CC(CCCCCC)OC(=O)CCC/C=C\C/C=C\C/C=C\C/C=C\C/C=C\CC)CCCN(CC)CC,0.2406647532624319,,,,,,,,,,,,,,,,0.0,0.0,0.0,0.0
N(CCC(=O)OCCCCCCCC\C=C/CC(CCCCCC)OC(=O)CCC/C=C\C/C=C\C/C=C\C/C=C\C/C=C\CC)(CCC(=O)OCCCCCCCC\C=C/CC(CCCCCC)OC(=O)CCC/C=C\C/C=C\C/C=C\C/C=C\C/C=C\CC)CCCN(CC)CC,0.0054772111239935,,,,,,,,,,,,,,,,0.0,0.0,0.0,0.0
N(CCC(=O)OCCCCCCCC\C=C/CC(CCCCCC)OC(=O)CCC/C=C\C/C=C\C/C=C\C/C=C\C/C=C\CC)(CCC(=O)OCCCCCCCC\C=C/CC(CCCCCC)OC(=O)CCC/C=C\C/C=C\C/C=C\C/C=C\C/C=C\CC)CCCN(CC)CC,0.0025207236299191,,,,,,,,,,,,,,,,0.0,0.0,0.0,0.0
N(CCC(=O)OCCCCCCCC\C=C/CC(CCCCCC)OC(=O)CCC/C=C\C/C=C\C/C=C\C/C=C\C/C=C\CC)(CCC(=O)OCCCCCCCC\C=C/CC(CCCCCC)OC(=O)CCC/C=C\C/C=C\C/C=C\C/C=C\C/C=C\CC)CCCN(CC)CC,-0.0602050126725845,,,,,,,,,,,,,,,,0.0,0.0,0.0,0.0
N(CCC(=O)OCCCCCCCC\C=C/CC(CCCCCC)OC(=O)CCC/C=C\C/C=C\C/C=C\C/C=C\C/C=C\CC)(CCC(=O)OCCCCCCCC\C=C/CC(CCCCCC)OC(=O)CCC/C=C\C/C=C\C/C=C\C/C=C\C/C=C\CC)CCCN(CC)CC,-0.3434928162222677,,,,,,,,,,,,,,,,0.0,0.0,0.0,0.0
N(CCC(=O)OCCCCCCCC\C=C/CC(CCCCCC)OC(=O)CCC/C=C\C/C=C\C/C=C\C/C=C\C/C=C\CC)(CCC(=O)OCCCCCCCC\C=C/CC(CCCCCC)OC(=O)CCC/C=C\C/C=C\C/C=C\C/C=C\C/C=C\CC)CCCN(CC)CC,-0.4429422246080717,,,,,,,,,,,,,,,,0.0,0.0,0.0,0.0
N(CCC(=O)OCCCCCCCC\C=C/CC(CCCCCC)OC(=O)CCC/C=C\C/C=C\C/C=C\C/C=C\C/C=C\CC)(CCC(=O)OCCCCCCCC\C=C/CC(CCCCCC)OC(=O)CCC/C=C\C/C=C\C/C=C\C/C=C\C/C=C\CC)CCCN(CC)CC,-0.5391681655470002,,,,,,,,,,,,,,,,0.0,0.0,0.0,0.0
N(CCC(=O)OCCCCCCCC\C=C/CC(CCCCCC)OC(=O)CCC/C=C\C/C=C\C/C=C\C/C=C\C/C=C\CC)(CCC(=O)OCCCCCCCC\C=C/CC(CCCCCC)OC(=O)CCC/C=C\C/C=C\C/C=C\C/C=C\C/C=C\CC)CCCN(CC)CC,-0.6133221431393515,,,,,,,,,,,,,,,,0.0,0.0,0.0,0.0
N(CCC(=O)OCCCCCCCC\C=C/CC(CCCCCC)OC(=O)CCC/C=C\C/C=C\C/C=C\C/C=C\C/C=C\CC)(CCC(=O)OCCCCCCCC\C=C/CC(CCCCCC)OC(=O)CCC/C=C\C/C=C\C/C=C\C/C=C\C/C=C\CC)CCCN(CC)CC,-0.739132414156286,,,,,,,,,,,,,,,,0.0,0.0,0.0,0.0
N(CCC(=O)OCCCCCCCC\C=C/CC(CCCCCC)OC(=O)CCC/C=C\C/C=C\C/C=C\C/C=C\C/C=C\CC)(CCC(=O)OCCCCCCCC\C=C/CC(CCCCCC)OC(=O)CCC/C=C\C/C=C\C/C=C\C/C=C\C/C=C\CC)CCCN(CC)CC,-0.8017420803757315,,,,,,,,,,,,,,,,0.0,0.0,0.0,0.0
N(CCC(=O)OCCCCCCCC\C=C/CC(CCCCCC)OC(=O)CCC/C=C\C/C=C\C/C=C\C/C=C\C/C=C\CC)(CCC(=O)OCCCCCCCC\C=C/CC(CCCCCC)OC(=O)CCC/C=C\C/C=C\C/C=C\C/C=C\C/C=C\CC)CCCN(CC)CC,-0.8846812882711186,,,,,,,,,,,,,,,,0.0,0.0,0.0,0.0
N(CCC(=O)OCCCCCCCC\C=C/CC(CCCCCC)OC(=O)CCC/C=C\C/C=C\C/C=C\C/C=C\C/C=C\CC)(CCC(=O)OCCCCCCCC\C=C/CC(CCCCCC)OC(=O)CCC/C=C\C/C=C\C/C=C\C/C=C\C/C=C\CC)CCCN(CC)CC,-0.9325055559238286,,,,,,,,,,,,,,,,0.0,0.0,0.0,0.0
N(CCC(=O)OCCCCCCCC\C=C/CC(CCCCCC)OC(=O)CCC/C=C\C/C=C\C/C=C\C/C=C\C/C=C\CC)(CCC(=O)OCCCCCCCC\C=C/CC(CCCCCC)OC(=O)CCC/C=C\C/C=C\C/C=C\C/C=C\C/C=C\CC)CCCN(CC)CC,-1.0029088604000336,,,,,,,,,,,,,,,,0.0,0.0,0.0,0.0
N(CCC(=O)OCCCCCCCC\C=C/CC(CCCCCC)OC(=O)CCC/C=C\C/C=C\C/C=C\C/C=C\C/C=C\CC)(CCC(=O)OCCCCCCCC\C=C/CC(CCCCCC)OC(=O)CCC/C=C\C/C=C\C/C=C\C/C=C\C/C=C\CC)CCCN(CC)CC,-1.0042524803073245,,,,,,,,,,,,,,,,0.0,0.0,0.0,0.0
N(CCC(=O)OCCCCCCCC\C=C/CC(CCCCCC)OC(=O)CCC/C=C\C/C=C\C/C=C\C/C=C\C/C=C\CC)(CCC(=O)OCCCCCCCC\C=C/CC(CCCCCC)OC(=O)CCC/C=C\C/C=C\C/C=C\C/C=C\C/C=C\CC)CCCN(CC)CC,-1.895653269750163,,,,,,,,,,,,,,,,0.0,0.0,0.0,0.0
OCCN(CCO)CCCN(CCC(=O)OCCCCCCCCCCCCCCC)(CCC(=O)OCCCCCCCCCCCCCCC),5.4680711279925465,,,,,,,,,,,,,,,,0.0,0.0,0.0,0.0
CN(CCC(=O)NCCCCCCCCCCCC)CCCN(CCC(=O)NCCCCCCCCCCCC)(CCC(=O)NCCCCCCCCCCCC),5.4680711279925465,,,,,,,,,,,,,,,,0.0,0.0,0.0,0.0
N(CCC(=O)NCCCCCCCCCCCC)(CCC(=O)NCCCCCCCCCCCC)CCN(CCC(=O)NCCCCCCCCCCCC)CCN(CCC(=O)NCCCCCCCCCCCC)CCN(CCC(=O)NCCCCCCCCCCCC)(CCC(=O)NCCCCCCCCCCCC),5.4680711279925465,,,,,,,,,,,,,,,,0.0,0.0,0.0,0.0
CCN(CCC(=O)NCCCCCCCCCCCCCCC)CCCN(CCC(=O)NCCCCCCCCCCCCCCC)CC,5.4680711279925465,,,,,,,,,,,,,,,,0.0,0.0,0.0,0.0
CCN(CCC(=O)NCCCCCCCCCCCCCCCC)CCCN(CCC(=O)NCCCCCCCCCCCCCCCC)CC,5.4680711279925465,,,,,,,,,,,,,,,,0.0,0.0,0.0,0.0
CC(CO)(CO)N(CCC(=O)OCCCCCCCCCCCCCC)(CCC(=O)OCCCCCCCCCCCCCC),4.0093318093600745,,,,,,,,,,,,,,,,0.0,0.0,0.0,0.0
OCCCCCN(CCC(=O)NCCCCCCCCCCCC)(CCC(=O)NCCCCCCCCCCCC),4.0093318093600745,,,,,,,,,,,,,,,,0.0,0.0,0.0,0.0
CN(CCC(=O)NCCCCCCCCCCCC)CCN(CCC(=O)NCCCCCCCCCCCC)(CCC(=O)NCCCCCCCCCCCC),4.0093318093600745,,,,,,,,,,,,,,,,0.0,0.0,0.0,0.0
N(CCC(=O)NCCCCCCCCCCCC)(CCC(=O)NCCCCCCCCCCCC)CCN(CCC(=O)NCCCCCCCCCCCC)(CCC(=O)NCCCCCCCCCCCC),4.0093318093600745,,,,,,,,,,,,,,,,0.0,0.0,0.0,0.0
N(CCC(=O)NCCCCCCCCCCCC)(CCC(=O)NCCCCCCCCCCCC)CCCN(CCC(=O)NCCCCCCCCCCCC)(CCC(=O)NCCCCCCCCCCCC),4.0093318093600745,,,,,,,,,,,,,,,,0.0,0.0,0.0,0.0
CCOCCN(CCC(=O)NCCCCCCCCCCCCCC)(CCC(=O)NCCCCCCCCCCCCCC),4.0093318093600745,,,,,,,,,,,,,,,,0.0,0.0,0.0,0.0
OCCN(CCO)CCCN(CCC(=O)NCCCCCCCCCCCCCC)(CCC(=O)NCCCCCCCCCCCCCC),4.0093318093600745,,,,,,,,,,,,,,,,0.0,0.0,0.0,0.0
N(CCC(=O)NCCCCCCCCCCCCCC)(CCC(=O)NCCCCCCCCCCCCCC)CCN(CCC(=O)NCCCCCCCCCCCCCC)CCO,4.0093318093600745,,,,,,,,,,,,,,,,0.0,0.0,0.0,0.0
CC(C)N(CCC(=O)NCCCCCCCCCCCCCCCC)CCN(CCC(=O)NCCCCCCCCCCCCCCCC)C(C)C,4.0093318093600745,,,,,,,,,,,,,,,,0.0,0.0,0.0,0.0
CN(CCC(=O)NCCCCCCCCCCCCCCCC)CCCN(CCC(=O)NCCCCCCCCCCCCCCCC)C,4.0093318093600745,,,,,,,,,,,,,,,,0.0,0.0,0.0,0.0
CCN(CC)CCCN(CCC(=O)OCCCCCCCCCCCC)(CCC(=O)OCCCCCCCCCCCC),2.550592490727602,,,,,,,,,,,,,,,,0.0,0.0,0.0,0.0
C1COCCN1CCN(CCC(=O)OCCCCCCCCCCCC)(CCC(=O)OCCCCCCCCCCCC),2.550592490727602,,,,,,,,,,,,,,,,0.0,0.0,0.0,0.0
CN(CCC(=O)OCCCCCCCCCCCC)CCN(CCC(=O)OCCCCCCCCCCCC)(CCC(=O)OCCCCCCCCCCCC),2.550592490727602,,,,,,,,,,,,,,,,0.0,0.0,0.0,0.0
OCC(O)CN(CCC(=O)OCCCCCCCCCCCC)(CCC(=O)OCCCCCCCCCCCC),2.550592490727602,,,,,,,,,,,,,,,,0.0,0.0,0.0,0.0
OCCN(CCC(=O)OCCCCCCCCCCCCC)CCN(CCC(=O)OCCCCCCCCCCCCC)CCO,2.550592490727602,,,,,,,,,,,,,,,,0.0,0.0,0.0,0.0
CC(CO)(CO)N(CCC(=O)OCCCCCCCCCCCCCCC)(CCC(=O)OCCCCCCCCCCCCCCC),2.550592490727602,,,,,,,,,,,,,,,,0.0,0.0,0.0,0.0
OCCCN(CCC(=O)NCCCCCCCCCCCCCC)(CCC(=O)NCCCCCCCCCCCCCC),2.550592490727602,,,,,,,,,,,,,,,,0.0,0.0,0.0,0.0
OCCN(CCC(=O)NCCCCCCCCCCCCCC)CCN(CCC(=O)NCCCCCCCCCCCCCC)CCO,2.550592490727602,,,,,,,,,,,,,,,,0.0,0.0,0.0,0.0
N1=CNC=C1CCN(CCC(=O)NCCCCCCCCCCCCCCC)(CCC(=O)NCCCCCCCCCCCCCCC),2.550592490727602,,,,,,,,,,,,,,,,0.0,0.0,0.0,0.0
CN(CCC(=O)NCCCCCCCCCCCCCCC)CCCN(CCC(=O)NCCCCCCCCCCCCCCC)(CCC(=O)NCCCCCCCCCCCCCCC),2.550592490727602,,,,,,,,,,,,,,,,0.0,0.0,0.0,0.0
C1COCCN1CCCN(CCC(=O)OCCCCCCCCCCCC)(CCC(=O)OCCCCCCCCCCCC),1.09185317209513,,,,,,,,,,,,,,,,0.0,0.0,0.0,0.0
c1nccn1CCCN(CCC(=O)OCCCCCCCCCCCC)(CCC(=O)OCCCCCCCCCCCC),1.09185317209513,,,,,,,,,,,,,,,,0.0,0.0,0.0,0.0
N1=CNC=C1CCN(CCC(=O)OCCCCCCCCCCCC)(CCC(=O)OCCCCCCCCCCCC),1.09185317209513,,,,,,,,,,,,,,,,0.0,0.0,0.0,0.0
CC(O)CN(CCC(=O)OCCCCCCCCCCCCC)(CCC(=O)OCCCCCCCCCCCCC),1.09185317209513,,,,,,,,,,,,,,,,0.0,0.0,0.0,0.0
CC(O)CN(CCC(=O)OCCCCCCCCCCCCC)(CCC(=O)OCCCCCCCCCCCCC),1.09185317209513,,,,,,,,,,,,,,,,0.0,0.0,0.0,0.0
CCOCCN(CCC(=O)OCCCCCCCCCCCCCC)(CCC(=O)OCCCCCCCCCCCCCC),1.09185317209513,,,,,,,,,,,,,,,,0.0,0.0,0.0,0.0
COC(OC)CN(CCC(=O)OCCCCCCCCCCCCCC)(CCC(=O)OCCCCCCCCCCCCCC),1.09185317209513,,,,,,,,,,,,,,,,0.0,0.0,0.0,0.0
OCC(CO)N(CCC(=O)OCCCCCCCCCCCCCC)(CCC(=O)OCCCCCCCCCCCCCC),1.09185317209513,,,,,,,,,,,,,,,,0.0,0.0,0.0,0.0
OCCN(CCO)CCN(CCC(=O)OCCCCCCCCCCCCCC)(CCC(=O)OCCCCCCCCCCCCCC),1.09185317209513,,,,,,,,,,,,,,,,0.0,0.0,0.0,0.0
N(CCC(=O)OCCCCCCCCCCCCCC)(CCC(=O)OCCCCCCCCCCCCCC)CCN(CCC(=O)OCCCCCCCCCCCCCC)(CCC(=O)OCCCCCCCCCCCCCC),1.09185317209513,,,,,,,,,,,,,,,,0.0,0.0,0.0,0.0
OCCN(CCC(=O)OCCCCCCCCCCCCCC)CCN(CCC(=O)OCCCCCCCCCCCCCC)CCO,1.09185317209513,,,,,,,,,,,,,,,,0.0,0.0,0.0,0.0
OCC(O)CN(CCC(=O)OCCCCCCCCCCCCCC)(CCC(=O)OCCCCCCCCCCCCCC),1.09185317209513,,,,,,,,,,,,,,,,0.0,0.0,0.0,0.0
COCCCN(CCC(=O)OCCCCCCCCCCCCCCC)(CCC(=O)OCCCCCCCCCCCCCCC),1.09185317209513,,,,,,,,,,,,,,,,0.0,0.0,0.0,0.0
OCCOCCN(CCC(=O)OCCCCCCCCCCCCCCC)(CCC(=O)OCCCCCCCCCCCCCCC),1.09185317209513,,,,,,,,,,,,,,,,0.0,0.0,0.0,0.0
N1(C)CCCC1CCN(CCC(=O)OCCCCCCCCCCCCCCC)(CCC(=O)OCCCCCCCCCCCCCCC),1.09185317209513,,,,,,,,,,,,,,,,0.0,0.0,0.0,0.0
CCN(CC)CCCN(CCC(=O)OCCCCCCCCCCCCCCC)(CCC(=O)OCCCCCCCCCCCCCCC),1.09185317209513,,,,,,,,,,,,,,,,0.0,0.0,0.0,0.0
CN(CCC(=O)OCCCCCCCCCCCCCCC)CCCN(CCC(=O)OCCCCCCCCCCCCCCC)(CCC(=O)OCCCCCCCCCCCCCCC),1.09185317209513,,,,,,,,,,,,,,,,0.0,0.0,0.0,0.0
N(CCC(=O)OCCCCCCCCCCCCCCC)(CCC(=O)OCCCCCCCCCCCCCCC)CCCN(CCC(=O)OCCCCCCCCCCCCCCC)(CCC(=O)OCCCCCCCCCCCCCCC),1.09185317209513,,,,,,,,,,,,,,,,0.0,0.0,0.0,0.0
N(CCC(=O)OCCCCCCCCCCCCCCC)(CCC(=O)OCCCCCCCCCCCCCCC)CCN(CCC(=O)OCCCCCCCCCCCCCCC)CCO,1.09185317209513,,,,,,,,,,,,,,,,0.0,0.0,0.0,0.0
COCCCN(CCC(=O)NCCCCCCCCCCCC)(CCC(=O)NCCCCCCCCCCCC),1.09185317209513,,,,,,,,,,,,,,,,0.0,0.0,0.0,0.0
O1CCOC1CCN(CCC(=O)NCCCCCCCCCCCC)(CCC(=O)NCCCCCCCCCCCC),1.09185317209513,,,,,,,,,,,,,,,,0.0,0.0,0.0,0.0
OCCCN(CCC(=O)NCCCCCCCCCCCC)(CCC(=O)NCCCCCCCCCCCC),1.09185317209513,,,,,,,,,,,,,,,,0.0,0.0,0.0,0.0
OCCCCN(CCC(=O)NCCCCCCCCCCCC)(CCC(=O)NCCCCCCCCCCCC),1.09185317209513,,,,,,,,,,,,,,,,0.0,0.0,0.0,0.0
CN(CCC(=O)NCCCCCCCCCCCC)CCN(CCC(=O)NCCCCCCCCCCCC)C,1.09185317209513,,,,,,,,,,,,,,,,0.0,0.0,0.0,0.0
CCN(CCC(=O)NCCCCCCCCCCCC)CCN(CCC(=O)NCCCCCCCCCCCC)CC,1.09185317209513,,,,,,,,,,,,,,,,0.0,0.0,0.0,0.0
OCCN(CCO)CCN(CCC(=O)NCCCCCCCCCCCC)(CCC(=O)NCCCCCCCCCCCC),1.09185317209513,,,,,,,,,,,,,,,,0.0,0.0,0.0,0.0
OCCN(CCO)CCCN(CCC(=O)NCCCCCCCCCCCC)(CCC(=O)NCCCCCCCCCCCC),1.09185317209513,,,,,,,,,,,,,,,,0.0,0.0,0.0,0.0
C1COCCN1CCCN(CCC(=O)NCCCCCCCCCCCC)(CCC(=O)NCCCCCCCCCCCC),1.09185317209513,,,,,,,,,,,,,,,,0.0,0.0,0.0,0.0
c1nccn1CCCN(CCC(=O)NCCCCCCCCCCCC)(CCC(=O)NCCCCCCCCCCCC),1.09185317209513,,,,,,,,,,,,,,,,0.0,0.0,0.0,0.0
N1=CNC=C1CCN(CCC(=O)NCCCCCCCCCCCC)(CCC(=O)NCCCCCCCCCCCC),1.09185317209513,,,,,,,,,,,,,,,,0.0,0.0,0.0,0.0
OCCN(CCC(=O)NCCCCCCCCCCCC)CCN(CCC(=O)NCCCCCCCCCCCC)CCO,1.09185317209513,,,,,,,,,,,,,,,,0.0,0.0,0.0,0.0
COCCN(CCC(=O)NCCCCCCCCCCCCCC)(CCC(=O)NCCCCCCCCCCCCCC),1.09185317209513,,,,,,,,,,,,,,,,0.0,0.0,0.0,0.0
O1CCCC1CN(CCC(=O)NCCCCCCCCCCCCCC)(CCC(=O)NCCCCCCCCCCCCCC),1.09185317209513,,,,,,,,,,,,,,,,0.0,0.0,0.0,0.0
CC(O)CN(CCC(=O)NCCCCCCCCCCCCCC)(CCC(=O)NCCCCCCCCCCCCCC),1.09185317209513,,,,,,,,,,,,,,,,0.0,0.0,0.0,0.0
OCCCCN(CCC(=O)NCCCCCCCCCCCCCC)(CCC(=O)NCCCCCCCCCCCCCC),1.09185317209513,,,,,,,,,,,,,,,,0.0,0.0,0.0,0.0
OCCCCCN(CCC(=O)NCCCCCCCCCCCCCC)(CCC(=O)NCCCCCCCCCCCCCC),1.09185317209513,,,,,,,,,,,,,,,,0.0,0.0,0.0,0.0
OCC(C)(C)CN(CCC(=O)NCCCCCCCCCCCCCC)(CCC(=O)NCCCCCCCCCCCCCC),1.09185317209513,,,,,,,,,,,,,,,,0.0,0.0,0.0,0.0
CN(CCC(=O)NCCCCCCCCCCCCCC)CCCN(CCC(=O)NCCCCCCCCCCCCCC)C,1.09185317209513,,,,,,,,,,,,,,,,0.0,0.0,0.0,0.0
OCCN(CCO)CCN(CCC(=O)NCCCCCCCCCCCCCC)(CCC(=O)NCCCCCCCCCCCCCC),1.09185317209513,,,,,,,,,,,,,,,,0.0,0.0,0.0,0.0
C1COCCN1CCN(CCC(=O)NCCCCCCCCCCCCCC)(CCC(=O)NCCCCCCCCCCCCCC),1.09185317209513,,,,,,,,,,,,,,,,0.0,0.0,0.0,0.0
C1COCCN1CCCN(CCC(=O)NCCCCCCCCCCCCCC)(CCC(=O)NCCCCCCCCCCCCCC),1.09185317209513,,,,,,,,,,,,,,,,0.0,0.0,0.0,0.0
C1COCCN1CCN(CCC(=O)NCCCCCCCCCCCCCCC)(CCC(=O)NCCCCCCCCCCCCCCC),1.09185317209513,,,,,,,,,,,,,,,,0.0,0.0,0.0,0.0
N(CCC(=O)NCCCCCCCCCCCCCCC)(CCC(=O)NCCCCCCCCCCCCCCC)CCCN(CCC(=O)NCCCCCCCCCCCCCCC)(CCC(=O)NCCCCCCCCCCCCCCC),1.09185317209513,,,,,,,,,,,,,,,,0.0,0.0,0.0,0.0
OCCN(CCC(=O)NCCCCCCCCCCCCCCC)CCN(CCC(=O)NCCCCCCCCCCCCCCC)CCO,1.09185317209513,,,,,,,,,,,,,,,,0.0,0.0,0.0,0.0
COCCCN(CCC(=O)NCCCCCCCCCCCCCCCC)(CCC(=O)NCCCCCCCCCCCCCCCC),1.09185317209513,,,,,,,,,,,,,,,,0.0,0.0,0.0,0.0
CN(CCC(=O)NCCCCCCCCCCCCCCCC)CCN(CCC(=O)NCCCCCCCCCCCCCCCC)C,1.09185317209513,,,,,,,,,,,,,,,,0.0,0.0,0.0,0.0
CCN(CCC(=O)NCCCCCCCCCCCCCCCC)CCN(CCC(=O)NCCCCCCCCCCCCCCCC)CC,1.09185317209513,,,,,,,,,,,,,,,,0.0,0.0,0.0,0.0
C1N(CCC(=O)NCCCCCCCCCCCCCCCC)CCCN(CCC(=O)NCCCCCCCCCCCCCCCC)C1,1.09185317209513,,,,,,,,,,,,,,,,0.0,0.0,0.0,0.0
CCN(CC)CCN(CCC(=O)NCCCCCCCCCCCCCCCC)(CCC(=O)NCCCCCCCCCCCCCCCC),1.09185317209513,,,,,,,,,,,,,,,,0.0,0.0,0.0,0.0
C1CCCN1CCN(CCC(=O)NCCCCCCCCCCCCCCCC)(CCC(=O)NCCCCCCCCCCCCCCCC),1.09185317209513,,,,,,,,,,,,,,,,0.0,0.0,0.0,0.0
N1(C)CCCC1CCN(CCC(=O)NCCCCCCCCCCCCCCCC)(CCC(=O)NCCCCCCCCCCCCCCCC),1.09185317209513,,,,,,,,,,,,,,,,0.0,0.0,0.0,0.0
CN(C)CC(C)N(CCC(=O)NCCCCCCCCCCCCCCCC)(CCC(=O)NCCCCCCCCCCCCCCCC),1.09185317209513,,,,,,,,,,,,,,,,0.0,0.0,0.0,0.0
N(CCC(=O)NCCCCCCCCCCCCCCCC)(CCC(=O)NCCCCCCCCCCCCCCCC)CCCN(CCC(=O)NCCCCCCCCCCCCCCCC)(CCC(=O)NCCCCCCCCCCCCCCCC),1.09185317209513,,,,,,,,,,,,,,,,0.0,0.0,0.0,0.0
OCCN(CCC(=O)NCCCCCCCCCCCCCCCC)CCN(CCC(=O)NCCCCCCCCCCCCCCCC)CCO,1.09185317209513,,,,,,,,,,,,,,,,0.0,0.0,0.0,0.0
OCC(O)CN(CCC(=O)NCCCCCCCCCCCCCCCCCC)(CCC(=O)NCCCCCCCCCCCCCCCCCC),1.09185317209513,,,,,,,,,,,,,,,,0.0,0.0,0.0,0.0
COCCCN(CCC(=O)OCCCCCCCCCC)(CCC(=O)OCCCCCCCCCC),-0.3668861465373421,,,,,,,,,,,,,,,,0.0,0.0,0.0,0.0
O1CCOC1CCN(CCC(=O)OCCCCCCCCCC)(CCC(=O)OCCCCCCCCCC),-0.3668861465373421,,,,,,,,,,,,,,,,0.0,0.0,0.0,0.0
C1OC(C)(C)OC1CN(CCC(=O)OCCCCCCCCCC)(CCC(=O)OCCCCCCCCCC),-0.3668861465373421,,,,,,,,,,,,,,,,0.0,0.0,0.0,0.0
COCCN(CCC(=O)OCCCCCCCCCC)(CCC(=O)OCCCCCCCCCC),-0.3668861465373421,,,,,,,,,,,,,,,,0.0,0.0,0.0,0.0
CCOCCN(CCC(=O)OCCCCCCCCCC)(CCC(=O)OCCCCCCCCCC),-0.3668861465373421,,,,,,,,,,,,,,,,0.0,0.0,0.0,0.0
COC(OC)CN(CCC(=O)OCCCCCCCCCC)(CCC(=O)OCCCCCCCCCC),-0.3668861465373421,,,,,,,,,,,,,,,,0.0,0.0,0.0,0.0
O1CCCC1CN(CCC(=O)OCCCCCCCCCC)(CCC(=O)OCCCCCCCCCC),-0.3668861465373421,,,,,,,,,,,,,,,,0.0,0.0,0.0,0.0
c1c(OC)c(OC)ccc1CCN(CCC(=O)OCCCCCCCCCC)(CCC(=O)OCCCCCCCCCC),-0.3668861465373421,,,,,,,,,,,,,,,,0.0,0.0,0.0,0.0
OCCCN(CCC(=O)OCCCCCCCCCC)(CCC(=O)OCCCCCCCCCC),-0.3668861465373421,,,,,,,,,,,,,,,,0.0,0.0,0.0,0.0
CC(O)CN(CCC(=O)OCCCCCCCCCC)(CCC(=O)OCCCCCCCCCC),-0.3668861465373421,,,,,,,,,,,,,,,,0.0,0.0,0.0,0.0
CC(O)CN(CCC(=O)OCCCCCCCCCC)(CCC(=O)OCCCCCCCCCC),-0.3668861465373421,,,,,,,,,,,,,,,,0.0,0.0,0.0,0.0
OCC(CO)N(CCC(=O)OCCCCCCCCCC)(CCC(=O)OCCCCCCCCCC),-0.3668861465373421,,,,,,,,,,,,,,,,0.0,0.0,0.0,0.0
CC(CO)(CO)N(CCC(=O)OCCCCCCCCCC)(CCC(=O)OCCCCCCCCCC),-0.3668861465373421,,,,,,,,,,,,,,,,0.0,0.0,0.0,0.0
OCCCCN(CCC(=O)OCCCCCCCCCC)(CCC(=O)OCCCCCCCCCC),-0.3668861465373421,,,,,,,,,,,,,,,,0.0,0.0,0.0,0.0
OCCOCCN(CCC(=O)OCCCCCCCCCC)(CCC(=O)OCCCCCCCCCC),-0.3668861465373421,,,,,,,,,,,,,,,,0.0,0.0,0.0,0.0
OCCCCCN(CCC(=O)OCCCCCCCCCC)(CCC(=O)OCCCCCCCCCC),-0.3668861465373421,,,,,,,,,,,,,,,,0.0,0.0,0.0,0.0
OCC(C)(C)CN(CCC(=O)OCCCCCCCCCC)(CCC(=O)OCCCCCCCCCC),-0.3668861465373421,,,,,,,,,,,,,,,,0.0,0.0,0.0,0.0
OCC(CO)(CC)N(CCC(=O)OCCCCCCCCCC)(CCC(=O)OCCCCCCCCCC),-0.3668861465373421,,,,,,,,,,,,,,,,0.0,0.0,0.0,0.0
OCCCCCCN(CCC(=O)OCCCCCCCCCC)(CCC(=O)OCCCCCCCCCC),-0.3668861465373421,,,,,,,,,,,,,,,,0.0,0.0,0.0,0.0
C1CC(O)CCC1N(CCC(=O)OCCCCCCCCCC)(CCC(=O)OCCCCCCCCCC),-0.3668861465373421,,,,,,,,,,,,,,,,0.0,0.0,0.0,0.0
CN(CCC(=O)OCCCCCCCCCC)CCN(CCC(=O)OCCCCCCCCCC)C,-0.3668861465373421,,,,,,,,,,,,,,,,0.0,0.0,0.0,0.0
CCN(CCC(=O)OCCCCCCCCCC)CCN(CCC(=O)OCCCCCCCCCC)CC,-0.3668861465373421,,,,,,,,,,,,,,,,0.0,0.0,0.0,0.0
CC(C)N(CCC(=O)OCCCCCCCCCC)CCN(CCC(=O)OCCCCCCCCCC)C(C)C,-0.3668861465373421,,,,,,,,,,,,,,,,0.0,0.0,0.0,0.0
CN(CCC(=O)OCCCCCCCCCC)CCCN(CCC(=O)OCCCCCCCCCC)C,-0.3668861465373421,,,,,,,,,,,,,,,,0.0,0.0,0.0,0.0
CCN(CCC(=O)OCCCCCCCCCC)CCCN(CCC(=O)OCCCCCCCCCC)CC,-0.3668861465373421,,,,,,,,,,,,,,,,0.0,0.0,0.0,0.0
C1N(CCC(=O)OCCCCCCCCCC)CCCN(CCC(=O)OCCCCCCCCCC)C1,-0.3668861465373421,,,,,,,,,,,,,,,,0.0,0.0,0.0,0.0
CCN(CC)CCN(CCC(=O)OCCCCCCCCCC)(CCC(=O)OCCCCCCCCCC),-0.3668861465373421,,,,,,,,,,,,,,,,0.0,0.0,0.0,0.0
C1CCCN1CCN(CCC(=O)OCCCCCCCCCC)(CCC(=O)OCCCCCCCCCC),-0.3668861465373421,,,,,,,,,,,,,,,,0.0,0.0,0.0,0.0
N1(C)CCCC1CCN(CCC(=O)OCCCCCCCCCC)(CCC(=O)OCCCCCCCCCC),-0.3668861465373421,,,,,,,,,,,,,,,,0.0,0.0,0.0,0.0
CN(C)CC(C)N(CCC(=O)OCCCCCCCCCC)(CCC(=O)OCCCCCCCCCC),-0.3668861465373421,,,,,,,,,,,,,,,,0.0,0.0,0.0,0.0
CN(C)CCCN(CCC(=O)OCCCCCCCCCC)(CCC(=O)OCCCCCCCCCC),-0.3668861465373421,,,,,,,,,,,,,,,,0.0,0.0,0.0,0.0
CCN(CC)CCCN(CCC(=O)OCCCCCCCCCC)(CCC(=O)OCCCCCCCCCC),-0.3668861465373421,,,,,,,,,,,,,,,,0.0,0.0,0.0,0.0
C1CCCCN1CCN(CCC(=O)OCCCCCCCCCC)(CCC(=O)OCCCCCCCCCC),-0.3668861465373421,,,,,,,,,,,,,,,,0.0,0.0,0.0,0.0
OCCN(CCO)CCN(CCC(=O)OCCCCCCCCCC)(CCC(=O)OCCCCCCCCCC),-0.3668861465373421,,,,,,,,,,,,,,,,0.0,0.0,0.0,0.0
OCCN(CCO)CCCN(CCC(=O)OCCCCCCCCCC)(CCC(=O)OCCCCCCCCCC),-0.3668861465373421,,,,,,,,,,,,,,,,0.0,0.0,0.0,0.0
C1COCCN1CCN(CCC(=O)OCCCCCCCCCC)(CCC(=O)OCCCCCCCCCC),-0.3668861465373421,,,,,,,,,,,,,,,,0.0,0.0,0.0,0.0
C1COCCN1CCCN(CCC(=O)OCCCCCCCCCC)(CCC(=O)OCCCCCCCCCC),-0.3668861465373421,,,,,,,,,,,,,,,,0.0,0.0,0.0,0.0
c1nccn1CCCN(CCC(=O)OCCCCCCCCCC)(CCC(=O)OCCCCCCCCCC),-0.3668861465373421,,,,,,,,,,,,,,,,0.0,0.0,0.0,0.0
N1=CNC=C1CCN(CCC(=O)OCCCCCCCCCC)(CCC(=O)OCCCCCCCCCC),-0.3668861465373421,,,,,,,,,,,,,,,,0.0,0.0,0.0,0.0
CN(CCC(=O)OCCCCCCCCCC)CCN(CCC(=O)OCCCCCCCCCC)(CCC(=O)OCCCCCCCCCC),-0.3668861465373421,,,,,,,,,,,,,,,,0.0,0.0,0.0,0.0
CN(CCC(=O)OCCCCCCCCCC)CCCN(CCC(=O)OCCCCCCCCCC)(CCC(=O)OCCCCCCCCCC),-0.3668861465373421,,,,,,,,,,,,,,,,0.0,0.0,0.0,0.0
N(CCC(=O)OCCCCCCCCCC)(CCC(=O)OCCCCCCCCCC)CCN(CCC(=O)OCCCCCCCCCC)CCN(CCC(=O)OCCCCCCCCCC)CCN(CCC(=O)OCCCCCCCCCC)(CCC(=O)OCCCCCCCCCC),-0.3668861465373421,,,,,,,,,,,,,,,,0.0,0.0,0.0,0.0
N(CCC(=O)OCCCCCCCCCC)(CCC(=O)OCCCCCCCCCC)CCN(CCC(=O)OCCCCCCCCCC)(CCC(=O)OCCCCCCCCCC),-0.3668861465373421,,,,,,,,,,,,,,,,0.0,0.0,0.0,0.0
N(CCC(=O)OCCCCCCCCCC)(CCC(=O)OCCCCCCCCCC)CCCN(CCC(=O)OCCCCCCCCCC)(CCC(=O)OCCCCCCCCCC),-0.3668861465373421,,,,,,,,,,,,,,,,0.0,0.0,0.0,0.0
OCCN(CCC(=O)OCCCCCCCCCC)CCN(CCC(=O)OCCCCCCCCCC)CCO,-0.3668861465373421,,,,,,,,,,,,,,,,0.0,0.0,0.0,0.0
N(CCC(=O)OCCCCCCCCCC)(CCC(=O)OCCCCCCCCCC)CCN(CCC(=O)OCCCCCCCCCC)CCO,-0.3668861465373421,,,,,,,,,,,,,,,,0.0,0.0,0.0,0.0
OCC(O)CN(CCC(=O)OCCCCCCCCCC)(CCC(=O)OCCCCCCCCCC),-0.3668861465373421,,,,,,,,,,,,,,,,0.0,0.0,0.0,0.0
COCCCN(CCC(=O)OCCCCCCCCCCCC)(CCC(=O)OCCCCCCCCCCCC),-0.3668861465373421,,,,,,,,,,,,,,,,0.0,0.0,0.0,0.0
O1CCOC1CCN(CCC(=O)OCCCCCCCCCCCC)(CCC(=O)OCCCCCCCCCCCC),-0.3668861465373421,,,,,,,,,,,,,,,,0.0,0.0,0.0,0.0
C1OC(C)(C)OC1CN(CCC(=O)OCCCCCCCCCCCC)(CCC(=O)OCCCCCCCCCCCC),-0.3668861465373421,,,,,,,,,,,,,,,,0.0,0.0,0.0,0.0
COCCN(CCC(=O)OCCCCCCCCCCCC)(CCC(=O)OCCCCCCCCCCCC),-0.3668861465373421,,,,,,,,,,,,,,,,0.0,0.0,0.0,0.0
CCOCCN(CCC(=O)OCCCCCCCCCCCC)(CCC(=O)OCCCCCCCCCCCC),-0.3668861465373421,,,,,,,,,,,,,,,,0.0,0.0,0.0,0.0
COC(OC)CN(CCC(=O)OCCCCCCCCCCCC)(CCC(=O)OCCCCCCCCCCCC),-0.3668861465373421,,,,,,,,,,,,,,,,0.0,0.0,0.0,0.0
O1CCCC1CN(CCC(=O)OCCCCCCCCCCCC)(CCC(=O)OCCCCCCCCCCCC),-0.3668861465373421,,,,,,,,,,,,,,,,0.0,0.0,0.0,0.0
c1c(OC)c(OC)ccc1CCN(CCC(=O)OCCCCCCCCCCCC)(CCC(=O)OCCCCCCCCCCCC),-0.3668861465373421,,,,,,,,,,,,,,,,0.0,0.0,0.0,0.0
OCCCN(CCC(=O)OCCCCCCCCCCCC)(CCC(=O)OCCCCCCCCCCCC),-0.3668861465373421,,,,,,,,,,,,,,,,0.0,0.0,0.0,0.0
CC(O)CN(CCC(=O)OCCCCCCCCCCCC)(CCC(=O)OCCCCCCCCCCCC),-0.3668861465373421,,,,,,,,,,,,,,,,0.0,0.0,0.0,0.0
CC(O)CN(CCC(=O)OCCCCCCCCCCCC)(CCC(=O)OCCCCCCCCCCCC),-0.3668861465373421,,,,,,,,,,,,,,,,0.0,0.0,0.0,0.0
OCC(CO)N(CCC(=O)OCCCCCCCCCCCC)(CCC(=O)OCCCCCCCCCCCC),-0.3668861465373421,,,,,,,,,,,,,,,,0.0,0.0,0.0,0.0
CC(CO)(CO)N(CCC(=O)OCCCCCCCCCCCC)(CCC(=O)OCCCCCCCCCCCC),-0.3668861465373421,,,,,,,,,,,,,,,,0.0,0.0,0.0,0.0
OCCCCN(CCC(=O)OCCCCCCCCCCCC)(CCC(=O)OCCCCCCCCCCCC),-0.3668861465373421,,,,,,,,,,,,,,,,0.0,0.0,0.0,0.0
OCCOCCN(CCC(=O)OCCCCCCCCCCCC)(CCC(=O)OCCCCCCCCCCCC),-0.3668861465373421,,,,,,,,,,,,,,,,0.0,0.0,0.0,0.0
OCCCCCN(CCC(=O)OCCCCCCCCCCCC)(CCC(=O)OCCCCCCCCCCCC),-0.3668861465373421,,,,,,,,,,,,,,,,0.0,0.0,0.0,0.0
OCC(C)(C)CN(CCC(=O)OCCCCCCCCCCCC)(CCC(=O)OCCCCCCCCCCCC),-0.3668861465373421,,,,,,,,,,,,,,,,0.0,0.0,0.0,0.0
OCC(CO)(CC)N(CCC(=O)OCCCCCCCCCCCC)(CCC(=O)OCCCCCCCCCCCC),-0.3668861465373421,,,,,,,,,,,,,,,,0.0,0.0,0.0,0.0
OCCCCCCN(CCC(=O)OCCCCCCCCCCCC)(CCC(=O)OCCCCCCCCCCCC),-0.3668861465373421,,,,,,,,,,,,,,,,0.0,0.0,0.0,0.0
C1CC(O)CCC1N(CCC(=O)OCCCCCCCCCCCC)(CCC(=O)OCCCCCCCCCCCC),-0.3668861465373421,,,,,,,,,,,,,,,,0.0,0.0,0.0,0.0
CN(CCC(=O)OCCCCCCCCCCCC)CCN(CCC(=O)OCCCCCCCCCCCC)C,-0.3668861465373421,,,,,,,,,,,,,,,,0.0,0.0,0.0,0.0
CCN(CCC(=O)OCCCCCCCCCCCC)CCN(CCC(=O)OCCCCCCCCCCCC)CC,-0.3668861465373421,,,,,,,,,,,,,,,,0.0,0.0,0.0,0.0
CC(C)N(CCC(=O)OCCCCCCCCCCCC)CCN(CCC(=O)OCCCCCCCCCCCC)C(C)C,-0.3668861465373421,,,,,,,,,,,,,,,,0.0,0.0,0.0,0.0
CN(CCC(=O)OCCCCCCCCCCCC)CCCN(CCC(=O)OCCCCCCCCCCCC)C,-0.3668861465373421,,,,,,,,,,,,,,,,0.0,0.0,0.0,0.0
CCN(CCC(=O)OCCCCCCCCCCCC)CCCN(CCC(=O)OCCCCCCCCCCCC)CC,-0.3668861465373421,,,,,,,,,,,,,,,,0.0,0.0,0.0,0.0
C1N(CCC(=O)OCCCCCCCCCCCC)CCCN(CCC(=O)OCCCCCCCCCCCC)C1,-0.3668861465373421,,,,,,,,,,,,,,,,0.0,0.0,0.0,0.0
CCN(CC)CCN(CCC(=O)OCCCCCCCCCCCC)(CCC(=O)OCCCCCCCCCCCC),-0.3668861465373421,,,,,,,,,,,,,,,,0.0,0.0,0.0,0.0
C1CCCN1CCN(CCC(=O)OCCCCCCCCCCCC)(CCC(=O)OCCCCCCCCCCCC),-0.3668861465373421,,,,,,,,,,,,,,,,0.0,0.0,0.0,0.0
N1(C)CCCC1CCN(CCC(=O)OCCCCCCCCCCCC)(CCC(=O)OCCCCCCCCCCCC),-0.3668861465373421,,,,,,,,,,,,,,,,0.0,0.0,0.0,0.0
CN(C)CC(C)N(CCC(=O)OCCCCCCCCCCCC)(CCC(=O)OCCCCCCCCCCCC),-0.3668861465373421,,,,,,,,,,,,,,,,0.0,0.0,0.0,0.0
CN(C)CCCN(CCC(=O)OCCCCCCCCCCCC)(CCC(=O)OCCCCCCCCCCCC),-0.3668861465373421,,,,,,,,,,,,,,,,0.0,0.0,0.0,0.0
C1CCCCN1CCN(CCC(=O)OCCCCCCCCCCCC)(CCC(=O)OCCCCCCCCCCCC),-0.3668861465373421,,,,,,,,,,,,,,,,0.0,0.0,0.0,0.0
OCCN(CCO)CCN(CCC(=O)OCCCCCCCCCCCC)(CCC(=O)OCCCCCCCCCCCC),-0.3668861465373421,,,,,,,,,,,,,,,,0.0,0.0,0.0,0.0
OCCN(CCO)CCCN(CCC(=O)OCCCCCCCCCCCC)(CCC(=O)OCCCCCCCCCCCC),-0.3668861465373421,,,,,,,,,,,,,,,,0.0,0.0,0.0,0.0
CN(CCC(=O)OCCCCCCCCCCCC)CCCN(CCC(=O)OCCCCCCCCCCCC)(CCC(=O)OCCCCCCCCCCCC),-0.3668861465373421,,,,,,,,,,,,,,,,0.0,0.0,0.0,0.0
N(CCC(=O)OCCCCCCCCCCCC)(CCC(=O)OCCCCCCCCCCCC)CCN(CCC(=O)OCCCCCCCCCCCC)CCN(CCC(=O)OCCCCCCCCCCCC)CCN(CCC(=O)OCCCCCCCCCCCC)(CCC(=O)OCCCCCCCCCCCC),-0.3668861465373421,,,,,,,,,,,,,,,,0.0,0.0,0.0,0.0
N(CCC(=O)OCCCCCCCCCCCC)(CCC(=O)OCCCCCCCCCCCC)CCN(CCC(=O)OCCCCCCCCCCCC)(CCC(=O)OCCCCCCCCCCCC),-0.3668861465373421,,,,,,,,,,,,,,,,0.0,0.0,0.0,0.0
N(CCC(=O)OCCCCCCCCCCCC)(CCC(=O)OCCCCCCCCCCCC)CCCN(CCC(=O)OCCCCCCCCCCCC)(CCC(=O)OCCCCCCCCCCCC),-0.3668861465373421,,,,,,,,,,,,,,,,0.0,0.0,0.0,0.0
OCCN(CCC(=O)OCCCCCCCCCCCC)CCN(CCC(=O)OCCCCCCCCCCCC)CCO,-0.3668861465373421,,,,,,,,,,,,,,,,0.0,0.0,0.0,0.0
N(CCC(=O)OCCCCCCCCCCCC)(CCC(=O)OCCCCCCCCCCCC)CCN(CCC(=O)OCCCCCCCCCCCC)CCO,-0.3668861465373421,,,,,,,,,,,,,,,,0.0,0.0,0.0,0.0
COCCCN(CCC(=O)OCCCCCCCCCCCCC)(CCC(=O)OCCCCCCCCCCCCC),-0.3668861465373421,,,,,,,,,,,,,,,,0.0,0.0,0.0,0.0
O1CCOC1CCN(CCC(=O)OCCCCCCCCCCCCC)(CCC(=O)OCCCCCCCCCCCCC),-0.3668861465373421,,,,,,,,,,,,,,,,0.0,0.0,0.0,0.0
C1OC(C)(C)OC1CN(CCC(=O)OCCCCCCCCCCCCC)(CCC(=O)OCCCCCCCCCCCCC),-0.3668861465373421,,,,,,,,,,,,,,,,0.0,0.0,0.0,0.0
COCCN(CCC(=O)OCCCCCCCCCCCCC)(CCC(=O)OCCCCCCCCCCCCC),-0.3668861465373421,,,,,,,,,,,,,,,,0.0,0.0,0.0,0.0
CCOCCN(CCC(=O)OCCCCCCCCCCCCC)(CCC(=O)OCCCCCCCCCCCCC),-0.3668861465373421,,,,,,,,,,,,,,,,0.0,0.0,0.0,0.0
COC(OC)CN(CCC(=O)OCCCCCCCCCCCCC)(CCC(=O)OCCCCCCCCCCCCC),-0.3668861465373421,,,,,,,,,,,,,,,,0.0,0.0,0.0,0.0
O1CCCC1CN(CCC(=O)OCCCCCCCCCCCCC)(CCC(=O)OCCCCCCCCCCCCC),-0.3668861465373421,,,,,,,,,,,,,,,,0.0,0.0,0.0,0.0
c1c(OC)c(OC)ccc1CCN(CCC(=O)OCCCCCCCCCCCCC)(CCC(=O)OCCCCCCCCCCCCC),-0.3668861465373421,,,,,,,,,,,,,,,,0.0,0.0,0.0,0.0
OCCCN(CCC(=O)OCCCCCCCCCCCCC)(CCC(=O)OCCCCCCCCCCCCC),-0.3668861465373421,,,,,,,,,,,,,,,,0.0,0.0,0.0,0.0
OCC(CO)N(CCC(=O)OCCCCCCCCCCCCC)(CCC(=O)OCCCCCCCCCCCCC),-0.3668861465373421,,,,,,,,,,,,,,,,0.0,0.0,0.0,0.0
CC(CO)(CO)N(CCC(=O)OCCCCCCCCCCCCC)(CCC(=O)OCCCCCCCCCCCCC),-0.3668861465373421,,,,,,,,,,,,,,,,0.0,0.0,0.0,0.0
OCCCCN(CCC(=O)OCCCCCCCCCCCCC)(CCC(=O)OCCCCCCCCCCCCC),-0.3668861465373421,,,,,,,,,,,,,,,,0.0,0.0,0.0,0.0
OCCOCCN(CCC(=O)OCCCCCCCCCCCCC)(CCC(=O)OCCCCCCCCCCCCC),-0.3668861465373421,,,,,,,,,,,,,,,,0.0,0.0,0.0,0.0
OCCCCCN(CCC(=O)OCCCCCCCCCCCCC)(CCC(=O)OCCCCCCCCCCCCC),-0.3668861465373421,,,,,,,,,,,,,,,,0.0,0.0,0.0,0.0
OCC(C)(C)CN(CCC(=O)OCCCCCCCCCCCCC)(CCC(=O)OCCCCCCCCCCCCC),-0.3668861465373421,,,,,,,,,,,,,,,,0.0,0.0,0.0,0.0
OCC(CO)(CC)N(CCC(=O)OCCCCCCCCCCCCC)(CCC(=O)OCCCCCCCCCCCCC),-0.3668861465373421,,,,,,,,,,,,,,,,0.0,0.0,0.0,0.0
OCCCCCCN(CCC(=O)OCCCCCCCCCCCCC)(CCC(=O)OCCCCCCCCCCCCC),-0.3668861465373421,,,,,,,,,,,,,,,,0.0,0.0,0.0,0.0
C1CC(O)CCC1N(CCC(=O)OCCCCCCCCCCCCC)(CCC(=O)OCCCCCCCCCCCCC),-0.3668861465373421,,,,,,,,,,,,,,,,0.0,0.0,0.0,0.0
CN(CCC(=O)OCCCCCCCCCCCCC)CCN(CCC(=O)OCCCCCCCCCCCCC)C,-0.3668861465373421,,,,,,,,,,,,,,,,0.0,0.0,0.0,0.0
CCN(CCC(=O)OCCCCCCCCCCCCC)CCN(CCC(=O)OCCCCCCCCCCCCC)CC,-0.3668861465373421,,,,,,,,,,,,,,,,0.0,0.0,0.0,0.0
CC(C)N(CCC(=O)OCCCCCCCCCCCCC)CCN(CCC(=O)OCCCCCCCCCCCCC)C(C)C,-0.3668861465373421,,,,,,,,,,,,,,,,0.0,0.0,0.0,0.0
CN(CCC(=O)OCCCCCCCCCCCCC)CCCN(CCC(=O)OCCCCCCCCCCCCC)C,-0.3668861465373421,,,,,,,,,,,,,,,,0.0,0.0,0.0,0.0
CCN(CCC(=O)OCCCCCCCCCCCCC)CCCN(CCC(=O)OCCCCCCCCCCCCC)CC,-0.3668861465373421,,,,,,,,,,,,,,,,0.0,0.0,0.0,0.0
C1N(CCC(=O)OCCCCCCCCCCCCC)CCCN(CCC(=O)OCCCCCCCCCCCCC)C1,-0.3668861465373421,,,,,,,,,,,,,,,,0.0,0.0,0.0,0.0
CCN(CC)CCN(CCC(=O)OCCCCCCCCCCCCC)(CCC(=O)OCCCCCCCCCCCCC),-0.3668861465373421,,,,,,,,,,,,,,,,0.0,0.0,0.0,0.0
C1CCCN1CCN(CCC(=O)OCCCCCCCCCCCCC)(CCC(=O)OCCCCCCCCCCCCC),-0.3668861465373421,,,,,,,,,,,,,,,,0.0,0.0,0.0,0.0
N1(C)CCCC1CCN(CCC(=O)OCCCCCCCCCCCCC)(CCC(=O)OCCCCCCCCCCCCC),-0.3668861465373421,,,,,,,,,,,,,,,,0.0,0.0,0.0,0.0
CN(C)CC(C)N(CCC(=O)OCCCCCCCCCCCCC)(CCC(=O)OCCCCCCCCCCCCC),-0.3668861465373421,,,,,,,,,,,,,,,,0.0,0.0,0.0,0.0
CN(C)CCCN(CCC(=O)OCCCCCCCCCCCCC)(CCC(=O)OCCCCCCCCCCCCC),-0.3668861465373421,,,,,,,,,,,,,,,,0.0,0.0,0.0,0.0
CCN(CC)CCCN(CCC(=O)OCCCCCCCCCCCCC)(CCC(=O)OCCCCCCCCCCCCC),-0.3668861465373421,,,,,,,,,,,,,,,,0.0,0.0,0.0,0.0
C1CCCCN1CCN(CCC(=O)OCCCCCCCCCCCCC)(CCC(=O)OCCCCCCCCCCCCC),-0.3668861465373421,,,,,,,,,,,,,,,,0.0,0.0,0.0,0.0
OCCN(CCO)CCN(CCC(=O)OCCCCCCCCCCCCC)(CCC(=O)OCCCCCCCCCCCCC),-0.3668861465373421,,,,,,,,,,,,,,,,0.0,0.0,0.0,0.0
OCCN(CCO)CCCN(CCC(=O)OCCCCCCCCCCCCC)(CCC(=O)OCCCCCCCCCCCCC),-0.3668861465373421,,,,,,,,,,,,,,,,0.0,0.0,0.0,0.0
C1COCCN1CCN(CCC(=O)OCCCCCCCCCCCCC)(CCC(=O)OCCCCCCCCCCCCC),-0.3668861465373421,,,,,,,,,,,,,,,,0.0,0.0,0.0,0.0
C1COCCN1CCCN(CCC(=O)OCCCCCCCCCCCCC)(CCC(=O)OCCCCCCCCCCCCC),-0.3668861465373421,,,,,,,,,,,,,,,,0.0,0.0,0.0,0.0
c1nccn1CCCN(CCC(=O)OCCCCCCCCCCCCC)(CCC(=O)OCCCCCCCCCCCCC),-0.3668861465373421,,,,,,,,,,,,,,,,0.0,0.0,0.0,0.0
N1=CNC=C1CCN(CCC(=O)OCCCCCCCCCCCCC)(CCC(=O)OCCCCCCCCCCCCC),-0.3668861465373421,,,,,,,,,,,,,,,,0.0,0.0,0.0,0.0
CN(CCC(=O)OCCCCCCCCCCCCC)CCN(CCC(=O)OCCCCCCCCCCCCC)(CCC(=O)OCCCCCCCCCCCCC),-0.3668861465373421,,,,,,,,,,,,,,,,0.0,0.0,0.0,0.0
CN(CCC(=O)OCCCCCCCCCCCCC)CCCN(CCC(=O)OCCCCCCCCCCCCC)(CCC(=O)OCCCCCCCCCCCCC),-0.3668861465373421,,,,,,,,,,,,,,,,0.0,0.0,0.0,0.0
N(CCC(=O)OCCCCCCCCCCCCC)(CCC(=O)OCCCCCCCCCCCCC)CCN(CCC(=O)OCCCCCCCCCCCCC)CCN(CCC(=O)OCCCCCCCCCCCCC)CCN(CCC(=O)OCCCCCCCCCCCCC)(CCC(=O)OCCCCCCCCCCCCC),-0.3668861465373421,,,,,,,,,,,,,,,,0.0,0.0,0.0,0.0
N(CCC(=O)OCCCCCCCCCCCCC)(CCC(=O)OCCCCCCCCCCCCC)CCN(CCC(=O)OCCCCCCCCCCCCC)(CCC(=O)OCCCCCCCCCCCCC),-0.3668861465373421,,,,,,,,,,,,,,,,0.0,0.0,0.0,0.0
N(CCC(=O)OCCCCCCCCCCCCC)(CCC(=O)OCCCCCCCCCCCCC)CCCN(CCC(=O)OCCCCCCCCCCCCC)(CCC(=O)OCCCCCCCCCCCCC),-0.3668861465373421,,,,,,,,,,,,,,,,0.0,0.0,0.0,0.0
N(CCC(=O)OCCCCCCCCCCCCC)(CCC(=O)OCCCCCCCCCCCCC)CCN(CCC(=O)OCCCCCCCCCCCCC)CCO,-0.3668861465373421,,,,,,,,,,,,,,,,0.0,0.0,0.0,0.0
OCC(O)CN(CCC(=O)OCCCCCCCCCCCCC)(CCC(=O)OCCCCCCCCCCCCC),-0.3668861465373421,,,,,,,,,,,,,,,,0.0,0.0,0.0,0.0
COCCCN(CCC(=O)OCCCCCCCCCCCCCC)(CCC(=O)OCCCCCCCCCCCCCC),-0.3668861465373421,,,,,,,,,,,,,,,,0.0,0.0,0.0,0.0
O1CCOC1CCN(CCC(=O)OCCCCCCCCCCCCCC)(CCC(=O)OCCCCCCCCCCCCCC),-0.3668861465373421,,,,,,,,,,,,,,,,0.0,0.0,0.0,0.0
C1OC(C)(C)OC1CN(CCC(=O)OCCCCCCCCCCCCCC)(CCC(=O)OCCCCCCCCCCCCCC),-0.3668861465373421,,,,,,,,,,,,,,,,0.0,0.0,0.0,0.0
COCCN(CCC(=O)OCCCCCCCCCCCCCC)(CCC(=O)OCCCCCCCCCCCCCC),-0.3668861465373421,,,,,,,,,,,,,,,,0.0,0.0,0.0,0.0
O1CCCC1CN(CCC(=O)OCCCCCCCCCCCCCC)(CCC(=O)OCCCCCCCCCCCCCC),-0.3668861465373421,,,,,,,,,,,,,,,,0.0,0.0,0.0,0.0
c1c(OC)c(OC)ccc1CCN(CCC(=O)OCCCCCCCCCCCCCC)(CCC(=O)OCCCCCCCCCCCCCC),-0.3668861465373421,,,,,,,,,,,,,,,,0.0,0.0,0.0,0.0
OCCCN(CCC(=O)OCCCCCCCCCCCCCC)(CCC(=O)OCCCCCCCCCCCCCC),-0.3668861465373421,,,,,,,,,,,,,,,,0.0,0.0,0.0,0.0
CC(O)CN(CCC(=O)OCCCCCCCCCCCCCC)(CCC(=O)OCCCCCCCCCCCCCC),-0.3668861465373421,,,,,,,,,,,,,,,,0.0,0.0,0.0,0.0
CC(O)CN(CCC(=O)OCCCCCCCCCCCCCC)(CCC(=O)OCCCCCCCCCCCCCC),-0.3668861465373421,,,,,,,,,,,,,,,,0.0,0.0,0.0,0.0
OCCCCN(CCC(=O)OCCCCCCCCCCCCCC)(CCC(=O)OCCCCCCCCCCCCCC),-0.3668861465373421,,,,,,,,,,,,,,,,0.0,0.0,0.0,0.0
OCCOCCN(CCC(=O)OCCCCCCCCCCCCCC)(CCC(=O)OCCCCCCCCCCCCCC),-0.3668861465373421,,,,,,,,,,,,,,,,0.0,0.0,0.0,0.0
OCCCCCN(CCC(=O)OCCCCCCCCCCCCCC)(CCC(=O)OCCCCCCCCCCCCCC),-0.3668861465373421,,,,,,,,,,,,,,,,0.0,0.0,0.0,0.0
OCC(C)(C)CN(CCC(=O)OCCCCCCCCCCCCCC)(CCC(=O)OCCCCCCCCCCCCCC),-0.3668861465373421,,,,,,,,,,,,,,,,0.0,0.0,0.0,0.0
OCC(CO)(CC)N(CCC(=O)OCCCCCCCCCCCCCC)(CCC(=O)OCCCCCCCCCCCCCC),-0.3668861465373421,,,,,,,,,,,,,,,,0.0,0.0,0.0,0.0
OCCCCCCN(CCC(=O)OCCCCCCCCCCCCCC)(CCC(=O)OCCCCCCCCCCCCCC),-0.3668861465373421,,,,,,,,,,,,,,,,0.0,0.0,0.0,0.0
C1CC(O)CCC1N(CCC(=O)OCCCCCCCCCCCCCC)(CCC(=O)OCCCCCCCCCCCCCC),-0.3668861465373421,,,,,,,,,,,,,,,,0.0,0.0,0.0,0.0
CN(CCC(=O)OCCCCCCCCCCCCCC)CCN(CCC(=O)OCCCCCCCCCCCCCC)C,-0.3668861465373421,,,,,,,,,,,,,,,,0.0,0.0,0.0,0.0
CCN(CCC(=O)OCCCCCCCCCCCCCC)CCN(CCC(=O)OCCCCCCCCCCCCCC)CC,-0.3668861465373421,,,,,,,,,,,,,,,,0.0,0.0,0.0,0.0
CC(C)N(CCC(=O)OCCCCCCCCCCCCCC)CCN(CCC(=O)OCCCCCCCCCCCCCC)C(C)C,-0.3668861465373421,,,,,,,,,,,,,,,,0.0,0.0,0.0,0.0
CN(CCC(=O)OCCCCCCCCCCCCCC)CCCN(CCC(=O)OCCCCCCCCCCCCCC)C,-0.3668861465373421,,,,,,,,,,,,,,,,0.0,0.0,0.0,0.0
CCN(CCC(=O)OCCCCCCCCCCCCCC)CCCN(CCC(=O)OCCCCCCCCCCCCCC)CC,-0.3668861465373421,,,,,,,,,,,,,,,,0.0,0.0,0.0,0.0
C1N(CCC(=O)OCCCCCCCCCCCCCC)CCCN(CCC(=O)OCCCCCCCCCCCCCC)C1,-0.3668861465373421,,,,,,,,,,,,,,,,0.0,0.0,0.0,0.0
CCN(CC)CCN(CCC(=O)OCCCCCCCCCCCCCC)(CCC(=O)OCCCCCCCCCCCCCC),-0.3668861465373421,,,,,,,,,,,,,,,,0.0,0.0,0.0,0.0
C1CCCN1CCN(CCC(=O)OCCCCCCCCCCCCCC)(CCC(=O)OCCCCCCCCCCCCCC),-0.3668861465373421,,,,,,,,,,,,,,,,0.0,0.0,0.0,0.0
CN(C)CC(C)N(CCC(=O)OCCCCCCCCCCCCCC)(CCC(=O)OCCCCCCCCCCCCCC),-0.3668861465373421,,,,,,,,,,,,,,,,0.0,0.0,0.0,0.0
CCN(CC)CCCN(CCC(=O)OCCCCCCCCCCCCCC)(CCC(=O)OCCCCCCCCCCCCCC),-0.3668861465373421,,,,,,,,,,,,,,,,0.0,0.0,0.0,0.0
C1CCCCN1CCN(CCC(=O)OCCCCCCCCCCCCCC)(CCC(=O)OCCCCCCCCCCCCCC),-0.3668861465373421,,,,,,,,,,,,,,,,0.0,0.0,0.0,0.0
OCCN(CCO)CCCN(CCC(=O)OCCCCCCCCCCCCCC)(CCC(=O)OCCCCCCCCCCCCCC),-0.3668861465373421,,,,,,,,,,,,,,,,0.0,0.0,0.0,0.0
C1COCCN1CCN(CCC(=O)OCCCCCCCCCCCCCC)(CCC(=O)OCCCCCCCCCCCCCC),-0.3668861465373421,,,,,,,,,,,,,,,,0.0,0.0,0.0,0.0
C1COCCN1CCCN(CCC(=O)OCCCCCCCCCCCCCC)(CCC(=O)OCCCCCCCCCCCCCC),-0.3668861465373421,,,,,,,,,,,,,,,,0.0,0.0,0.0,0.0
c1nccn1CCCN(CCC(=O)OCCCCCCCCCCCCCC)(CCC(=O)OCCCCCCCCCCCCCC),-0.3668861465373421,,,,,,,,,,,,,,,,0.0,0.0,0.0,0.0
N1=CNC=C1CCN(CCC(=O)OCCCCCCCCCCCCCC)(CCC(=O)OCCCCCCCCCCCCCC),-0.3668861465373421,,,,,,,,,,,,,,,,0.0,0.0,0.0,0.0
CN(CCC(=O)OCCCCCCCCCCCCCC)CCN(CCC(=O)OCCCCCCCCCCCCCC)(CCC(=O)OCCCCCCCCCCCCCC),-0.3668861465373421,,,,,,,,,,,,,,,,0.0,0.0,0.0,0.0
CN(CCC(=O)OCCCCCCCCCCCCCC)CCCN(CCC(=O)OCCCCCCCCCCCCCC)(CCC(=O)OCCCCCCCCCCCCCC),-0.3668861465373421,,,,,,,,,,,,,,,,0.0,0.0,0.0,0.0
N(CCC(=O)OCCCCCCCCCCCCCC)(CCC(=O)OCCCCCCCCCCCCCC)CCN(CCC(=O)OCCCCCCCCCCCCCC)CCN(CCC(=O)OCCCCCCCCCCCCCC)CCN(CCC(=O)OCCCCCCCCCCCCCC)(CCC(=O)OCCCCCCCCCCCCCC),-0.3668861465373421,,,,,,,,,,,,,,,,0.0,0.0,0.0,0.0
N(CCC(=O)OCCCCCCCCCCCCCC)(CCC(=O)OCCCCCCCCCCCCCC)CCCN(CCC(=O)OCCCCCCCCCCCCCC)(CCC(=O)OCCCCCCCCCCCCCC),-0.3668861465373421,,,,,,,,,,,,,,,,0.0,0.0,0.0,0.0
N(CCC(=O)OCCCCCCCCCCCCCC)(CCC(=O)OCCCCCCCCCCCCCC)CCN(CCC(=O)OCCCCCCCCCCCCCC)CCO,-0.3668861465373421,,,,,,,,,,,,,,,,0.0,0.0,0.0,0.0
O1CCOC1CCN(CCC(=O)OCCCCCCCCCCCCCCC)(CCC(=O)OCCCCCCCCCCCCCCC),-0.3668861465373421,,,,,,,,,,,,,,,,0.0,0.0,0.0,0.0
C1OC(C)(C)OC1CN(CCC(=O)OCCCCCCCCCCCCCCC)(CCC(=O)OCCCCCCCCCCCCCCC),-0.3668861465373421,,,,,,,,,,,,,,,,0.0,0.0,0.0,0.0
COCCN(CCC(=O)OCCCCCCCCCCCCCCC)(CCC(=O)OCCCCCCCCCCCCCCC),-0.3668861465373421,,,,,,,,,,,,,,,,0.0,0.0,0.0,0.0
CCOCCN(CCC(=O)OCCCCCCCCCCCCCCC)(CCC(=O)OCCCCCCCCCCCCCCC),-0.3668861465373421,,,,,,,,,,,,,,,,0.0,0.0,0.0,0.0
COC(OC)CN(CCC(=O)OCCCCCCCCCCCCCCC)(CCC(=O)OCCCCCCCCCCCCCCC),-0.3668861465373421,,,,,,,,,,,,,,,,0.0,0.0,0.0,0.0
O1CCCC1CN(CCC(=O)OCCCCCCCCCCCCCCC)(CCC(=O)OCCCCCCCCCCCCCCC),-0.3668861465373421,,,,,,,,,,,,,,,,0.0,0.0,0.0,0.0
c1c(OC)c(OC)ccc1CCN(CCC(=O)OCCCCCCCCCCCCCCC)(CCC(=O)OCCCCCCCCCCCCCCC),-0.3668861465373421,,,,,,,,,,,,,,,,0.0,0.0,0.0,0.0
CC(O)CN(CCC(=O)OCCCCCCCCCCCCCCC)(CCC(=O)OCCCCCCCCCCCCCCC),-0.3668861465373421,,,,,,,,,,,,,,,,0.0,0.0,0.0,0.0
OCCCCN(CCC(=O)OCCCCCCCCCCCCCCC)(CCC(=O)OCCCCCCCCCCCCCCC),-0.3668861465373421,,,,,,,,,,,,,,,,0.0,0.0,0.0,0.0
OCCCCCN(CCC(=O)OCCCCCCCCCCCCCCC)(CCC(=O)OCCCCCCCCCCCCCCC),-0.3668861465373421,,,,,,,,,,,,,,,,0.0,0.0,0.0,0.0
OCC(C)(C)CN(CCC(=O)OCCCCCCCCCCCCCCC)(CCC(=O)OCCCCCCCCCCCCCCC),-0.3668861465373421,,,,,,,,,,,,,,,,0.0,0.0,0.0,0.0
OCC(CO)(CC)N(CCC(=O)OCCCCCCCCCCCCCCC)(CCC(=O)OCCCCCCCCCCCCCCC),-0.3668861465373421,,,,,,,,,,,,,,,,0.0,0.0,0.0,0.0
CN(CCC(=O)OCCCCCCCCCCCCCCC)CCN(CCC(=O)OCCCCCCCCCCCCCCC)C,-0.3668861465373421,,,,,,,,,,,,,,,,0.0,0.0,0.0,0.0
CCN(CCC(=O)OCCCCCCCCCCCCCCC)CCN(CCC(=O)OCCCCCCCCCCCCCCC)CC,-0.3668861465373421,,,,,,,,,,,,,,,,0.0,0.0,0.0,0.0
CC(C)N(CCC(=O)OCCCCCCCCCCCCCCC)CCN(CCC(=O)OCCCCCCCCCCCCCCC)C(C)C,-0.3668861465373421,,,,,,,,,,,,,,,,0.0,0.0,0.0,0.0
CN(CCC(=O)OCCCCCCCCCCCCCCC)CCCN(CCC(=O)OCCCCCCCCCCCCCCC)C,-0.3668861465373421,,,,,,,,,,,,,,,,0.0,0.0,0.0,0.0
CCN(CCC(=O)OCCCCCCCCCCCCCCC)CCCN(CCC(=O)OCCCCCCCCCCCCCCC)CC,-0.3668861465373421,,,,,,,,,,,,,,,,0.0,0.0,0.0,0.0
CCN(CC)CCN(CCC(=O)OCCCCCCCCCCCCCCC)(CCC(=O)OCCCCCCCCCCCCCCC),-0.3668861465373421,,,,,,,,,,,,,,,,0.0,0.0,0.0,0.0
C1CCCN1CCN(CCC(=O)OCCCCCCCCCCCCCCC)(CCC(=O)OCCCCCCCCCCCCCCC),-0.3668861465373421,,,,,,,,,,,,,,,,0.0,0.0,0.0,0.0
CN(C)CC(C)N(CCC(=O)OCCCCCCCCCCCCCCC)(CCC(=O)OCCCCCCCCCCCCCCC),-0.3668861465373421,,,,,,,,,,,,,,,,0.0,0.0,0.0,0.0
CN(C)CCCN(CCC(=O)OCCCCCCCCCCCCCCC)(CCC(=O)OCCCCCCCCCCCCCCC),-0.3668861465373421,,,,,,,,,,,,,,,,0.0,0.0,0.0,0.0
C1CCCCN1CCN(CCC(=O)OCCCCCCCCCCCCCCC)(CCC(=O)OCCCCCCCCCCCCCCC),-0.3668861465373421,,,,,,,,,,,,,,,,0.0,0.0,0.0,0.0
OCCN(CCO)CCN(CCC(=O)OCCCCCCCCCCCCCCC)(CCC(=O)OCCCCCCCCCCCCCCC),-0.3668861465373421,,,,,,,,,,,,,,,,0.0,0.0,0.0,0.0
C1COCCN1CCN(CCC(=O)OCCCCCCCCCCCCCCC)(CCC(=O)OCCCCCCCCCCCCCCC),-0.3668861465373421,,,,,,,,,,,,,,,,0.0,0.0,0.0,0.0
C1COCCN1CCCN(CCC(=O)OCCCCCCCCCCCCCCC)(CCC(=O)OCCCCCCCCCCCCCCC),-0.3668861465373421,,,,,,,,,,,,,,,,0.0,0.0,0.0,0.0
c1nccn1CCCN(CCC(=O)OCCCCCCCCCCCCCCC)(CCC(=O)OCCCCCCCCCCCCCCC),-0.3668861465373421,,,,,,,,,,,,,,,,0.0,0.0,0.0,0.0
N(CCC(=O)OCCCCCCCCCCCCCCC)(CCC(=O)OCCCCCCCCCCCCCCC)CCN(CCC(=O)OCCCCCCCCCCCCCCC)CCN(CCC(=O)OCCCCCCCCCCCCCCC)CCN(CCC(=O)OCCCCCCCCCCCCCCC)(CCC(=O)OCCCCCCCCCCCCCCC),-0.3668861465373421,,,,,,,,,,,,,,,,0.0,0.0,0.0,0.0
COCCCN(CCC(=O)OCCCCCCCCCCCCCCCCCC)(CCC(=O)OCCCCCCCCCCCCCCCCCC),-0.3668861465373421,,,,,,,,,,,,,,,,0.0,0.0,0.0,0.0
O1CCOC1CCN(CCC(=O)OCCCCCCCCCCCCCCCCCC)(CCC(=O)OCCCCCCCCCCCCCCCCCC),-0.3668861465373421,,,,,,,,,,,,,,,,0.0,0.0,0.0,0.0
C1OC(C)(C)OC1CN(CCC(=O)OCCCCCCCCCCCCCCCCCC)(CCC(=O)OCCCCCCCCCCCCCCCCCC),-0.3668861465373421,,,,,,,,,,,,,,,,0.0,0.0,0.0,0.0
COCCN(CCC(=O)OCCCCCCCCCCCCCCCCCC)(CCC(=O)OCCCCCCCCCCCCCCCCCC),-0.3668861465373421,,,,,,,,,,,,,,,,0.0,0.0,0.0,0.0
CCOCCN(CCC(=O)OCCCCCCCCCCCCCCCCCC)(CCC(=O)OCCCCCCCCCCCCCCCCCC),-0.3668861465373421,,,,,,,,,,,,,,,,0.0,0.0,0.0,0.0
COC(OC)CN(CCC(=O)OCCCCCCCCCCCCCCCCCC)(CCC(=O)OCCCCCCCCCCCCCCCCCC),-0.3668861465373421,,,,,,,,,,,,,,,,0.0,0.0,0.0,0.0
O1CCCC1CN(CCC(=O)OCCCCCCCCCCCCCCCCCC)(CCC(=O)OCCCCCCCCCCCCCCCCCC),-0.3668861465373421,,,,,,,,,,,,,,,,0.0,0.0,0.0,0.0
c1c(OC)c(OC)ccc1CCN(CCC(=O)OCCCCCCCCCCCCCCCCCC)(CCC(=O)OCCCCCCCCCCCCCCCCCC),-0.3668861465373421,,,,,,,,,,,,,,,,0.0,0.0,0.0,0.0
OCCCN(CCC(=O)OCCCCCCCCCCCCCCCCCC)(CCC(=O)OCCCCCCCCCCCCCCCCCC),-0.3668861465373421,,,,,,,,,,,,,,,,0.0,0.0,0.0,0.0
CC(O)CN(CCC(=O)OCCCCCCCCCCCCCCCCCC)(CCC(=O)OCCCCCCCCCCCCCCCCCC),-0.3668861465373421,,,,,,,,,,,,,,,,0.0,0.0,0.0,0.0
CC(O)CN(CCC(=O)OCCCCCCCCCCCCCCCCCC)(CCC(=O)OCCCCCCCCCCCCCCCCCC),-0.3668861465373421,,,,,,,,,,,,,,,,0.0,0.0,0.0,0.0
OCC(CO)N(CCC(=O)OCCCCCCCCCCCCCCCCCC)(CCC(=O)OCCCCCCCCCCCCCCCCCC),-0.3668861465373421,,,,,,,,,,,,,,,,0.0,0.0,0.0,0.0
CC(CO)(CO)N(CCC(=O)OCCCCCCCCCCCCCCCCCC)(CCC(=O)OCCCCCCCCCCCCCCCCCC),-0.3668861465373421,,,,,,,,,,,,,,,,0.0,0.0,0.0,0.0
OCCCCN(CCC(=O)OCCCCCCCCCCCCCCCCCC)(CCC(=O)OCCCCCCCCCCCCCCCCCC),-0.3668861465373421,,,,,,,,,,,,,,,,0.0,0.0,0.0,0.0
OCCOCCN(CCC(=O)OCCCCCCCCCCCCCCCCCC)(CCC(=O)OCCCCCCCCCCCCCCCCCC),-0.3668861465373421,,,,,,,,,,,,,,,,0.0,0.0,0.0,0.0
OCCCCCN(CCC(=O)OCCCCCCCCCCCCCCCCCC)(CCC(=O)OCCCCCCCCCCCCCCCCCC),-0.3668861465373421,,,,,,,,,,,,,,,,0.0,0.0,0.0,0.0
OCC(CO)(CC)N(CCC(=O)OCCCCCCCCCCCCCCCCCC)(CCC(=O)OCCCCCCCCCCCCCCCCCC),-0.3668861465373421,,,,,,,,,,,,,,,,0.0,0.0,0.0,0.0
OCCCCCCN(CCC(=O)OCCCCCCCCCCCCCCCCCC)(CCC(=O)OCCCCCCCCCCCCCCCCCC),-0.3668861465373421,,,,,,,,,,,,,,,,0.0,0.0,0.0,0.0
C1CC(O)CCC1N(CCC(=O)OCCCCCCCCCCCCCCCCCC)(CCC(=O)OCCCCCCCCCCCCCCCCCC),-0.3668861465373421,,,,,,,,,,,,,,,,0.0,0.0,0.0,0.0
CN(CCC(=O)OCCCCCCCCCCCCCCCCCC)CCN(CCC(=O)OCCCCCCCCCCCCCCCCCC)C,-0.3668861465373421,,,,,,,,,,,,,,,,0.0,0.0,0.0,0.0
CCN(CCC(=O)OCCCCCCCCCCCCCCCCCC)CCN(CCC(=O)OCCCCCCCCCCCCCCCCCC)CC,-0.3668861465373421,,,,,,,,,,,,,,,,0.0,0.0,0.0,0.0
CC(C)N(CCC(=O)OCCCCCCCCCCCCCCCCCC)CCN(CCC(=O)OCCCCCCCCCCCCCCCCCC)C(C)C,-0.3668861465373421,,,,,,,,,,,,,,,,0.0,0.0,0.0,0.0
CN(CCC(=O)OCCCCCCCCCCCCCCCCCC)CCCN(CCC(=O)OCCCCCCCCCCCCCCCCCC)C,-0.3668861465373421,,,,,,,,,,,,,,,,0.0,0.0,0.0,0.0
CCN(CCC(=O)OCCCCCCCCCCCCCCCCCC)CCCN(CCC(=O)OCCCCCCCCCCCCCCCCCC)CC,-0.3668861465373421,,,,,,,,,,,,,,,,0.0,0.0,0.0,0.0
C1N(CCC(=O)OCCCCCCCCCCCCCCCCCC)CCCN(CCC(=O)OCCCCCCCCCCCCCCCCCC)C1,-0.3668861465373421,,,,,,,,,,,,,,,,0.0,0.0,0.0,0.0
CCN(CC)CCN(CCC(=O)OCCCCCCCCCCCCCCCCCC)(CCC(=O)OCCCCCCCCCCCCCCCCCC),-0.3668861465373421,,,,,,,,,,,,,,,,0.0,0.0,0.0,0.0
C1CCCN1CCN(CCC(=O)OCCCCCCCCCCCCCCCCCC)(CCC(=O)OCCCCCCCCCCCCCCCCCC),-0.3668861465373421,,,,,,,,,,,,,,,,0.0,0.0,0.0,0.0
N1(C)CCCC1CCN(CCC(=O)OCCCCCCCCCCCCCCCCCC)(CCC(=O)OCCCCCCCCCCCCCCCCCC),-0.3668861465373421,,,,,,,,,,,,,,,,0.0,0.0,0.0,0.0
CN(C)CCCN(CCC(=O)OCCCCCCCCCCCCCCCCCC)(CCC(=O)OCCCCCCCCCCCCCCCCCC),-0.3668861465373421,,,,,,,,,,,,,,,,0.0,0.0,0.0,0.0
CCN(CC)CCCN(CCC(=O)OCCCCCCCCCCCCCCCCCC)(CCC(=O)OCCCCCCCCCCCCCCCCCC),-0.3668861465373421,,,,,,,,,,,,,,,,0.0,0.0,0.0,0.0
C1CCCCN1CCN(CCC(=O)OCCCCCCCCCCCCCCCCCC)(CCC(=O)OCCCCCCCCCCCCCCCCCC),-0.3668861465373421,,,,,,,,,,,,,,,,0.0,0.0,0.0,0.0
OCCN(CCO)CCN(CCC(=O)OCCCCCCCCCCCCCCCCCC)(CCC(=O)OCCCCCCCCCCCCCCCCCC),-0.3668861465373421,,,,,,,,,,,,,,,,0.0,0.0,0.0,0.0
OCCN(CCO)CCCN(CCC(=O)OCCCCCCCCCCCCCCCCCC)(CCC(=O)OCCCCCCCCCCCCCCCCCC),-0.3668861465373421,,,,,,,,,,,,,,,,0.0,0.0,0.0,0.0
C1COCCN1CCN(CCC(=O)OCCCCCCCCCCCCCCCCCC)(CCC(=O)OCCCCCCCCCCCCCCCCCC),-0.3668861465373421,,,,,,,,,,,,,,,,0.0,0.0,0.0,0.0
C1COCCN1CCCN(CCC(=O)OCCCCCCCCCCCCCCCCCC)(CCC(=O)OCCCCCCCCCCCCCCCCCC),-0.3668861465373421,,,,,,,,,,,,,,,,0.0,0.0,0.0,0.0
c1nccn1CCCN(CCC(=O)OCCCCCCCCCCCCCCCCCC)(CCC(=O)OCCCCCCCCCCCCCCCCCC),-0.3668861465373421,,,,,,,,,,,,,,,,0.0,0.0,0.0,0.0
N1=CNC=C1CCN(CCC(=O)OCCCCCCCCCCCCCCCCCC)(CCC(=O)OCCCCCCCCCCCCCCCCCC),-0.3668861465373421,,,,,,,,,,,,,,,,0.0,0.0,0.0,0.0
CN(CCC(=O)OCCCCCCCCCCCCCCCCCC)CCN(CCC(=O)OCCCCCCCCCCCCCCCCCC)(CCC(=O)OCCCCCCCCCCCCCCCCCC),-0.3668861465373421,,,,,,,,,,,,,,,,0.0,0.0,0.0,0.0
CN(CCC(=O)OCCCCCCCCCCCCCCCCCC)CCCN(CCC(=O)OCCCCCCCCCCCCCCCCCC)(CCC(=O)OCCCCCCCCCCCCCCCCCC),-0.3668861465373421,,,,,,,,,,,,,,,,0.0,0.0,0.0,0.0
N(CCC(=O)OCCCCCCCCCCCCCCCCCC)(CCC(=O)OCCCCCCCCCCCCCCCCCC)CCN(CCC(=O)OCCCCCCCCCCCCCCCCCC)CCN(CCC(=O)OCCCCCCCCCCCCCCCCCC)CCN(CCC(=O)OCCCCCCCCCCCCCCCCCC)(CCC(=O)OCCCCCCCCCCCCCCCCCC),-0.3668861465373421,,,,,,,,,,,,,,,,0.0,0.0,0.0,0.0
N(CCC(=O)OCCCCCCCCCCCCCCCCCC)(CCC(=O)OCCCCCCCCCCCCCCCCCC)CCN(CCC(=O)OCCCCCCCCCCCCCCCCCC)(CCC(=O)OCCCCCCCCCCCCCCCCCC),-0.3668861465373421,,,,,,,,,,,,,,,,0.0,0.0,0.0,0.0
N(CCC(=O)OCCCCCCCCCCCCCCCCCC)(CCC(=O)OCCCCCCCCCCCCCCCCCC)CCCN(CCC(=O)OCCCCCCCCCCCCCCCCCC)(CCC(=O)OCCCCCCCCCCCCCCCCCC),-0.3668861465373421,,,,,,,,,,,,,,,,0.0,0.0,0.0,0.0
OCCN(CCC(=O)OCCCCCCCCCCCCCCCCCC)CCN(CCC(=O)OCCCCCCCCCCCCCCCCCC)CCO,-0.3668861465373421,,,,,,,,,,,,,,,,0.0,0.0,0.0,0.0
N(CCC(=O)OCCCCCCCCCCCCCCCCCC)(CCC(=O)OCCCCCCCCCCCCCCCCCC)CCN(CCC(=O)OCCCCCCCCCCCCCCCCCC)CCO,-0.3668861465373421,,,,,,,,,,,,,,,,0.0,0.0,0.0,0.0
OCC(O)CN(CCC(=O)OCCCCCCCCCCCCCCCCCC)(CCC(=O)OCCCCCCCCCCCCCCCCCC),-0.3668861465373421,,,,,,,,,,,,,,,,0.0,0.0,0.0,0.0
C1OC(C)(C)OC1CN(CCC(=O)NCCCCCCCCCCCC)(CCC(=O)NCCCCCCCCCCCC),-0.3668861465373421,,,,,,,,,,,,,,,,0.0,0.0,0.0,0.0
COCCN(CCC(=O)NCCCCCCCCCCCC)(CCC(=O)NCCCCCCCCCCCC),-0.3668861465373421,,,,,,,,,,,,,,,,0.0,0.0,0.0,0.0
CCOCCN(CCC(=O)NCCCCCCCCCCCC)(CCC(=O)NCCCCCCCCCCCC),-0.3668861465373421,,,,,,,,,,,,,,,,0.0,0.0,0.0,0.0
COC(OC)CN(CCC(=O)NCCCCCCCCCCCC)(CCC(=O)NCCCCCCCCCCCC),-0.3668861465373421,,,,,,,,,,,,,,,,0.0,0.0,0.0,0.0
O1CCCC1CN(CCC(=O)NCCCCCCCCCCCC)(CCC(=O)NCCCCCCCCCCCC),-0.3668861465373421,,,,,,,,,,,,,,,,0.0,0.0,0.0,0.0
c1c(OC)c(OC)ccc1CCN(CCC(=O)NCCCCCCCCCCCC)(CCC(=O)NCCCCCCCCCCCC),-0.3668861465373421,,,,,,,,,,,,,,,,0.0,0.0,0.0,0.0
CC(O)CN(CCC(=O)NCCCCCCCCCCCC)(CCC(=O)NCCCCCCCCCCCC),-0.3668861465373421,,,,,,,,,,,,,,,,0.0,0.0,0.0,0.0
CC(O)CN(CCC(=O)NCCCCCCCCCCCC)(CCC(=O)NCCCCCCCCCCCC),-0.3668861465373421,,,,,,,,,,,,,,,,0.0,0.0,0.0,0.0
CC(CO)(CO)N(CCC(=O)NCCCCCCCCCCCC)(CCC(=O)NCCCCCCCCCCCC),-0.3668861465373421,,,,,,,,,,,,,,,,0.0,0.0,0.0,0.0
OCCOCCN(CCC(=O)NCCCCCCCCCCCC)(CCC(=O)NCCCCCCCCCCCC),-0.3668861465373421,,,,,,,,,,,,,,,,0.0,0.0,0.0,0.0
OCC(C)(C)CN(CCC(=O)NCCCCCCCCCCCC)(CCC(=O)NCCCCCCCCCCCC),-0.3668861465373421,,,,,,,,,,,,,,,,0.0,0.0,0.0,0.0
OCC(CO)(CC)N(CCC(=O)NCCCCCCCCCCCC)(CCC(=O)NCCCCCCCCCCCC),-0.3668861465373421,,,,,,,,,,,,,,,,0.0,0.0,0.0,0.0
OCCCCCCN(CCC(=O)NCCCCCCCCCCCC)(CCC(=O)NCCCCCCCCCCCC),-0.3668861465373421,,,,,,,,,,,,,,,,0.0,0.0,0.0,0.0
C1CC(O)CCC1N(CCC(=O)NCCCCCCCCCCCC)(CCC(=O)NCCCCCCCCCCCC),-0.3668861465373421,,,,,,,,,,,,,,,,0.0,0.0,0.0,0.0
CC(C)N(CCC(=O)NCCCCCCCCCCCC)CCN(CCC(=O)NCCCCCCCCCCCC)C(C)C,-0.3668861465373421,,,,,,,,,,,,,,,,0.0,0.0,0.0,0.0
CN(CCC(=O)NCCCCCCCCCCCC)CCCN(CCC(=O)NCCCCCCCCCCCC)C,-0.3668861465373421,,,,,,,,,,,,,,,,0.0,0.0,0.0,0.0
CCN(CCC(=O)NCCCCCCCCCCCC)CCCN(CCC(=O)NCCCCCCCCCCCC)CC,-0.3668861465373421,,,,,,,,,,,,,,,,0.0,0.0,0.0,0.0
C1N(CCC(=O)NCCCCCCCCCCCC)CCCN(CCC(=O)NCCCCCCCCCCCC)C1,-0.3668861465373421,,,,,,,,,,,,,,,,0.0,0.0,0.0,0.0
CCN(CC)CCN(CCC(=O)NCCCCCCCCCCCC)(CCC(=O)NCCCCCCCCCCCC),-0.3668861465373421,,,,,,,,,,,,,,,,0.0,0.0,0.0,0.0
C1CCCN1CCN(CCC(=O)NCCCCCCCCCCCC)(CCC(=O)NCCCCCCCCCCCC),-0.3668861465373421,,,,,,,,,,,,,,,,0.0,0.0,0.0,0.0
N1(C)CCCC1CCN(CCC(=O)NCCCCCCCCCCCC)(CCC(=O)NCCCCCCCCCCCC),-0.3668861465373421,,,,,,,,,,,,,,,,0.0,0.0,0.0,0.0
CN(C)CC(C)N(CCC(=O)NCCCCCCCCCCCC)(CCC(=O)NCCCCCCCCCCCC),-0.3668861465373421,,,,,,,,,,,,,,,,0.0,0.0,0.0,0.0
CN(C)CCCN(CCC(=O)NCCCCCCCCCCCC)(CCC(=O)NCCCCCCCCCCCC),-0.3668861465373421,,,,,,,,,,,,,,,,0.0,0.0,0.0,0.0
CCN(CC)CCCN(CCC(=O)NCCCCCCCCCCCC)(CCC(=O)NCCCCCCCCCCCC),-0.3668861465373421,,,,,,,,,,,,,,,,0.0,0.0,0.0,0.0
C1COCCN1CCN(CCC(=O)NCCCCCCCCCCCC)(CCC(=O)NCCCCCCCCCCCC),-0.3668861465373421,,,,,,,,,,,,,,,,0.0,0.0,0.0,0.0
N(CCC(=O)NCCCCCCCCCCCC)(CCC(=O)NCCCCCCCCCCCC)CCN(CCC(=O)NCCCCCCCCCCCC)CCO,-0.3668861465373421,,,,,,,,,,,,,,,,0.0,0.0,0.0,0.0
OCC(O)CN(CCC(=O)NCCCCCCCCCCCC)(CCC(=O)NCCCCCCCCCCCC),-0.3668861465373421,,,,,,,,,,,,,,,,0.0,0.0,0.0,0.0
COCCCN(CCC(=O)NCCCCCCCCCCCCCC)(CCC(=O)NCCCCCCCCCCCCCC),-0.3668861465373421,,,,,,,,,,,,,,,,0.0,0.0,0.0,0.0
O1CCOC1CCN(CCC(=O)NCCCCCCCCCCCCCC)(CCC(=O)NCCCCCCCCCCCCCC),-0.3668861465373421,,,,,,,,,,,,,,,,0.0,0.0,0.0,0.0
C1OC(C)(C)OC1CN(CCC(=O)NCCCCCCCCCCCCCC)(CCC(=O)NCCCCCCCCCCCCCC),-0.3668861465373421,,,,,,,,,,,,,,,,0.0,0.0,0.0,0.0
COC(OC)CN(CCC(=O)NCCCCCCCCCCCCCC)(CCC(=O)NCCCCCCCCCCCCCC),-0.3668861465373421,,,,,,,,,,,,,,,,0.0,0.0,0.0,0.0
c1c(OC)c(OC)ccc1CCN(CCC(=O)NCCCCCCCCCCCCCC)(CCC(=O)NCCCCCCCCCCCCCC),-0.3668861465373421,,,,,,,,,,,,,,,,0.0,0.0,0.0,0.0
CC(O)CN(CCC(=O)NCCCCCCCCCCCCCC)(CCC(=O)NCCCCCCCCCCCCCC),-0.3668861465373421,,,,,,,,,,,,,,,,0.0,0.0,0.0,0.0
OCC(CO)N(CCC(=O)NCCCCCCCCCCCCCC)(CCC(=O)NCCCCCCCCCCCCCC),-0.3668861465373421,,,,,,,,,,,,,,,,0.0,0.0,0.0,0.0
CC(CO)(CO)N(CCC(=O)NCCCCCCCCCCCCCC)(CCC(=O)NCCCCCCCCCCCCCC),-0.3668861465373421,,,,,,,,,,,,,,,,0.0,0.0,0.0,0.0
OCCOCCN(CCC(=O)NCCCCCCCCCCCCCC)(CCC(=O)NCCCCCCCCCCCCCC),-0.3668861465373421,,,,,,,,,,,,,,,,0.0,0.0,0.0,0.0
OCC(CO)(CC)N(CCC(=O)NCCCCCCCCCCCCCC)(CCC(=O)NCCCCCCCCCCCCCC),-0.3668861465373421,,,,,,,,,,,,,,,,0.0,0.0,0.0,0.0
OCCCCCCN(CCC(=O)NCCCCCCCCCCCCCC)(CCC(=O)NCCCCCCCCCCCCCC),-0.3668861465373421,,,,,,,,,,,,,,,,0.0,0.0,0.0,0.0
C1CC(O)CCC1N(CCC(=O)NCCCCCCCCCCCCCC)(CCC(=O)NCCCCCCCCCCCCCC),-0.3668861465373421,,,,,,,,,,,,,,,,0.0,0.0,0.0,0.0
CN(CCC(=O)NCCCCCCCCCCCCCC)CCN(CCC(=O)NCCCCCCCCCCCCCC)C,-0.3668861465373421,,,,,,,,,,,,,,,,0.0,0.0,0.0,0.0
CCN(CCC(=O)NCCCCCCCCCCCCCC)CCN(CCC(=O)NCCCCCCCCCCCCCC)CC,-0.3668861465373421,,,,,,,,,,,,,,,,0.0,0.0,0.0,0.0
CC(C)N(CCC(=O)NCCCCCCCCCCCCCC)CCN(CCC(=O)NCCCCCCCCCCCCCC)C(C)C,-0.3668861465373421,,,,,,,,,,,,,,,,0.0,0.0,0.0,0.0
CCN(CCC(=O)NCCCCCCCCCCCCCC)CCCN(CCC(=O)NCCCCCCCCCCCCCC)CC,-0.3668861465373421,,,,,,,,,,,,,,,,0.0,0.0,0.0,0.0
C1N(CCC(=O)NCCCCCCCCCCCCCC)CCCN(CCC(=O)NCCCCCCCCCCCCCC)C1,-0.3668861465373421,,,,,,,,,,,,,,,,0.0,0.0,0.0,0.0
CCN(CC)CCN(CCC(=O)NCCCCCCCCCCCCCC)(CCC(=O)NCCCCCCCCCCCCCC),-0.3668861465373421,,,,,,,,,,,,,,,,0.0,0.0,0.0,0.0
C1CCCN1CCN(CCC(=O)NCCCCCCCCCCCCCC)(CCC(=O)NCCCCCCCCCCCCCC),-0.3668861465373421,,,,,,,,,,,,,,,,0.0,0.0,0.0,0.0
N1(C)CCCC1CCN(CCC(=O)NCCCCCCCCCCCCCC)(CCC(=O)NCCCCCCCCCCCCCC),-0.3668861465373421,,,,,,,,,,,,,,,,0.0,0.0,0.0,0.0
CN(C)CC(C)N(CCC(=O)NCCCCCCCCCCCCCC)(CCC(=O)NCCCCCCCCCCCCCC),-0.3668861465373421,,,,,,,,,,,,,,,,0.0,0.0,0.0,0.0
CN(C)CCCN(CCC(=O)NCCCCCCCCCCCCCC)(CCC(=O)NCCCCCCCCCCCCCC),-0.3668861465373421,,,,,,,,,,,,,,,,0.0,0.0,0.0,0.0
CCN(CC)CCCN(CCC(=O)NCCCCCCCCCCCCCC)(CCC(=O)NCCCCCCCCCCCCCC),-0.3668861465373421,,,,,,,,,,,,,,,,0.0,0.0,0.0,0.0
C1CCCCN1CCN(CCC(=O)NCCCCCCCCCCCCCC)(CCC(=O)NCCCCCCCCCCCCCC),-0.3668861465373421,,,,,,,,,,,,,,,,0.0,0.0,0.0,0.0
c1nccn1CCCN(CCC(=O)NCCCCCCCCCCCCCC)(CCC(=O)NCCCCCCCCCCCCCC),-0.3668861465373421,,,,,,,,,,,,,,,,0.0,0.0,0.0,0.0
N1=CNC=C1CCN(CCC(=O)NCCCCCCCCCCCCCC)(CCC(=O)NCCCCCCCCCCCCCC),-0.3668861465373421,,,,,,,,,,,,,,,,0.0,0.0,0.0,0.0
CN(CCC(=O)NCCCCCCCCCCCCCC)CCN(CCC(=O)NCCCCCCCCCCCCCC)(CCC(=O)NCCCCCCCCCCCCCC),-0.3668861465373421,,,,,,,,,,,,,,,,0.0,0.0,0.0,0.0
CN(CCC(=O)NCCCCCCCCCCCCCC)CCCN(CCC(=O)NCCCCCCCCCCCCCC)(CCC(=O)NCCCCCCCCCCCCCC),-0.3668861465373421,,,,,,,,,,,,,,,,0.0,0.0,0.0,0.0
N(CCC(=O)NCCCCCCCCCCCCCC)(CCC(=O)NCCCCCCCCCCCCCC)CCN(CCC(=O)NCCCCCCCCCCCCCC)CCN(CCC(=O)NCCCCCCCCCCCCCC)CCN(CCC(=O)NCCCCCCCCCCCCCC)(CCC(=O)NCCCCCCCCCCCCCC),-0.3668861465373421,,,,,,,,,,,,,,,,0.0,0.0,0.0,0.0
N(CCC(=O)NCCCCCCCCCCCCCC)(CCC(=O)NCCCCCCCCCCCCCC)CCN(CCC(=O)NCCCCCCCCCCCCCC)(CCC(=O)NCCCCCCCCCCCCCC),-0.3668861465373421,,,,,,,,,,,,,,,,0.0,0.0,0.0,0.0
N(CCC(=O)NCCCCCCCCCCCCCC)(CCC(=O)NCCCCCCCCCCCCCC)CCCN(CCC(=O)NCCCCCCCCCCCCCC)(CCC(=O)NCCCCCCCCCCCCCC),-0.3668861465373421,,,,,,,,,,,,,,,,0.0,0.0,0.0,0.0
OCC(O)CN(CCC(=O)NCCCCCCCCCCCCCC)(CCC(=O)NCCCCCCCCCCCCCC),-0.3668861465373421,,,,,,,,,,,,,,,,0.0,0.0,0.0,0.0
COCCCN(CCC(=O)NCCCCCCCCCCCCCCC)(CCC(=O)NCCCCCCCCCCCCCCC),-0.3668861465373421,,,,,,,,,,,,,,,,0.0,0.0,0.0,0.0
O1CCOC1CCN(CCC(=O)NCCCCCCCCCCCCCCC)(CCC(=O)NCCCCCCCCCCCCCCC),-0.3668861465373421,,,,,,,,,,,,,,,,0.0,0.0,0.0,0.0
C1OC(C)(C)OC1CN(CCC(=O)NCCCCCCCCCCCCCCC)(CCC(=O)NCCCCCCCCCCCCCCC),-0.3668861465373421,,,,,,,,,,,,,,,,0.0,0.0,0.0,0.0
COCCN(CCC(=O)NCCCCCCCCCCCCCCC)(CCC(=O)NCCCCCCCCCCCCCCC),-0.3668861465373421,,,,,,,,,,,,,,,,0.0,0.0,0.0,0.0
CCOCCN(CCC(=O)NCCCCCCCCCCCCCCC)(CCC(=O)NCCCCCCCCCCCCCCC),-0.3668861465373421,,,,,,,,,,,,,,,,0.0,0.0,0.0,0.0
COC(OC)CN(CCC(=O)NCCCCCCCCCCCCCCC)(CCC(=O)NCCCCCCCCCCCCCCC),-0.3668861465373421,,,,,,,,,,,,,,,,0.0,0.0,0.0,0.0
O1CCCC1CN(CCC(=O)NCCCCCCCCCCCCCCC)(CCC(=O)NCCCCCCCCCCCCCCC),-0.3668861465373421,,,,,,,,,,,,,,,,0.0,0.0,0.0,0.0
c1c(OC)c(OC)ccc1CCN(CCC(=O)NCCCCCCCCCCCCCCC)(CCC(=O)NCCCCCCCCCCCCCCC),-0.3668861465373421,,,,,,,,,,,,,,,,0.0,0.0,0.0,0.0
OCCCN(CCC(=O)NCCCCCCCCCCCCCCC)(CCC(=O)NCCCCCCCCCCCCCCC),-0.3668861465373421,,,,,,,,,,,,,,,,0.0,0.0,0.0,0.0
CC(O)CN(CCC(=O)NCCCCCCCCCCCCCCC)(CCC(=O)NCCCCCCCCCCCCCCC),-0.3668861465373421,,,,,,,,,,,,,,,,0.0,0.0,0.0,0.0
CC(O)CN(CCC(=O)NCCCCCCCCCCCCCCC)(CCC(=O)NCCCCCCCCCCCCCCC),-0.3668861465373421,,,,,,,,,,,,,,,,0.0,0.0,0.0,0.0
OCC(CO)N(CCC(=O)NCCCCCCCCCCCCCCC)(CCC(=O)NCCCCCCCCCCCCCCC),-0.3668861465373421,,,,,,,,,,,,,,,,0.0,0.0,0.0,0.0
CC(CO)(CO)N(CCC(=O)NCCCCCCCCCCCCCCC)(CCC(=O)NCCCCCCCCCCCCCCC),-0.3668861465373421,,,,,,,,,,,,,,,,0.0,0.0,0.0,0.0
OCCCCN(CCC(=O)NCCCCCCCCCCCCCCC)(CCC(=O)NCCCCCCCCCCCCCCC),-0.3668861465373421,,,,,,,,,,,,,,,,0.0,0.0,0.0,0.0
OCCOCCN(CCC(=O)NCCCCCCCCCCCCCCC)(CCC(=O)NCCCCCCCCCCCCCCC),-0.3668861465373421,,,,,,,,,,,,,,,,0.0,0.0,0.0,0.0
OCCCCCN(CCC(=O)NCCCCCCCCCCCCCCC)(CCC(=O)NCCCCCCCCCCCCCCC),-0.3668861465373421,,,,,,,,,,,,,,,,0.0,0.0,0.0,0.0
OCC(C)(C)CN(CCC(=O)NCCCCCCCCCCCCCCC)(CCC(=O)NCCCCCCCCCCCCCCC),-0.3668861465373421,,,,,,,,,,,,,,,,0.0,0.0,0.0,0.0
OCC(CO)(CC)N(CCC(=O)NCCCCCCCCCCCCCCC)(CCC(=O)NCCCCCCCCCCCCCCC),-0.3668861465373421,,,,,,,,,,,,,,,,0.0,0.0,0.0,0.0
OCCCCCCN(CCC(=O)NCCCCCCCCCCCCCCC)(CCC(=O)NCCCCCCCCCCCCCCC),-0.3668861465373421,,,,,,,,,,,,,,,,0.0,0.0,0.0,0.0
C1CC(O)CCC1N(CCC(=O)NCCCCCCCCCCCCCCC)(CCC(=O)NCCCCCCCCCCCCCCC),-0.3668861465373421,,,,,,,,,,,,,,,,0.0,0.0,0.0,0.0
CN(CCC(=O)NCCCCCCCCCCCCCCC)CCN(CCC(=O)NCCCCCCCCCCCCCCC)C,-0.3668861465373421,,,,,,,,,,,,,,,,0.0,0.0,0.0,0.0
CCN(CCC(=O)NCCCCCCCCCCCCCCC)CCN(CCC(=O)NCCCCCCCCCCCCCCC)CC,-0.3668861465373421,,,,,,,,,,,,,,,,0.0,0.0,0.0,0.0
CC(C)N(CCC(=O)NCCCCCCCCCCCCCCC)CCN(CCC(=O)NCCCCCCCCCCCCCCC)C(C)C,-0.3668861465373421,,,,,,,,,,,,,,,,0.0,0.0,0.0,0.0
CN(CCC(=O)NCCCCCCCCCCCCCCC)CCCN(CCC(=O)NCCCCCCCCCCCCCCC)C,-0.3668861465373421,,,,,,,,,,,,,,,,0.0,0.0,0.0,0.0
C1N(CCC(=O)NCCCCCCCCCCCCCCC)CCCN(CCC(=O)NCCCCCCCCCCCCCCC)C1,-0.3668861465373421,,,,,,,,,,,,,,,,0.0,0.0,0.0,0.0
CCN(CC)CCN(CCC(=O)NCCCCCCCCCCCCCCC)(CCC(=O)NCCCCCCCCCCCCCCC),-0.3668861465373421,,,,,,,,,,,,,,,,0.0,0.0,0.0,0.0
C1CCCN1CCN(CCC(=O)NCCCCCCCCCCCCCCC)(CCC(=O)NCCCCCCCCCCCCCCC),-0.3668861465373421,,,,,,,,,,,,,,,,0.0,0.0,0.0,0.0
N1(C)CCCC1CCN(CCC(=O)NCCCCCCCCCCCCCCC)(CCC(=O)NCCCCCCCCCCCCCCC),-0.3668861465373421,,,,,,,,,,,,,,,,0.0,0.0,0.0,0.0
CN(C)CC(C)N(CCC(=O)NCCCCCCCCCCCCCCC)(CCC(=O)NCCCCCCCCCCCCCCC),-0.3668861465373421,,,,,,,,,,,,,,,,0.0,0.0,0.0,0.0
CN(C)CCCN(CCC(=O)NCCCCCCCCCCCCCCC)(CCC(=O)NCCCCCCCCCCCCCCC),-0.3668861465373421,,,,,,,,,,,,,,,,0.0,0.0,0.0,0.0
CCN(CC)CCCN(CCC(=O)NCCCCCCCCCCCCCCC)(CCC(=O)NCCCCCCCCCCCCCCC),-0.3668861465373421,,,,,,,,,,,,,,,,0.0,0.0,0.0,0.0
C1CCCCN1CCN(CCC(=O)NCCCCCCCCCCCCCCC)(CCC(=O)NCCCCCCCCCCCCCCC),-0.3668861465373421,,,,,,,,,,,,,,,,0.0,0.0,0.0,0.0
OCCN(CCO)CCN(CCC(=O)NCCCCCCCCCCCCCCC)(CCC(=O)NCCCCCCCCCCCCCCC),-0.3668861465373421,,,,,,,,,,,,,,,,0.0,0.0,0.0,0.0
OCCN(CCO)CCCN(CCC(=O)NCCCCCCCCCCCCCCC)(CCC(=O)NCCCCCCCCCCCCCCC),-0.3668861465373421,,,,,,,,,,,,,,,,0.0,0.0,0.0,0.0
C1COCCN1CCCN(CCC(=O)NCCCCCCCCCCCCCCC)(CCC(=O)NCCCCCCCCCCCCCCC),-0.3668861465373421,,,,,,,,,,,,,,,,0.0,0.0,0.0,0.0
c1nccn1CCCN(CCC(=O)NCCCCCCCCCCCCCCC)(CCC(=O)NCCCCCCCCCCCCCCC),-0.3668861465373421,,,,,,,,,,,,,,,,0.0,0.0,0.0,0.0
CN(CCC(=O)NCCCCCCCCCCCCCCC)CCN(CCC(=O)NCCCCCCCCCCCCCCC)(CCC(=O)NCCCCCCCCCCCCCCC),-0.3668861465373421,,,,,,,,,,,,,,,,0.0,0.0,0.0,0.0
N(CCC(=O)NCCCCCCCCCCCCCCC)(CCC(=O)NCCCCCCCCCCCCCCC)CCN(CCC(=O)NCCCCCCCCCCCCCCC)CCN(CCC(=O)NCCCCCCCCCCCCCCC)CCN(CCC(=O)NCCCCCCCCCCCCCCC)(CCC(=O)NCCCCCCCCCCCCCCC),-0.3668861465373421,,,,,,,,,,,,,,,,0.0,0.0,0.0,0.0
N(CCC(=O)NCCCCCCCCCCCCCCC)(CCC(=O)NCCCCCCCCCCCCCCC)CCN(CCC(=O)NCCCCCCCCCCCCCCC)(CCC(=O)NCCCCCCCCCCCCCCC),-0.3668861465373421,,,,,,,,,,,,,,,,0.0,0.0,0.0,0.0
N(CCC(=O)NCCCCCCCCCCCCCCC)(CCC(=O)NCCCCCCCCCCCCCCC)CCN(CCC(=O)NCCCCCCCCCCCCCCC)CCO,-0.3668861465373421,,,,,,,,,,,,,,,,0.0,0.0,0.0,0.0
OCC(O)CN(CCC(=O)NCCCCCCCCCCCCCCC)(CCC(=O)NCCCCCCCCCCCCCCC),-0.3668861465373421,,,,,,,,,,,,,,,,0.0,0.0,0.0,0.0
O1CCOC1CCN(CCC(=O)NCCCCCCCCCCCCCCCC)(CCC(=O)NCCCCCCCCCCCCCCCC),-0.3668861465373421,,,,,,,,,,,,,,,,0.0,0.0,0.0,0.0
C1OC(C)(C)OC1CN(CCC(=O)NCCCCCCCCCCCCCCCC)(CCC(=O)NCCCCCCCCCCCCCCCC),-0.3668861465373421,,,,,,,,,,,,,,,,0.0,0.0,0.0,0.0
COCCN(CCC(=O)NCCCCCCCCCCCCCCCC)(CCC(=O)NCCCCCCCCCCCCCCCC),-0.3668861465373421,,,,,,,,,,,,,,,,0.0,0.0,0.0,0.0
CCOCCN(CCC(=O)NCCCCCCCCCCCCCCCC)(CCC(=O)NCCCCCCCCCCCCCCCC),-0.3668861465373421,,,,,,,,,,,,,,,,0.0,0.0,0.0,0.0
COC(OC)CN(CCC(=O)NCCCCCCCCCCCCCCCC)(CCC(=O)NCCCCCCCCCCCCCCCC),-0.3668861465373421,,,,,,,,,,,,,,,,0.0,0.0,0.0,0.0
O1CCCC1CN(CCC(=O)NCCCCCCCCCCCCCCCC)(CCC(=O)NCCCCCCCCCCCCCCCC),-0.3668861465373421,,,,,,,,,,,,,,,,0.0,0.0,0.0,0.0
c1c(OC)c(OC)ccc1CCN(CCC(=O)NCCCCCCCCCCCCCCCC)(CCC(=O)NCCCCCCCCCCCCCCCC),-0.3668861465373421,,,,,,,,,,,,,,,,0.0,0.0,0.0,0.0
OCCCN(CCC(=O)NCCCCCCCCCCCCCCCC)(CCC(=O)NCCCCCCCCCCCCCCCC),-0.3668861465373421,,,,,,,,,,,,,,,,0.0,0.0,0.0,0.0
CC(O)CN(CCC(=O)NCCCCCCCCCCCCCCCC)(CCC(=O)NCCCCCCCCCCCCCCCC),-0.3668861465373421,,,,,,,,,,,,,,,,0.0,0.0,0.0,0.0
CC(O)CN(CCC(=O)NCCCCCCCCCCCCCCCC)(CCC(=O)NCCCCCCCCCCCCCCCC),-0.3668861465373421,,,,,,,,,,,,,,,,0.0,0.0,0.0,0.0
OCC(CO)N(CCC(=O)NCCCCCCCCCCCCCCCC)(CCC(=O)NCCCCCCCCCCCCCCCC),-0.3668861465373421,,,,,,,,,,,,,,,,0.0,0.0,0.0,0.0
CC(CO)(CO)N(CCC(=O)NCCCCCCCCCCCCCCCC)(CCC(=O)NCCCCCCCCCCCCCCCC),-0.3668861465373421,,,,,,,,,,,,,,,,0.0,0.0,0.0,0.0
OCCCCN(CCC(=O)NCCCCCCCCCCCCCCCC)(CCC(=O)NCCCCCCCCCCCCCCCC),-0.3668861465373421,,,,,,,,,,,,,,,,0.0,0.0,0.0,0.0
OCCOCCN(CCC(=O)NCCCCCCCCCCCCCCCC)(CCC(=O)NCCCCCCCCCCCCCCCC),-0.3668861465373421,,,,,,,,,,,,,,,,0.0,0.0,0.0,0.0
OCCCCCN(CCC(=O)NCCCCCCCCCCCCCCCC)(CCC(=O)NCCCCCCCCCCCCCCCC),-0.3668861465373421,,,,,,,,,,,,,,,,0.0,0.0,0.0,0.0
OCC(C)(C)CN(CCC(=O)NCCCCCCCCCCCCCCCC)(CCC(=O)NCCCCCCCCCCCCCCCC),-0.3668861465373421,,,,,,,,,,,,,,,,0.0,0.0,0.0,0.0
OCC(CO)(CC)N(CCC(=O)NCCCCCCCCCCCCCCCC)(CCC(=O)NCCCCCCCCCCCCCCCC),-0.3668861465373421,,,,,,,,,,,,,,,,0.0,0.0,0.0,0.0
OCCCCCCN(CCC(=O)NCCCCCCCCCCCCCCCC)(CCC(=O)NCCCCCCCCCCCCCCCC),-0.3668861465373421,,,,,,,,,,,,,,,,0.0,0.0,0.0,0.0
C1CC(O)CCC1N(CCC(=O)NCCCCCCCCCCCCCCCC)(CCC(=O)NCCCCCCCCCCCCCCCC),-0.3668861465373421,,,,,,,,,,,,,,,,0.0,0.0,0.0,0.0
CN(C)CCCN(CCC(=O)NCCCCCCCCCCCCCCCC)(CCC(=O)NCCCCCCCCCCCCCCCC),-0.3668861465373421,,,,,,,,,,,,,,,,0.0,0.0,0.0,0.0
CCN(CC)CCCN(CCC(=O)NCCCCCCCCCCCCCCCC)(CCC(=O)NCCCCCCCCCCCCCCCC),-0.3668861465373421,,,,,,,,,,,,,,,,0.0,0.0,0.0,0.0
C1CCCCN1CCN(CCC(=O)NCCCCCCCCCCCCCCCC)(CCC(=O)NCCCCCCCCCCCCCCCC),-0.3668861465373421,,,,,,,,,,,,,,,,0.0,0.0,0.0,0.0
OCCN(CCO)CCN(CCC(=O)NCCCCCCCCCCCCCCCC)(CCC(=O)NCCCCCCCCCCCCCCCC),-0.3668861465373421,,,,,,,,,,,,,,,,0.0,0.0,0.0,0.0
OCCN(CCO)CCCN(CCC(=O)NCCCCCCCCCCCCCCCC)(CCC(=O)NCCCCCCCCCCCCCCCC),-0.3668861465373421,,,,,,,,,,,,,,,,0.0,0.0,0.0,0.0
C1COCCN1CCN(CCC(=O)NCCCCCCCCCCCCCCCC)(CCC(=O)NCCCCCCCCCCCCCCCC),-0.3668861465373421,,,,,,,,,,,,,,,,0.0,0.0,0.0,0.0
C1COCCN1CCCN(CCC(=O)NCCCCCCCCCCCCCCCC)(CCC(=O)NCCCCCCCCCCCCCCCC),-0.3668861465373421,,,,,,,,,,,,,,,,0.0,0.0,0.0,0.0
c1nccn1CCCN(CCC(=O)NCCCCCCCCCCCCCCCC)(CCC(=O)NCCCCCCCCCCCCCCCC),-0.3668861465373421,,,,,,,,,,,,,,,,0.0,0.0,0.0,0.0
N1=CNC=C1CCN(CCC(=O)NCCCCCCCCCCCCCCCC)(CCC(=O)NCCCCCCCCCCCCCCCC),-0.3668861465373421,,,,,,,,,,,,,,,,0.0,0.0,0.0,0.0
CN(CCC(=O)NCCCCCCCCCCCCCCCC)CCN(CCC(=O)NCCCCCCCCCCCCCCCC)(CCC(=O)NCCCCCCCCCCCCCCCC),-0.3668861465373421,,,,,,,,,,,,,,,,0.0,0.0,0.0,0.0
CN(CCC(=O)NCCCCCCCCCCCCCCCC)CCCN(CCC(=O)NCCCCCCCCCCCCCCCC)(CCC(=O)NCCCCCCCCCCCCCCCC),-0.3668861465373421,,,,,,,,,,,,,,,,0.0,0.0,0.0,0.0
N(CCC(=O)NCCCCCCCCCCCCCCCC)(CCC(=O)NCCCCCCCCCCCCCCCC)CCN(CCC(=O)NCCCCCCCCCCCCCCCC)CCN(CCC(=O)NCCCCCCCCCCCCCCCC)CCN(CCC(=O)NCCCCCCCCCCCCCCCC)(CCC(=O)NCCCCCCCCCCCCCCCC),-0.3668861465373421,,,,,,,,,,,,,,,,0.0,0.0,0.0,0.0
N(CCC(=O)NCCCCCCCCCCCCCCCC)(CCC(=O)NCCCCCCCCCCCCCCCC)CCN(CCC(=O)NCCCCCCCCCCCCCCCC)(CCC(=O)NCCCCCCCCCCCCCCCC),-0.3668861465373421,,,,,,,,,,,,,,,,0.0,0.0,0.0,0.0
N(CCC(=O)NCCCCCCCCCCCCCCCC)(CCC(=O)NCCCCCCCCCCCCCCCC)CCN(CCC(=O)NCCCCCCCCCCCCCCCC)CCO,-0.3668861465373421,,,,,,,,,,,,,,,,0.0,0.0,0.0,0.0
OCC(O)CN(CCC(=O)NCCCCCCCCCCCCCCCC)(CCC(=O)NCCCCCCCCCCCCCCCC),-0.3668861465373421,,,,,,,,,,,,,,,,0.0,0.0,0.0,0.0
COCCCN(CCC(=O)NCCCCCCCCCCCCCCCCCC)(CCC(=O)NCCCCCCCCCCCCCCCCCC),-0.3668861465373421,,,,,,,,,,,,,,,,0.0,0.0,0.0,0.0
O1CCOC1CCN(CCC(=O)NCCCCCCCCCCCCCCCCCC)(CCC(=O)NCCCCCCCCCCCCCCCCCC),-0.3668861465373421,,,,,,,,,,,,,,,,0.0,0.0,0.0,0.0
C1OC(C)(C)OC1CN(CCC(=O)NCCCCCCCCCCCCCCCCCC)(CCC(=O)NCCCCCCCCCCCCCCCCCC),-0.3668861465373421,,,,,,,,,,,,,,,,0.0,0.0,0.0,0.0
COCCN(CCC(=O)NCCCCCCCCCCCCCCCCCC)(CCC(=O)NCCCCCCCCCCCCCCCCCC),-0.3668861465373421,,,,,,,,,,,,,,,,0.0,0.0,0.0,0.0
CCOCCN(CCC(=O)NCCCCCCCCCCCCCCCCCC)(CCC(=O)NCCCCCCCCCCCCCCCCCC),-0.3668861465373421,,,,,,,,,,,,,,,,0.0,0.0,0.0,0.0
COC(OC)CN(CCC(=O)NCCCCCCCCCCCCCCCCCC)(CCC(=O)NCCCCCCCCCCCCCCCCCC),-0.3668861465373421,,,,,,,,,,,,,,,,0.0,0.0,0.0,0.0
O1CCCC1CN(CCC(=O)NCCCCCCCCCCCCCCCCCC)(CCC(=O)NCCCCCCCCCCCCCCCCCC),-0.3668861465373421,,,,,,,,,,,,,,,,0.0,0.0,0.0,0.0
c1c(OC)c(OC)ccc1CCN(CCC(=O)NCCCCCCCCCCCCCCCCCC)(CCC(=O)NCCCCCCCCCCCCCCCCCC),-0.3668861465373421,,,,,,,,,,,,,,,,0.0,0.0,0.0,0.0
OCCCN(CCC(=O)NCCCCCCCCCCCCCCCCCC)(CCC(=O)NCCCCCCCCCCCCCCCCCC),-0.3668861465373421,,,,,,,,,,,,,,,,0.0,0.0,0.0,0.0
CC(O)CN(CCC(=O)NCCCCCCCCCCCCCCCCCC)(CCC(=O)NCCCCCCCCCCCCCCCCCC),-0.3668861465373421,,,,,,,,,,,,,,,,0.0,0.0,0.0,0.0
CC(O)CN(CCC(=O)NCCCCCCCCCCCCCCCCCC)(CCC(=O)NCCCCCCCCCCCCCCCCCC),-0.3668861465373421,,,,,,,,,,,,,,,,0.0,0.0,0.0,0.0
OCC(CO)N(CCC(=O)NCCCCCCCCCCCCCCCCCC)(CCC(=O)NCCCCCCCCCCCCCCCCCC),-0.3668861465373421,,,,,,,,,,,,,,,,0.0,0.0,0.0,0.0
CC(CO)(CO)N(CCC(=O)NCCCCCCCCCCCCCCCCCC)(CCC(=O)NCCCCCCCCCCCCCCCCCC),-0.3668861465373421,,,,,,,,,,,,,,,,0.0,0.0,0.0,0.0
OCCCCN(CCC(=O)NCCCCCCCCCCCCCCCCCC)(CCC(=O)NCCCCCCCCCCCCCCCCCC),-0.3668861465373421,,,,,,,,,,,,,,,,0.0,0.0,0.0,0.0
OCCOCCN(CCC(=O)NCCCCCCCCCCCCCCCCCC)(CCC(=O)NCCCCCCCCCCCCCCCCCC),-0.3668861465373421,,,,,,,,,,,,,,,,0.0,0.0,0.0,0.0
OCCCCCN(CCC(=O)NCCCCCCCCCCCCCCCCCC)(CCC(=O)NCCCCCCCCCCCCCCCCCC),-0.3668861465373421,,,,,,,,,,,,,,,,0.0,0.0,0.0,0.0
OCC(C)(C)CN(CCC(=O)NCCCCCCCCCCCCCCCCCC)(CCC(=O)NCCCCCCCCCCCCCCCCCC),-0.3668861465373421,,,,,,,,,,,,,,,,0.0,0.0,0.0,0.0
OCC(CO)(CC)N(CCC(=O)NCCCCCCCCCCCCCCCCCC)(CCC(=O)NCCCCCCCCCCCCCCCCCC),-0.3668861465373421,,,,,,,,,,,,,,,,0.0,0.0,0.0,0.0
OCCCCCCN(CCC(=O)NCCCCCCCCCCCCCCCCCC)(CCC(=O)NCCCCCCCCCCCCCCCCCC),-0.3668861465373421,,,,,,,,,,,,,,,,0.0,0.0,0.0,0.0
C1CC(O)CCC1N(CCC(=O)NCCCCCCCCCCCCCCCCCC)(CCC(=O)NCCCCCCCCCCCCCCCCCC),-0.3668861465373421,,,,,,,,,,,,,,,,0.0,0.0,0.0,0.0
CN(CCC(=O)NCCCCCCCCCCCCCCCCCC)CCN(CCC(=O)NCCCCCCCCCCCCCCCCCC)C,-0.3668861465373421,,,,,,,,,,,,,,,,0.0,0.0,0.0,0.0
CCN(CCC(=O)NCCCCCCCCCCCCCCCCCC)CCN(CCC(=O)NCCCCCCCCCCCCCCCCCC)CC,-0.3668861465373421,,,,,,,,,,,,,,,,0.0,0.0,0.0,0.0
CC(C)N(CCC(=O)NCCCCCCCCCCCCCCCCCC)CCN(CCC(=O)NCCCCCCCCCCCCCCCCCC)C(C)C,-0.3668861465373421,,,,,,,,,,,,,,,,0.0,0.0,0.0,0.0
CN(CCC(=O)NCCCCCCCCCCCCCCCCCC)CCCN(CCC(=O)NCCCCCCCCCCCCCCCCCC)C,-0.3668861465373421,,,,,,,,,,,,,,,,0.0,0.0,0.0,0.0
C1CCCN1CCN(CCC(=O)NCCCCCCCCCCCCCCCCCC)(CCC(=O)NCCCCCCCCCCCCCCCCCC),-0.3668861465373421,,,,,,,,,,,,,,,,0.0,0.0,0.0,0.0
N1(C)CCCC1CCN(CCC(=O)NCCCCCCCCCCCCCCCCCC)(CCC(=O)NCCCCCCCCCCCCCCCCCC),-0.3668861465373421,,,,,,,,,,,,,,,,0.0,0.0,0.0,0.0
CN(C)CC(C)N(CCC(=O)NCCCCCCCCCCCCCCCCCC)(CCC(=O)NCCCCCCCCCCCCCCCCCC),-0.3668861465373421,,,,,,,,,,,,,,,,0.0,0.0,0.0,0.0
CN(C)CCCN(CCC(=O)NCCCCCCCCCCCCCCCCCC)(CCC(=O)NCCCCCCCCCCCCCCCCCC),-0.3668861465373421,,,,,,,,,,,,,,,,0.0,0.0,0.0,0.0
CCN(CC)CCCN(CCC(=O)NCCCCCCCCCCCCCCCCCC)(CCC(=O)NCCCCCCCCCCCCCCCCCC),-0.3668861465373421,,,,,,,,,,,,,,,,0.0,0.0,0.0,0.0
C1CCCCN1CCN(CCC(=O)NCCCCCCCCCCCCCCCCCC)(CCC(=O)NCCCCCCCCCCCCCCCCCC),-0.3668861465373421,,,,,,,,,,,,,,,,0.0,0.0,0.0,0.0
OCCN(CCO)CCN(CCC(=O)NCCCCCCCCCCCCCCCCCC)(CCC(=O)NCCCCCCCCCCCCCCCCCC),-0.3668861465373421,,,,,,,,,,,,,,,,0.0,0.0,0.0,0.0
OCCN(CCO)CCCN(CCC(=O)NCCCCCCCCCCCCCCCCCC)(CCC(=O)NCCCCCCCCCCCCCCCCCC),-0.3668861465373421,,,,,,,,,,,,,,,,0.0,0.0,0.0,0.0
C1COCCN1CCN(CCC(=O)NCCCCCCCCCCCCCCCCCC)(CCC(=O)NCCCCCCCCCCCCCCCCCC),-0.3668861465373421,,,,,,,,,,,,,,,,0.0,0.0,0.0,0.0
C1COCCN1CCCN(CCC(=O)NCCCCCCCCCCCCCCCCCC)(CCC(=O)NCCCCCCCCCCCCCCCCCC),-0.3668861465373421,,,,,,,,,,,,,,,,0.0,0.0,0.0,0.0
c1nccn1CCCN(CCC(=O)NCCCCCCCCCCCCCCCCCC)(CCC(=O)NCCCCCCCCCCCCCCCCCC),-0.3668861465373421,,,,,,,,,,,,,,,,0.0,0.0,0.0,0.0
N1=CNC=C1CCN(CCC(=O)NCCCCCCCCCCCCCCCCCC)(CCC(=O)NCCCCCCCCCCCCCCCCCC),-0.3668861465373421,,,,,,,,,,,,,,,,0.0,0.0,0.0,0.0
CN(CCC(=O)NCCCCCCCCCCCCCCCCCC)CCN(CCC(=O)NCCCCCCCCCCCCCCCCCC)(CCC(=O)NCCCCCCCCCCCCCCCCCC),-0.3668861465373421,,,,,,,,,,,,,,,,0.0,0.0,0.0,0.0
CN(CCC(=O)NCCCCCCCCCCCCCCCCCC)CCCN(CCC(=O)NCCCCCCCCCCCCCCCCCC)(CCC(=O)NCCCCCCCCCCCCCCCCCC),-0.3668861465373421,,,,,,,,,,,,,,,,0.0,0.0,0.0,0.0
N(CCC(=O)NCCCCCCCCCCCCCCCCCC)(CCC(=O)NCCCCCCCCCCCCCCCCCC)CCN(CCC(=O)NCCCCCCCCCCCCCCCCCC)CCN(CCC(=O)NCCCCCCCCCCCCCCCCCC)CCN(CCC(=O)NCCCCCCCCCCCCCCCCCC)(CCC(=O)NCCCCCCCCCCCCCCCCCC),-0.3668861465373421,,,,,,,,,,,,,,,,0.0,0.0,0.0,0.0
N(CCC(=O)NCCCCCCCCCCCCCCCCCC)(CCC(=O)NCCCCCCCCCCCCCCCCCC)CCN(CCC(=O)NCCCCCCCCCCCCCCCCCC)(CCC(=O)NCCCCCCCCCCCCCCCCCC),-0.3668861465373421,,,,,,,,,,,,,,,,0.0,0.0,0.0,0.0
N(CCC(=O)NCCCCCCCCCCCCCCCCCC)(CCC(=O)NCCCCCCCCCCCCCCCCCC)CCCN(CCC(=O)NCCCCCCCCCCCCCCCCCC)(CCC(=O)NCCCCCCCCCCCCCCCCCC),-0.3668861465373421,,,,,,,,,,,,,,,,0.0,0.0,0.0,0.0
OCCN(CCC(=O)NCCCCCCCCCCCCCCCCCC)CCN(CCC(=O)NCCCCCCCCCCCCCCCCCC)CCO,-0.3668861465373421,,,,,,,,,,,,,,,,0.0,0.0,0.0,0.0
N(CCC(=O)NCCCCCCCCCCCCCCCCCC)(CCC(=O)NCCCCCCCCCCCCCCCCCC)CCN(CCC(=O)NCCCCCCCCCCCCCCCCCC)CCO,-0.3668861465373421,,,,,,,,,,,,,,,,0.0,0.0,0.0,0.0
CN(C)CCNC(=O)CCC(SCCCCCCCCCC)CSCCCCCCCCCC,-0.5668955798917054,,,,,,,,,,,,,,,,0.0,0.0,0.0,0.0
CN(C)CCNC(=O)CCC(SCCCCCCCCCCC)CSCCCCCCCCCCC,3.045415792982377,,,,,,,,,,,,,,,,0.0,0.0,0.0,0.0
CN(C)CCNC(=O)CCC(SCCCCCCCCCCCC)CSCCCCCCCCCCCC,0.7514662343069991,,,,,,,,,,,,,,,,0.0,0.0,0.0,0.0
CN(C)CCNC(=O)CCC(SCCCCCCCCCCCCCCCC)CSCCCCCCCCCCCCCCCC,-0.39550854503069,,,,,,,,,,,,,,,,0.0,0.0,0.0,0.0
CN(C)CCNC(=O)CCC(SCCCCCC)CSCCCCCC,-0.5668955798917054,,,,,,,,,,,,,,,,0.0,0.0,0.0,0.0
CN(C)CCNC(=O)CCC(SCCCCCCC)CSCCCCCCC,0.7514662343069991,,,,,,,,,,,,,,,,0.0,0.0,0.0,0.0
CN(C)CCNC(=O)CCC(SCCCCCCCC)CSCCCCCCCC,-0.5668955798917054,,,,,,,,,,,,,,,,0.0,0.0,0.0,0.0
CN(C)CCNC(=O)CCC(SCCCCCCCCC)CSCCCCCCCCC,-0.5668955798917054,,,,,,,,,,,,,,,,0.0,0.0,0.0,0.0
C1COCCN1CCNC(=O)CCC(SCCCCCCCCCC)CSCCCCCCCCCC,-0.5668955798917054,,,,,,,,,,,,,,,,0.0,0.0,0.0,0.0
C1COCCN1CCNC(=O)CCC(SCCCCCCCCCCC)CSCCCCCCCCCCC,-0.5668955798917054,,,,,,,,,,,,,,,,0.0,0.0,0.0,0.0
C1COCCN1CCNC(=O)CCC(SCCCCCCCCCCCC)CSCCCCCCCCCCCC,-0.5668955798917054,,,,,,,,,,,,,,,,0.0,0.0,0.0,0.0
C1COCCN1CCNC(=O)CCC(SCCCCCCCCCCCCCCCC)CSCCCCCCCCCCCCCCCC,-0.5668955798917054,,,,,,,,,,,,,,,,0.0,0.0,0.0,0.0
C1COCCN1CCNC(=O)CCC(SCCCCCC)CSCCCCCC,-0.5668955798917054,,,,,,,,,,,,,,,,0.0,0.0,0.0,0.0
C1COCCN1CCNC(=O)CCC(SCCCCCCC)CSCCCCCCC,-0.5668955798917054,,,,,,,,,,,,,,,,0.0,0.0,0.0,0.0
C1COCCN1CCNC(=O)CCC(SCCCCCCCC)CSCCCCCCCC,-0.5668955798917054,,,,,,,,,,,,,,,,0.0,0.0,0.0,0.0
C1COCCN1CCNC(=O)CCC(SCCCCCCCCC)CSCCCCCCCCC,-0.5668955798917054,,,,,,,,,,,,,,,,0.0,0.0,0.0,0.0
C1CCCN1CCNC(=O)CCC(SCCCCCCCCCC)CSCCCCCCCCCC,-0.5668955798917054,,,,,,,,,,,,,,,,0.0,0.0,0.0,0.0
C1CCCN1CCNC(=O)CCC(SCCCCCCCCCCC)CSCCCCCCCCCCC,2.287357748492408,,,,,,,,,,,,,,,,0.0,0.0,0.0,0.0
C1CCCN1CCNC(=O)CCC(SCCCCCCCCCCCC)CSCCCCCCCCCCCC,0.7514662343069991,,,,,,,,,,,,,,,,0.0,0.0,0.0,0.0
C1CCCN1CCNC(=O)CCC(SCCCCCCCCCCCCCCCC)CSCCCCCCCCCCCCCCCC,-0.39550854503069,,,,,,,,,,,,,,,,0.0,0.0,0.0,0.0
C1CCCN1CCNC(=O)CCC(SCCCCCC)CSCCCCCC,-0.5668955798917054,,,,,,,,,,,,,,,,0.0,0.0,0.0,0.0
C1CCCN1CCNC(=O)CCC(SCCCCCCC)CSCCCCCCC,-0.5668955798917054,,,,,,,,,,,,,,,,0.0,0.0,0.0,0.0
C1CCCN1CCNC(=O)CCC(SCCCCCCCC)CSCCCCCCCC,-0.5668955798917054,,,,,,,,,,,,,,,,0.0,0.0,0.0,0.0
C1CCCN1CCNC(=O)CCC(SCCCCCCCCC)CSCCCCCCCCC,-0.5668955798917054,,,,,,,,,,,,,,,,0.0,0.0,0.0,0.0
CCN(CC)CCNC(=O)CCC(SCCCCCCCCCC)CSCCCCCCCCCC,-0.5668955798917054,,,,,,,,,,,,,,,,0.0,0.0,0.0,0.0
CCN(CC)CCNC(=O)CCC(SCCCCCCCCCCC)CSCCCCCCCCCCC,2.287357748492408,,,,,,,,,,,,,,,,0.0,0.0,0.0,0.0
CCN(CC)CCNC(=O)CCC(SCCCCCCCCCCCC)CSCCCCCCCCCCCC,3.045415792982377,,,,,,,,,,,,,,,,0.0,0.0,0.0,0.0
CCN(CC)CCNC(=O)CCC(SCCCCCCCCCCCCCCCC)CSCCCCCCCCCCCCCCCC,-0.0197754282492021,,,,,,,,,,,,,,,,0.0,0.0,0.0,0.0
CCN(CC)CCNC(=O)CCC(SCCCCCC)CSCCCCCC,-0.5668955798917054,,,,,,,,,,,,,,,,0.0,0.0,0.0,0.0
CCN(CC)CCNC(=O)CCC(SCCCCCCC)CSCCCCCCC,-0.5668955798917054,,,,,,,,,,,,,,,,0.0,0.0,0.0,0.0
CCN(CC)CCNC(=O)CCC(SCCCCCCCC)CSCCCCCCCC,-0.5668955798917054,,,,,,,,,,,,,,,,0.0,0.0,0.0,0.0
CCN(CC)CCNC(=O)CCC(SCCCCCCCCC)CSCCCCCCCCC,-0.5668955798917054,,,,,,,,,,,,,,,,0.0,0.0,0.0,0.0
CCN(CC)CCCNC(=O)CCC(SCCCCCCCCCC)CSCCCCCCCCCC,-0.5668955798917054,,,,,,,,,,,,,,,,0.0,0.0,0.0,0.0
CCN(CC)CCCNC(=O)CCC(SCCCCCCCCCCC)CSCCCCCCCCCCC,1.8984410136446883,,,,,,,,,,,,,,,,0.0,0.0,0.0,0.0
CCN(CC)CCCNC(=O)CCC(SCCCCCCCCCCCC)CSCCCCCCCCCCCC,0.3757331175255111,,,,,,,,,,,,,,,,0.0,0.0,0.0,0.0
CCN(CC)CCCNC(=O)CCC(SCCCCCCCCCCCCCCCC)CSCCCCCCCCCCCCCCCC,-0.5668955798917054,,,,,,,,,,,,,,,,0.0,0.0,0.0,0.0
CCN(CC)CCCNC(=O)CCC(SCCCCCC)CSCCCCCC,-0.5668955798917054,,,,,,,,,,,,,,,,0.0,0.0,0.0,0.0
CCN(CC)CCCNC(=O)CCC(SCCCCCCC)CSCCCCCCC,0.7514662343069991,,,,,,,,,,,,,,,,0.0,0.0,0.0,0.0
CCN(CC)CCCNC(=O)CCC(SCCCCCCCC)CSCCCCCCCC,-0.5668955798917054,,,,,,,,,,,,,,,,0.0,0.0,0.0,0.0
CCN(CC)CCCNC(=O)CCC(SCCCCCCCCC)CSCCCCCCCCC,-0.5668955798917054,,,,,,,,,,,,,,,,0.0,0.0,0.0,0.0
CN(C)CCCNC(=O)CCC(SCCCCCCCCCC)CSCCCCCCCCCC,-0.0197754282492021,,,,,,,,,,,,,,,,0.0,0.0,0.0,0.0
CN(C)CCCNC(=O)CCC(SCCCCCCCCCCC)CSCCCCCCCCCCC,1.8984410136446883,,,,,,,,,,,,,,,,0.0,0.0,0.0,0.0
CN(C)CCCNC(=O)CCC(SCCCCCCCCCCCC)CSCCCCCCCCCCCC,-0.0197754282492021,,,,,,,,,,,,,,,,0.0,0.0,0.0,0.0
CN(C)CCCNC(=O)CCC(SCCCCCCCCCCCCCCCC)CSCCCCCCCCCCCCCCCC,-0.5668955798917054,,,,,,,,,,,,,,,,0.0,0.0,0.0,0.0
CN(C)CCCNC(=O)CCC(SCCCCCC)CSCCCCCC,-0.39550854503069,,,,,,,,,,,,,,,,0.0,0.0,0.0,0.0
CN(C)CCCNC(=O)CCC(SCCCCCCC)CSCCCCCCC,0.3757331175255111,,,,,,,,,,,,,,,,0.0,0.0,0.0,0.0
CN(C)CCCNC(=O)CCC(SCCCCCCCC)CSCCCCCCCC,-0.5668955798917054,,,,,,,,,,,,,,,,0.0,0.0,0.0,0.0
CN(C)CCCNC(=O)CCC(SCCCCCCCCC)CSCCCCCCCCC,-0.5668955798917054,,,,,,,,,,,,,,,,0.0,0.0,0.0,0.0
C1CN(CCN(C)C)CCN1C(=O)CCC(SCCCCCCCCCC)CSCCCCCCCCCC,-0.0197754282492021,,,,,,,,,,,,,,,,0.0,0.0,0.0,0.0
C1CN(CCN(C)C)CCN1C(=O)CCC(SCCCCCCCCCCC)CSCCCCCCCCCCC,2.669682676200889,,,,,,,,,,,,,,,,0.0,0.0,0.0,0.0
C1CN(CCN(C)C)CCN1C(=O)CCC(SCCCCCCCCCCCC)CSCCCCCCCCCCCC,-0.5668955798917054,,,,,,,,,,,,,,,,0.0,0.0,0.0,0.0
C1CN(CCN(C)C)CCN1C(=O)CCC(SCCCCCCCCCCCCCCCC)CSCCCCCCCCCCCCCCCC,-0.39550854503069,,,,,,,,,,,,,,,,0.0,0.0,0.0,0.0
C1CN(CCN(C)C)CCN1C(=O)CCC(SCCCCCC)CSCCCCCC,-0.5668955798917054,,,,,,,,,,,,,,,,0.0,0.0,0.0,0.0
C1CN(CCN(C)C)CCN1C(=O)CCC(SCCCCCCC)CSCCCCCCC,-0.5668955798917054,,,,,,,,,,,,,,,,0.0,0.0,0.0,0.0
C1CN(CCN(C)C)CCN1C(=O)CCC(SCCCCCCCC)CSCCCCCCCC,-0.39550854503069,,,,,,,,,,,,,,,,0.0,0.0,0.0,0.0
C1CN(CCN(C)C)CCN1C(=O)CCC(SCCCCCCCCC)CSCCCCCCCCC,-0.5668955798917054,,,,,,,,,,,,,,,,0.0,0.0,0.0,0.0
CN(C)CCNC(=O)CCCC(SCCCCCCCCCC)CSCCCCCCCCCC,1.1469747762939573,,,,,,,,,,,,,,,,0.0,0.0,0.0,0.0
CN(C)CCNC(=O)CCCC(SCCCCCCCCCCC)CSCCCCCCCCCCC,2.287357748492408,,,,,,,,,,,,,,,,0.0,0.0,0.0,0.0
CN(C)CCNC(=O)CCCC(SCCCCCCCCCCCC)CSCCCCCCCCCCCC,-0.39550854503069,,,,,,,,,,,,,,,,0.0,0.0,0.0,0.0
CN(C)CCNC(=O)CCCC(SCCCCCCCCCCCCCCCC)CSCCCCCCCCCCCCCCCC,-0.39550854503069,,,,,,,,,,,,,,,,0.0,0.0,0.0,0.0
CN(C)CCNC(=O)CCCC(SCCCCCC)CSCCCCCC,-0.5668955798917054,,,,,,,,,,,,,,,,0.0,0.0,0.0,0.0
CN(C)CCNC(=O)CCCC(SCCCCCCC)CSCCCCCCC,-0.5668955798917054,,,,,,,,,,,,,,,,0.0,0.0,0.0,0.0
CN(C)CCNC(=O)CCCC(SCCCCCCCC)CSCCCCCCCC,-0.5668955798917054,,,,,,,,,,,,,,,,0.0,0.0,0.0,0.0
CN(C)CCNC(=O)CCCC(SCCCCCCCCC)CSCCCCCCCCC,-0.5668955798917054,,,,,,,,,,,,,,,,0.0,0.0,0.0,0.0
C1COCCN1CCNC(=O)CCCC(SCCCCCCCCCC)CSCCCCCCCCCC,-0.5668955798917054,,,,,,,,,,,,,,,,0.0,0.0,0.0,0.0
C1COCCN1CCNC(=O)CCCC(SCCCCCCCCCCC)CSCCCCCCCCCCC,-0.5668955798917054,,,,,,,,,,,,,,,,0.0,0.0,0.0,0.0
C1COCCN1CCNC(=O)CCCC(SCCCCCCCCCCCC)CSCCCCCCCCCCCC,-0.5668955798917054,,,,,,,,,,,,,,,,0.0,0.0,0.0,0.0
C1COCCN1CCNC(=O)CCCC(SCCCCCCCCCCCCCCCC)CSCCCCCCCCCCCCCCCC,-0.5668955798917054,,,,,,,,,,,,,,,,0.0,0.0,0.0,0.0
C1COCCN1CCNC(=O)CCCC(SCCCCCC)CSCCCCCC,-0.5668955798917054,,,,,,,,,,,,,,,,0.0,0.0,0.0,0.0
C1COCCN1CCNC(=O)CCCC(SCCCCCCC)CSCCCCCCC,-0.5668955798917054,,,,,,,,,,,,,,,,0.0,0.0,0.0,0.0
C1COCCN1CCNC(=O)CCCC(SCCCCCCCC)CSCCCCCCCC,-0.5668955798917054,,,,,,,,,,,,,,,,0.0,0.0,0.0,0.0
C1COCCN1CCNC(=O)CCCC(SCCCCCCCCC)CSCCCCCCCCC,-0.5668955798917054,,,,,,,,,,,,,,,,0.0,0.0,0.0,0.0
C1CCCN1CCNC(=O)CCCC(SCCCCCCCCCC)CSCCCCCCCCCC,-0.5668955798917054,,,,,,,,,,,,,,,,0.0,0.0,0.0,0.0
C1CCCN1CCNC(=O)CCCC(SCCCCCCCCCCC)CSCCCCCCCCCCC,2.287357748492408,,,,,,,,,,,,,,,,0.0,0.0,0.0,0.0
C1CCCN1CCNC(=O)CCCC(SCCCCCCCCCCCC)CSCCCCCCCCCCCC,-0.5668955798917054,,,,,,,,,,,,,,,,0.0,0.0,0.0,0.0
C1CCCN1CCNC(=O)CCCC(SCCCCCCCCCCCCCCCC)CSCCCCCCCCCCCCCCCC,0.7514662343069991,,,,,,,,,,,,,,,,0.0,0.0,0.0,0.0
C1CCCN1CCNC(=O)CCCC(SCCCCCC)CSCCCCCC,-0.5668955798917054,,,,,,,,,,,,,,,,0.0,0.0,0.0,0.0
C1CCCN1CCNC(=O)CCCC(SCCCCCCC)CSCCCCCCC,-0.5668955798917054,,,,,,,,,,,,,,,,0.0,0.0,0.0,0.0
C1CCCN1CCNC(=O)CCCC(SCCCCCCCC)CSCCCCCCCC,-0.5668955798917054,,,,,,,,,,,,,,,,0.0,0.0,0.0,0.0
C1CCCN1CCNC(=O)CCCC(SCCCCCCCCC)CSCCCCCCCCC,-0.5668955798917054,,,,,,,,,,,,,,,,0.0,0.0,0.0,0.0
CCN(CC)CCNC(=O)CCCC(SCCCCCCCCCC)CSCCCCCCCCCC,-0.5668955798917054,,,,,,,,,,,,,,,,0.0,0.0,0.0,0.0
CCN(CC)CCNC(=O)CCCC(SCCCCCCCCCCC)CSCCCCCCCCCCC,1.8984410136446883,,,,,,,,,,,,,,,,0.0,0.0,0.0,0.0
CCN(CC)CCNC(=O)CCCC(SCCCCCCCCCCCC)CSCCCCCCCCCCCC,3.816657436599804,,,,,,,,,,,,,,,,0.0,0.0,0.0,0.0
CCN(CC)CCNC(=O)CCCC(SCCCCCCCCCCCCCCCC)CSCCCCCCCCCCCCCCCC,-0.5668955798917054,,,,,,,,,,,,,,,,0.0,0.0,0.0,0.0
CCN(CC)CCNC(=O)CCCC(SCCCCCC)CSCCCCCC,-0.5668955798917054,,,,,,,,,,,,,,,,0.0,0.0,0.0,0.0
CCN(CC)CCNC(=O)CCCC(SCCCCCCC)CSCCCCCCC,-0.5668955798917054,,,,,,,,,,,,,,,,0.0,0.0,0.0,0.0
CCN(CC)CCNC(=O)CCCC(SCCCCCCCC)CSCCCCCCCC,-0.5668955798917054,,,,,,,,,,,,,,,,0.0,0.0,0.0,0.0
CCN(CC)CCNC(=O)CCCC(SCCCCCCCCC)CSCCCCCCCCC,-0.5668955798917054,,,,,,,,,,,,,,,,0.0,0.0,0.0,0.0
CCN(CC)CCCNC(=O)CCCC(SCCCCCCCCCC)CSCCCCCCCCCC,-0.5668955798917054,,,,,,,,,,,,,,,,0.0,0.0,0.0,0.0
CCN(CC)CCCNC(=O)CCCC(SCCCCCCCCCCC)CSCCCCCCCCCCC,1.1469747762939573,,,,,,,,,,,,,,,,0.0,0.0,0.0,0.0
CCN(CC)CCCNC(=O)CCCC(SCCCCCCCCCCCC)CSCCCCCCCCCCCC,-0.0197754282492021,,,,,,,,,,,,,,,,0.0,0.0,0.0,0.0
CCN(CC)CCCNC(=O)CCCC(SCCCCCCCCCCCCCCCC)CSCCCCCCCCCCCCCCCC,-0.5668955798917054,,,,,,,,,,,,,,,,0.0,0.0,0.0,0.0
CCN(CC)CCCNC(=O)CCCC(SCCCCCC)CSCCCCCC,-0.5668955798917054,,,,,,,,,,,,,,,,0.0,0.0,0.0,0.0
CCN(CC)CCCNC(=O)CCCC(SCCCCCCC)CSCCCCCCC,1.1469747762939573,,,,,,,,,,,,,,,,0.0,0.0,0.0,0.0
CCN(CC)CCCNC(=O)CCCC(SCCCCCCCC)CSCCCCCCCC,-0.5668955798917054,,,,,,,,,,,,,,,,0.0,0.0,0.0,0.0
CCN(CC)CCCNC(=O)CCCC(SCCCCCCCCC)CSCCCCCCCCC,-0.5668955798917054,,,,,,,,,,,,,,,,0.0,0.0,0.0,0.0
CN(C)CCCNC(=O)CCCC(SCCCCCCCCCC)CSCCCCCCCCCC,1.1469747762939573,,,,,,,,,,,,,,,,0.0,0.0,0.0,0.0
CN(C)CCCNC(=O)CCCC(SCCCCCCCCCCC)CSCCCCCCCCCCC,1.5227078968632006,,,,,,,,,,,,,,,,0.0,0.0,0.0,0.0
CN(C)CCCNC(=O)CCCC(SCCCCCCCCCCCC)CSCCCCCCCCCCCC,1.8984410136446883,,,,,,,,,,,,,,,,0.0,0.0,0.0,0.0
CN(C)CCCNC(=O)CCCC(SCCCCCCCCCCCCCCCC)CSCCCCCCCCCCCCCCCC,-0.39550854503069,,,,,,,,,,,,,,,,0.0,0.0,0.0,0.0
CN(C)CCCNC(=O)CCCC(SCCCCCC)CSCCCCCC,-0.5668955798917054,,,,,,,,,,,,,,,,0.0,0.0,0.0,0.0
CN(C)CCCNC(=O)CCCC(SCCCCCCC)CSCCCCCCC,0.3757331175255111,,,,,,,,,,,,,,,,0.0,0.0,0.0,0.0
CN(C)CCCNC(=O)CCCC(SCCCCCCCC)CSCCCCCCCC,-0.5668955798917054,,,,,,,,,,,,,,,,0.0,0.0,0.0,0.0
CN(C)CCCNC(=O)CCCC(SCCCCCCCCC)CSCCCCCCCCC,-0.5668955798917054,,,,,,,,,,,,,,,,0.0,0.0,0.0,0.0
C1CN(CCN(C)C)CCN1C(=O)CCCC(SCCCCCCCCCC)CSCCCCCCCCCC,0.7514662343069991,,,,,,,,,,,,,,,,0.0,0.0,0.0,0.0
C1CN(CCN(C)C)CCN1C(=O)CCCC(SCCCCCCCCCCC)CSCCCCCCCCCCC,0.7514662343069991,,,,,,,,,,,,,,,,0.0,0.0,0.0,0.0
C1CN(CCN(C)C)CCN1C(=O)CCCC(SCCCCCCCCCCCC)CSCCCCCCCCCCCC,0.7514662343069991,,,,,,,,,,,,,,,,0.0,0.0,0.0,0.0
C1CN(CCN(C)C)CCN1C(=O)CCCC(SCCCCCCCCCCCCCCCC)CSCCCCCCCCCCCCCCCC,-0.5668955798917054,,,,,,,,,,,,,,,,0.0,0.0,0.0,0.0
C1CN(CCN(C)C)CCN1C(=O)CCCC(SCCCCCC)CSCCCCCC,-0.5668955798917054,,,,,,,,,,,,,,,,0.0,0.0,0.0,0.0
C1CN(CCN(C)C)CCN1C(=O)CCCC(SCCCCCCC)CSCCCCCCC,0.3757331175255111,,,,,,,,,,,,,,,,0.0,0.0,0.0,0.0
C1CN(CCN(C)C)CCN1C(=O)CCCC(SCCCCCCCC)CSCCCCCCCC,-0.5668955798917054,,,,,,,,,,,,,,,,0.0,0.0,0.0,0.0
C1CN(CCN(C)C)CCN1C(=O)CCCC(SCCCCCCCCC)CSCCCCCCCCC,-0.5668955798917054,,,,,,,,,,,,,,,,0.0,0.0,0.0,0.0
[O-]S(=O)(=O)CCC[N+](C)(C)CCNC(=O)CCN(C)CCN(CCN(C)CC(O)CCCCCC)CCN(C)CC(O)CCCCCC,0.0224790059823498,,,,,,,,,,,,,,,,0.0,0.0,0.0,0.0
[O-]S(=O)(=O)CCC[N+](C)(C)CCNC(=O)CCN(C(C)C)CCN(CCN(C(C)C)CC(O)CCCCCC)CCN(C(C)C)CC(O)CCCCCC,0.0224790059823498,,,,,,,,,,,,,,,,0.0,0.0,0.0,0.0
[O-]S(=O)(=O)CCC[N+](C)(C)CCNC(=O)CCN(CC(O)CCCCCC)CCN(CCN(CC(O)CCCCCC)CC(O)CCCCCC)CCN(CC(O)CCCCCC)CC(O)CCCCCC,1.6409674367115423,,,,,,,,,,,,,,,,0.0,0.0,0.0,0.0
[O-]S(=O)(=O)CCC[N+](C)(C)CCNC(=O)CCN(CC(O)CCCCCC)CCN(C)CCN(CC(O)CCCCCC)CC(O)CCCCCC,-0.7867652093822464,,,,,,,,,,,,,,,,0.0,0.0,0.0,0.0
[O-]S(=O)(=O)CCC[N+](C)(C)CCNC(=O)CCN(CC(O)CCCCCC)CCCN(C)CCCN(CC(O)CCCCCC)CC(O)CCCCCC,0.0224790059823498,,,,,,,,,,,,,,,,0.0,0.0,0.0,0.0
[O-]S(=O)(=O)CCC[N+](C)(C)CCNC(=O)CCN(CC(O)CCCCCC)CCCN5CCN(CCCN(CC(O)CCCCCC)CC(O)CCCCCC)CC5,-0.7867652093822464,,,,,,,,,,,,,,,,0.0,0.0,0.0,0.0
[O-]S(=O)(=O)CCC[N+](C)(C)CCNC(=O)CCN(C)CCN(CCN(C)CC(O)CCCCCCCC)CCN(C)CC(O)CCCCCCCC,0.0224790059823498,,,,,,,,,,,,,,,,0.0,0.0,0.0,0.0
[O-]S(=O)(=O)CCC[N+](C)(C)CCNC(=O)CCN(C(C)C)CCN(CCN(C(C)C)CC(O)CCCCCCCC)CCN(C(C)C)CC(O)CCCCCCCC,0.0224790059823498,,,,,,,,,,,,,,,,0.0,0.0,0.0,0.0
[O-]S(=O)(=O)CCC[N+](C)(C)CCNC(=O)CCN(CC(O)CCCCCCCC)CCN(CCN(CC(O)CCCCCCCC)CC(O)CCCCCCCC)CCN(CC(O)CCCCCCCC)CC(O)CCCCCCCC,2.4502116520761383,,,,,,,,,,,,,,,,0.0,0.0,0.0,0.0
[O-]S(=O)(=O)CCC[N+](C)(C)CCNC(=O)CCN(CC(O)CCCCCCCC)CCN(C)CCN(CC(O)CCCCCCCC)CC(O)CCCCCCCC,0.831723221346946,,,,,,,,,,,,,,,,0.0,0.0,0.0,0.0
[O-]S(=O)(=O)CCC[N+](C)(C)CCNC(=O)CCN(CC(O)CCCCCCCC)CCCN(C)CCCN(CC(O)CCCCCCCC)CC(O)CCCCCCCC,-0.7867652093822464,,,,,,,,,,,,,,,,0.0,0.0,0.0,0.0
[O-]S(=O)(=O)CCC[N+](C)(C)CCNC(=O)CCN(CC(O)CCCCCCCC)CCCN5CCN(CCCN(CC(O)CCCCCCCC)CC(O)CCCCCCCC)CC5,2.4502116520761383,,,,,,,,,,,,,,,,0.0,0.0,0.0,0.0
[O-]S(=O)(=O)CCC[N+](C)(C)CCNC(=O)CCN(C)CCN(CCN(C)CC(O)CCCCCCCCCC)CCN(C)CC(O)CCCCCCCCCC,-0.7867652093822464,,,,,,,,,,,,,,,,0.0,0.0,0.0,0.0
[O-]S(=O)(=O)CCC[N+](C)(C)CCNC(=O)CCN(C(C)C)CCN(CCN(C(C)C)CC(O)CCCCCCCCCC)CCN(C(C)C)CC(O)CCCCCCCCCC,-0.7867652093822464,,,,,,,,,,,,,,,,0.0,0.0,0.0,0.0
[O-]S(=O)(=O)CCC[N+](C)(C)CCNC(=O)CCN(CC(O)CCCCCCCCCC)CCN(CCN(CC(O)CCCCCCCCCC)CC(O)CCCCCCCCCC)CCN(CC(O)CCCCCCCCCC)CC(O)CCCCCCCCCC,-0.7867652093822464,,,,,,,,,,,,,,,,0.0,0.0,0.0,0.0
[O-]S(=O)(=O)CCC[N+](C)(C)CCNC(=O)CCN(CC(O)CCCCCCCCCC)CCN(C)CCN(CC(O)CCCCCCCCCC)CC(O)CCCCCCCCCC,0.0224790059823498,,,,,,,,,,,,,,,,0.0,0.0,0.0,0.0
[O-]S(=O)(=O)CCC[N+](C)(C)CCNC(=O)CCN(CC(O)CCCCCCCCCC)CCCN(C)CCCN(CC(O)CCCCCCCCCC)CC(O)CCCCCCCCCC,2.4502116520761383,,,,,,,,,,,,,,,,0.0,0.0,0.0,0.0
[O-]S(=O)(=O)CCC[N+](C)(C)CCNC(=O)CCN(CC(O)CCCCCCCCCC)CCCN5CCN(CCCN(CC(O)CCCCCCCCCC)CC(O)CCCCCCCCCC)CC5,1.6409674367115423,,,,,,,,,,,,,,,,0.0,0.0,0.0,0.0
[O-]S(=O)(=O)CCC[N+](C)(C)CCNC(=O)CCN(C)CCN(CCN(C)CC(O)CCCCCCCCCCCC)CCN(C)CC(O)CCCCCCCCCCCC,-0.7867652093822464,,,,,,,,,,,,,,,,0.0,0.0,0.0,0.0
[O-]S(=O)(=O)CCC[N+](C)(C)CCNC(=O)CCN(C(C)C)CCN(CCN(C(C)C)CC(O)CCCCCCCCCCCC)CCN(C(C)C)CC(O)CCCCCCCCCCCC,-0.7867652093822464,,,,,,,,,,,,,,,,0.0,0.0,0.0,0.0
[O-]S(=O)(=O)CCC[N+](C)(C)CCNC(=O)CCN(CC(O)CCCCCCCCCCCC)CCN(CCN(CC(O)CCCCCCCCCCCC)CC(O)CCCCCCCCCCCC)CCN(CC(O)CCCCCCCCCCCC)CC(O)CCCCCCCCCCCC,0.831723221346946,,,,,,,,,,,,,,,,0.0,0.0,0.0,0.0
[O-]S(=O)(=O)CCC[N+](C)(C)CCNC(=O)CCN(CC(O)CCCCCCCCCCCC)CCN(C)CCN(CC(O)CCCCCCCCCCCC)CC(O)CCCCCCCCCCCC,0.0224790059823498,,,,,,,,,,,,,,,,0.0,0.0,0.0,0.0
[O-]S(=O)(=O)CCC[N+](C)(C)CCNC(=O)CCN(CC(O)CCCCCCCCCCCC)CCCN(C)CCCN(CC(O)CCCCCCCCCCCC)CC(O)CCCCCCCCCCCC,1.6409674367115423,,,,,,,,,,,,,,,,0.0,0.0,0.0,0.0
[O-]S(=O)(=O)CCC[N+](C)(C)CCNC(=O)CCN(CC(O)CCCCCCCCCCCC)CCCN5CCN(CCCN(CC(O)CCCCCCCCCCCC)CC(O)CCCCCCCCCCCC)CC5,0.831723221346946,,,,,,,,,,,,,,,,0.0,0.0,0.0,0.0
[O-]S(=O)(=O)CCC[N+](C)(C)CCNC(=O)CCN(C)CCN(CCN(C)CC(O)CCCCCCCCCCCCCC)CCN(C)CC(O)CCCCCCCCCCCCCC,0.831723221346946,,,,,,,,,,,,,,,,0.0,0.0,0.0,0.0
[O-]S(=O)(=O)CCC[N+](C)(C)CCNC(=O)CCN(C(C)C)CCN(CCN(C(C)C)CC(O)CCCCCCCCCCCCCC)CCN(C(C)C)CC(O)CCCCCCCCCCCCCC,-0.7867652093822464,,,,,,,,,,,,,,,,0.0,0.0,0.0,0.0
[O-]S(=O)(=O)CCC[N+](C)(C)CCNC(=O)CCN(CC(O)CCCCCCCCCCCCCC)CCN(CCN(CC(O)CCCCCCCCCCCCCC)CC(O)CCCCCCCCCCCCCC)CCN(CC(O)CCCCCCCCCCCCCC)CC(O)CCCCCCCCCCCCCC,-0.7867652093822464,,,,,,,,,,,,,,,,0.0,0.0,0.0,0.0
[O-]S(=O)(=O)CCC[N+](C)(C)CCNC(=O)CCN(CC(O)CCCCCCCCCCCCCC)CCN(C)CCN(CC(O)CCCCCCCCCCCCCC)CC(O)CCCCCCCCCCCCCC,0.0224790059823498,,,,,,,,,,,,,,,,0.0,0.0,0.0,0.0
[O-]S(=O)(=O)CCC[N+](C)(C)CCNC(=O)CCN(CC(O)CCCCCCCCCCCCCC)CCCN(C)CCCN(CC(O)CCCCCCCCCCCCCC)CC(O)CCCCCCCCCCCCCC,2.4502116520761383,,,,,,,,,,,,,,,,0.0,0.0,0.0,0.0
[O-]S(=O)(=O)CCC[N+](C)(C)CCNC(=O)CCN(CC(O)CCCCCCCCCCCCCC)CCCN5CCN(CCCN(CC(O)CCCCCCCCCCCCCC)CC(O)CCCCCCCCCCCCCC)CC5,0.831723221346946,,,,,,,,,,,,,,,,0.0,0.0,0.0,0.0
[O-]S(=O)(=O)CCC[N+](C)(C)CCNC(=O)CCN(C)CCN(CCN(C)CC(O)CCCCCCCCCCCCCCCC)CCN(C)CC(O)CCCCCCCCCCCCCCCC,0.0224790059823498,,,,,,,,,,,,,,,,0.0,0.0,0.0,0.0
[O-]S(=O)(=O)CCC[N+](C)(C)CCNC(=O)CCN(C(C)C)CCN(CCN(C(C)C)CC(O)CCCCCCCCCCCCCCCC)CCN(C(C)C)CC(O)CCCCCCCCCCCCCCCC,-0.7867652093822464,,,,,,,,,,,,,,,,0.0,0.0,0.0,0.0
[O-]S(=O)(=O)CCC[N+](C)(C)CCNC(=O)CCN(CC(O)CCCCCCCCCCCCCCCC)CCN(CCN(CC(O)CCCCCCCCCCCCCCCC)CC(O)CCCCCCCCCCCCCCCC)CCN(CC(O)CCCCCCCCCCCCCCCC)CC(O)CCCCCCCCCCCCCCCC,0.831723221346946,,,,,,,,,,,,,,,,0.0,0.0,0.0,0.0
[O-]S(=O)(=O)CCC[N+](C)(C)CCNC(=O)CCN(CC(O)CCCCCCCCCCCCCCCC)CCN(C)CCN(CC(O)CCCCCCCCCCCCCCCC)CC(O)CCCCCCCCCCCCCCCC,-0.7867652093822464,,,,,,,,,,,,,,,,0.0,0.0,0.0,0.0
[O-]S(=O)(=O)CCC[N+](C)(C)CCNC(=O)CCN(CC(O)CCCCCCCCCCCCCCCC)CCCN(C)CCCN(CC(O)CCCCCCCCCCCCCCCC)CC(O)CCCCCCCCCCCCCCCC,1.6409674367115423,,,,,,,,,,,,,,,,0.0,0.0,0.0,0.0
[O-]S(=O)(=O)CCC[N+](C)(C)CCNC(=O)CCN(CC(O)CCCCCCCCCCCCCCCC)CCCN5CCN(CCCN(CC(O)CCCCCCCCCCCCCCCC)CC(O)CCCCCCCCCCCCCCCC)CC5,0.0224790059823498,,,,,,,,,,,,,,,,0.0,0.0,0.0,0.0
[O-]S(=O)(=O)CCC[N+](C)(C)CCNC(=O)CCN(C)CCN(CCN(C)CCC(=O)OCCCCCCCC)CCN(C)CCC(=O)OCCCCCCCC,0.0224790059823498,,,,,,,,,,,,,,,,0.0,0.0,0.0,0.0
[O-]S(=O)(=O)CCC[N+](C)(C)CCNC(=O)CCN(C(C)C)CCN(CCN(C(C)C)CCC(=O)OCCCCCCCC)CCN(C(C)C)CCC(=O)OCCCCCCCC,-0.7867652093822464,,,,,,,,,,,,,,,,0.0,0.0,0.0,0.0
[O-]S(=O)(=O)CCC[N+](C)(C)CCNC(=O)CCN(CCC(=O)OCCCCCCCC)CCN(CCN(CCC(=O)OCCCCCCCC)CCC(=O)OCCCCCCCC)CCN(CCC(=O)OCCCCCCCC)CCC(=O)OCCCCCCCC,-0.7867652093822464,,,,,,,,,,,,,,,,0.0,0.0,0.0,0.0
[O-]S(=O)(=O)CCC[N+](C)(C)CCNC(=O)CCN(CCC(=O)OCCCCCCCC)CCN(C)CCN(CCC(=O)OCCCCCCCC)CCC(=O)OCCCCCCCC,-0.7867652093822464,,,,,,,,,,,,,,,,0.0,0.0,0.0,0.0
[O-]S(=O)(=O)CCC[N+](C)(C)CCNC(=O)CCN(CCC(=O)OCCCCCCCC)CCCN(C)CCCN(CCC(=O)OCCCCCCCC)CCC(=O)OCCCCCCCC,-0.7867652093822464,,,,,,,,,,,,,,,,0.0,0.0,0.0,0.0
[O-]S(=O)(=O)CCC[N+](C)(C)CCNC(=O)CCN(CCC(=O)OCCCCCCCC)CCCN5CCN(CCCN(CCC(=O)OCCCCCCCC)CCC(=O)OCCCCCCCC)CC5,0.0224790059823498,,,,,,,,,,,,,,,,0.0,0.0,0.0,0.0
[O-]S(=O)(=O)CCC[N+](C)(C)CCNC(=O)CCN(C)CCN(CCN(C)CCC(=O)OCCCCCCCCCC)CCN(C)CCC(=O)OCCCCCCCCCC,0.0224790059823498,,,,,,,,,,,,,,,,0.0,0.0,0.0,0.0
[O-]S(=O)(=O)CCC[N+](C)(C)CCNC(=O)CCN(C(C)C)CCN(CCN(C(C)C)CCC(=O)OCCCCCCCCCC)CCN(C(C)C)CCC(=O)OCCCCCCCCCC,-0.7867652093822464,,,,,,,,,,,,,,,,0.0,0.0,0.0,0.0
[O-]S(=O)(=O)CCC[N+](C)(C)CCNC(=O)CCN(CCC(=O)OCCCCCCCCCC)CCN(CCN(CCC(=O)OCCCCCCCCCC)CCC(=O)OCCCCCCCCCC)CCN(CCC(=O)OCCCCCCCCCC)CCC(=O)OCCCCCCCCCC,0.0224790059823498,,,,,,,,,,,,,,,,0.0,0.0,0.0,0.0
[O-]S(=O)(=O)CCC[N+](C)(C)CCNC(=O)CCN(CCC(=O)OCCCCCCCCCC)CCN(C)CCN(CCC(=O)OCCCCCCCCCC)CCC(=O)OCCCCCCCCCC,-0.7867652093822464,,,,,,,,,,,,,,,,0.0,0.0,0.0,0.0
[O-]S(=O)(=O)CCC[N+](C)(C)CCNC(=O)CCN(CCC(=O)OCCCCCCCCCC)CCCN(C)CCCN(CCC(=O)OCCCCCCCCCC)CCC(=O)OCCCCCCCCCC,-0.7867652093822464,,,,,,,,,,,,,,,,0.0,0.0,0.0,0.0
[O-]S(=O)(=O)CCC[N+](C)(C)CCNC(=O)CCN(CCC(=O)OCCCCCCCCCC)CCCN5CCN(CCCN(CCC(=O)OCCCCCCCCCC)CCC(=O)OCCCCCCCCCC)CC5,2.4502116520761383,,,,,,,,,,,,,,,,0.0,0.0,0.0,0.0
[O-]S(=O)(=O)CCC[N+](C)(C)CCNC(=O)CCN(C)CCN(CCN(C)CCC(=O)OCCCCCCCCCCCC)CCN(C)CCC(=O)OCCCCCCCCCCCC,0.0224790059823498,,,,,,,,,,,,,,,,0.0,0.0,0.0,0.0
[O-]S(=O)(=O)CCC[N+](C)(C)CCNC(=O)CCN(C(C)C)CCN(CCN(C(C)C)CCC(=O)OCCCCCCCCCCCC)CCN(C(C)C)CCC(=O)OCCCCCCCCCCCC,0.0224790059823498,,,,,,,,,,,,,,,,0.0,0.0,0.0,0.0
[O-]S(=O)(=O)CCC[N+](C)(C)CCNC(=O)CCN(CCC(=O)OCCCCCCCCCCCC)CCN(CCN(CCC(=O)OCCCCCCCCCCCC)CCC(=O)OCCCCCCCCCCCC)CCN(CCC(=O)OCCCCCCCCCCCC)CCC(=O)OCCCCCCCCCCCC,-0.7867652093822464,,,,,,,,,,,,,,,,0.0,0.0,0.0,0.0
[O-]S(=O)(=O)CCC[N+](C)(C)CCNC(=O)CCN(CCC(=O)OCCCCCCCCCCCC)CCN(C)CCN(CCC(=O)OCCCCCCCCCCCC)CCC(=O)OCCCCCCCCCCCC,0.0224790059823498,,,,,,,,,,,,,,,,0.0,0.0,0.0,0.0
[O-]S(=O)(=O)CCC[N+](C)(C)CCNC(=O)CCN(CCC(=O)OCCCCCCCCCCCC)CCCN(C)CCCN(CCC(=O)OCCCCCCCCCCCC)CCC(=O)OCCCCCCCCCCCC,-0.7867652093822464,,,,,,,,,,,,,,,,0.0,0.0,0.0,0.0
[O-]S(=O)(=O)CCC[N+](C)(C)CCNC(=O)CCN(CCC(=O)OCCCCCCCCCCCC)CCCN5CCN(CCCN(CCC(=O)OCCCCCCCCCCCC)CCC(=O)OCCCCCCCCCCCC)CC5,2.4502116520761383,,,,,,,,,,,,,,,,0.0,0.0,0.0,0.0
[O-]S(=O)(=O)CCC[N+](C)(C)CCNC(=O)CCN(C)CCN(CCN(C)CCC(=O)OCCCCCCCCCCCCCC)CCN(C)CCC(=O)OCCCCCCCCCCCCCC,0.0224790059823498,,,,,,,,,,,,,,,,0.0,0.0,0.0,0.0
[O-]S(=O)(=O)CCC[N+](C)(C)CCNC(=O)CCN(C(C)C)CCN(CCN(C(C)C)CCC(=O)OCCCCCCCCCCCCCC)CCN(C(C)C)CCC(=O)OCCCCCCCCCCCCCC,0.0224790059823498,,,,,,,,,,,,,,,,0.0,0.0,0.0,0.0
[O-]S(=O)(=O)CCC[N+](C)(C)CCNC(=O)CCN(CCC(=O)OCCCCCCCCCCCCCC)CCN(CCN(CCC(=O)OCCCCCCCCCCCCCC)CCC(=O)OCCCCCCCCCCCCCC)CCN(CCC(=O)OCCCCCCCCCCCCCC)CCC(=O)OCCCCCCCCCCCCCC,-0.7867652093822464,,,,,,,,,,,,,,,,0.0,0.0,0.0,0.0
[O-]S(=O)(=O)CCC[N+](C)(C)CCNC(=O)CCN(CCC(=O)OCCCCCCCCCCCCCC)CCN(C)CCN(CCC(=O)OCCCCCCCCCCCCCC)CCC(=O)OCCCCCCCCCCCCCC,-0.7867652093822464,,,,,,,,,,,,,,,,0.0,0.0,0.0,0.0
[O-]S(=O)(=O)CCC[N+](C)(C)CCNC(=O)CCN(CCC(=O)OCCCCCCCCCCCCCC)CCCN(C)CCCN(CCC(=O)OCCCCCCCCCCCCCC)CCC(=O)OCCCCCCCCCCCCCC,-0.7867652093822464,,,,,,,,,,,,,,,,0.0,0.0,0.0,0.0
[O-]S(=O)(=O)CCC[N+](C)(C)CCNC(=O)CCN(CCC(=O)OCCCCCCCCCCCCCC)CCCN5CCN(CCCN(CCC(=O)OCCCCCCCCCCCCCC)CCC(=O)OCCCCCCCCCCCCCC)CC5,-0.7867652093822464,,,,,,,,,,,,,,,,0.0,0.0,0.0,0.0
[O-]S(=O)(=O)CCC[N+](C)(C)CCNC(=O)CCN(C)CCN(CCN(C)CCC(=O)OCCCCCCCCCCCCCCCC)CCN(C)CCC(=O)OCCCCCCCCCCCCCCCC,0.0224790059823498,,,,,,,,,,,,,,,,0.0,0.0,0.0,0.0
[O-]S(=O)(=O)CCC[N+](C)(C)CCNC(=O)CCN(C(C)C)CCN(CCN(C(C)C)CCC(=O)OCCCCCCCCCCCCCCCC)CCN(C(C)C)CCC(=O)OCCCCCCCCCCCCCCCC,-0.7867652093822464,,,,,,,,,,,,,,,,0.0,0.0,0.0,0.0
[O-]S(=O)(=O)CCC[N+](C)(C)CCNC(=O)CCN(CCC(=O)OCCCCCCCCCCCCCCCC)CCN(CCN(CCC(=O)OCCCCCCCCCCCCCCCC)CCC(=O)OCCCCCCCCCCCCCCCC)CCN(CCC(=O)OCCCCCCCCCCCCCCCC)CCC(=O)OCCCCCCCCCCCCCCCC,-0.7867652093822464,,,,,,,,,,,,,,,,0.0,0.0,0.0,0.0
[O-]S(=O)(=O)CCC[N+](C)(C)CCNC(=O)CCN(CCC(=O)OCCCCCCCCCCCCCCCC)CCN(C)CCN(CCC(=O)OCCCCCCCCCCCCCCCC)CCC(=O)OCCCCCCCCCCCCCCCC,-0.7867652093822464,,,,,,,,,,,,,,,,0.0,0.0,0.0,0.0
[O-]S(=O)(=O)CCC[N+](C)(C)CCNC(=O)CCN(CCC(=O)OCCCCCCCCCCCCCCCC)CCCN(C)CCCN(CCC(=O)OCCCCCCCCCCCCCCCC)CCC(=O)OCCCCCCCCCCCCCCCC,-0.7867652093822464,,,,,,,,,,,,,,,,0.0,0.0,0.0,0.0
[O-]S(=O)(=O)CCC[N+](C)(C)CCNC(=O)CCN(CCC(=O)OCCCCCCCCCCCCCCCC)CCCN5CCN(CCCN(CCC(=O)OCCCCCCCCCCCCCCCC)CCC(=O)OCCCCCCCCCCCCCCCC)CC5,-0.7867652093822464,,,,,,,,,,,,,,,,0.0,0.0,0.0,0.0
[O-]S(=O)(=O)CCC[N+](C)(C)CCNC(=O)CCN(C)CCN(CCN(C)CCC(=O)OCCCCCCCCCCCCCCCCCC)CCN(C)CCC(=O)OCCCCCCCCCCCCCCCCCC,-0.7867652093822464,,,,,,,,,,,,,,,,0.0,0.0,0.0,0.0
[O-]S(=O)(=O)CCC[N+](C)(C)CCNC(=O)CCN(C(C)C)CCN(CCN(C(C)C)CCC(=O)OCCCCCCCCCCCCCCCCCC)CCN(C(C)C)CCC(=O)OCCCCCCCCCCCCCCCCCC,0.0224790059823498,,,,,,,,,,,,,,,,0.0,0.0,0.0,0.0
[O-]S(=O)(=O)CCC[N+](C)(C)CCNC(=O)CCN(CCC(=O)OCCCCCCCCCCCCCCCCCC)CCN(CCN(CCC(=O)OCCCCCCCCCCCCCCCCCC)CCC(=O)OCCCCCCCCCCCCCCCCCC)CCN(CCC(=O)OCCCCCCCCCCCCCCCCCC)CCC(=O)OCCCCCCCCCCCCCCCCCC,-0.7867652093822464,,,,,,,,,,,,,,,,0.0,0.0,0.0,0.0
[O-]S(=O)(=O)CCC[N+](C)(C)CCNC(=O)CCN(CCC(=O)OCCCCCCCCCCCCCCCCCC)CCN(C)CCN(CCC(=O)OCCCCCCCCCCCCCCCCCC)CCC(=O)OCCCCCCCCCCCCCCCCCC,-0.7867652093822464,,,,,,,,,,,,,,,,0.0,0.0,0.0,0.0
[O-]S(=O)(=O)CCC[N+](C)(C)CCNC(=O)CCN(CCC(=O)OCCCCCCCCCCCCCCCCCC)CCCN(C)CCCN(CCC(=O)OCCCCCCCCCCCCCCCCCC)CCC(=O)OCCCCCCCCCCCCCCCCCC,-0.7867652093822464,,,,,,,,,,,,,,,,0.0,0.0,0.0,0.0
[O-]S(=O)(=O)CCC[N+](C)(C)CCNC(=O)CCN(CCC(=O)OCCCCCCCCCCCCCCCCCC)CCCN5CCN(CCCN(CCC(=O)OCCCCCCCCCCCCCCCCCC)CCC(=O)OCCCCCCCCCCCCCCCCCC)CC5,0.0224790059823498,,,,,,,,,,,,,,,,0.0,0.0,0.0,0.0
N(CCC(=O)OCCOC(=O)C(C)CSCC/C=C/CC)(CCC(=O)OCCOC(=O)C(C)CSCC/C=C/CC)CCCN1CCN(C)CC1,-0.5256859485014388,,,,,,,,,,,,,,,,0.0,0.0,0.0,0.0
N(CCC(=O)OCCOC(=O)C(C)CSCC/C=C/CC)(CCC(=O)OCCOC(=O)C(C)CSCC/C=C/CC)CCN(C)C,-0.5256859485014388,,,,,,,,,,,,,,,,0.0,0.0,0.0,0.0
N(CCC(=O)OCCOC(=O)C(C)CSCC/C=C/CC)(CCC(=O)OCCOC(=O)C(C)CSCC/C=C/CC)CCCN(C)C,-0.5256859485014388,,,,,,,,,,,,,,,,0.0,0.0,0.0,0.0
OCCN(CCC(=O)OCCOC(=O)C(C)CSCC/C=C/CC)CCCN(CCC(=O)OCCOC(=O)C(C)CSCC/C=C/CC)(CCC(=O)OCCOC(=O)C(C)CSCC/C=C/CC),0.3601922239732082,,,,,,,,,,,,,,,,0.0,0.0,0.0,0.0
N(CCC(=O)OCCOC(=O)C(C)CSCC/C=C/CC)(CCC(=O)OCCOC(=O)C(C)CSCC/C=C/CC)CCCN1CCN(CCCN(CCC(=O)OCCOC(=O)C(C)CSCC/C=C/CC)(CCC(=O)OCCOC(=O)C(C)CSCC/C=C/CC))CC1,0.3601922239732082,,,,,,,,,,,,,,,,0.0,0.0,0.0,0.0
N(CCC(=O)OCCOC(=O)C(C)CSCC/C=C/CC)(CCC(=O)OCCOC(=O)C(C)CSCC/C=C/CC)CCCN(C)CCCN(CCC(=O)OCCOC(=O)C(C)CSCC/C=C/CC)(CCC(=O)OCCOC(=O)C(C)CSCC/C=C/CC),2.1319485689225024,,,,,,,,,,,,,,,,0.0,0.0,0.0,0.0
N(CCN(CCC(=O)OCCOC(=O)C(C)CSCC/C=C/CC)(CCC(=O)OCCOC(=O)C(C)CSCC/C=C/CC))(CCN(CCC(=O)OCCOC(=O)C(C)CSCC/C=C/CC)(CCC(=O)OCCOC(=O)C(C)CSCC/C=C/CC))CCN(CCC(=O)OCCOC(=O)C(C)CSCC/C=C/CC)(CCC(=O)OCCOC(=O)C(C)CSCC/C=C/CC),0.3601922239732082,,,,,,,,,,,,,,,,0.0,0.0,0.0,0.0
N(CCC(=O)OCCOC(=O)C(C)CSCC/C=C\CC)(CCC(=O)OCCOC(=O)C(C)CSCC/C=C\CC)CCCN1CCN(C)CC1,0.3601922239732082,,,,,,,,,,,,,,,,0.0,0.0,0.0,0.0
N(CCC(=O)OCCOC(=O)C(C)CSCC/C=C\CC)(CCC(=O)OCCOC(=O)C(C)CSCC/C=C\CC)CCN(C)C,-1.411564120976086,,,,,,,,,,,,,,,,0.0,0.0,0.0,0.0
N(CCC(=O)OCCOC(=O)C(C)CSCC/C=C\CC)(CCC(=O)OCCOC(=O)C(C)CSCC/C=C\CC)CCCN(C)C,-1.411564120976086,,,,,,,,,,,,,,,,0.0,0.0,0.0,0.0
OCCN(CCC(=O)OCCOC(=O)C(C)CSCC/C=C\CC)CCCN(CCC(=O)OCCOC(=O)C(C)CSCC/C=C\CC)(CCC(=O)OCCOC(=O)C(C)CSCC/C=C\CC),0.3601922239732082,,,,,,,,,,,,,,,,0.0,0.0,0.0,0.0
N(CCC(=O)OCCOC(=O)C(C)CSCC/C=C\CC)(CCC(=O)OCCOC(=O)C(C)CSCC/C=C\CC)CCCN1CCN(CCCN(CCC(=O)OCCOC(=O)C(C)CSCC/C=C\CC)(CCC(=O)OCCOC(=O)C(C)CSCC/C=C\CC))CC1,1.2460703964478552,,,,,,,,,,,,,,,,0.0,0.0,0.0,0.0
N(CCC(=O)OCCOC(=O)C(C)CSCC/C=C\CC)(CCC(=O)OCCOC(=O)C(C)CSCC/C=C\CC)CCCN(C)CCCN(CCC(=O)OCCOC(=O)C(C)CSCC/C=C\CC)(CCC(=O)OCCOC(=O)C(C)CSCC/C=C\CC),2.1319485689225024,,,,,,,,,,,,,,,,0.0,0.0,0.0,0.0
N(CCN(CCC(=O)OCCOC(=O)C(C)CSCC/C=C\CC)(CCC(=O)OCCOC(=O)C(C)CSCC/C=C\CC))(CCN(CCC(=O)OCCOC(=O)C(C)CSCC/C=C\CC)(CCC(=O)OCCOC(=O)C(C)CSCC/C=C\CC))CCN(CCC(=O)OCCOC(=O)C(C)CSCC/C=C\CC)(CCC(=O)OCCOC(=O)C(C)CSCC/C=C\CC),0.3601922239732082,,,,,,,,,,,,,,,,0.0,0.0,0.0,0.0
N(CCC(=O)OCCOC(=O)C(C)CSCCCCCCCC)(CCC(=O)OCCOC(=O)C(C)CSCCCCCCCC)CCCN1CCN(C)CC1,0.3601922239732082,,,,,,,,,,,,,,,,0.0,0.0,0.0,0.0
N(CCC(=O)OCCOC(=O)C(C)CSCCCCCCCC)(CCC(=O)OCCOC(=O)C(C)CSCCCCCCCC)CCN(C)C,-0.5256859485014388,,,,,,,,,,,,,,,,0.0,0.0,0.0,0.0
N(CCC(=O)OCCOC(=O)C(C)CSCCCCCCCC)(CCC(=O)OCCOC(=O)C(C)CSCCCCCCCC)CCCN(C)C,-1.411564120976086,,,,,,,,,,,,,,,,0.0,0.0,0.0,0.0
OCCN(CCC(=O)OCCOC(=O)C(C)CSCCCCCCCC)CCCN(CCC(=O)OCCOC(=O)C(C)CSCCCCCCCC)(CCC(=O)OCCOC(=O)C(C)CSCCCCCCCC),0.3601922239732082,,,,,,,,,,,,,,,,0.0,0.0,0.0,0.0
N(CCC(=O)OCCOC(=O)C(C)CSCCCCCCCC)(CCC(=O)OCCOC(=O)C(C)CSCCCCCCCC)CCCN1CCN(CCCN(CCC(=O)OCCOC(=O)C(C)CSCCCCCCCC)(CCC(=O)OCCOC(=O)C(C)CSCCCCCCCC))CC1,1.2460703964478552,,,,,,,,,,,,,,,,0.0,0.0,0.0,0.0
N(CCC(=O)OCCOC(=O)C(C)CSCCCCCCCC)(CCC(=O)OCCOC(=O)C(C)CSCCCCCCCC)CCCN(C)CCCN(CCC(=O)OCCOC(=O)C(C)CSCCCCCCCC)(CCC(=O)OCCOC(=O)C(C)CSCCCCCCCC),2.1319485689225024,,,,,,,,,,,,,,,,0.0,0.0,0.0,0.0
N(CCN(CCC(=O)OCCOC(=O)C(C)CSCCCCCCCC)(CCC(=O)OCCOC(=O)C(C)CSCCCCCCCC))(CCN(CCC(=O)OCCOC(=O)C(C)CSCCCCCCCC)(CCC(=O)OCCOC(=O)C(C)CSCCCCCCCC))CCN(CCC(=O)OCCOC(=O)C(C)CSCCCCCCCC)(CCC(=O)OCCOC(=O)C(C)CSCCCCCCCC),0.3601922239732082,,,,,,,,,,,,,,,,0.0,0.0,0.0,0.0
N(CCC(=O)OCCOC(=O)C(C)CSC/C=C(C)\CCC=C(C)C)(CCC(=O)OCCOC(=O)C(C)CSC/C=C(C)\CCC=C(C)C)CCCN1CCN(C)CC1,-0.5256859485014388,,,,,,,,,,,,,,,,0.0,0.0,0.0,0.0
N(CCC(=O)OCCOC(=O)C(C)CSC/C=C(C)\CCC=C(C)C)(CCC(=O)OCCOC(=O)C(C)CSC/C=C(C)\CCC=C(C)C)CCN(C)C,-1.411564120976086,,,,,,,,,,,,,,,,0.0,0.0,0.0,0.0
N(CCC(=O)OCCOC(=O)C(C)CSC/C=C(C)\CCC=C(C)C)(CCC(=O)OCCOC(=O)C(C)CSC/C=C(C)\CCC=C(C)C)CCCN(C)C,-1.411564120976086,,,,,,,,,,,,,,,,0.0,0.0,0.0,0.0
OCCN(CCC(=O)OCCOC(=O)C(C)CSC/C=C(C)\CCC=C(C)C)CCCN(CCC(=O)OCCOC(=O)C(C)CSC/C=C(C)\CCC=C(C)C)(CCC(=O)OCCOC(=O)C(C)CSC/C=C(C)\CCC=C(C)C),-0.5256859485014388,,,,,,,,,,,,,,,,0.0,0.0,0.0,0.0
N(CCC(=O)OCCOC(=O)C(C)CSC/C=C(C)\CCC=C(C)C)(CCC(=O)OCCOC(=O)C(C)CSC/C=C(C)\CCC=C(C)C)CCCN1CCN(CCCN(CCC(=O)OCCOC(=O)C(C)CSC/C=C(C)\CCC=C(C)C)(CCC(=O)OCCOC(=O)C(C)CSC/C=C(C)\CCC=C(C)C))CC1,-0.5256859485014388,,,,,,,,,,,,,,,,0.0,0.0,0.0,0.0
N(CCC(=O)OCCOC(=O)C(C)CSC/C=C(C)\CCC=C(C)C)(CCC(=O)OCCOC(=O)C(C)CSC/C=C(C)\CCC=C(C)C)CCCN(C)CCCN(CCC(=O)OCCOC(=O)C(C)CSC/C=C(C)\CCC=C(C)C)(CCC(=O)OCCOC(=O)C(C)CSC/C=C(C)\CCC=C(C)C),-0.5256859485014388,,,,,,,,,,,,,,,,0.0,0.0,0.0,0.0
N(CCN(CCC(=O)OCCOC(=O)C(C)CSC/C=C(C)\CCC=C(C)C)(CCC(=O)OCCOC(=O)C(C)CSC/C=C(C)\CCC=C(C)C))(CCN(CCC(=O)OCCOC(=O)C(C)CSC/C=C(C)\CCC=C(C)C)(CCC(=O)OCCOC(=O)C(C)CSC/C=C(C)\CCC=C(C)C))CCN(CCC(=O)OCCOC(=O)C(C)CSC/C=C(C)\CCC=C(C)C)(CCC(=O)OCCOC(=O)C(C)CSC/C=C(C)\CCC=C(C)C),0.3601922239732082,,,,,,,,,,,,,,,,0.0,0.0,0.0,0.0
N(CCC(=O)OCCOC(=O)C(C)CSCCC/C=C/C)(CCC(=O)OCCOC(=O)C(C)CSCCC/C=C/C)CCCN1CCN(C)CC1,-0.5256859485014388,,,,,,,,,,,,,,,,0.0,0.0,0.0,0.0
N(CCC(=O)OCCOC(=O)C(C)CSCCC/C=C/C)(CCC(=O)OCCOC(=O)C(C)CSCCC/C=C/C)CCN(C)C,-1.411564120976086,,,,,,,,,,,,,,,,0.0,0.0,0.0,0.0
N(CCC(=O)OCCOC(=O)C(C)CSCCC/C=C/C)(CCC(=O)OCCOC(=O)C(C)CSCCC/C=C/C)CCCN(C)C,-0.5256859485014388,,,,,,,,,,,,,,,,0.0,0.0,0.0,0.0
OCCN(CCC(=O)OCCOC(=O)C(C)CSCCC/C=C/C)CCCN(CCC(=O)OCCOC(=O)C(C)CSCCC/C=C/C)(CCC(=O)OCCOC(=O)C(C)CSCCC/C=C/C),-0.5256859485014388,,,,,,,,,,,,,,,,0.0,0.0,0.0,0.0
N(CCC(=O)OCCOC(=O)C(C)CSCCC/C=C/C)(CCC(=O)OCCOC(=O)C(C)CSCCC/C=C/C)CCCN1CCN(CCCN(CCC(=O)OCCOC(=O)C(C)CSCCC/C=C/C)(CCC(=O)OCCOC(=O)C(C)CSCCC/C=C/C))CC1,0.3601922239732082,,,,,,,,,,,,,,,,0.0,0.0,0.0,0.0
N(CCC(=O)OCCOC(=O)C(C)CSCCC/C=C/C)(CCC(=O)OCCOC(=O)C(C)CSCCC/C=C/C)CCCN(C)CCCN(CCC(=O)OCCOC(=O)C(C)CSCCC/C=C/C)(CCC(=O)OCCOC(=O)C(C)CSCCC/C=C/C),2.1319485689225024,,,,,,,,,,,,,,,,0.0,0.0,0.0,0.0
N(CCN(CCC(=O)OCCOC(=O)C(C)CSCCC/C=C/C)(CCC(=O)OCCOC(=O)C(C)CSCCC/C=C/C))(CCN(CCC(=O)OCCOC(=O)C(C)CSCCC/C=C/C)(CCC(=O)OCCOC(=O)C(C)CSCCC/C=C/C))CCN(CCC(=O)OCCOC(=O)C(C)CSCCC/C=C/C)(CCC(=O)OCCOC(=O)C(C)CSCCC/C=C/C),0.3601922239732082,,,,,,,,,,,,,,,,0.0,0.0,0.0,0.0
N(CCC(=O)OCCOC(=O)C(C)CSCCC/C=C\C)(CCC(=O)OCCOC(=O)C(C)CSCCC/C=C\C)CCCN1CCN(C)CC1,-0.5256859485014388,,,,,,,,,,,,,,,,0.0,0.0,0.0,0.0
N(CCC(=O)OCCOC(=O)C(C)CSCCC/C=C\C)(CCC(=O)OCCOC(=O)C(C)CSCCC/C=C\C)CCN(C)C,-1.411564120976086,,,,,,,,,,,,,,,,0.0,0.0,0.0,0.0
N(CCC(=O)OCCOC(=O)C(C)CSCCC/C=C\C)(CCC(=O)OCCOC(=O)C(C)CSCCC/C=C\C)CCCN(C)C,-1.411564120976086,,,,,,,,,,,,,,,,0.0,0.0,0.0,0.0
OCCN(CCC(=O)OCCOC(=O)C(C)CSCCC/C=C\C)CCCN(CCC(=O)OCCOC(=O)C(C)CSCCC/C=C\C)(CCC(=O)OCCOC(=O)C(C)CSCCC/C=C\C),-0.5256859485014388,,,,,,,,,,,,,,,,0.0,0.0,0.0,0.0
N(CCC(=O)OCCOC(=O)C(C)CSCCC/C=C\C)(CCC(=O)OCCOC(=O)C(C)CSCCC/C=C\C)CCCN1CCN(CCCN(CCC(=O)OCCOC(=O)C(C)CSCCC/C=C\C)(CCC(=O)OCCOC(=O)C(C)CSCCC/C=C\C))CC1,-0.5256859485014388,,,,,,,,,,,,,,,,0.0,0.0,0.0,0.0
N(CCC(=O)OCCOC(=O)C(C)CSCCC/C=C\C)(CCC(=O)OCCOC(=O)C(C)CSCCC/C=C\C)CCCN(C)CCCN(CCC(=O)OCCOC(=O)C(C)CSCCC/C=C\C)(CCC(=O)OCCOC(=O)C(C)CSCCC/C=C\C),0.3601922239732082,,,,,,,,,,,,,,,,0.0,0.0,0.0,0.0
N(CCN(CCC(=O)OCCOC(=O)C(C)CSCCC/C=C\C)(CCC(=O)OCCOC(=O)C(C)CSCCC/C=C\C))(CCN(CCC(=O)OCCOC(=O)C(C)CSCCC/C=C\C)(CCC(=O)OCCOC(=O)C(C)CSCCC/C=C\C))CCN(CCC(=O)OCCOC(=O)C(C)CSCCC/C=C\C)(CCC(=O)OCCOC(=O)C(C)CSCCC/C=C\C),0.3601922239732082,,,,,,,,,,,,,,,,0.0,0.0,0.0,0.0
N(CCC(=O)OCCOC(=O)C(C)CSC/C=C\C/C=C\CC)(CCC(=O)OCCOC(=O)C(C)CSC/C=C\C/C=C\CC)CCCN1CCN(C)CC1,-0.5256859485014388,,,,,,,,,,,,,,,,0.0,0.0,0.0,0.0
N(CCC(=O)OCCOC(=O)C(C)CSC/C=C\C/C=C\CC)(CCC(=O)OCCOC(=O)C(C)CSC/C=C\C/C=C\CC)CCN(C)C,-0.5256859485014388,,,,,,,,,,,,,,,,0.0,0.0,0.0,0.0
N(CCC(=O)OCCOC(=O)C(C)CSC/C=C\C/C=C\CC)(CCC(=O)OCCOC(=O)C(C)CSC/C=C\C/C=C\CC)CCCN(C)C,-1.411564120976086,,,,,,,,,,,,,,,,0.0,0.0,0.0,0.0
OCCN(CCC(=O)OCCOC(=O)C(C)CSC/C=C\C/C=C\CC)CCCN(CCC(=O)OCCOC(=O)C(C)CSC/C=C\C/C=C\CC)(CCC(=O)OCCOC(=O)C(C)CSC/C=C\C/C=C\CC),0.3601922239732082,,,,,,,,,,,,,,,,0.0,0.0,0.0,0.0
N(CCC(=O)OCCOC(=O)C(C)CSC/C=C\C/C=C\CC)(CCC(=O)OCCOC(=O)C(C)CSC/C=C\C/C=C\CC)CCCN1CCN(CCCN(CCC(=O)OCCOC(=O)C(C)CSC/C=C\C/C=C\CC)(CCC(=O)OCCOC(=O)C(C)CSC/C=C\C/C=C\CC))CC1,1.2460703964478552,,,,,,,,,,,,,,,,0.0,0.0,0.0,0.0
N(CCC(=O)OCCOC(=O)C(C)CSC/C=C\C/C=C\CC)(CCC(=O)OCCOC(=O)C(C)CSC/C=C\C/C=C\CC)CCCN(C)CCCN(CCC(=O)OCCOC(=O)C(C)CSC/C=C\C/C=C\CC)(CCC(=O)OCCOC(=O)C(C)CSC/C=C\C/C=C\CC),2.1319485689225024,,,,,,,,,,,,,,,,0.0,0.0,0.0,0.0
N(CCN(CCC(=O)OCCOC(=O)C(C)CSC/C=C\C/C=C\CC)(CCC(=O)OCCOC(=O)C(C)CSC/C=C\C/C=C\CC))(CCN(CCC(=O)OCCOC(=O)C(C)CSC/C=C\C/C=C\CC)(CCC(=O)OCCOC(=O)C(C)CSC/C=C\C/C=C\CC))CCN(CCC(=O)OCCOC(=O)C(C)CSC/C=C\C/C=C\CC)(CCC(=O)OCCOC(=O)C(C)CSC/C=C\C/C=C\CC),1.2460703964478552,,,,,,,,,,,,,,,,0.0,0.0,0.0,0.0
N(CCC(=O)OCCOC(=O)C(C)CSC/C=C(C)/CC/C=C(C)/CCC=C(C)C)(CCC(=O)OCCOC(=O)C(C)CSC/C=C(C)/CC/C=C(C)/CCC=C(C)C)CCCN1CCN(C)CC1,-1.411564120976086,,,,,,,,,,,,,,,,0.0,0.0,0.0,0.0
N(CCC(=O)OCCOC(=O)C(C)CSC/C=C(C)/CC/C=C(C)/CCC=C(C)C)(CCC(=O)OCCOC(=O)C(C)CSC/C=C(C)/CC/C=C(C)/CCC=C(C)C)CCN(C)C,-0.5256859485014388,,,,,,,,,,,,,,,,0.0,0.0,0.0,0.0
N(CCC(=O)OCCOC(=O)C(C)CSC/C=C(C)/CC/C=C(C)/CCC=C(C)C)(CCC(=O)OCCOC(=O)C(C)CSC/C=C(C)/CC/C=C(C)/CCC=C(C)C)CCCN(C)C,-0.5256859485014388,,,,,,,,,,,,,,,,0.0,0.0,0.0,0.0
OCCN(CCC(=O)OCCOC(=O)C(C)CSC/C=C(C)/CC/C=C(C)/CCC=C(C)C)CCCN(CCC(=O)OCCOC(=O)C(C)CSC/C=C(C)/CC/C=C(C)/CCC=C(C)C)(CCC(=O)OCCOC(=O)C(C)CSC/C=C(C)/CC/C=C(C)/CCC=C(C)C),-0.5256859485014388,,,,,,,,,,,,,,,,0.0,0.0,0.0,0.0
N(CCC(=O)OCCOC(=O)C(C)CSC/C=C(C)/CC/C=C(C)/CCC=C(C)C)(CCC(=O)OCCOC(=O)C(C)CSC/C=C(C)/CC/C=C(C)/CCC=C(C)C)CCCN1CCN(CCCN(CCC(=O)OCCOC(=O)C(C)CSC/C=C(C)/CC/C=C(C)/CCC=C(C)C)(CCC(=O)OCCOC(=O)C(C)CSC/C=C(C)/CC/C=C(C)/CCC=C(C)C))CC1,-0.5256859485014388,,,,,,,,,,,,,,,,0.0,0.0,0.0,0.0
N(CCC(=O)OCCOC(=O)C(C)CSC/C=C(C)/CC/C=C(C)/CCC=C(C)C)(CCC(=O)OCCOC(=O)C(C)CSC/C=C(C)/CC/C=C(C)/CCC=C(C)C)CCCN(C)CCCN(CCC(=O)OCCOC(=O)C(C)CSC/C=C(C)/CC/C=C(C)/CCC=C(C)C)(CCC(=O)OCCOC(=O)C(C)CSC/C=C(C)/CC/C=C(C)/CCC=C(C)C),-1.411564120976086,,,,,,,,,,,,,,,,0.0,0.0,0.0,0.0
N(CCN(CCC(=O)OCCOC(=O)C(C)CSC/C=C(C)/CC/C=C(C)/CCC=C(C)C)(CCC(=O)OCCOC(=O)C(C)CSC/C=C(C)/CC/C=C(C)/CCC=C(C)C))(CCN(CCC(=O)OCCOC(=O)C(C)CSC/C=C(C)/CC/C=C(C)/CCC=C(C)C)(CCC(=O)OCCOC(=O)C(C)CSC/C=C(C)/CC/C=C(C)/CCC=C(C)C))CCN(CCC(=O)OCCOC(=O)C(C)CSC/C=C(C)/CC/C=C(C)/CCC=C(C)C)(CCC(=O)OCCOC(=O)C(C)CSC/C=C(C)/CC/C=C(C)/CCC=C(C)C),0.3601922239732082,,,,,,,,,,,,,,,,0.0,0.0,0.0,0.0
N(CCC(=O)OCCOC(=O)C(C)CSCCCCCCCC)(CCC(=O)OCCOC(=O)C(C)CSCCCCCCCC)CCCN1CCN(C)CC1,-0.5256859485014388,,,,,,,,,,,,,,,,0.0,0.0,0.0,0.0
N(CCC(=O)OCCOC(=O)C(C)CSCCCCCCCC)(CCC(=O)OCCOC(=O)C(C)CSCCCCCCCC)CCN(C)C,-0.5256859485014388,,,,,,,,,,,,,,,,0.0,0.0,0.0,0.0
N(CCC(=O)OCCOC(=O)C(C)CSCCCCCCCC)(CCC(=O)OCCOC(=O)C(C)CSCCCCCCCC)CCCN(C)C,-1.411564120976086,,,,,,,,,,,,,,,,0.0,0.0,0.0,0.0
OCCN(CCC(=O)OCCOC(=O)C(C)CSCCCCCCCC)CCCN(CCC(=O)OCCOC(=O)C(C)CSCCCCCCCC)(CCC(=O)OCCOC(=O)C(C)CSCCCCCCCC),0.3601922239732082,,,,,,,,,,,,,,,,0.0,0.0,0.0,0.0
N(CCC(=O)OCCOC(=O)C(C)CSCCCCCCCC)(CCC(=O)OCCOC(=O)C(C)CSCCCCCCCC)CCCN1CCN(CCCN(CCC(=O)OCCOC(=O)C(C)CSCCCCCCCC)(CCC(=O)OCCOC(=O)C(C)CSCCCCCCCC))CC1,1.2460703964478552,,,,,,,,,,,,,,,,0.0,0.0,0.0,0.0
N(CCC(=O)OCCOC(=O)C(C)CSCCCCCCCC)(CCC(=O)OCCOC(=O)C(C)CSCCCCCCCC)CCCN(C)CCCN(CCC(=O)OCCOC(=O)C(C)CSCCCCCCCC)(CCC(=O)OCCOC(=O)C(C)CSCCCCCCCC),1.2460703964478552,,,,,,,,,,,,,,,,0.0,0.0,0.0,0.0
N(CCN(CCC(=O)OCCOC(=O)C(C)CSCCCCCCCC)(CCC(=O)OCCOC(=O)C(C)CSCCCCCCCC))(CCN(CCC(=O)OCCOC(=O)C(C)CSCCCCCCCC)(CCC(=O)OCCOC(=O)C(C)CSCCCCCCCC))CCN(CCC(=O)OCCOC(=O)C(C)CSCCCCCCCC)(CCC(=O)OCCOC(=O)C(C)CSCCCCCCCC),0.3601922239732082,,,,,,,,,,,,,,,,0.0,0.0,0.0,0.0
N(CCC(=O)OCCOC(=O)C(C)CSC/C=C/CCC)(CCC(=O)OCCOC(=O)C(C)CSC/C=C/CCC)CCCN1CCN(C)CC1,-1.411564120976086,,,,,,,,,,,,,,,,0.0,0.0,0.0,0.0
N(CCC(=O)OCCOC(=O)C(C)CSC/C=C/CCC)(CCC(=O)OCCOC(=O)C(C)CSC/C=C/CCC)CCN(C)C,-0.5256859485014388,,,,,,,,,,,,,,,,0.0,0.0,0.0,0.0
N(CCC(=O)OCCOC(=O)C(C)CSC/C=C/CCC)(CCC(=O)OCCOC(=O)C(C)CSC/C=C/CCC)CCCN(C)C,-0.5256859485014388,,,,,,,,,,,,,,,,0.0,0.0,0.0,0.0
OCCN(CCC(=O)OCCOC(=O)C(C)CSC/C=C/CCC)CCCN(CCC(=O)OCCOC(=O)C(C)CSC/C=C/CCC)(CCC(=O)OCCOC(=O)C(C)CSC/C=C/CCC),-0.5256859485014388,,,,,,,,,,,,,,,,0.0,0.0,0.0,0.0
N(CCC(=O)OCCOC(=O)C(C)CSC/C=C/CCC)(CCC(=O)OCCOC(=O)C(C)CSC/C=C/CCC)CCCN1CCN(CCCN(CCC(=O)OCCOC(=O)C(C)CSC/C=C/CCC)(CCC(=O)OCCOC(=O)C(C)CSC/C=C/CCC))CC1,0.3601922239732082,,,,,,,,,,,,,,,,0.0,0.0,0.0,0.0
N(CCC(=O)OCCOC(=O)C(C)CSC/C=C/CCC)(CCC(=O)OCCOC(=O)C(C)CSC/C=C/CCC)CCCN(C)CCCN(CCC(=O)OCCOC(=O)C(C)CSC/C=C/CCC)(CCC(=O)OCCOC(=O)C(C)CSC/C=C/CCC),2.1319485689225024,,,,,,,,,,,,,,,,0.0,0.0,0.0,0.0
N(CCN(CCC(=O)OCCOC(=O)C(C)CSC/C=C/CCC)(CCC(=O)OCCOC(=O)C(C)CSC/C=C/CCC))(CCN(CCC(=O)OCCOC(=O)C(C)CSC/C=C/CCC)(CCC(=O)OCCOC(=O)C(C)CSC/C=C/CCC))CCN(CCC(=O)OCCOC(=O)C(C)CSC/C=C/CCC)(CCC(=O)OCCOC(=O)C(C)CSC/C=C/CCC),0.3601922239732082,,,,,,,,,,,,,,,,0.0,0.0,0.0,0.0
N(CCC(=O)OCCOC(=O)C(C)CSC/C=C\CCC)(CCC(=O)OCCOC(=O)C(C)CSC/C=C\CCC)CCCN1CCN(C)CC1,-0.5256859485014388,,,,,,,,,,,,,,,,0.0,0.0,0.0,0.0
N(CCC(=O)OCCOC(=O)C(C)CSC/C=C\CCC)(CCC(=O)OCCOC(=O)C(C)CSC/C=C\CCC)CCN(C)C,-1.411564120976086,,,,,,,,,,,,,,,,0.0,0.0,0.0,0.0
N(CCC(=O)OCCOC(=O)C(C)CSC/C=C\CCC)(CCC(=O)OCCOC(=O)C(C)CSC/C=C\CCC)CCCN(C)C,-1.411564120976086,,,,,,,,,,,,,,,,0.0,0.0,0.0,0.0
OCCN(CCC(=O)OCCOC(=O)C(C)CSC/C=C\CCC)CCCN(CCC(=O)OCCOC(=O)C(C)CSC/C=C\CCC)(CCC(=O)OCCOC(=O)C(C)CSC/C=C\CCC),-0.5256859485014388,,,,,,,,,,,,,,,,0.0,0.0,0.0,0.0
N(CCC(=O)OCCOC(=O)C(C)CSC/C=C\CCC)(CCC(=O)OCCOC(=O)C(C)CSC/C=C\CCC)CCCN1CCN(CCCN(CCC(=O)OCCOC(=O)C(C)CSC/C=C\CCC)(CCC(=O)OCCOC(=O)C(C)CSC/C=C\CCC))CC1,-0.5256859485014388,,,,,,,,,,,,,,,,0.0,0.0,0.0,0.0
N(CCC(=O)OCCOC(=O)C(C)CSC/C=C\CCC)(CCC(=O)OCCOC(=O)C(C)CSC/C=C\CCC)CCCN(C)CCCN(CCC(=O)OCCOC(=O)C(C)CSC/C=C\CCC)(CCC(=O)OCCOC(=O)C(C)CSC/C=C\CCC),2.1319485689225024,,,,,,,,,,,,,,,,0.0,0.0,0.0,0.0
N(CCN(CCC(=O)OCCOC(=O)C(C)CSC/C=C\CCC)(CCC(=O)OCCOC(=O)C(C)CSC/C=C\CCC))(CCN(CCC(=O)OCCOC(=O)C(C)CSC/C=C\CCC)(CCC(=O)OCCOC(=O)C(C)CSC/C=C\CCC))CCN(CCC(=O)OCCOC(=O)C(C)CSC/C=C\CCC)(CCC(=O)OCCOC(=O)C(C)CSC/C=C\CCC),0.3601922239732082,,,,,,,,,,,,,,,,0.0,0.0,0.0,0.0
N(CCC(=O)OCCOC(=O)C(C)CSCCCCC=C)(CCC(=O)OCCOC(=O)C(C)CSCCCCC=C)CCCN1CCN(C)CC1,0.3601922239732082,,,,,,,,,,,,,,,,0.0,0.0,0.0,0.0
N(CCC(=O)OCCOC(=O)C(C)CSCCCCC=C)(CCC(=O)OCCOC(=O)C(C)CSCCCCC=C)CCN(C)C,-0.5256859485014388,,,,,,,,,,,,,,,,0.0,0.0,0.0,0.0
N(CCC(=O)OCCOC(=O)C(C)CSCCCCC=C)(CCC(=O)OCCOC(=O)C(C)CSCCCCC=C)CCCN(C)C,0.3601922239732082,,,,,,,,,,,,,,,,0.0,0.0,0.0,0.0
OCCN(CCC(=O)OCCOC(=O)C(C)CSCCCCC=C)CCCN(CCC(=O)OCCOC(=O)C(C)CSCCCCC=C)(CCC(=O)OCCOC(=O)C(C)CSCCCCC=C),0.3601922239732082,,,,,,,,,,,,,,,,0.0,0.0,0.0,0.0
N(CCC(=O)OCCOC(=O)C(C)CSCCCCC=C)(CCC(=O)OCCOC(=O)C(C)CSCCCCC=C)CCCN1CCN(CCCN(CCC(=O)OCCOC(=O)C(C)CSCCCCC=C)(CCC(=O)OCCOC(=O)C(C)CSCCCCC=C))CC1,0.3601922239732082,,,,,,,,,,,,,,,,0.0,0.0,0.0,0.0
N(CCC(=O)OCCOC(=O)C(C)CSCCCCC=C)(CCC(=O)OCCOC(=O)C(C)CSCCCCC=C)CCCN(C)CCCN(CCC(=O)OCCOC(=O)C(C)CSCCCCC=C)(CCC(=O)OCCOC(=O)C(C)CSCCCCC=C),2.1319485689225024,,,,,,,,,,,,,,,,0.0,0.0,0.0,0.0
N(CCN(CCC(=O)OCCOC(=O)C(C)CSCCCCC=C)(CCC(=O)OCCOC(=O)C(C)CSCCCCC=C))(CCN(CCC(=O)OCCOC(=O)C(C)CSCCCCC=C)(CCC(=O)OCCOC(=O)C(C)CSCCCCC=C))CCN(CCC(=O)OCCOC(=O)C(C)CSCCCCC=C)(CCC(=O)OCCOC(=O)C(C)CSCCCCC=C),0.3601922239732082,,,,,,,,,,,,,,,,0.0,0.0,0.0,0.0
N(CCC(=O)OCCOC(=O)C(C)CSCCC(C)CCC=C(C)C)(CCC(=O)OCCOC(=O)C(C)CSCCC(C)CCC=C(C)C)CCCN1CCN(C)CC1,0.3601922239732082,,,,,,,,,,,,,,,,0.0,0.0,0.0,0.0
N(CCC(=O)OCCOC(=O)C(C)CSCCC(C)CCC=C(C)C)(CCC(=O)OCCOC(=O)C(C)CSCCC(C)CCC=C(C)C)CCN(C)C,-0.5256859485014388,,,,,,,,,,,,,,,,0.0,0.0,0.0,0.0
N(CCC(=O)OCCOC(=O)C(C)CSCCC(C)CCC=C(C)C)(CCC(=O)OCCOC(=O)C(C)CSCCC(C)CCC=C(C)C)CCCN(C)C,-0.5256859485014388,,,,,,,,,,,,,,,,0.0,0.0,0.0,0.0
OCCN(CCC(=O)OCCOC(=O)C(C)CSCCC(C)CCC=C(C)C)CCCN(CCC(=O)OCCOC(=O)C(C)CSCCC(C)CCC=C(C)C)(CCC(=O)OCCOC(=O)C(C)CSCCC(C)CCC=C(C)C),0.3601922239732082,,,,,,,,,,,,,,,,0.0,0.0,0.0,0.0
N(CCC(=O)OCCOC(=O)C(C)CSCCC(C)CCC=C(C)C)(CCC(=O)OCCOC(=O)C(C)CSCCC(C)CCC=C(C)C)CCCN1CCN(CCCN(CCC(=O)OCCOC(=O)C(C)CSCCC(C)CCC=C(C)C)(CCC(=O)OCCOC(=O)C(C)CSCCC(C)CCC=C(C)C))CC1,1.2460703964478552,,,,,,,,,,,,,,,,0.0,0.0,0.0,0.0
N(CCC(=O)OCCOC(=O)C(C)CSCCC(C)CCC=C(C)C)(CCC(=O)OCCOC(=O)C(C)CSCCC(C)CCC=C(C)C)CCCN(C)CCCN(CCC(=O)OCCOC(=O)C(C)CSCCC(C)CCC=C(C)C)(CCC(=O)OCCOC(=O)C(C)CSCCC(C)CCC=C(C)C),1.2460703964478552,,,,,,,,,,,,,,,,0.0,0.0,0.0,0.0
N(CCN(CCC(=O)OCCOC(=O)C(C)CSCCC(C)CCC=C(C)C)(CCC(=O)OCCOC(=O)C(C)CSCCC(C)CCC=C(C)C))(CCN(CCC(=O)OCCOC(=O)C(C)CSCCC(C)CCC=C(C)C)(CCC(=O)OCCOC(=O)C(C)CSCCC(C)CCC=C(C)C))CCN(CCC(=O)OCCOC(=O)C(C)CSCCC(C)CCC=C(C)C)(CCC(=O)OCCOC(=O)C(C)CSCCC(C)CCC=C(C)C),0.3601922239732082,,,,,,,,,,,,,,,,0.0,0.0,0.0,0.0
N(C)(C)CCCN(C(=O)CCCCCCCC/C=C\C/C=C\C/C=C\CC)C(CCCC(=O)OCCC#CCCCCCC)(CCCC(=O)OCCC#CCCCCCC)C(=O)NC(C)(C)C,0.2373787870177469,,,,,,,,,,,,,,,,0.0,0.0,0.0,0.0
N(C)(C)CCCN(C(=O)CCCCCCC/C=C\CCCCCCCC)C(CCCC(=O)OCCC#CCCCCCC)(CCCC(=O)OCCC#CCCCCCC)C(=O)NC(C)(C)C,0.961024758052238,,,,,,,,,,,,,,,,0.0,0.0,0.0,0.0
N(C)(C)CCCN(C(=O)CCCCCCC/C=C\CCCCCCCC)C(CCCC(=O)OCCCCCCCC/C=C\CCCCCCCC)(CCCC(=O)OCCCCCCCC/C=C\CCCCCCCC)C(=O)NC(C)(C)C,0.033087447031645,,,,,,,,,,,,,,,,0.0,0.0,0.0,0.0
N(C)(C)CCCN(C(=O)CCCCCCC/C=C\C/C=C\CCCCC)C(CCCC(=O)OCCC#CCCCCCC)(CCCC(=O)OCCC#CCCCCCC)C(=O)NCCCC,0.8139210247735129,,,,,,,,,,,,,,,,0.0,0.0,0.0,0.0
N(C)(C)CCCN(C(=O)CCCCCCC/C=C\CCCCCCCC)C(CCCC(=O)OCCC#CCCCCCC)(CCCC(=O)OCCC#CCCCCCC)C(=O)NC(C)(C)C,0.8382197683214462,,,,,,,,,,,,,,,,0.0,0.0,0.0,0.0
N(C)(C)CCCN(C(=O)C)C(CCCC(=O)OCCCCCCCC/C=C\C/C=C\CCCCC)(CCCC(=O)OCCCCCCCC/C=C\C/C=C\CCCCC)C(=O)NCCCCCCCC/C=C\CCCCCCCC,-0.7284936106184773,,,,,,,,,,,,,,,,0.0,0.0,0.0,0.0
N(C)(C)CCCN(C(=O)C)C(CCCC(=O)OCCCCCCCC/C=C\C/C=C\CCCCC)(CCCC(=O)OCCCCCCCC/C=C\C/C=C\CCCCC)C(=O)NC(C)(C)C,-1.4869935809294443,,,,,,,,,,,,,,,,0.0,0.0,0.0,0.0
N(C)(C)CCCN(C(=O)CCCCCCC/C=C\C/C=C\CCCCC)C(CCCC(=O)OCCCCCCCC/C=C\C/C=C\CCCCC)(CCCC(=O)OCCCCCCCC/C=C\C/C=C\CCCCC)C(=O)NC12C[CH]3C[CH](C[CH](C3)C1)C2,0.4664140267111292,,,,,,,,,,,,,,,,0.0,0.0,0.0,0.0
N(C)(C)CCCN(C(=O)CCCCCCC/C=C\C/C=C\CCCCC)C(CCCC(=O)OCCCCCCCC/C=C\C/C=C\CCCCC)(CCCC(=O)OCCCCCCCC/C=C\C/C=C\CCCCC)C(=O)NCCCCCCCC/C=C\CCCCCCCC,-0.2221178192508092,,,,,,,,,,,,,,,,0.0,0.0,0.0,0.0
N(C)(C)CCCN(C(=O)C)C(CCCC(=O)OCCCCCCCC/C=C\C/C=C\CCCCC)(CCCC(=O)OCCCCCCCC/C=C\C/C=C\CCCCC)C(=O)NC12C[CH]3C[CH](C[CH](C3)C1)C2,-1.5562934433112194,,,,,,,,,,,,,,,,0.0,0.0,0.0,0.0
N(C)(C)CCCN(C(=O)C)C(CCCC(=O)OCCCCCCCC/C=C\CCCCCCCC)(CCCC(=O)OCCC#CCCCCCC)C(=O)NCCCCCCCC/C=C\CCCCCCCC,-1.8903454139341245,,,,,,,,,,,,,,,,0.0,0.0,0.0,0.0
N(C)(C)CCCN(C(=O)C)C(CCCC(=O)OCCCCCCCC/C=C\CCCCCCCC)(CCCC(=O)OCCCCCCCC/C=C\CCCCCCCC)C(=O)NCCCCCCCC/C=C\CCCCCCCC,-0.9355415682194432,,,,,,,,,,,,,,,,0.0,0.0,0.0,0.0
N(C)(C)CCCN(C(=O)CCCCCCC/C=C\CCCCCCCC)C(CCCC(=O)OCCCCCCCC/C=C\C/C=C\CCCCC)(CCCC(=O)OCCCCCCCC/C=C\C/C=C\CCCCC)C(=O)NCCCCCCCC/C=C\CCCCCCCC,0.0119497531482305,,,,,,,,,,,,,,,,0.0,0.0,0.0,0.0
N(C)(C)CCCN(C(=O)C)C(CCCC(=O)OCCC#CCCCCCC)(CCCC(=O)OCCC#CCCCCCC)C(=O)NCCCCCCCC/C=C\CCCCCCCC,-2.386300188305198,,,,,,,,,,,,,,,,0.0,0.0,0.0,0.0
N(C)(C)CCCN(C(=O)C)C(CCCC(=O)OCCC#CCCCCCC)(CCCC(=O)OCCC#CCCCCCC)C(=O)NC(C)(C)C,-2.0987695039794945,,,,,,,,,,,,,,,,0.0,0.0,0.0,0.0
CNCCCN(C(=O)CCCCCCCC/C=C\C/C=C\C/C=C\CC)C(CCCC(=O)OCCC#CCCCCCC)(CCCC(=O)OCCC#CCCCCCC)C(=O)NC12C[CH]3C[CH](C[CH](C3)C1)C2,-0.3773048773240251,,,,,,,,,,,,,,,,0.0,0.0,0.0,0.0
N(C)(C)CCCN(C(=O)CCCCCCC/C=C\CCCCCCCC)C(CCCC(=O)OCCC#CCCCCCC)(CCCC(=O)OCCC#CCCCCCC)C(=O)NC12C[CH]3C[CH](C[CH](C3)C1)C2,0.6691217716069697,,,,,,,,,,,,,,,,0.0,0.0,0.0,0.0
N(C)(C)CCCN(C(=O)CCCCCCCC/C=C\C/C=C\C/C=C\CC)C(CCCC(=O)OCCC#CCCCCCC)(CCCC(=O)OCCC#CCCCCCC)C(=O)NC12C[CH]3C[CH](C[CH](C3)C1)C2,0.5039486212548219,,,,,,,,,,,,,,,,0.0,0.0,0.0,0.0
N(C)(C)CCCN(C(=O)CCCCCCC/C=C\C/C=C\CCCCC)C(CCCC(=O)OCCC#CCCCCCC)(CCCC(=O)OCCC#CCCCCCC)C(=O)NC12C[CH]3C[CH](C[CH](C3)C1)C2,0.9893473085042696,,,,,,,,,,,,,,,,0.0,0.0,0.0,0.0
N(C)(C)CCCN(C(=O)CCCC\C=C/C\C=C/C\C=C/CCCCC)C(CCCC(=O)OCCC#CCCCCCC)(CCCC(=O)OCCC#CCCCCCC)C(=O)NC12C[CH]3C[CH](C[CH](C3)C1)C2,0.8463342190578249,,,,,,,,,,,,,,,,0.0,0.0,0.0,0.0
N(C)(C)CCCN(C(=O)CC/C=C\C/C=C\C/C=C\C/C=C\C/C=C\C/C=C\CC)C(CCCC(=O)OCCC#CCCCCCC)(CCCC(=O)OCCC#CCCCCCC)C(=O)NC12C[CH]3C[CH](C[CH](C3)C1)C2,1.263623074040231,,,,,,,,,,,,,,,,0.0,0.0,0.0,0.0
N(C)(C)CCCNCCCN(C(=O)CCCCCCCC/C=C\C/C=C\C/C=C\CC)C(CCCC(=O)OCCCCCCCC/C=C\CCCCCCCC)(CCCC(=O)OCCCCCCCC/C=C\CCCCCCCC)C(=O)NC12C[CH]3C[CH](C[CH](C3)C1)C2,-2.121950363463798,,,,,,,,,,,,,,,,0.0,0.0,0.0,0.0
N(C)(C)CCCN(C(=O)CC/C=C\C/C=C\C/C=C\C/C=C\C/C=C\C/C=C\CC)C(CCCC(=O)OCCC#CCCCCCC)(CCCC(=O)OCCC#CCCCCCC)C(=O)NCCCC,0.4758285061738779,,,,,,,,,,,,,,,,0.0,0.0,0.0,0.0
N(CC)(CC)CCCN(C(=O)CC/C=C\C/C=C\C/C=C\C/C=C\C/C=C\C/C=C\CC)C(CCCC(=O)OCCCCC#CCCCC)(CCCC(=O)OCCCCC#CCCCC)C(=O)NC12C[CH]3C[CH](C[CH](C3)C1)C2,-0.9910376862414506,,,,,,,,,,,,,,,,0.0,0.0,0.0,0.0
N(CC)(CC)CCCN(C(=O)CCCCCCC/C=C\C/C=C\CCCCC)C(CCCC(=O)OCCCCC#CCCCC)(CCCC(=O)OCCCCC#CCCCC)C(=O)NC12C[CH]3C[CH](C[CH](C3)C1)C2,-1.0014445671970733,,,,,,,,,,,,,,,,0.0,0.0,0.0,0.0
N(CC)(CC)CCCN(C(=O)CC/C=C\C/C=C\C/C=C\C/C=C\C/C=C\C/C=C\CC)C(CCCC(=O)OC(CCCCCCCC)CCCCCCCC)(CCCC(=O)OC(CCCCCCCC)CCCCCCCC)C(=O)NC12C[CH]3C[CH](C[CH](C3)C1)C2,-1.1283551646563577,,,,,,,,,,,,,,,,0.0,0.0,0.0,0.0
N(CC)(CC)CCCN(C(=O)CC/C=C\C/C=C\C/C=C\C/C=C\C/C=C\C/C=C\CC)C(CCCC(=O)OC(CCCCCCCC)CCCCCCCC)(CCCC(=O)OC(CCCCCCCC)CCCCCCCC)C(=O)NCCCC,-0.7820408158917386,,,,,,,,,,,,,,,,0.0,0.0,0.0,0.0
N(C)(C)CCCN(C(=O)CCCCCCC/C=C\C/C=C\CCCCC)C(CCCC(=O)OCCC#CCCCCCC)(CCCC(=O)OCCC#CCCCCCC)C(=O)NCCCCCCCC/C=C\CCCCCCCC,1.092624896004478,,,,,,,,,,,,,,,,0.0,0.0,0.0,0.0
N(C)(C)CCCN(C(=O)CC/C=C\C/C=C\C/C=C\C/C=C\C/C=C\C/C=C\CC)C(CCCC(=O)OCCC#CCCCCCC)(CCCC(=O)OCCC#CCCCCCC)C(=O)NCCCCCCCC/C=C\CCCCCCCC,0.8003439901042931,,,,,,,,,,,,,,,,0.0,0.0,0.0,0.0
CCN(CC)CCCCN(C(=O)CC/C=C\C/C=C\C/C=C\C/C=C\C/C=C\C/C=C\CC)C(CCCC(=O)OCCC#CCCCCCC)(CCCC(=O)OCCC#CCCCCCC)C(=O)NCCCCCCCC/C=C\CCCCCCCC,-0.7107164995602052,,,,,,,,,,,,,,,,0.0,0.0,0.0,0.0
CCN(CC)CCCCN(C(=O)CC/C=C\C/C=C\C/C=C\C/C=C\C/C=C\C/C=C\CC)C(CCCC(=O)OCC(CCC)CCC)(CCCC(=O)OCC(CCC)CCC)C(=O)NCCCCCCCC/C=C\CCCCCCCC,0.6606055292310249,,,,,,,,,,,,,,,,0.0,0.0,0.0,0.0
CCN(CC)CCCCN(C(=O)CC/C=C\C/C=C\C/C=C\C/C=C\C/C=C\C/C=C\CC)C(CCCC(=O)OCC(CCC)CCC)(CCCC(=O)OCC(CCC)CCC)C(=O)NCCCC,0.7715717927909855,,,,,,,,,,,,,,,,0.0,0.0,0.0,0.0
CCN(CC)CCCCN(C(=O)CC/C=C\C/C=C\C/C=C\C/C=C\C/C=C\C/C=C\CC)C(CCCC(=O)OCC(CCC)CCC)(CCCC(=O)OCC(CCC)CCC)C(=O)NC(C)(C)C,0.5511061803437203,,,,,,,,,,,,,,,,0.0,0.0,0.0,0.0
N(C)(C)CCCCN(C(=O)CC/C=C\C/C=C\C/C=C\C/C=C\C/C=C\C/C=C\CC)C(CCCC(=O)OCC(CCC)CCC)(CCCC(=O)OCC(CCC)CCC)C(=O)NCCCC,-0.4252107491516142,,,,,,,,,,,,,,,,0.0,0.0,0.0,0.0
N(C)(C)CCCN(C(=O)CC/C=C\C/C=C\C/C=C\C/C=C\C/C=C\C/C=C\CC)C(CCCC(=O)OCC(CCC)CCC)(CCCC(=O)OCC(CCC)CCC)C(=O)NC12C[CH]3C[CH](C[CH](C3)C1)C2,0.3239718366158816,,,,,,,,,,,,,,,,0.0,0.0,0.0,0.0
CCN(CC)CCCCN(C(=O)CC/C=C\C/C=C\C/C=C\C/C=C\C/C=C\C/C=C\CC)C(CCCC(=O)OCC(CCC)CCC)(CCCC(=O)OCC(CCC)CCC)C(=O)NC12C[CH]3C[CH](C[CH](C3)C1)C2,0.6357750113365933,,,,,,,,,,,,,,,,0.0,0.0,0.0,0.0
CCN(CC)CCCCN(C(=O)CC/C=C\C/C=C\C/C=C\C/C=C\C/C=C\C/C=C\CC)C(CCCC(=O)OCC1=CC[C@@H](C(=C)C)CC1)(CCCC(=O)OCC2=CC[C@@H](C(=C)C)CC2)C(=O)NCCCCCCCC/C=C\CCCCCCCC,0.5001218002644549,,,,,,,,,,,,,,,,0.0,0.0,0.0,0.0
CCN(CC)CCCCN(C(=O)CC/C=C\C/C=C\C/C=C\C/C=C\C/C=C\C/C=C\CC)C(CCCC(=O)OCC4=CC[C@@H](C(=C)C)CC4)(CCCC(=O)OCC5=CC[C@@H](C(=C)C)CC5)C(=O)NC12C[CH]3C[CH](C[CH](C3)C1)C2,0.4999122797733072,,,,,,,,,,,,,,,,0.0,0.0,0.0,0.0
N(C)(C)CCCCN(C(=O)CC/C=C\C/C=C\C/C=C\C/C=C\C/C=C\C/C=C\CC)C(CCCC(=O)OCC1=CC[C@@H](C(=C)C)CC1)(CCCC(=O)OCC2=CC[C@@H](C(=C)C)CC2)C(=O)NCCCC,-0.3243697436384211,,,,,,,,,,,,,,,,0.0,0.0,0.0,0.0
CCN(CC)CCCCN(C(=O)CC/C=C\C/C=C\C/C=C\C/C=C\C/C=C\C/C=C\CC)C(CCCC(=O)OCC1=CC[C@@H](C(=C)C)CC1)(CCCC(=O)OCC2=CC[C@@H](C(=C)C)CC2)C(=O)NC(C)(C)C,-0.3243697436384211,,,,,,,,,,,,,,,,0.0,0.0,0.0,0.0
CCN(CC)CCCCN(C(=O)CC/C=C\C/C=C\C/C=C\C/C=C\C/C=C\C/C=C\CC)C(CCCC(=O)OCC1=CC[C@@H](C(=C)C)CC1)(CCCC(=O)OCC2=CC[C@@H](C(=C)C)CC2)C(=O)NCCCC,0.4999122797733072,,,,,,,,,,,,,,,,0.0,0.0,0.0,0.0
N(C)(C)CCCCN(C(=O)CC/C=C\C/C=C\C/C=C\C/C=C\C/C=C\C/C=C\CC)C(CCCC(=O)O[C@H]1[C@H](C(=C)C)CC[C@@H](C)C1)(CCCC(=O)O[C@H]2[C@H](C(=C)C)CC[C@@H](C)C2)C(=O)NCCCC,0.51625399008425,,,,,,,,,,,,,,,,0.0,0.0,0.0,0.0
N(C)(C)CCCN(C(=O)CCC/C=C\CCCCCC)C(CCCC(=O)OCCC#CCCCCCC)(CCCC(=O)OCCC#CCCCCCC)C(=O)NCCCC,0.2966574912009855,,,,,,,,,,,,,,,,0.0,0.0,0.0,0.0
CCN(CC)CCCCN(C(=O)CCC/C=C\CCCCCC)C(CCCC(=O)OCC1=CC[C@@H](C(=C)C)CC1)(CCCC(=O)OCC2=CC[C@@H](C(=C)C)CC2)C(=O)NCCCC,-1.691066397793484,,,,,,,,,,,,,,,,0.0,0.0,0.0,0.0
N(C)(C)CCCN(C(=O)CCC/C=C\CCCCCC)C(CCCC(=O)OCCC#CCCCCCC)(CCCC(=O)OCCC#CCCCCCC)C(=O)NCCCCCCCC/C=C\CCCCCCCC,0.9913920118875418,,,,,,,,,,,,,,,,0.0,0.0,0.0,0.0
N(C)(C)CCCN(C(=O)CCCCC(=O)OC(CCCCCCCC)CCCCCCCC)C(CCCC(=O)OCCCCC#CCCCC)(CCCC(=O)OCCCCC#CCCCC)C(=O)NCCCC,0.9032611669341272,,,,,,,,,,,,,,,,0.0,0.0,0.0,0.0
N(C)(C)CCCN(C(=O)CCCCC(=O)OC(CCCCCCCC)CCCCCCCC)C(CCCC(=O)OCCC#CCCCCC)(CCCC(=O)OCCC#CCCCCC)C(=O)NCCCC,1.0123110293423676,,,,,,,,,,,,,,,,0.0,0.0,0.0,0.0
N(C)(C)CCCN(C(=O)CCCCC(=O)OC(CCCCCCCC)CCCCCCCC)C(CCCC(=O)OCCC#CCCCC)(CCCC(=O)OCCC#CCCCC)C(=O)NCCCC,0.6952985142011582,,,,,,,,,,,,,,,,0.0,0.0,0.0,0.0
N(C)(C)CCCN(C(=O)CCCCC(=O)OC(CCCCCCCC)CCCCCCCC)C(CCCC(=O)OCCC#CCCC)(CCCC(=O)OCCC#CCCC)C(=O)NCCCC,0.7927046940765433,,,,,,,,,,,,,,,,0.0,0.0,0.0,0.0
N(C)(C)CCCN(C(=O)CCCCC(=O)OC(CCCCCCCC)CCCCCCCC)C(CCCC(=O)OCCC#CCC)(CCCC(=O)OCCC#CCC)C(=O)NCCCC,0.3775015814551203,,,,,,,,,,,,,,,,0.0,0.0,0.0,0.0
N(C)(C)CCCN(C(=O)CCCCC(=O)OC(CCCCCCCC)CCCCCCCC)C(CCCC(=O)OCCC#CC)(CCCC(=O)OCCC#CC)C(=O)NCCCC,-1.1970335624775594,,,,,,,,,,,,,,,,0.0,0.0,0.0,0.0
N(C)(C)CCCN(C(=O)CCCCC(=O)OCC(CCCCCCCC)CCCCCC)C(CCCC(=O)OCCC#CCCCCCC)(CCCC(=O)OCCC#CCCCCCC)C(=O)NCCCC,1.1367719300309838,,,,,,,,,,,,,,,,0.0,0.0,0.0,0.0
N(C)(C)CCCN(C(=O)CCCCC(=O)OCCC#CCCCCCC)C(CCCC(=O)OCCC#CCCCCCC)(CCCC(=O)OCCC#CCCCCCC)C(=O)NCCCC,-0.5626162432016204,,,,,,,,,,,,,,,,0.0,0.0,0.0,0.0
CCN(CC)CCCCN(C(=O)CCCCC(=O)OC(CCCCCCCC)CCCCCCCC)C(CCCC(=O)OCC(CCC)CCC)(CCCC(=O)OCC(CCC)CCC)C(=O)NCCCC,0.1476506590598672,,,,,,,,,,,,,,,,0.0,0.0,0.0,0.0
CCN(CC)CCCCN(C(=O)CCCCC(=O)OCC(CCC)CCC)C(CCCC(=O)OCC(CCC)CCC)(CCCC(=O)OCC(CCC)CCC)C(=O)NCCCC,-1.5108116566302203,,,,,,,,,,,,,,,,0.0,0.0,0.0,0.0
N(C)(C)CCCN(C(=O)CCCCC(=O)OC(CCCCCCCC)CCCCCCCC)C(CCCC(=O)OCCC#CCCCCCC)(CCCC(=O)OCCC#CCCCCCC)C(=O)NCCCC,1.279020378414445,,,,,,,,,,,,,,,,0.0,0.0,0.0,0.0
N(C)(C)CCCN(C(=O)CCCCC(=O)OCC(CCC)CCC)C(CCCC(=O)OCCC#CCCCCCC)(CCCC(=O)OCCC#CCCCCCC)C(=O)NCCCC,-0.7413197970949236,,,,,,,,,,,,,,,,0.0,0.0,0.0,0.0
CCN(CC)CCCCN(C(=O)CCCCC(=O)OC(CCCCCCCC)CCCCCCCC)C(CCCC(=O)OCC1=CC[C@@H](C(=C)C)CC1)(CCCC(=O)OCC2=CC[C@@H](C(=C)C)CC2)C(=O)NCCCC,1.3599276793077837,,,,,,,,,,,,,,,,0.0,0.0,0.0,0.0
CCN(CC)CCCCN(C(=O)CCCCC(=O)OCC(CCC)CCC)C(CCCC(=O)OCC1=CC[C@@H](C(=C)C)CC1)(CCCC(=O)OCC2=CC[C@@H](C(=C)C)CC2)C(=O)NCCCC,-2.14156721651442,,,,,,,,,,,,,,,,0.0,0.0,0.0,0.0
N(C)(C)CCCN(C(=O)CCCCC(=O)OC(CCCCCCCC)CCCCCCCC)C(CCCC(=O)OCCCCCCCC/C=C\C/C=C\CCCCC)(CCCC(=O)OCCCCCCCC/C=C\C/C=C\CCCCC)C(=O)NC(C)(C)C,0.2534212288386999,,,,,,,,,,,,,,,,0.0,0.0,0.0,0.0
N(C)(C)CCCN(C(=O)CC/C=C\C/C=C\C/C=C\C/C=C\C/C=C\C/C=C\CC)C(CCCC(=O)OCCC#CCCCCCC)(CCCC(=O)OCCC#CCCCCCC)C(=O)NC(C)(C)C,-1.2914892248194054,,,,,,,,,,,,,,,,0.0,0.0,0.0,0.0
N(C)(C)CCCN(C(=O)CCCCCCCC/C=C\C/C=C\C/C=C\CC)C(CCCC(=O)OCCC#CCCCCCC)(CCCC(=O)OCCC#CCCCCCC)C(=O)NC(C)(C)C,-0.65668943634885,,,,,,,,,,,,,,,,0.0,0.0,0.0,0.0
N(C)(C)CCCN(C(=O)CCCCCCC/C=C\CCCCCCCC)C(CCCC(=O)OCCC#CCCCCCC)(CCCC(=O)OCCC#CCCCCCC)C(=O)NC(C)(C)C,1.565109823298093,,,,,,,,,,,,,,,,0.0,0.0,0.0,0.0
N(C)(C)CCCN(C(=O)CCCCCCC/C=C\CCCCCCCC)C(CCCC(=O)OCCCCCCCC/C=C\CCCCCCCC)(CCCC(=O)OCCCCCCCC/C=C\CCCCCCCC)C(=O)NC(C)(C)C,-1.6088891190546828,,,,,,,,,,,,,,,,0.0,0.0,0.0,0.0
N(C)(C)CCCN(C(=O)CCCCCCC/C=C\C/C=C\CCCCC)C(CCCC(=O)OCCC#CCCCCCC)(CCCC(=O)OCCC#CCCCCCC)C(=O)NCCCC,1.2477099290628149,,,,,,,,,,,,,,,,0.0,0.0,0.0,0.0
N(C)(C)CCCN(C(=O)CCCCCCC/C=C\CCCCCCCC)C(CCCC(=O)OCCC#CCCCCCC)(CCCC(=O)OCCC#CCCCCCC)C(=O)NC(C)(C)C,1.2477099290628149,,,,,,,,,,,,,,,,0.0,0.0,0.0,0.0
N(C)(C)CCCN(C(=O)C)C(CCCC(=O)OCCCCCCCC/C=C\C/C=C\CCCCC)(CCCC(=O)OCCCCCCCC/C=C\C/C=C\CCCCC)C(=O)NCCCCCCCC/C=C\CCCCCCCC,-0.65668943634885,,,,,,,,,,,,,,,,0.0,0.0,0.0,0.0
N(C)(C)CCCN(C(=O)CCCCCCC/C=C\C/C=C\CCCCC)C(CCCC(=O)OCCCCCCCC/C=C\C/C=C\CCCCC)(CCCC(=O)OCCCCCCCC/C=C\C/C=C\CCCCC)C(=O)NC12C[CH]3C[CH](C[CH](C3)C1)C2,0.2955102463569821,,,,,,,,,,,,,,,,0.0,0.0,0.0,0.0
N(C)(C)CCCN(C(=O)CCCCCCC/C=C\C/C=C\CCCCC)C(CCCC(=O)OCCCCCCCC/C=C\C/C=C\CCCCC)(CCCC(=O)OCCCCCCCC/C=C\C/C=C\CCCCC)C(=O)NCCCCCCCC/C=C\CCCCCCCC,-0.9740893305841278,,,,,,,,,,,,,,,,0.0,0.0,0.0,0.0
N(C)(C)CCCN(C(=O)CCCCCCC/C=C\CCCCCCCC)C(CCCC(=O)OCCCCCCCC/C=C\C/C=C\CCCCC)(CCCC(=O)OCCCCCCCC/C=C\C/C=C\CCCCC)C(=O)NCCCCCCCC/C=C\CCCCCCCC,-0.65668943634885,,,,,,,,,,,,,,,,0.0,0.0,0.0,0.0
CNCCCN(C(=O)CCCCCCCC/C=C\C/C=C\C/C=C\CC)C(CCCC(=O)OCCC#CCCCCCC)(CCCC(=O)OCCC#CCCCCCC)C(=O)NC12C[CH]3C[CH](C[CH](C3)C1)C2,-0.9740893305841278,,,,,,,,,,,,,,,,0.0,0.0,0.0,0.0
N(C)(C)CCCN(C(=O)CCCCCCC/C=C\CCCCCCCC)C(CCCC(=O)OCCC#CCCCCCC)(CCCC(=O)OCCC#CCCCCCC)C(=O)NC12C[CH]3C[CH](C[CH](C3)C1)C2,0.2955102463569821,,,,,,,,,,,,,,,,0.0,0.0,0.0,0.0
N(C)(C)CCCN(C(=O)CCCCCCCC/C=C\C/C=C\C/C=C\CC)C(CCCC(=O)OCCC#CCCCCCC)(CCCC(=O)OCCC#CCCCCCC)C(=O)NC12C[CH]3C[CH](C[CH](C3)C1)C2,-0.65668943634885,,,,,,,,,,,,,,,,0.0,0.0,0.0,0.0
N(C)(C)CCCN(C(=O)CCCCCCC/C=C\C/C=C\CCCCC)C(CCCC(=O)OCCC#CCCCCCC)(CCCC(=O)OCCC#CCCCCCC)C(=O)NC12C[CH]3C[CH](C[CH](C3)C1)C2,0.9303100348275376,,,,,,,,,,,,,,,,0.0,0.0,0.0,0.0
N(C)(C)CCCN(C(=O)CCCC\C=C/C\C=C/C\C=C/CCCCC)C(CCCC(=O)OCCC#CCCCCCC)(CCCC(=O)OCCC#CCCCCCC)C(=O)NC12C[CH]3C[CH](C[CH](C3)C1)C2,0.6129101405922599,,,,,,,,,,,,,,,,0.0,0.0,0.0,0.0
N(C)(C)CCCN(C(=O)CC/C=C\C/C=C\C/C=C\C/C=C\C/C=C\C/C=C\CC)C(CCCC(=O)OCCC#CCCCCCC)(CCCC(=O)OCCC#CCCCCCC)C(=O)NC12C[CH]3C[CH](C[CH](C3)C1)C2,0.2955102463569821,,,,,,,,,,,,,,,,0.0,0.0,0.0,0.0
N(C)(C)CCCN(C(=O)CC/C=C\C/C=C\C/C=C\C/C=C\C/C=C\C/C=C\CC)C(CCCC(=O)OCCC#CCCCCCC)(CCCC(=O)OCCC#CCCCCCC)C(=O)NCCCC,0.6129101405922599,,,,,,,,,,,,,,,,0.0,0.0,0.0,0.0
N(CC)(CC)CCCN(C(=O)CC/C=C\C/C=C\C/C=C\C/C=C\C/C=C\C/C=C\CC)C(CCCC(=O)OC(CCCCCCCC)CCCCCCCC)(CCCC(=O)OC(CCCCCCCC)CCCCCCCC)C(=O)NCCCC,-1.6088891190546828,,,,,,,,,,,,,,,,0.0,0.0,0.0,0.0
N(C)(C)CCCN(C(=O)CC/C=C\C/C=C\C/C=C\C/C=C\C/C=C\C/C=C\CC)C(CCCC(=O)OCCC#CCCCCCC)(CCCC(=O)OCCC#CCCCCCC)C(=O)NCCCCCCCC/C=C\CCCCCCCC,-0.021889647878295,,,,,,,,,,,,,,,,0.0,0.0,0.0,0.0
CCN(CC)CCCCN(C(=O)CC/C=C\C/C=C\C/C=C\C/C=C\C/C=C\C/C=C\CC)C(CCCC(=O)OCCC#CCCCCCC)(CCCC(=O)OCCC#CCCCCCC)C(=O)NCCCCCCCC/C=C\CCCCCCCC,-0.65668943634885,,,,,,,,,,,,,,,,0.0,0.0,0.0,0.0
CCN(CC)CCCCN(C(=O)CC/C=C\C/C=C\C/C=C\C/C=C\C/C=C\C/C=C\CC)C(CCCC(=O)OCC(CCC)CCC)(CCCC(=O)OCC(CCC)CCC)C(=O)NCCCC,-0.021889647878295,,,,,,,,,,,,,,,,0.0,0.0,0.0,0.0
N(C)(C)CCCN(C(=O)CC/C=C\C/C=C\C/C=C\C/C=C\C/C=C\C/C=C\CC)C(CCCC(=O)OCC(CCC)CCC)(CCCC(=O)OCC(CCC)CCC)C(=O)NC12C[CH]3C[CH](C[CH](C3)C1)C2,2.517309506003925,,,,,,,,,,,,,,,,0.0,0.0,0.0,0.0
CCN(CC)CCCCN(C(=O)CC/C=C\C/C=C\C/C=C\C/C=C\C/C=C\C/C=C\CC)C(CCCC(=O)OCC1=CC[C@@H](C(=C)C)CC1)(CCCC(=O)OCC2=CC[C@@H](C(=C)C)CC2)C(=O)NCCCCCCCC/C=C\CCCCCCCC,-0.9740893305841278,,,,,,,,,,,,,,,,0.0,0.0,0.0,0.0
CCN(CC)CCCCN(C(=O)CC/C=C\C/C=C\C/C=C\C/C=C\C/C=C\C/C=C\CC)C(CCCC(=O)OCC4=CC[C@@H](C(=C)C)CC4)(CCCC(=O)OCC5=CC[C@@H](C(=C)C)CC5)C(=O)NC12C[CH]3C[CH](C[CH](C3)C1)C2,-0.3392895421135729,,,,,,,,,,,,,,,,0.0,0.0,0.0,0.0
CCN(CC)CCCCN(C(=O)CC/C=C\C/C=C\C/C=C\C/C=C\C/C=C\C/C=C\CC)C(CCCC(=O)OCC1=CC[C@@H](C(=C)C)CC1)(CCCC(=O)OCC2=CC[C@@H](C(=C)C)CC2)C(=O)NCCCC,-0.021889647878295,,,,,,,,,,,,,,,,0.0,0.0,0.0,0.0
CCN(CC)CCCCN(C(=O)CC/C=C\C/C=C\C/C=C\C/C=C\C/C=C\C/C=C\CC)C(CCCC(=O)O[C@H]4[C@H](C(=C)C)CC[C@@H](C)C4)(CCCC(=O)O[C@H]5[C@H](C(=C)C)CC[C@@H](C)C5)C(=O)NC12C[CH]3C[CH](C[CH](C3)C1)C2,-0.65668943634885,,,,,,,,,,,,,,,,0.0,0.0,0.0,0.0
CCN(CC)CCCCN(C(=O)CC/C=C\C/C=C\C/C=C\C/C=C\C/C=C\C/C=C\CC)C(CCCC(=O)O[C@H]1[C@H](C(=C)C)CC[C@@H](C)C1)(CCCC(=O)O[C@H]2[C@H](C(=C)C)CC[C@@H](C)C2)C(=O)NCCCC,-0.021889647878295,,,,,,,,,,,,,,,,0.0,0.0,0.0,0.0
N(C)(C)CCCCN(C(=O)CC/C=C\C/C=C\C/C=C\C/C=C\C/C=C\C/C=C\CC)C(CCCC(=O)O[C@H]1[C@H](C(=C)C)CC[C@@H](C)C1)(CCCC(=O)O[C@H]2[C@H](C(=C)C)CC[C@@H](C)C2)C(=O)NCCCC,1.565109823298093,,,,,,,,,,,,,,,,0.0,0.0,0.0,0.0
N(C)(C)CCCN(C(=O)CCCCC(=O)OC(CCCCCCCC)CCCCCCCC)C(CCCC(=O)OCCCCCCCC/C=C\C/C=C\CCCCC)(CCCC(=O)OCCCCCCCC/C=C\C/C=C\CCCCC)C(=O)NC(C)(C)C,0.6129101405922599,,,,,,,,,,,,,,,,0.0,0.0,0.0,0.0
O=C(CCCC(CCCC(OCCC#CCCCCCC)=O)(C(NCCCC)=O)N(CCCN(C)C)C(CCCCC(OC(CCCCCCCC)CCCCCCCC)=O)=O)OCCC#CCCCCCC,1.5132342052392234,,,,,,,,,,,,,,,,0.0,0.0,0.0,0.0
CCCCNC(C(CCCC(O[C@H]1C[C@@H](C)CC[C@@H]1C(C)=C)=O)(N(CCCCN(C)C)C(CCCCC(OC(CCCCCCCC)CCCCCCCC)=O)=O)CCCC(O[C@H]2C[C@@H](C)CC[C@@H]2C(C)=C)=O)=O,1.0533146274449037,,,,,,,,,,,,,,,,0.0,0.0,0.0,0.0
O=C(CCCC(CCCC(OCCC#CCCCCCC)=O)(C(NCCCC)=O)N(CCCN(C)C)C(CSCC(OC(CCCCCCCC)CCCCCCCC)=O)=O)OCCC#CCCCCCC,1.1677048814091315,,,,,,,,,,,,,,,,0.0,0.0,0.0,0.0
O=C(CCCCC(OCC(CCCCCCCCCC)CCCCCCCCCCCC)=O)N(C(CCCC(OCCC#CCCCCCC)=O)(C(NC1(C2)C[C@H](C[C@H]2C3)C[C@H]3C1)=O)CCCC(OCCC#CCCCCCC)=O)CCN(C)C,-0.7745708740453423,,,,,,,,,,,,,,,,0.0,0.0,0.0,0.0
O=C(CCCCC(OCC(CCCCCCCCCC)CCCCCCCCCCCC)=O)N(C(CCCC(OCCC#CCCCCCC)=O)(C(NC1(C2)C[C@H](C[C@H]2C3)C[C@H]3C1)=O)CCCC(OCCC#CCCCCCC)=O)CCCN(C)C,-1.2226976421526283,,,,,,,,,,,,,,,,0.0,0.0,0.0,0.0
CN(C)CCCN(C(CCCC(OCCC#CCCCCCC)=O)(C(NCCCC)=O)CCCC(OCCC#CCCCCCC)=O)C(CCCCC(OC(CCC(CC)CC)CCC(CC)CCCC)=O)=O,0.6051878593376173,,,,,,,,,,,,,,,,0.0,0.0,0.0,0.0
O=C(CCCC(CCCC(OCCC#CCCCCCC)=O)(C(NCCCC)=O)N(CCCN(C)C)C(CCCC(OC(CCCCCCCC)CCCCCCCC)=O)=O)OCCC#CCCCCCC,0.6051878593376173,,,,,,,,,,,,,,,,0.0,0.0,0.0,0.0
O=C(CCCCC(OCC(CCCCCCCCCC)CCCCCCCCCCCC)=O)N(C(CCCC(OCCC#CCCCCCC)=O)(C(NC1(C2)C[C@H](C[C@H]2C3)C[C@H]3C1)=O)CCCC(OCCC#CCCCCCC)=O)CCCN(C)C,0.5344310012154143,,,,,,,,,,,,,,,,0.0,0.0,0.0,0.0
CCCCNC(C(CCCC(O[C@H]1C[C@@H](C)CC[C@@H]1C(C)=C)=O)(N(CCCN(C)C)C(CC/C=C\C/C=C\C/C=C\C/C=C\C/C=C\C/C=C\CC)=O)CCCC(O[C@H]2C[C@@H](C)CC[C@@H]2C(C)=C)=O)=O,-1.3760041680840682,,,,,,,,,,,,,,,,0.0,0.0,0.0,0.0
O=C(CCCC(CCCC(OCCC#CCCCCCC)=O)(C(NCCCCCCCC/C=C\CCCCCCCC)=O)N(CCCN(C)C)C(CCCCC(OC(CCCCCCCC)CCCCCCCC)=O)=O)OCCC#CCCCCCC,0.5268848459778537,,,,,,,,,,,,,,,,0.0,0.0,0.0,0.0
O=C(CCCC(CCCC(OCCC#CCCCCCC)=O)(C(NCCCC)=O)N(CCCN(C)C)C(CCCCCCCCC(OC(CCCCCCCC)CCCCCCCC)=O)=O)OCCC#CCCCCCC,0.4945411714859276,,,,,,,,,,,,,,,,0.0,0.0,0.0,0.0
O=C(CCCC(CCCC(OCCC#CCCCCCC)=O)(C(NCCCCCCCC/C=C\CCCCCCCC)=O)N(CCCN(C)C)C(CCCCCCCCC(OC(CCCCCCCC)CCCCCCCC)=O)=O)OCCC#CCCCCCC,0.000539429092024,,,,,,,,,,,,,,,,0.0,0.0,0.0,0.0
CCCCCCCCCCCCCCOC(=O)CCN(C)c1ccccc1N(CCC(=O)OCCCCCCCCCCCCCC)CCC(=O)OCCCCCCCCCCCCCC,-0.6181399909805828,,,,,,,,,,,,,,,,0.0,0.0,0.0,0.0
CCCCCCCCCCCCCCOC(=O)CCN(C)CCCCCCN(C)CCC(=O)OCCCCCCCCCCCCCC,0.156406217783492,,,,,,,,,,,,,,,,0.0,0.0,0.0,0.0
CCCCCCCCCCCCCCOC(=O)CCN(C)CCN(CCC(=O)OCCCCCCCCCCCCCC)CCC(=O)OCCCCCCCCCCCCCC,0.2845638777210788,,,,,,,,,,,,,,,,0.0,0.0,0.0,0.0
CCCCCCCCCCCCCCOC(=O)CCN(CCC(=O)OCCCCCCCCCCCCCC)[C@@H](CO)CC(C)C,2.652444137062893,,,,,,,,,,,,,,,,0.0,0.0,0.0,0.0
CCCCCCCCCCCCCCOC(=O)CCN(CCC(=O)OCCCCCCCCCCCCCC)C(C)(C)C,-0.3609001897172004,,,,,,,,,,,,,,,,0.0,0.0,0.0,0.0
CCCCCCCCCCCCCCOC(=O)CCN(CCC(=O)OCCCCCCCCCCCCCC)C(C)C,-0.2214979378699626,,,,,,,,,,,,,,,,0.0,0.0,0.0,0.0
CCCCCCCCCCCCCCOC(=O)CCN(CCC(=O)OCCCCCCCCCCCCCC)C(C)CO,-0.1550078350229063,,,,,,,,,,,,,,,,0.0,0.0,0.0,0.0
CCCCCCCCCCCCCCOC(=O)CCN(CCC(=O)OCCCCCCCCCCCCCC)C[C@@H]1CCCN1CC,0.6753001212877213,,,,,,,,,,,,,,,,0.0,0.0,0.0,0.0
CCCCCCCCCCCCCCOC(=O)CCN(CCC(=O)OCCCCCCCCCCCCCC)c1cc(C(C)(C)C)ccc1C(C)(C)C,-0.684204406003517,,,,,,,,,,,,,,,,0.0,0.0,0.0,0.0
CCCCCCCCCCCCCCOC(=O)CCN(CCC(=O)OCCCCCCCCCCCCCC)c1cc(F)ccc1F,-0.0200869668245471,,,,,,,,,,,,,,,,0.0,0.0,0.0,0.0
CCCCCCCCCCCCCCOC(=O)CCN(CCC(=O)OCCCCCCCCCCCCCC)c1cc(OC)ccc1OC,-1.2044873960917242,,,,,,,,,,,,,,,,0.0,0.0,0.0,0.0
CCCCCCCCCCCCCCOC(=O)CCN(CCC(=O)OCCCCCCCCCCCCCC)C1CC2CCC1C2,-0.38725355963508,,,,,,,,,,,,,,,,0.0,0.0,0.0,0.0
CCCCCCCCCCCCCCOC(=O)CCN(CCC(=O)OCCCCCCCCCCCCCC)C1Cc2ccccc2C1,-1.1077472901826813,,,,,,,,,,,,,,,,0.0,0.0,0.0,0.0
CCCCCCCCCCCCCCOC(=O)CCN(CCC(=O)OCCCCCCCCCCCCCC)c1ccc(-c2ccc(N(CCC(=O)OCCCCCCCCCCCCCC)CCC(=O)OCCCCCCCCCCCCCC)c(N(CCC(=O)OCCCCCCCCCCCCCC)CCC(=O)OCCCCCCCCCCCCCC)c2)cc1N(CCC(=O)OCCCCCCCCCCCCCC)CCC(=O)OCCCCCCCCCCCCCC,-0.4383850762149041,,,,,,,,,,,,,,,,0.0,0.0,0.0,0.0
CCCCCCCCCCCCCCOC(=O)CCN(CCC(=O)OCCCCCCCCCCCCCC)c1ccc(-c2ccccc2)cc1,-0.9381930025706382,,,,,,,,,,,,,,,,0.0,0.0,0.0,0.0
CCCCCCCCCCCCCCOC(=O)CCN(CCC(=O)OCCCCCCCCCCCCCC)c1ccc(OC(F)(F)F)cc1,-0.0914305417979362,,,,,,,,,,,,,,,,0.0,0.0,0.0,0.0
CCCCCCCCCCCCCCOC(=O)CCN(CCC(=O)OCCCCCCCCCCCCCC)c1ccc(OC)c(F)c1,-0.0471606420701974,,,,,,,,,,,,,,,,0.0,0.0,0.0,0.0
CCCCCCCCCCCCCCOC(=O)CCN(CCC(=O)OCCCCCCCCCCCCCC)c1ccc(Oc2ccccc2)cc1,-0.205617640560979,,,,,,,,,,,,,,,,0.0,0.0,0.0,0.0
CCCCCCCCCCCCCCOC(=O)CCN(CCC(=O)OCCCCCCCCCCCCCC)c1ccc(OCCCCCCCC)cc1,-0.4619538503461853,,,,,,,,,,,,,,,,0.0,0.0,0.0,0.0
CCCCCCCCCCCCCCOC(=O)CCN(CCC(=O)OCCCCCCCCCCCCCC)c1cccc(C)c1N(CCC(=O)OCCCCCCCCCCCCCC)CCC(=O)OCCCCCCCCCCCCCC,-0.904072277486182,,,,,,,,,,,,,,,,0.0,0.0,0.0,0.0
CCCCCCCCCCCCCCOC(=O)CCN(CCC(=O)OCCCCCCCCCCCCCC)c1cccc(F)c1,-1.229021459391505,,,,,,,,,,,,,,,,0.0,0.0,0.0,0.0
CCCCCCCCCCCCCCOC(=O)CCN(CCC(=O)OCCCCCCCCCCCCCC)CC(=O)N(C)c1ccccc1,-0.6100720250589781,,,,,,,,,,,,,,,,0.0,0.0,0.0,0.0
CCCCCCCCCCCCCCOC(=O)CCN(CCC(=O)OCCCCCCCCCCCCCC)CC(C)N(CCC(=O)OCCCCCCCCCCCCCC)CCC(=O)OCCCCCCCCCCCCCC,-0.51023720689418,,,,,,,,,,,,,,,,0.0,0.0,0.0,0.0
CCCCCCCCCCCCCCOC(=O)CCN(CCC(=O)OCCCCCCCCCCCCCC)CC12C[C@H]3C[C@@H](C1)C[C@@H](C2)C3,-0.3906018013327856,,,,,,,,,,,,,,,,0.0,0.0,0.0,0.0
CCCCCCCCCCCCCCOC(=O)CCN(CCC(=O)OCCCCCCCCCCCCCC)CC1CCCC(CN(CCC(=O)OCCCCCCCCCCCCCC)CCC(=O)OCCCCCCCCCCCCCC)C1,-0.1762979690161609,,,,,,,,,,,,,,,,0.0,0.0,0.0,0.0
CCCCCCCCCCCCCCOC(=O)CCN(CCC(=O)OCCCCCCCCCCCCCC)Cc1ccccc1OCC,-0.6277759584392959,,,,,,,,,,,,,,,,0.0,0.0,0.0,0.0
CCCCCCCCCCCCCCOC(=O)CCN(CCC(=O)OCCCCCCCCCCCCCC)CC1CCCO1,-0.1742504238805911,,,,,,,,,,,,,,,,0.0,0.0,0.0,0.0
CCCCCCCCCCCCCCOC(=O)CCN(CCC(=O)OCCCCCCCCCCCCCC)CCC(=O)N1CCN(CCC(=O)OCCCCCCCCCCCCCC)CC1,-0.2196718210099975,,,,,,,,,,,,,,,,0.0,0.0,0.0,0.0
CCCCCCCCCCCCCCOC(=O)CCN(CCC(=O)OCCCCCCCCCCCCCC)CCC(C)(C)C,-0.2238184651698714,,,,,,,,,,,,,,,,0.0,0.0,0.0,0.0
CCCCCCCCCCCCCCOC(=O)CCN(CCC(=O)OCCCCCCCCCCCCCC)CCC1CCC(CC)CC1,-0.4634326746881362,,,,,,,,,,,,,,,,0.0,0.0,0.0,0.0
CCCCCCCCCCCCCCOC(=O)CCN(CCC(=O)OCCCCCCCCCCCCCC)CCc1ccc(OC)c(OC)c1,-0.1612816421284706,,,,,,,,,,,,,,,,0.0,0.0,0.0,0.0
CCCCCCCCCCCCCCOC(=O)CCN(CCC(=O)OCCCCCCCCCCCCCC)CCN(C)CCCN(C)CCN(CCC(=O)OCCCCCCCCCCCCCC)CCC(=O)OCCCCCCCCCCCCCC,3.9498073004888488,,,,,,,,,,,,,,,,0.0,0.0,0.0,0.0
CCCCCCCCCCCCCCOC(=O)CCN(CCC(=O)OCCCCCCCCCCCCCC)CCN(CCC(=O)OCCCCCCCCCCCCCC)c1ccccc1,-0.6256627081856143,,,,,,,,,,,,,,,,0.0,0.0,0.0,0.0
CCCCCCCCCCCCCCOC(=O)CCN(CCC(=O)OCCCCCCCCCCCCCC)CCN(CCC(=O)OCCCCCCCCCCCCCC)CCN(CC)CC,0.6375221174179946,,,,,,,,,,,,,,,,0.0,0.0,0.0,0.0
CCCCCCCCCCCCCCOC(=O)CCN(CCC(=O)OCCCCCCCCCCCCCC)CCN(CCC(=O)OCCCCCCCCCCCCCC)CCN(CCC(=O)OCCCCCCCCCCCCCC)CCN(CCC(=O)OCCCCCCCCCCCCCC)CCN(CCC(=O)OCCCCCCCCCCCCCC)CCN(CCC(=O)OCCCCCCCCCCCCCC)CCC(=O)OCCCCCCCCCCCCCC,-0.2432449603751196,,,,,,,,,,,,,,,,0.0,0.0,0.0,0.0
CCCCCCCCCCCCCCOC(=O)CCN(CCC(=O)OCCCCCCCCCCCCCC)CCN1CCCC1,-0.4303717651678225,,,,,,,,,,,,,,,,0.0,0.0,0.0,0.0
CCCCCCCCCCCCCCOC(=O)CCN(CCC(=O)OCCCCCCCCCCCCCC)CCN1CCN(CCN(CCC(=O)OCCCCCCCCCCCCCC)CCC(=O)OCCCCCCCCCCCCCC)CC1,4.232203163166852,,,,,,,,,,,,,,,,0.0,0.0,0.0,0.0
CCCCCCCCCCCCCCOC(=O)CCN(CCC(=O)OCCCCCCCCCCCCCC)CCN1CCOCC1,-0.2289686360383915,,,,,,,,,,,,,,,,0.0,0.0,0.0,0.0
CCCCCCCCCCCCCCOC(=O)CCN(CCCCC)CCC(=O)OCCCCCCCCCCCCCC,0.2784054093965455,,,,,,,,,,,,,,,,0.0,0.0,0.0,0.0
CCCCCCCCCCCCCCOC(=O)CCN(CCCCc1ccccc1)CCC(=O)OCCCCCCCCCCCCCC,-1.2771475721062835,,,,,,,,,,,,,,,,0.0,0.0,0.0,0.0
CCCCCCCCCCCCCCOC(=O)CCN(CCCCN1CCN(C)CC1)CCC(=O)OCCCCCCCCCCCCCC,-1.27453635720587,,,,,,,,,,,,,,,,0.0,0.0,0.0,0.0
CCCCCCCCCCCCCCOC(=O)CCN(CCCN(C)C)CCCN(CCC(=O)OCCCCCCCCCCCCCC)CCC(=O)OCCCCCCCCCCCCCC,-0.6239618950052433,,,,,,,,,,,,,,,,0.0,0.0,0.0,0.0
CCCCCCCCCCCCCCOC(=O)CCN(CCCOC(C)C)CCC(=O)OCCCCCCCCCCCCCC,-0.536699206729606,,,,,,,,,,,,,,,,0.0,0.0,0.0,0.0
CCCCCCCCCCCCCCOC(=O)CCN(CCOC)CCC(=O)OCCCCCCCCCCCCCC,-0.3090279311205723,,,,,,,,,,,,,,,,0.0,0.0,0.0,0.0
CCCCCCCCCCCCCCOC(=O)CCN(CCOCCOCCOCCN(CCC(=O)OCCCCCCCCCCCCCC)CCC(=O)OCCCCCCCCCCCCCC)CCC(=O)OCCCCCCCCCCCCCC,-0.2095047202834833,,,,,,,,,,,,,,,,0.0,0.0,0.0,0.0
CCCCCCCCCCCCCCOC(=O)CCN1CC[C@@H](N(CCC(=O)OCCCCCCCCCCCCCC)CCC(=O)OCCCCCCCCCCCCCC)C1,0.5738892032421596,,,,,,,,,,,,,,,,0.0,0.0,0.0,0.0
CCCCCCCCCCCCCCOC(=O)CCN1CCCN(CCC(=O)OCCCCCCCCCCCCCC)CCCN(CCC(=O)OCCCCCCCCCCCCCC)CCC1,0.1109878321883611,,,,,,,,,,,,,,,,0.0,0.0,0.0,0.0
CCCCCCCCCCCCCOC(=O)CCN(C)c1ccccc1N(CCC(=O)OCCCCCCCCCCCCC)CCC(=O)OCCCCCCCCCCCCC,-0.778464033380304,,,,,,,,,,,,,,,,0.0,0.0,0.0,0.0
CCCCCCCCCCCCCOC(=O)CCN(C)CCCCCCN(C)CCC(=O)OCCCCCCCCCCCCC,-0.5152219163171444,,,,,,,,,,,,,,,,0.0,0.0,0.0,0.0
CCCCCCCCCCCCCOC(=O)CCN(C)CCN(CCC(=O)OCCCCCCCCCCCCC)CCC(=O)OCCCCCCCCCCCCC,0.4758290792441446,,,,,,,,,,,,,,,,0.0,0.0,0.0,0.0
CCCCCCCCCCCCCOC(=O)CCN(CCC(=O)OCCCCCCCCCCCCC)[C@@H](CO)CC(C)C,0.1515395545406896,,,,,,,,,,,,,,,,0.0,0.0,0.0,0.0
CCCCCCCCCCCCCOC(=O)CCN(CCC(=O)OCCCCCCCCCCCCC)C(C)(C)C,-1.124315988446419,,,,,,,,,,,,,,,,0.0,0.0,0.0,0.0
CCCCCCCCCCCCCOC(=O)CCN(CCC(=O)OCCCCCCCCCCCCC)C(C)C,-0.1045254263298347,,,,,,,,,,,,,,,,0.0,0.0,0.0,0.0
CCCCCCCCCCCCCOC(=O)CCN(CCC(=O)OCCCCCCCCCCCCC)C(C)CO,-0.2288753202198931,,,,,,,,,,,,,,,,0.0,0.0,0.0,0.0
CCCCCCCCCCCCCOC(=O)CCN(CCC(=O)OCCCCCCCCCCCCC)C[C@@H]1CCCN1CC,0.0089035470056856,,,,,,,,,,,,,,,,0.0,0.0,0.0,0.0
CCCCCCCCCCCCCOC(=O)CCN(CCC(=O)OCCCCCCCCCCCCC)c1cc(C(C)(C)C)ccc1C(C)(C)C,-1.086068161375991,,,,,,,,,,,,,,,,0.0,0.0,0.0,0.0
CCCCCCCCCCCCCOC(=O)CCN(CCC(=O)OCCCCCCCCCCCCC)c1cc(F)ccc1F,-0.2847912165773075,,,,,,,,,,,,,,,,0.0,0.0,0.0,0.0
CCCCCCCCCCCCCOC(=O)CCN(CCC(=O)OCCCCCCCCCCCCC)c1cc(OC)ccc1OC,-1.1004125225336066,,,,,,,,,,,,,,,,0.0,0.0,0.0,0.0
CCCCCCCCCCCCCOC(=O)CCN(CCC(=O)OCCCCCCCCCCCCC)C1CC2CCC1C2,-0.3271495076522648,,,,,,,,,,,,,,,,0.0,0.0,0.0,0.0
CCCCCCCCCCCCCOC(=O)CCN(CCC(=O)OCCCCCCCCCCCCC)C1Cc2ccccc2C1,0.8909158017884525,,,,,,,,,,,,,,,,0.0,0.0,0.0,0.0
CCCCCCCCCCCCCOC(=O)CCN(CCC(=O)OCCCCCCCCCCCCC)c1ccc(-c2ccc(N(CCC(=O)OCCCCCCCCCCCCC)CCC(=O)OCCCCCCCCCCCCC)c(N(CCC(=O)OCCCCCCCCCCCCC)CCC(=O)OCCCCCCCCCCCCC)c2)cc1N(CCC(=O)OCCCCCCCCCCCCC)CCC(=O)OCCCCCCCCCCCCC,-1.2771475721062835,,,,,,,,,,,,,,,,0.0,0.0,0.0,0.0
CCCCCCCCCCCCCOC(=O)CCN(CCC(=O)OCCCCCCCCCCCCC)c1ccc(-c2ccccc2)cc1,-1.2771475721062835,,,,,,,,,,,,,,,,0.0,0.0,0.0,0.0
CCCCCCCCCCCCCOC(=O)CCN(CCC(=O)OCCCCCCCCCCCCC)c1ccc(OC(F)(F)F)cc1,-0.2472965891377455,,,,,,,,,,,,,,,,0.0,0.0,0.0,0.0
CCCCCCCCCCCCCOC(=O)CCN(CCC(=O)OCCCCCCCCCCCCC)c1ccc(OC)c(F)c1,-0.1405929979998118,,,,,,,,,,,,,,,,0.0,0.0,0.0,0.0
CCCCCCCCCCCCCOC(=O)CCN(CCC(=O)OCCCCCCCCCCCCC)c1ccc(Oc2ccccc2)cc1,-0.4064752883999028,,,,,,,,,,,,,,,,0.0,0.0,0.0,0.0
CCCCCCCCCCCCCOC(=O)CCN(CCC(=O)OCCCCCCCCCCCCC)c1ccc(OCCCCCCCC)cc1,-0.7270153754058253,,,,,,,,,,,,,,,,0.0,0.0,0.0,0.0
CCCCCCCCCCCCCOC(=O)CCN(CCC(=O)OCCCCCCCCCCCCC)c1cccc(C)c1N(CCC(=O)OCCCCCCCCCCCCC)CCC(=O)OCCCCCCCCCCCCC,-0.7356751286845682,,,,,,,,,,,,,,,,0.0,0.0,0.0,0.0
CCCCCCCCCCCCCOC(=O)CCN(CCC(=O)OCCCCCCCCCCCCC)c1cccc(F)c1,-1.2771475721062835,,,,,,,,,,,,,,,,0.0,0.0,0.0,0.0
CCCCCCCCCCCCCOC(=O)CCN(CCC(=O)OCCCCCCCCCCCCC)CC(=O)N(C)c1ccccc1,-0.4992462159876894,,,,,,,,,,,,,,,,0.0,0.0,0.0,0.0
CCCCCCCCCCCCCOC(=O)CCN(CCC(=O)OCCCCCCCCCCCCC)CC(C)N(CCC(=O)OCCCCCCCCCCCCC)CCC(=O)OCCCCCCCCCCCCC,1.7996485295355544,,,,,,,,,,,,,,,,0.0,0.0,0.0,0.0
CCCCCCCCCCCCCOC(=O)CCN(CCC(=O)OCCCCCCCCCCCCC)CC12C[C@H]3C[C@@H](C1)C[C@@H](C2)C3,-0.5236349444323694,,,,,,,,,,,,,,,,0.0,0.0,0.0,0.0
CCCCCCCCCCCCCOC(=O)CCN(CCC(=O)OCCCCCCCCCCCCC)CC1CCCC(CN(CCC(=O)OCCCCCCCCCCCCC)CCC(=O)OCCCCCCCCCCCCC)C1,-0.4477407145583329,,,,,,,,,,,,,,,,0.0,0.0,0.0,0.0
CCCCCCCCCCCCCOC(=O)CCN(CCC(=O)OCCCCCCCCCCCCC)Cc1ccccc1OCC,-0.590629160226827,,,,,,,,,,,,,,,,0.0,0.0,0.0,0.0
CCCCCCCCCCCCCOC(=O)CCN(CCC(=O)OCCCCCCCCCCCCC)CC1CCCO1,-0.1450250819380868,,,,,,,,,,,,,,,,0.0,0.0,0.0,0.0
CCCCCCCCCCCCCOC(=O)CCN(CCC(=O)OCCCCCCCCCCCCC)CCC(=O)N1CCN(CCC(=O)OCCCCCCCCCCCCC)CC1,0.8297224569862012,,,,,,,,,,,,,,,,0.0,0.0,0.0,0.0
CCCCCCCCCCCCCOC(=O)CCN(CCC(=O)OCCCCCCCCCCCCC)CCC(C)(C)C,-0.2688102087914067,,,,,,,,,,,,,,,,0.0,0.0,0.0,0.0
CCCCCCCCCCCCCOC(=O)CCN(CCC(=O)OCCCCCCCCCCCCC)CCC1CCC(CC)CC1,-0.7141295867675876,,,,,,,,,,,,,,,,0.0,0.0,0.0,0.0
CCCCCCCCCCCCCOC(=O)CCN(CCC(=O)OCCCCCCCCCCCCC)CCc1ccc(OC)c(OC)c1,-0.0441231191485037,,,,,,,,,,,,,,,,0.0,0.0,0.0,0.0
CCCCCCCCCCCCCOC(=O)CCN(CCC(=O)OCCCCCCCCCCCCC)CCN(C)CCCN(C)CCN(CCC(=O)OCCCCCCCCCCCCC)CCC(=O)OCCCCCCCCCCCCC,4.289919611141778,,,,,,,,,,,,,,,,0.0,0.0,0.0,0.0
CCCCCCCCCCCCCOC(=O)CCN(CCC(=O)OCCCCCCCCCCCCC)CCN(CCC(=O)OCCCCCCCCCCCCC)c1ccccc1,-0.5922124043017728,,,,,,,,,,,,,,,,0.0,0.0,0.0,0.0
CCCCCCCCCCCCCOC(=O)CCN(CCC(=O)OCCCCCCCCCCCCC)CCN(CCC(=O)OCCCCCCCCCCCCC)CCN(CC)CC,3.348577113635688,,,,,,,,,,,,,,,,0.0,0.0,0.0,0.0
CCCCCCCCCCCCCOC(=O)CCN(CCC(=O)OCCCCCCCCCCCCC)CCN(CCC(=O)OCCCCCCCCCCCCC)CCN(CCC(=O)OCCCCCCCCCCCCC)CCN(CCC(=O)OCCCCCCCCCCCCC)CCN(CCC(=O)OCCCCCCCCCCCCC)CCN(CCC(=O)OCCCCCCCCCCCCC)CCC(=O)OCCCCCCCCCCCCC,-0.9513973578643068,,,,,,,,,,,,,,,,0.0,0.0,0.0,0.0
CCCCCCCCCCCCCOC(=O)CCN(CCC(=O)OCCCCCCCCCCCCC)CCN1CCCC1,0.3052370467379658,,,,,,,,,,,,,,,,0.0,0.0,0.0,0.0
CCCCCCCCCCCCCOC(=O)CCN(CCC(=O)OCCCCCCCCCCCCC)CCN1CCN(CCN(CCC(=O)OCCCCCCCCCCCCC)CCC(=O)OCCCCCCCCCCCCC)CC1,4.135997404816648,,,,,,,,,,,,,,,,0.0,0.0,0.0,0.0
CCCCCCCCCCCCCOC(=O)CCN(CCC(=O)OCCCCCCCCCCCCC)CCN1CCOCC1,-0.1601421729736021,,,,,,,,,,,,,,,,0.0,0.0,0.0,0.0
CCCCCCCCCCCCCOC(=O)CCN(CCCCC)CCC(=O)OCCCCCCCCCCCCC,0.1503993578468476,,,,,,,,,,,,,,,,0.0,0.0,0.0,0.0
CCCCCCCCCCCCCOC(=O)CCN(CCCCc1ccccc1)CCC(=O)OCCCCCCCCCCCCC,-0.8892042254266579,,,,,,,,,,,,,,,,0.0,0.0,0.0,0.0
CCCCCCCCCCCCCOC(=O)CCN(CCCCN1CCN(C)CC1)CCC(=O)OCCCCCCCCCCCCC,-0.0566527893860983,,,,,,,,,,,,,,,,0.0,0.0,0.0,0.0
CCCCCCCCCCCCCOC(=O)CCN(CCCN(C)C)CCCN(CCC(=O)OCCCCCCCCCCCCC)CCC(=O)OCCCCCCCCCCCCC,-0.6130631464990934,,,,,,,,,,,,,,,,0.0,0.0,0.0,0.0
CCCCCCCCCCCCCOC(=O)CCN(CCCOC(C)C)CCC(=O)OCCCCCCCCCCCCC,-0.7805480150988893,,,,,,,,,,,,,,,,0.0,0.0,0.0,0.0
CCCCCCCCCCCCCOC(=O)CCN(CCOC)CCC(=O)OCCCCCCCCCCCCC,-0.118008733185485,,,,,,,,,,,,,,,,0.0,0.0,0.0,0.0
CCCCCCCCCCCCCOC(=O)CCN(CCOCCOCCOCCN(CCC(=O)OCCCCCCCCCCCCC)CCC(=O)OCCCCCCCCCCCCC)CCC(=O)OCCCCCCCCCCCCC,0.1973540314359649,,,,,,,,,,,,,,,,0.0,0.0,0.0,0.0
CCCCCCCCCCCCCOC(=O)CCN1CC[C@@H](N(CCC(=O)OCCCCCCCCCCCCC)CCC(=O)OCCCCCCCCCCCCC)C1,0.8645185529216651,,,,,,,,,,,,,,,,0.0,0.0,0.0,0.0
CCCCCCCCCCCCCOC(=O)CCN1CCCN(CCC(=O)OCCCCCCCCCCCCC)CCCN(CCC(=O)OCCCCCCCCCCCCC)CCC1,0.1354355628511022,,,,,,,,,,,,,,,,0.0,0.0,0.0,0.0
CCCCCCCCCCCCOC(=O)CCN(C)c1ccccc1N(CCC(=O)OCCCCCCCCCCCC)CCC(=O)OCCCCCCCCCCCC,-1.008406566395814,,,,,,,,,,,,,,,,0.0,0.0,0.0,0.0
CCCCCCCCCCCCOC(=O)CCN(C)CCCCCCN(C)CCC(=O)OCCCCCCCCCCCC,0.0286779131820662,,,,,,,,,,,,,,,,0.0,0.0,0.0,0.0
CCCCCCCCCCCCOC(=O)CCN(C)CCN(CCC(=O)OCCCCCCCCCCCC)CCC(=O)OCCCCCCCCCCCC,0.5121525895834923,,,,,,,,,,,,,,,,0.0,0.0,0.0,0.0
CCCCCCCCCCCCOC(=O)CCN(CCC(=O)OCCCCCCCCCCCC)[C@@H](CO)CC(C)C,2.778658504621747,,,,,,,,,,,,,,,,0.0,0.0,0.0,0.0
CCCCCCCCCCCCOC(=O)CCN(CCC(=O)OCCCCCCCCCCCC)C(C)(C)C,-0.6636093997188037,,,,,,,,,,,,,,,,0.0,0.0,0.0,0.0
CCCCCCCCCCCCOC(=O)CCN(CCC(=O)OCCCCCCCCCCCC)C(C)C,-0.2099719255365668,,,,,,,,,,,,,,,,0.0,0.0,0.0,0.0
CCCCCCCCCCCCOC(=O)CCN(CCC(=O)OCCCCCCCCCCCC)C(C)CO,-0.5458835931328624,,,,,,,,,,,,,,,,0.0,0.0,0.0,0.0
CCCCCCCCCCCCOC(=O)CCN(CCC(=O)OCCCCCCCCCCCC)C[C@@H]1CCCN1CC,-0.278260397384215,,,,,,,,,,,,,,,,0.0,0.0,0.0,0.0
CCCCCCCCCCCCOC(=O)CCN(CCC(=O)OCCCCCCCCCCCC)c1cc(C(C)(C)C)ccc1C(C)(C)C,-0.9473751407591982,,,,,,,,,,,,,,,,0.0,0.0,0.0,0.0
CCCCCCCCCCCCOC(=O)CCN(CCC(=O)OCCCCCCCCCCCC)c1cc(F)ccc1F,-0.6540230301424047,,,,,,,,,,,,,,,,0.0,0.0,0.0,0.0
CCCCCCCCCCCCOC(=O)CCN(CCC(=O)OCCCCCCCCCCCC)c1cc(OC)ccc1OC,-0.88009144794138,,,,,,,,,,,,,,,,0.0,0.0,0.0,0.0
CCCCCCCCCCCCOC(=O)CCN(CCC(=O)OCCCCCCCCCCCC)C1CC2CCC1C2,-0.055612432507779,,,,,,,,,,,,,,,,0.0,0.0,0.0,0.0
CCCCCCCCCCCCOC(=O)CCN(CCC(=O)OCCCCCCCCCCCC)C1Cc2ccccc2C1,0.7895093801722838,,,,,,,,,,,,,,,,0.0,0.0,0.0,0.0
CCCCCCCCCCCCOC(=O)CCN(CCC(=O)OCCCCCCCCCCCC)c1ccc(-c2ccc(N(CCC(=O)OCCCCCCCCCCCC)CCC(=O)OCCCCCCCCCCCC)c(N(CCC(=O)OCCCCCCCCCCCC)CCC(=O)OCCCCCCCCCCCC)c2)cc1N(CCC(=O)OCCCCCCCCCCCC)CCC(=O)OCCCCCCCCCCCC,-0.958029281120974,,,,,,,,,,,,,,,,0.0,0.0,0.0,0.0
CCCCCCCCCCCCOC(=O)CCN(CCC(=O)OCCCCCCCCCCCC)c1ccc(-c2ccccc2)cc1,-1.2771475721062835,,,,,,,,,,,,,,,,0.0,0.0,0.0,0.0
CCCCCCCCCCCCOC(=O)CCN(CCC(=O)OCCCCCCCCCCCC)c1ccc(OC(F)(F)F)cc1,-0.2519171653044904,,,,,,,,,,,,,,,,0.0,0.0,0.0,0.0
CCCCCCCCCCCCOC(=O)CCN(CCC(=O)OCCCCCCCCCCCC)c1ccc(OC)c(F)c1,-0.1368301067947043,,,,,,,,,,,,,,,,0.0,0.0,0.0,0.0
CCCCCCCCCCCCOC(=O)CCN(CCC(=O)OCCCCCCCCCCCC)c1ccc(Oc2ccccc2)cc1,-0.4368552406567318,,,,,,,,,,,,,,,,0.0,0.0,0.0,0.0
CCCCCCCCCCCCOC(=O)CCN(CCC(=O)OCCCCCCCCCCCC)c1ccc(OCCCCCCCC)cc1,-0.832105809882822,,,,,,,,,,,,,,,,0.0,0.0,0.0,0.0
CCCCCCCCCCCCOC(=O)CCN(CCC(=O)OCCCCCCCCCCCC)c1cccc(C)c1N(CCC(=O)OCCCCCCCCCCCC)CCC(=O)OCCCCCCCCCCCC,-0.4032637226508272,,,,,,,,,,,,,,,,0.0,0.0,0.0,0.0
CCCCCCCCCCCCOC(=O)CCN(CCC(=O)OCCCCCCCCCCCC)c1cccc(F)c1,-1.2771475721062835,,,,,,,,,,,,,,,,0.0,0.0,0.0,0.0
CCCCCCCCCCCCOC(=O)CCN(CCC(=O)OCCCCCCCCCCCC)CC(=O)N(C)c1ccccc1,-0.6644111238138263,,,,,,,,,,,,,,,,0.0,0.0,0.0,0.0
CCCCCCCCCCCCOC(=O)CCN(CCC(=O)OCCCCCCCCCCCC)CC(C)N(CCC(=O)OCCCCCCCCCCCC)CCC(=O)OCCCCCCCCCCCC,2.535212967527396,,,,,,,,,,,,,,,,0.0,0.0,0.0,0.0
CCCCCCCCCCCCOC(=O)CCN(CCC(=O)OCCCCCCCCCCCC)CC12C[C@H]3C[C@@H](C1)C[C@@H](C2)C3,-0.9452754453914732,,,,,,,,,,,,,,,,0.0,0.0,0.0,0.0
CCCCCCCCCCCCOC(=O)CCN(CCC(=O)OCCCCCCCCCCCC)CC1CCCC(CN(CCC(=O)OCCCCCCCCCCCC)CCC(=O)OCCCCCCCCCCCC)C1,-1.1546759393449115,,,,,,,,,,,,,,,,0.0,0.0,0.0,0.0
CCCCCCCCCCCCOC(=O)CCN(CCC(=O)OCCCCCCCCCCCC)Cc1ccccc1OCC,-0.3850684082551437,,,,,,,,,,,,,,,,0.0,0.0,0.0,0.0
CCCCCCCCCCCCOC(=O)CCN(CCC(=O)OCCCCCCCCCCCC)CC1CCCO1,-0.6838559267620953,,,,,,,,,,,,,,,,0.0,0.0,0.0,0.0
CCCCCCCCCCCCOC(=O)CCN(CCC(=O)OCCCCCCCCCCCC)CCC(=O)N1CCN(CCC(=O)OCCCCCCCCCCCC)CC1,0.1142706550127969,,,,,,,,,,,,,,,,0.0,0.0,0.0,0.0
CCCCCCCCCCCCOC(=O)CCN(CCC(=O)OCCCCCCCCCCCC)CCC(C)(C)C,-0.1995127596562457,,,,,,,,,,,,,,,,0.0,0.0,0.0,0.0
CCCCCCCCCCCCOC(=O)CCN(CCC(=O)OCCCCCCCCCCCC)CCC1CCC(CC)CC1,-0.5090911839251161,,,,,,,,,,,,,,,,0.0,0.0,0.0,0.0
CCCCCCCCCCCCOC(=O)CCN(CCC(=O)OCCCCCCCCCCCC)CCc1ccc(OC)c(OC)c1,-0.2154762587993095,,,,,,,,,,,,,,,,0.0,0.0,0.0,0.0
CCCCCCCCCCCCOC(=O)CCN(CCC(=O)OCCCCCCCCCCCC)CCN(C)CCCN(C)CCN(CCC(=O)OCCCCCCCCCCCC)CCC(=O)OCCCCCCCCCCCC,2.7160644385753767,,,,,,,,,,,,,,,,0.0,0.0,0.0,0.0
CCCCCCCCCCCCOC(=O)CCN(CCC(=O)OCCCCCCCCCCCC)CCN(CCC(=O)OCCCCCCCCCCCC)c1ccccc1,-0.647568280516079,,,,,,,,,,,,,,,,0.0,0.0,0.0,0.0
CCCCCCCCCCCCOC(=O)CCN(CCC(=O)OCCCCCCCCCCCC)CCN(CCC(=O)OCCCCCCCCCCCC)CCN(CC)CC,0.4912841538768742,,,,,,,,,,,,,,,,0.0,0.0,0.0,0.0
CCCCCCCCCCCCOC(=O)CCN(CCC(=O)OCCCCCCCCCCCC)CCN(CCC(=O)OCCCCCCCCCCCC)CCN(CCC(=O)OCCCCCCCCCCCC)CCN(CCC(=O)OCCCCCCCCCCCC)CCN(CCC(=O)OCCCCCCCCCCCC)CCN(CCC(=O)OCCCCCCCCCCCC)CCC(=O)OCCCCCCCCCCCC,-0.3368278154938599,,,,,,,,,,,,,,,,0.0,0.0,0.0,0.0
CCCCCCCCCCCCOC(=O)CCN(CCC(=O)OCCCCCCCCCCCC)CCN1CCCC1,-0.2903585594858996,,,,,,,,,,,,,,,,0.0,0.0,0.0,0.0
CCCCCCCCCCCCOC(=O)CCN(CCC(=O)OCCCCCCCCCCCC)CCN1CCN(CCN(CCC(=O)OCCCCCCCCCCCC)CCC(=O)OCCCCCCCCCCCC)CC1,4.221889373885671,,,,,,,,,,,,,,,,0.0,0.0,0.0,0.0
CCCCCCCCCCCCOC(=O)CCN(CCC(=O)OCCCCCCCCCCCC)CCN1CCOCC1,0.2213152770628256,,,,,,,,,,,,,,,,0.0,0.0,0.0,0.0
CCCCCCCCCCCCOC(=O)CCN(CCCCC)CCC(=O)OCCCCCCCCCCCC,0.0625932933729786,,,,,,,,,,,,,,,,0.0,0.0,0.0,0.0
CCCCCCCCCCCCOC(=O)CCN(CCCCc1ccccc1)CCC(=O)OCCCCCCCCCCCC,-0.5269264559804472,,,,,,,,,,,,,,,,0.0,0.0,0.0,0.0
CCCCCCCCCCCCOC(=O)CCN(CCCCN1CCN(C)CC1)CCC(=O)OCCCCCCCCCCCC,-0.3246111301372767,,,,,,,,,,,,,,,,0.0,0.0,0.0,0.0
CCCCCCCCCCCCOC(=O)CCN(CCCN(C)C)CCCN(CCC(=O)OCCCCCCCCCCCC)CCC(=O)OCCCCCCCCCCCC,2.3272219670297973,,,,,,,,,,,,,,,,0.0,0.0,0.0,0.0
CCCCCCCCCCCCOC(=O)CCN(CCCOC(C)C)CCC(=O)OCCCCCCCCCCCC,-0.9407070433106206,,,,,,,,,,,,,,,,0.0,0.0,0.0,0.0
CCCCCCCCCCCCOC(=O)CCN(CCOC)CCC(=O)OCCCCCCCCCCCC,0.0519646109118399,,,,,,,,,,,,,,,,0.0,0.0,0.0,0.0
CCCCCCCCCCCCOC(=O)CCN(CCOCCOCCOCCN(CCC(=O)OCCCCCCCCCCCC)CCC(=O)OCCCCCCCCCCCC)CCC(=O)OCCCCCCCCCCCC,0.2452050390038263,,,,,,,,,,,,,,,,0.0,0.0,0.0,0.0
CCCCCCCCCCCCOC(=O)CCN1CC[C@@H](N(CCC(=O)OCCCCCCCCCCCC)CCC(=O)OCCCCCCCCCCCC)C1,0.5476331923511717,,,,,,,,,,,,,,,,0.0,0.0,0.0,0.0
CCCCCCCCCCCCOC(=O)CCN1CCCN(CCC(=O)OCCCCCCCCCCCC)CCCN(CCC(=O)OCCCCCCCCCCCC)CCC1,0.4584385481852328,,,,,,,,,,,,,,,,0.0,0.0,0.0,0.0
CCCCCCCCCCCOC(=O)CCN(C)c1ccccc1N(CCC(=O)OCCCCCCCCCCC)CCC(=O)OCCCCCCCCCCC,-0.922386043575554,,,,,,,,,,,,,,,,0.0,0.0,0.0,0.0
CCCCCCCCCCCOC(=O)CCN(C)CCCCCCN(C)CCC(=O)OCCCCCCCCCCC,-0.7272251630578545,,,,,,,,,,,,,,,,0.0,0.0,0.0,0.0
CCCCCCCCCCCOC(=O)CCN(C)CCN(CCC(=O)OCCCCCCCCCCC)CCC(=O)OCCCCCCCCCCC,0.5068037409408742,,,,,,,,,,,,,,,,0.0,0.0,0.0,0.0
CCCCCCCCCCCOC(=O)CCN(CCC(=O)OCCCCCCCCCCC)[C@@H](CO)CC(C)C,2.829670627285278,,,,,,,,,,,,,,,,0.0,0.0,0.0,0.0
CCCCCCCCCCCOC(=O)CCN(CCC(=O)OCCCCCCCCCCC)C(C)(C)C,-0.5828033634050048,,,,,,,,,,,,,,,,0.0,0.0,0.0,0.0
CCCCCCCCCCCOC(=O)CCN(CCC(=O)OCCCCCCCCCCC)C(C)C,-0.2592804262422144,,,,,,,,,,,,,,,,0.0,0.0,0.0,0.0
CCCCCCCCCCCOC(=O)CCN(CCC(=O)OCCCCCCCCCCC)C(C)CO,-0.6067033824528444,,,,,,,,,,,,,,,,0.0,0.0,0.0,0.0
CCCCCCCCCCCOC(=O)CCN(CCC(=O)OCCCCCCCCCCC)C[C@@H]1CCCN1CC,-0.4720292930889111,,,,,,,,,,,,,,,,0.0,0.0,0.0,0.0
CCCCCCCCCCCOC(=O)CCN(CCC(=O)OCCCCCCCCCCC)c1cc(C(C)(C)C)ccc1C(C)(C)C,-0.8702210757742241,,,,,,,,,,,,,,,,0.0,0.0,0.0,0.0
CCCCCCCCCCCOC(=O)CCN(CCC(=O)OCCCCCCCCCCC)c1cc(F)ccc1F,-0.9365688195198494,,,,,,,,,,,,,,,,0.0,0.0,0.0,0.0
CCCCCCCCCCCOC(=O)CCN(CCC(=O)OCCCCCCCCCCC)c1cc(OC)ccc1OC,-0.6750700110692324,,,,,,,,,,,,,,,,0.0,0.0,0.0,0.0
CCCCCCCCCCCOC(=O)CCN(CCC(=O)OCCCCCCCCCCC)C1CC2CCC1C2,-0.1902670154784155,,,,,,,,,,,,,,,,0.0,0.0,0.0,0.0
CCCCCCCCCCCOC(=O)CCN(CCC(=O)OCCCCCCCCCCC)C1Cc2ccccc2C1,0.8365488120518101,,,,,,,,,,,,,,,,0.0,0.0,0.0,0.0
CCCCCCCCCCCOC(=O)CCN(CCC(=O)OCCCCCCCCCCC)c1ccc(-c2ccc(N(CCC(=O)OCCCCCCCCCCC)CCC(=O)OCCCCCCCCCCC)c(N(CCC(=O)OCCCCCCCCCCC)CCC(=O)OCCCCCCCCCCC)c2)cc1N(CCC(=O)OCCCCCCCCCCC)CCC(=O)OCCCCCCCCCCC,-0.5349626129439825,,,,,,,,,,,,,,,,0.0,0.0,0.0,0.0
CCCCCCCCCCCOC(=O)CCN(CCC(=O)OCCCCCCCCCCC)c1ccc(-c2ccccc2)cc1,-1.2771475721062835,,,,,,,,,,,,,,,,0.0,0.0,0.0,0.0
CCCCCCCCCCCOC(=O)CCN(CCC(=O)OCCCCCCCCCCC)c1ccc(OC(F)(F)F)cc1,-0.3586233505363049,,,,,,,,,,,,,,,,0.0,0.0,0.0,0.0
CCCCCCCCCCCOC(=O)CCN(CCC(=O)OCCCCCCCCCCC)c1ccc(OC)c(F)c1,-0.3566992305985534,,,,,,,,,,,,,,,,0.0,0.0,0.0,0.0
CCCCCCCCCCCOC(=O)CCN(CCC(=O)OCCCCCCCCCCC)c1ccc(Oc2ccccc2)cc1,-0.2378679583596019,,,,,,,,,,,,,,,,0.0,0.0,0.0,0.0
CCCCCCCCCCCOC(=O)CCN(CCC(=O)OCCCCCCCCCCC)c1ccc(OCCCCCCCC)cc1,-1.1690776389224442,,,,,,,,,,,,,,,,0.0,0.0,0.0,0.0
CCCCCCCCCCCOC(=O)CCN(CCC(=O)OCCCCCCCCCCC)c1cccc(C)c1N(CCC(=O)OCCCCCCCCCCC)CCC(=O)OCCCCCCCCCCC,-0.1994962826875269,,,,,,,,,,,,,,,,0.0,0.0,0.0,0.0
CCCCCCCCCCCOC(=O)CCN(CCC(=O)OCCCCCCCCCCC)c1cccc(F)c1,-1.2771475721062835,,,,,,,,,,,,,,,,0.0,0.0,0.0,0.0
CCCCCCCCCCCOC(=O)CCN(CCC(=O)OCCCCCCCCCCC)CC(=O)N(C)c1ccccc1,-0.5168954706397474,,,,,,,,,,,,,,,,0.0,0.0,0.0,0.0
CCCCCCCCCCCOC(=O)CCN(CCC(=O)OCCCCCCCCCCC)CC(C)N(CCC(=O)OCCCCCCCCCCC)CCC(=O)OCCCCCCCCCCC,-0.1644695807512111,,,,,,,,,,,,,,,,0.0,0.0,0.0,0.0
CCCCCCCCCCCOC(=O)CCN(CCC(=O)OCCCCCCCCCCC)CC12C[C@H]3C[C@@H](C1)C[C@@H](C2)C3,-0.6746602635047501,,,,,,,,,,,,,,,,0.0,0.0,0.0,0.0
CCCCCCCCCCCOC(=O)CCN(CCC(=O)OCCCCCCCCCCC)CC1CCCC(CN(CCC(=O)OCCCCCCCCCCC)CCC(=O)OCCCCCCCCCCC)C1,-0.4446036917368666,,,,,,,,,,,,,,,,0.0,0.0,0.0,0.0
CCCCCCCCCCCOC(=O)CCN(CCC(=O)OCCCCCCCCCCC)Cc1ccccc1OCC,-0.5423652265840501,,,,,,,,,,,,,,,,0.0,0.0,0.0,0.0
CCCCCCCCCCCOC(=O)CCN(CCC(=O)OCCCCCCCCCCC)CC1CCCO1,-0.429788314691708,,,,,,,,,,,,,,,,0.0,0.0,0.0,0.0
CCCCCCCCCCCOC(=O)CCN(CCC(=O)OCCCCCCCCCCC)CCC(=O)N1CCN(CCC(=O)OCCCCCCCCCCC)CC1,0.1022755589445419,,,,,,,,,,,,,,,,0.0,0.0,0.0,0.0
CCCCCCCCCCCOC(=O)CCN(CCC(=O)OCCCCCCCCCCC)CCC(C)(C)C,-0.2675428120458924,,,,,,,,,,,,,,,,0.0,0.0,0.0,0.0
CCCCCCCCCCCOC(=O)CCN(CCC(=O)OCCCCCCCCCCC)CCC1CCC(CC)CC1,-0.1249329780236305,,,,,,,,,,,,,,,,0.0,0.0,0.0,0.0
CCCCCCCCCCCOC(=O)CCN(CCC(=O)OCCCCCCCCCCC)CCc1ccc(OC)c(OC)c1,-0.1967160938788087,,,,,,,,,,,,,,,,0.0,0.0,0.0,0.0
CCCCCCCCCCCOC(=O)CCN(CCC(=O)OCCCCCCCCCCC)CCN(C)CCCN(C)CCN(CCC(=O)OCCCCCCCCCCC)CCC(=O)OCCCCCCCCCCC,2.38218287306959,,,,,,,,,,,,,,,,0.0,0.0,0.0,0.0
CCCCCCCCCCCOC(=O)CCN(CCC(=O)OCCCCCCCCCCC)CCN(CCC(=O)OCCCCCCCCCCC)c1ccccc1,-0.959392659340078,,,,,,,,,,,,,,,,0.0,0.0,0.0,0.0
CCCCCCCCCCCOC(=O)CCN(CCC(=O)OCCCCCCCCCCC)CCN(CCC(=O)OCCCCCCCCCCC)CCN(CC)CC,0.9726097278581558,,,,,,,,,,,,,,,,0.0,0.0,0.0,0.0
CCCCCCCCCCCOC(=O)CCN(CCC(=O)OCCCCCCCCCCC)CCN(CCC(=O)OCCCCCCCCCCC)CCN(CCC(=O)OCCCCCCCCCCC)CCN(CCC(=O)OCCCCCCCCCCC)CCN(CCC(=O)OCCCCCCCCCCC)CCN(CCC(=O)OCCCCCCCCCCC)CCC(=O)OCCCCCCCCCCC,-0.34196867744158,,,,,,,,,,,,,,,,0.0,0.0,0.0,0.0
CCCCCCCCCCCOC(=O)CCN(CCC(=O)OCCCCCCCCCCC)CCN1CCCC1,-0.22452288390891,,,,,,,,,,,,,,,,0.0,0.0,0.0,0.0
CCCCCCCCCCCOC(=O)CCN(CCC(=O)OCCCCCCCCCCC)CCN1CCN(CCN(CCC(=O)OCCCCCCCCCCC)CCC(=O)OCCCCCCCCCCC)CC1,3.990380198996053,,,,,,,,,,,,,,,,0.0,0.0,0.0,0.0
CCCCCCCCCCCOC(=O)CCN(CCC(=O)OCCCCCCCCCCC)CCN1CCOCC1,0.5181942998296525,,,,,,,,,,,,,,,,0.0,0.0,0.0,0.0
CCCCCCCCCCCOC(=O)CCN(CCCCC)CCC(=O)OCCCCCCCCCCC,-0.0143980533461756,,,,,,,,,,,,,,,,0.0,0.0,0.0,0.0
CCCCCCCCCCCOC(=O)CCN(CCCCc1ccccc1)CCC(=O)OCCCCCCCCCCC,-0.3764936637310464,,,,,,,,,,,,,,,,0.0,0.0,0.0,0.0
CCCCCCCCCCCOC(=O)CCN(CCCCN1CCN(C)CC1)CCC(=O)OCCCCCCCCCCC,0.0097584589704159,,,,,,,,,,,,,,,,0.0,0.0,0.0,0.0
CCCCCCCCCCCOC(=O)CCN(CCCN(C)C)CCCN(CCC(=O)OCCCCCCCCCCC)CCC(=O)OCCCCCCCCCCC,0.0399077455920509,,,,,,,,,,,,,,,,0.0,0.0,0.0,0.0
CCCCCCCCCCCOC(=O)CCN(CCCOC(C)C)CCC(=O)OCCCCCCCCCCC,-0.6322157829151738,,,,,,,,,,,,,,,,0.0,0.0,0.0,0.0
CCCCCCCCCCCOC(=O)CCN(CCOC)CCC(=O)OCCCCCCCCCCC,0.0251683009546721,,,,,,,,,,,,,,,,0.0,0.0,0.0,0.0
CCCCCCCCCCCOC(=O)CCN(CCOCCOCCOCCN(CCC(=O)OCCCCCCCCCCC)CCC(=O)OCCCCCCCCCCC)CCC(=O)OCCCCCCCCCCC,0.0639125719961091,,,,,,,,,,,,,,,,0.0,0.0,0.0,0.0
CCCCCCCCCCCOC(=O)CCN1CC[C@@H](N(CCC(=O)OCCCCCCCCCCC)CCC(=O)OCCCCCCCCCCC)C1,0.4665040094644698,,,,,,,,,,,,,,,,0.0,0.0,0.0,0.0
CCCCCCCCCCCOC(=O)CCN1CCCN(CCC(=O)OCCCCCCCCCCC)CCCN(CCC(=O)OCCCCCCCCCCC)CCC1,0.83308902431723,,,,,,,,,,,,,,,,0.0,0.0,0.0,0.0
CCCCCCCCCCOC(=O)CCN(C)c1ccccc1N(CCC(=O)OCCCCCCCCCC)CCC(=O)OCCCCCCCCCC,-0.9623273666925788,,,,,,,,,,,,,,,,0.0,0.0,0.0,0.0
CCCCCCCCCCOC(=O)CCN(C)CCCCCCN(C)CCC(=O)OCCCCCCCCCC,-0.2905757716135186,,,,,,,,,,,,,,,,0.0,0.0,0.0,0.0
CCCCCCCCCCOC(=O)CCN(C)CCN(CCC(=O)OCCCCCCCCCC)CCC(=O)OCCCCCCCCCC,0.2834991005796745,,,,,,,,,,,,,,,,0.0,0.0,0.0,0.0
CCCCCCCCCCOC(=O)CCN(CCC(=O)OCCCCCCCCCC)[C@@H](CO)CC(C)C,0.4497576843493909,,,,,,,,,,,,,,,,0.0,0.0,0.0,0.0
CCCCCCCCCCOC(=O)CCN(CCC(=O)OCCCCCCCCCC)C(C)(C)C,-0.3347271480863588,,,,,,,,,,,,,,,,0.0,0.0,0.0,0.0
CCCCCCCCCCOC(=O)CCN(CCC(=O)OCCCCCCCCCC)C(C)C,-0.464103674341869,,,,,,,,,,,,,,,,0.0,0.0,0.0,0.0
CCCCCCCCCCOC(=O)CCN(CCC(=O)OCCCCCCCCCC)C(C)CO,-1.0480938770327175,,,,,,,,,,,,,,,,0.0,0.0,0.0,0.0
CCCCCCCCCCOC(=O)CCN(CCC(=O)OCCCCCCCCCC)C[C@@H]1CCCN1CC,-0.5498239740303246,,,,,,,,,,,,,,,,0.0,0.0,0.0,0.0
CCCCCCCCCCOC(=O)CCN(CCC(=O)OCCCCCCCCCC)c1cc(C(C)(C)C)ccc1C(C)(C)C,-0.9300183269573024,,,,,,,,,,,,,,,,0.0,0.0,0.0,0.0
CCCCCCCCCCOC(=O)CCN(CCC(=O)OCCCCCCCCCC)c1cc(F)ccc1F,-0.9222902469684248,,,,,,,,,,,,,,,,0.0,0.0,0.0,0.0
CCCCCCCCCCOC(=O)CCN(CCC(=O)OCCCCCCCCCC)c1cc(OC)ccc1OC,-0.7352817388201204,,,,,,,,,,,,,,,,0.0,0.0,0.0,0.0
CCCCCCCCCCOC(=O)CCN(CCC(=O)OCCCCCCCCCC)C1CC2CCC1C2,-0.1333962838526692,,,,,,,,,,,,,,,,0.0,0.0,0.0,0.0
CCCCCCCCCCOC(=O)CCN(CCC(=O)OCCCCCCCCCC)C1Cc2ccccc2C1,0.8396011064000385,,,,,,,,,,,,,,,,0.0,0.0,0.0,0.0
CCCCCCCCCCOC(=O)CCN(CCC(=O)OCCCCCCCCCC)c1ccc(-c2ccc(N(CCC(=O)OCCCCCCCCCC)CCC(=O)OCCCCCCCCCC)c(N(CCC(=O)OCCCCCCCCCC)CCC(=O)OCCCCCCCCCC)c2)cc1N(CCC(=O)OCCCCCCCCCC)CCC(=O)OCCCCCCCCCC,-0.4105650592877279,,,,,,,,,,,,,,,,0.0,0.0,0.0,0.0
CCCCCCCCCCOC(=O)CCN(CCC(=O)OCCCCCCCCCC)c1ccc(-c2ccccc2)cc1,-1.2771475721062835,,,,,,,,,,,,,,,,0.0,0.0,0.0,0.0
CCCCCCCCCCOC(=O)CCN(CCC(=O)OCCCCCCCCCC)c1ccc(OC(F)(F)F)cc1,-0.469811575394761,,,,,,,,,,,,,,,,0.0,0.0,0.0,0.0
CCCCCCCCCCOC(=O)CCN(CCC(=O)OCCCCCCCCCC)c1ccc(OC)c(F)c1,-0.4141307277966841,,,,,,,,,,,,,,,,0.0,0.0,0.0,0.0
CCCCCCCCCCOC(=O)CCN(CCC(=O)OCCCCCCCCCC)c1ccc(Oc2ccccc2)cc1,-0.5389127440563758,,,,,,,,,,,,,,,,0.0,0.0,0.0,0.0
CCCCCCCCCCOC(=O)CCN(CCC(=O)OCCCCCCCCCC)c1ccc(OCCCCCCCC)cc1,-1.2771475721062835,,,,,,,,,,,,,,,,0.0,0.0,0.0,0.0
CCCCCCCCCCOC(=O)CCN(CCC(=O)OCCCCCCCCCC)c1cccc(C)c1N(CCC(=O)OCCCCCCCCCC)CCC(=O)OCCCCCCCCCC,-0.2414549640361569,,,,,,,,,,,,,,,,0.0,0.0,0.0,0.0
CCCCCCCCCCOC(=O)CCN(CCC(=O)OCCCCCCCCCC)c1cccc(F)c1,-1.1784651816388898,,,,,,,,,,,,,,,,0.0,0.0,0.0,0.0
CCCCCCCCCCOC(=O)CCN(CCC(=O)OCCCCCCCCCC)CC(=O)N(C)c1ccccc1,-0.5382428834185768,,,,,,,,,,,,,,,,0.0,0.0,0.0,0.0
CCCCCCCCCCOC(=O)CCN(CCC(=O)OCCCCCCCCCC)CC(C)N(CCC(=O)OCCCCCCCCCC)CCC(=O)OCCCCCCCCCC,0.2102012485817404,,,,,,,,,,,,,,,,0.0,0.0,0.0,0.0
CCCCCCCCCCOC(=O)CCN(CCC(=O)OCCCCCCCCCC)CC12C[C@H]3C[C@@H](C1)C[C@@H](C2)C3,-0.5812863194132102,,,,,,,,,,,,,,,,0.0,0.0,0.0,0.0
CCCCCCCCCCOC(=O)CCN(CCC(=O)OCCCCCCCCCC)CC1CCCC(CN(CCC(=O)OCCCCCCCCCC)CCC(=O)OCCCCCCCCCC)C1,-0.3579423621302724,,,,,,,,,,,,,,,,0.0,0.0,0.0,0.0
CCCCCCCCCCOC(=O)CCN(CCC(=O)OCCCCCCCCCC)Cc1ccccc1OCC,-0.3795531619077992,,,,,,,,,,,,,,,,0.0,0.0,0.0,0.0
CCCCCCCCCCOC(=O)CCN(CCC(=O)OCCCCCCCCCC)CC1CCCO1,-0.2773483915003703,,,,,,,,,,,,,,,,0.0,0.0,0.0,0.0
CCCCCCCCCCOC(=O)CCN(CCC(=O)OCCCCCCCCCC)CCC(=O)N1CCN(CCC(=O)OCCCCCCCCCC)CC1,0.0754001261422927,,,,,,,,,,,,,,,,0.0,0.0,0.0,0.0
CCCCCCCCCCOC(=O)CCN(CCC(=O)OCCCCCCCCCC)CCC(C)(C)C,-0.52279125565082,,,,,,,,,,,,,,,,0.0,0.0,0.0,0.0
CCCCCCCCCCOC(=O)CCN(CCC(=O)OCCCCCCCCCC)CCC1CCC(CC)CC1,0.0613149417988229,,,,,,,,,,,,,,,,0.0,0.0,0.0,0.0
CCCCCCCCCCOC(=O)CCN(CCC(=O)OCCCCCCCCCC)CCc1ccc(OC)c(OC)c1,-0.3303577756222229,,,,,,,,,,,,,,,,0.0,0.0,0.0,0.0
CCCCCCCCCCOC(=O)CCN(CCC(=O)OCCCCCCCCCC)CCN(C)CCCN(C)CCN(CCC(=O)OCCCCCCCCCC)CCC(=O)OCCCCCCCCCC,2.386703514005865,,,,,,,,,,,,,,,,0.0,0.0,0.0,0.0
CCCCCCCCCCOC(=O)CCN(CCC(=O)OCCCCCCCCCC)CCN(CCC(=O)OCCCCCCCCCC)c1ccccc1,-1.0652101616792382,,,,,,,,,,,,,,,,0.0,0.0,0.0,0.0
CCCCCCCCCCOC(=O)CCN(CCC(=O)OCCCCCCCCCC)CCN(CCC(=O)OCCCCCCCCCC)CCN(CC)CC,0.305866087668606,,,,,,,,,,,,,,,,0.0,0.0,0.0,0.0
CCCCCCCCCCOC(=O)CCN(CCC(=O)OCCCCCCCCCC)CCN(CCC(=O)OCCCCCCCCCC)CCN(CCC(=O)OCCCCCCCCCC)CCN(CCC(=O)OCCCCCCCCCC)CCN(CCC(=O)OCCCCCCCCCC)CCN(CCC(=O)OCCCCCCCCCC)CCC(=O)OCCCCCCCCCC,0.0252681109530239,,,,,,,,,,,,,,,,0.0,0.0,0.0,0.0
CCCCCCCCCCOC(=O)CCN(CCC(=O)OCCCCCCCCCC)CCN1CCCC1,-0.1836640625851341,,,,,,,,,,,,,,,,0.0,0.0,0.0,0.0
CCCCCCCCCCOC(=O)CCN(CCC(=O)OCCCCCCCCCC)CCN1CCN(CCN(CCC(=O)OCCCCCCCCCC)CCC(=O)OCCCCCCCCCC)CC1,3.610983759529638,,,,,,,,,,,,,,,,0.0,0.0,0.0,0.0
CCCCCCCCCCOC(=O)CCN(CCC(=O)OCCCCCCCCCC)CCN1CCOCC1,0.6521371588543446,,,,,,,,,,,,,,,,0.0,0.0,0.0,0.0
CCCCCCCCCCOC(=O)CCN(CCCCC)CCC(=O)OCCCCCCCCCC,-0.167529251867556,,,,,,,,,,,,,,,,0.0,0.0,0.0,0.0
CCCCCCCCCCOC(=O)CCN(CCCCc1ccccc1)CCC(=O)OCCCCCCCCCC,-0.3587785012041135,,,,,,,,,,,,,,,,0.0,0.0,0.0,0.0
CCCCCCCCCCOC(=O)CCN(CCCCN1CCN(C)CC1)CCC(=O)OCCCCCCCCCC,0.0312454399634666,,,,,,,,,,,,,,,,0.0,0.0,0.0,0.0
CCCCCCCCCCOC(=O)CCN(CCCN(C)C)CCCN(CCC(=O)OCCCCCCCCCC)CCC(=O)OCCCCCCCCCC,4.286499450427516,,,,,,,,,,,,,,,,0.0,0.0,0.0,0.0
CCCCCCCCCCOC(=O)CCN(CCCOC(C)C)CCC(=O)OCCCCCCCCCC,-0.4816000205773807,,,,,,,,,,,,,,,,0.0,0.0,0.0,0.0
CCCCCCCCCCOC(=O)CCN(CCOC)CCC(=O)OCCCCCCCCCC,-0.0220058985745368,,,,,,,,,,,,,,,,0.0,0.0,0.0,0.0
CCCCCCCCCCOC(=O)CCN(CCOCCOCCOCCN(CCC(=O)OCCCCCCCCCC)CCC(=O)OCCCCCCCCCC)CCC(=O)OCCCCCCCCCC,0.0520837305101595,,,,,,,,,,,,,,,,0.0,0.0,0.0,0.0
CCCCCCCCCCOC(=O)CCN1CC[C@@H](N(CCC(=O)OCCCCCCCCCC)CCC(=O)OCCCCCCCCCC)C1,0.3933920854182957,,,,,,,,,,,,,,,,0.0,0.0,0.0,0.0
CCCCCCCCCCOC(=O)CCN1CCCN(CCC(=O)OCCCCCCCCCC)CCCN(CCC(=O)OCCCCCCCCCC)CCC1,-0.1016261954474417,,,,,,,,,,,,,,,,0.0,0.0,0.0,0.0
CCCCCCCCCCCCOC(=O)CCN(CCC(=O)OCCCCCCCCCCCC)CCN(CCC(=O)OCCCCCCCCCCCC)CCN(CC)CC,-1.1522504314255226,,,,,,,,,,,,,,,,0.0,0.0,0.0,0.0
CCCCCCCCCCCCCOC(=O)CCN(CCC(=O)OCCCCCCCCCCCCC)CCN(CCC(=O)OCCCCCCCCCCCCC)CCN(CC)CC,1.3451164794610044,,,,,,,,,,,,,,,,0.0,0.0,0.0,0.0
CCCCCCCCCCCOC(=O)CCN(CCC(=O)OCCCCCCCCCCC)CCN(CCC(=O)OCCCCCCCCCCC)CCN(CCC(=O)OCCCCCCCCCCC)CCN(CCC(=O)OCCCCCCCCCCC)CCN(CCC(=O)OCCCCCCCCCCC)CCN(CCC(=O)OCCCCCCCCCCC)CCC(=O)OCCCCCCCCCCC,-0.7175874767077917,,,,,,,,,,,,,,,,0.0,0.0,0.0,0.0
CCCCCCCCCCCCOC(=O)CCN(CCC(=O)OCCCCCCCCCCCC)CCN(CCC(=O)OCCCCCCCCCCCC)CCN(CCC(=O)OCCCCCCCCCCCC)CCN(CCC(=O)OCCCCCCCCCCCC)CCN(CCC(=O)OCCCCCCCCCCCC)CCN(CCC(=O)OCCCCCCCCCCCC)CCC(=O)OCCCCCCCCCCCC,-1.4941201238848696,,,,,,,,,,,,,,,,0.0,0.0,0.0,0.0
CCCCCCCCCCOC(=O)CCN(CCCN(C)C)CCCN(CCC(=O)OCCCCCCCCCC)CCC(=O)OCCCCCCCCCC,-1.1913891433784594,,,,,,,,,,,,,,,,0.0,0.0,0.0,0.0
CCCCCCCCCCCCOC(=O)CCN(CCCN(C)C)CCCN(CCC(=O)OCCCCCCCCCCCC)CCC(=O)OCCCCCCCCCCCC,1.310831938799614,,,,,,,,,,,,,,,,0.0,0.0,0.0,0.0
CCCCCCCCCCCCOC(=O)CCN(CCC(=O)OCCCCCCCCCCCC)CC(C)N(CCC(=O)OCCCCCCCCCCCC)CCC(=O)OCCCCCCCCCCCC,-0.7253332676888449,,,,,,,,,,,,,,,,0.0,0.0,0.0,0.0
CCCCCCCCCCCCCOC(=O)CCN(CCC(=O)OCCCCCCCCCCCCC)CC(C)N(CCC(=O)OCCCCCCCCCCCCC)CCC(=O)OCCCCCCCCCCCCC,1.327496926411178,,,,,,,,,,,,,,,,0.0,0.0,0.0,0.0
CCCCCCCCCCOC(=O)CCN(CCC(=O)OCCCCCCCCCC)CCN1CCN(CCN(CCC(=O)OCCCCCCCCCC)CCC(=O)OCCCCCCCCCC)CC1,0.2751883364406364,,,,,,,,,,,,,,,,0.0,0.0,0.0,0.0
CCCCCCCCCCCOC(=O)CCN(CCC(=O)OCCCCCCCCCCC)CCN1CCN(CCN(CCC(=O)OCCCCCCCCCCC)CCC(=O)OCCCCCCCCCCC)CC1,1.2087954209532412,,,,,,,,,,,,,,,,0.0,0.0,0.0,0.0
CCCCCCCCCCCCOC(=O)CCN(CCC(=O)OCCCCCCCCCCCC)CCN1CCN(CCN(CCC(=O)OCCCCCCCCCCCC)CCC(=O)OCCCCCCCCCCCC)CC1,1.2884962113048255,,,,,,,,,,,,,,,,0.0,0.0,0.0,0.0
CCCCCCCCCCCCCOC(=O)CCN(CCC(=O)OCCCCCCCCCCCCC)CCN1CCN(CCN(CCC(=O)OCCCCCCCCCCCCC)CCC(=O)OCCCCCCCCCCCCC)CC1,1.2437235139989102,,,,,,,,,,,,,,,,0.0,0.0,0.0,0.0
CCCCCCCCCCCCCCOC(=O)CCN(CCC(=O)OCCCCCCCCCCCCCC)CCN1CCN(CCN(CCC(=O)OCCCCCCCCCCCCCC)CCC(=O)OCCCCCCCCCCCCCC)CC1,-0.5527142587803245,,,,,,,,,,,,,,,,0.0,0.0,0.0,0.0
CCCCCCCCCCOC(=O)CCN(CCC(=O)OCCCCCCCCCC)CCN(C)CCCN(C)CCN(CCC(=O)OCCCCCCCCCC)CCC(=O)OCCCCCCCCCC,0.0457116035815954,,,,,,,,,,,,,,,,0.0,0.0,0.0,0.0
CCCCCCCCCCCOC(=O)CCN(CCC(=O)OCCCCCCCCCCC)CCN(C)CCCN(C)CCN(CCC(=O)OCCCCCCCCCCC)CCC(=O)OCCCCCCCCCCC,0.5444192013991854,,,,,,,,,,,,,,,,0.0,0.0,0.0,0.0
CCCCCCCCCCCCOC(=O)CCN(CCC(=O)OCCCCCCCCCCCC)CCN(C)CCCN(C)CCN(CCC(=O)OCCCCCCCCCCCC)CCC(=O)OCCCCCCCCCCCC,1.1940949932416676,,,,,,,,,,,,,,,,0.0,0.0,0.0,0.0
CCCCCCCCCCCCCOC(=O)CCN(CCC(=O)OCCCCCCCCCCCCC)CCN(C)CCCN(C)CCN(CCC(=O)OCCCCCCCCCCCCC)CCC(=O)OCCCCCCCCCCCCC,1.2509910408725666,,,,,,,,,,,,,,,,0.0,0.0,0.0,0.0
CCCCCCCCCCCCCCOC(=O)CCN(CCC(=O)OCCCCCCCCCCCCCC)CCN(C)CCCN(C)CCN(CCC(=O)OCCCCCCCCCCCCCC)CCC(=O)OCCCCCCCCCCCCCC,-1.3172160257033043,,,,,,,,,,,,,,,,0.0,0.0,0.0,0.0
CCCCCCCCCCCCCOC(=O)CCN(CCC(=O)OCCCCCCCCCCCCC)CCN(C)CCN(CCN(CCC(=O)OCCCCCCCCCCCCC)CCC(=O)OCCCCCCCCCCCCC)C1CCCCC1,1.2394662168917856,,,,,,,,,,,,,,,,0.0,0.0,0.0,0.0
CCCCCCCCCCCCCOC(=O)CCN(CCC(=O)OCCCCCCCCCCCCC)CCN(CC)CCCN(CC)CCN(CCC(=O)OCCCCCCCCCCCCC)CCC(=O)OCCCCCCCCCCCCC,1.3186287967809818,,,,,,,,,,,,,,,,0.0,0.0,0.0,0.0
N(CC(=O)OCC)C(=O)C(CCCCCCC/C=C\CCCCCCCC)(CCCCCCC/C=C\CCCCCCCC)N(CC)CCCNCC,3.878274157134861,,,,,,,,,,,,,,,,0.0,0.0,0.0,0.0
N(CC(=O)OCC)C(=O)C(CCCCCCC/C=C\CCCCCCCC)(CCCCCCC/C=C\CCCCCCCC)N(CC)CCO,0.7384835776923907,,,,,,,,,,,,,,,,0.0,0.0,0.0,0.0
N(CC(=O)OC(C)(C)C)C(=O)C(CCCCCCC/C=C\CCCCCCCC)(CCCCCCC/C=C\CCCCCCCC)N(CC)CCCNCC,3.7115208032992713,,,,,,,,,,,,,,,,0.0,0.0,0.0,0.0
N(CS(=O)(=O)c3ccc(C)cc3)C(=O)C(CCCCCCC/C=C\CCCCCCCC)(CCCCCCC/C=C\CCCCCCCC)N(CC)CCCNCC,2.180686648122929,,,,,,,,,,,,,,,,0.0,0.0,0.0,0.0
N(CC(=O)OC(C)(C)C)C(=O)C(CCCCCCC/C=C\CCCCCCCC)(CCCCCCC/C=C\CCCCCCCC)N(CC)CCO,1.498663101330993,,,,,,,,,,,,,,,,0.0,0.0,0.0,0.0
N(CS(=O)(=O)c3ccc(C)cc3)C(=O)C(CCCCCCC/C=C\CCCCCCCC)(CCCCCCC/C=C\CCCCCCCC)N(CC)CCO,1.583119162800352,,,,,,,,,,,,,,,,0.0,0.0,0.0,0.0
N(C(C)(C)C)C(=O)C(CCCCCCC/C=C\CCCCCCCC)(CCCCCCC/C=C\CCCCCCCC)N(CC)CCCNCC,2.358653671321223,,,,,,,,,,,,,,,,0.0,0.0,0.0,0.0
N(CCCC)C(=O)C(CCCCCCC/C=C\CCCCCCCC)(CCCCCCC/C=C\CCCCCCCC)N(CC)CCCNCC,1.0216742705268822,,,,,,,,,,,,,,,,0.0,0.0,0.0,0.0
N(CCCCC)C(=O)C(CCCCCCC/C=C\CCCCCCCC)(CCCCCCC/C=C\CCCCCCCC)N(CC)CCCNCC,0.3094474751400192,,,,,,,,,,,,,,,,0.0,0.0,0.0,0.0
N(CC(=O)OC)C(=O)C(CCCCCCC/C=C\CCCCCCCC)(CCCCCCC/C=C\CCCCCCCC)N(CC)CCCNCC,3.0365621014306656,,,,,,,,,,,,,,,,0.0,0.0,0.0,0.0
N(C(C)C(=O)OC(C)(C)C)C(=O)C(CCCCCCC/C=C\CCCCCCCC)(CCCCCCC/C=C\CCCCCCCC)N(CC)CCCNCC,0.5792869483698455,,,,,,,,,,,,,,,,0.0,0.0,0.0,0.0
N(CCC(=O)OCC)C(=O)C(CCCCCCC/C=C\CCCCCCCC)(CCCCCCC/C=C\CCCCCCCC)N(CC)CCCNCC,0.1343434118616988,,,,,,,,,,,,,,,,0.0,0.0,0.0,0.0
N(C3CCCCC3)C(=O)C(CCCCCCC/C=C\CCCCCCCC)(CCCCCCC/C=C\CCCCCCCC)N(CC)CCCNCC,0.4953094780394951,,,,,,,,,,,,,,,,0.0,0.0,0.0,0.0
N(C(C)(C)C)C(=O)C(CCCCCCCCCC)(CCCCCCCCCC)N(CC)CCCNCC,0.2429129573064083,,,,,,,,,,,,,,,,0.0,0.0,0.0,0.0
N(CCCC)C(=O)C(CCCCCCCCCC)(CCCCCCCCCC)N(CC)CCCNCC,0.9416095770989026,,,,,,,,,,,,,,,,0.0,0.0,0.0,0.0
N(CCCCC)C(=O)C(CCCCCCCCCC)(CCCCCCCCCC)N(CC)CCCNCC,1.1947995271603622,,,,,,,,,,,,,,,,0.0,0.0,0.0,0.0
N(CC(=O)OC)C(=O)C(CCCCCCCCCC)(CCCCCCCCCC)N(CC)CCCNCC,1.9091418773634272,,,,,,,,,,,,,,,,0.0,0.0,0.0,0.0
N(CC(=O)OCC)C(=O)C(CCCCCCCCCC)(CCCCCCCCCC)N(CC)CCCNCC,2.088171035289083,,,,,,,,,,,,,,,,0.0,0.0,0.0,0.0
N(CC(=O)OC(C)(C)C)C(=O)C(CCCCCCCCCC)(CCCCCCCCCC)N(CC)CCCNCC,1.330258418650478,,,,,,,,,,,,,,,,0.0,0.0,0.0,0.0
N(C(C)C(=O)OC(C)(C)C)C(=O)C(CCCCCCCCCC)(CCCCCCCCCC)N(CC)CCCNCC,2.2932484010218115,,,,,,,,,,,,,,,,0.0,0.0,0.0,0.0
N(CCC(=O)OCC)C(=O)C(CCCCCCCCCC)(CCCCCCCCCC)N(CC)CCCNCC,-0.5988718847242369,,,,,,,,,,,,,,,,0.0,0.0,0.0,0.0
N(CS(=O)(=O)c3ccc(C)cc3)C(=O)C(CCCCCCCCCC)(CCCCCCCCCC)N(CC)CCCNCC,-0.5513493413261067,,,,,,,,,,,,,,,,0.0,0.0,0.0,0.0
N(C3CCCCC3)C(=O)C(CCCCCCCCCC)(CCCCCCCCCC)N(CC)CCCNCC,-0.1405796537235973,,,,,,,,,,,,,,,,0.0,0.0,0.0,0.0
N(C(C)(C)C)C(=O)C(CCCCCCCCC)(CCCCCCCCC)N(CC)CCCNCC,0.6968699921970026,,,,,,,,,,,,,,,,0.0,0.0,0.0,0.0
N(CCCC)C(=O)C(CCCCCCCCC)(CCCCCCCCC)N(CC)CCCNCC,0.7514701184768343,,,,,,,,,,,,,,,,0.0,0.0,0.0,0.0
N(CCCCC)C(=O)C(CCCCCCCCC)(CCCCCCCCC)N(CC)CCCNCC,0.8590242456852463,,,,,,,,,,,,,,,,0.0,0.0,0.0,0.0
N(CC(=O)OC)C(=O)C(CCCCCCCCC)(CCCCCCCCC)N(CC)CCCNCC,1.9273843197132032,,,,,,,,,,,,,,,,0.0,0.0,0.0,0.0
N(CC(=O)OCC)C(=O)C(CCCCCCCCC)(CCCCCCCCC)N(CC)CCCNCC,1.5438380197149706,,,,,,,,,,,,,,,,0.0,0.0,0.0,0.0
N(CC(=O)OC(C)(C)C)C(=O)C(CCCCCCCCC)(CCCCCCCCC)N(CC)CCCNCC,-0.1352159105820976,,,,,,,,,,,,,,,,0.0,0.0,0.0,0.0
N(C(C)C(=O)OC(C)(C)C)C(=O)C(CCCCCCCCC)(CCCCCCCCC)N(CC)CCCNCC,-0.8943032970224548,,,,,,,,,,,,,,,,0.0,0.0,0.0,0.0
N(CCC(=O)OCC)C(=O)C(CCCCCCCCC)(CCCCCCCCC)N(CC)CCCNCC,-0.0645442959671664,,,,,,,,,,,,,,,,0.0,0.0,0.0,0.0
N(CS(=O)(=O)c3ccc(C)cc3)C(=O)C(CCCCCCCCC)(CCCCCCCCC)N(CC)CCCNCC,-0.2025590543979157,,,,,,,,,,,,,,,,0.0,0.0,0.0,0.0
N(C3CCCCC3)C(=O)C(CCCCCCCCC)(CCCCCCCCC)N(CC)CCCNCC,-0.5809989542874813,,,,,,,,,,,,,,,,0.0,0.0,0.0,0.0
N(C(C)(C)C)C(=O)C(CCCCCCCC)(CCCCCCCC)N(CC)CCCNCC,0.4597027039718356,,,,,,,,,,,,,,,,0.0,0.0,0.0,0.0
N(CCCC)C(=O)C(CCCCCCCC)(CCCCCCCC)N(CC)CCCNCC,0.1747543657460591,,,,,,,,,,,,,,,,0.0,0.0,0.0,0.0
N(CCCCC)C(=O)C(CCCCCCCC)(CCCCCCCC)N(CC)CCCNCC,0.5703977897294423,,,,,,,,,,,,,,,,0.0,0.0,0.0,0.0
N(CC(=O)OC)C(=O)C(CCCCCCCC)(CCCCCCCC)N(CC)CCCNCC,1.3738409185328515,,,,,,,,,,,,,,,,0.0,0.0,0.0,0.0
N(CC(=O)OCC)C(=O)C(CCCCCCCC)(CCCCCCCC)N(CC)CCCNCC,1.029909168388407,,,,,,,,,,,,,,,,0.0,0.0,0.0,0.0
N(CC(=O)OC(C)(C)C)C(=O)C(CCCCCCCC)(CCCCCCCC)N(CC)CCCNCC,-0.6429537999382681,,,,,,,,,,,,,,,,0.0,0.0,0.0,0.0
N(C(C)C(=O)OC(C)(C)C)C(=O)C(CCCCCCCC)(CCCCCCCC)N(CC)CCCNCC,-0.0457666524522194,,,,,,,,,,,,,,,,0.0,0.0,0.0,0.0
N(CCC(=O)OCC)C(=O)C(CCCCCCCC)(CCCCCCCC)N(CC)CCCNCC,-0.4449912168303016,,,,,,,,,,,,,,,,0.0,0.0,0.0,0.0
N(CS(=O)(=O)c3ccc(C)cc3)C(=O)C(CCCCCCCC)(CCCCCCCC)N(CC)CCCNCC,-0.2165115572383629,,,,,,,,,,,,,,,,0.0,0.0,0.0,0.0
N(C3CCCCC3)C(=O)C(CCCCCCCC)(CCCCCCCC)N(CC)CCCNCC,-0.960805390729804,,,,,,,,,,,,,,,,0.0,0.0,0.0,0.0
N(C(C)(C)C)C(=O)C(CCCCCCC)(CCCCCCC)N(CC)CCCNCC,0.3046488985944881,,,,,,,,,,,,,,,,0.0,0.0,0.0,0.0
N(CCCC)C(=O)C(CCCCCCC)(CCCCCCC)N(CC)CCCNCC,0.496897866835027,,,,,,,,,,,,,,,,0.0,0.0,0.0,0.0
N(CCCCC)C(=O)C(CCCCCCC)(CCCCCCC)N(CC)CCCNCC,0.1414420232951516,,,,,,,,,,,,,,,,0.0,0.0,0.0,0.0
N(CC(=O)OC)C(=O)C(CCCCCCC)(CCCCCCC)N(CC)CCCNCC,1.220857456074541,,,,,,,,,,,,,,,,0.0,0.0,0.0,0.0
N(CC(=O)OCC)C(=O)C(CCCCCCC)(CCCCCCC)N(CC)CCCNCC,1.1208062967169954,,,,,,,,,,,,,,,,0.0,0.0,0.0,0.0
N(CC(=O)OC(C)(C)C)C(=O)C(CCCCCCC)(CCCCCCC)N(CC)CCCNCC,-0.9821090085575176,,,,,,,,,,,,,,,,0.0,0.0,0.0,0.0
N(C(C)C(=O)OC(C)(C)C)C(=O)C(CCCCCCC)(CCCCCCC)N(CC)CCCNCC,-0.8620296723001346,,,,,,,,,,,,,,,,0.0,0.0,0.0,0.0
N(CCC(=O)OCC)C(=O)C(CCCCCCC)(CCCCCCC)N(CC)CCCNCC,-0.4829008421097785,,,,,,,,,,,,,,,,0.0,0.0,0.0,0.0
N(CS(=O)(=O)c3ccc(C)cc3)C(=O)C(CCCCCCC)(CCCCCCC)N(CC)CCCNCC,-0.4470143770640716,,,,,,,,,,,,,,,,0.0,0.0,0.0,0.0
N(C3CCCCC3)C(=O)C(CCCCCCC)(CCCCCCC)N(CC)CCCNCC,0.9160426158219396,,,,,,,,,,,,,,,,0.0,0.0,0.0,0.0
N(C(C)(C)C)C(=O)C(CCCCCC)(CCCCCC)N(CC)CCCNCC,0.0091207541918664,,,,,,,,,,,,,,,,0.0,0.0,0.0,0.0
N(CCCC)C(=O)C(CCCCCC)(CCCCCC)N(CC)CCCNCC,0.9347636263203244,,,,,,,,,,,,,,,,0.0,0.0,0.0,0.0
N(CCCCC)C(=O)C(CCCCCC)(CCCCCC)N(CC)CCCNCC,0.9713977940677472,,,,,,,,,,,,,,,,0.0,0.0,0.0,0.0
N(CC(=O)OC)C(=O)C(CCCCCC)(CCCCCC)N(CC)CCCNCC,1.2007043736133918,,,,,,,,,,,,,,,,0.0,0.0,0.0,0.0
N(CC(=O)OCC)C(=O)C(CCCCCC)(CCCCCC)N(CC)CCCNCC,0.1700026346932752,,,,,,,,,,,,,,,,0.0,0.0,0.0,0.0
N(CC(=O)OC(C)(C)C)C(=O)C(CCCCCC)(CCCCCC)N(CC)CCCNCC,-0.1479086430061749,,,,,,,,,,,,,,,,0.0,0.0,0.0,0.0
N(C(C)C(=O)OC(C)(C)C)C(=O)C(CCCCCC)(CCCCCC)N(CC)CCCNCC,-1.0348967365332562,,,,,,,,,,,,,,,,0.0,0.0,0.0,0.0
N(CCC(=O)OCC)C(=O)C(CCCCCC)(CCCCCC)N(CC)CCCNCC,-0.6414782620714299,,,,,,,,,,,,,,,,0.0,0.0,0.0,0.0
N(CS(=O)(=O)c3ccc(C)cc3)C(=O)C(CCCCCC)(CCCCCC)N(CC)CCCNCC,1.330258418650478,,,,,,,,,,,,,,,,0.0,0.0,0.0,0.0
N(C3CCCCC3)C(=O)C(CCCCCC)(CCCCCC)N(CC)CCCNCC,0.4348827697343027,,,,,,,,,,,,,,,,0.0,0.0,0.0,0.0
N(C(C)(C)C)C(=O)C5(CCCCCCCCCCCCCC5)N(CC)CCCNCC,-0.1351759072875844,,,,,,,,,,,,,,,,0.0,0.0,0.0,0.0
N(CCCC)C(=O)C5(CCCCCCCCCCCCCC5)N(CC)CCCNCC,-0.7182220178877499,,,,,,,,,,,,,,,,0.0,0.0,0.0,0.0
N(CCCCC)C(=O)C5(CCCCCCCCCCCCCC5)N(CC)CCCNCC,-1.1174939514287825,,,,,,,,,,,,,,,,0.0,0.0,0.0,0.0
N(CC(=O)OC)C(=O)C5(CCCCCCCCCCCCCC5)N(CC)CCCNCC,0.9065847743317428,,,,,,,,,,,,,,,,0.0,0.0,0.0,0.0
N(CC(=O)OCC)C(=O)C5(CCCCCCCCCCCCCC5)N(CC)CCCNCC,1.021517272922852,,,,,,,,,,,,,,,,0.0,0.0,0.0,0.0
N(CC(=O)OC(C)(C)C)C(=O)C5(CCCCCCCCCCCCCC5)N(CC)CCCNCC,1.4883026082350623,,,,,,,,,,,,,,,,0.0,0.0,0.0,0.0
N(C(C)C(=O)OC(C)(C)C)C(=O)C5(CCCCCCCCCCCCCC5)N(CC)CCCNCC,-1.299059793361473,,,,,,,,,,,,,,,,0.0,0.0,0.0,0.0
N(CCC(=O)OCC)C(=O)C5(CCCCCCCCCCCCCC5)N(CC)CCCNCC,-0.4268011874816003,,,,,,,,,,,,,,,,0.0,0.0,0.0,0.0
N(CS(=O)(=O)c3ccc(C)cc3)C(=O)C5(CCCCCCCCCCCCCC5)N(CC)CCCNCC,1.1516261669756676,,,,,,,,,,,,,,,,0.0,0.0,0.0,0.0
N(C3CCCCC3)C(=O)C5(CCCCCCCCCCCCCC5)N(CC)CCCNCC,0.4989957139349093,,,,,,,,,,,,,,,,0.0,0.0,0.0,0.0
N(C(C)(C)C)C(=O)C5(CCCCCCCCCCC5)N(CC)CCCNCC,1.505880605059138,,,,,,,,,,,,,,,,0.0,0.0,0.0,0.0
N(CCCC)C(=O)C5(CCCCCCCCCCC5)N(CC)CCCNCC,0.3535563644784692,,,,,,,,,,,,,,,,0.0,0.0,0.0,0.0
N(CCCCC)C(=O)C5(CCCCCCCCCCC5)N(CC)CCCNCC,1.0280962655727763,,,,,,,,,,,,,,,,0.0,0.0,0.0,0.0
N(CC(=O)OC)C(=O)C5(CCCCCCCCCCC5)N(CC)CCCNCC,-0.4568047708461723,,,,,,,,,,,,,,,,0.0,0.0,0.0,0.0
N(CC(=O)OCC)C(=O)C5(CCCCCCCCCCC5)N(CC)CCCNCC,0.3272699863542043,,,,,,,,,,,,,,,,0.0,0.0,0.0,0.0
N(CC(=O)OC(C)(C)C)C(=O)C5(CCCCCCCCCCC5)N(CC)CCCNCC,-0.4240700877186804,,,,,,,,,,,,,,,,0.0,0.0,0.0,0.0
N(C(C)C(=O)OC(C)(C)C)C(=O)C5(CCCCCCCCCCC5)N(CC)CCCNCC,0.2558970125732562,,,,,,,,,,,,,,,,0.0,0.0,0.0,0.0
N(CCC(=O)OCC)C(=O)C5(CCCCCCCCCCC5)N(CC)CCCNCC,-0.5470014545157326,,,,,,,,,,,,,,,,0.0,0.0,0.0,0.0
N(CS(=O)(=O)c3ccc(C)cc3)C(=O)C5(CCCCCCCCCCC5)N(CC)CCCNCC,-2.3256582454367005,,,,,,,,,,,,,,,,0.0,0.0,0.0,0.0
N(C3CCCCC3)C(=O)C5(CCCCCCCCCCC5)N(CC)CCCNCC,0.1569637920280195,,,,,,,,,,,,,,,,0.0,0.0,0.0,0.0
N(C(C)(C)C)C(=O)C(CCCCC)(CCCCC)N(CC)CCCNCC,-0.266269648732057,,,,,,,,,,,,,,,,0.0,0.0,0.0,0.0
N(CCCC)C(=O)C(CCCCC)(CCCCC)N(CC)CCCNCC,-1.3504243862534924,,,,,,,,,,,,,,,,0.0,0.0,0.0,0.0
N(CCCCC)C(=O)C(CCCCC)(CCCCC)N(CC)CCCNCC,1.0400091802620202,,,,,,,,,,,,,,,,0.0,0.0,0.0,0.0
N(CC(=O)OC)C(=O)C(CCCCC)(CCCCC)N(CC)CCCNCC,-0.9762036192756196,,,,,,,,,,,,,,,,0.0,0.0,0.0,0.0
N(CC(=O)OCC)C(=O)C(CCCCC)(CCCCC)N(CC)CCCNCC,-0.2161612461403631,,,,,,,,,,,,,,,,0.0,0.0,0.0,0.0
N(CC(=O)OC(C)(C)C)C(=O)C(CCCCC)(CCCCC)N(CC)CCCNCC,0.2768616740056593,,,,,,,,,,,,,,,,0.0,0.0,0.0,0.0
N(C(C)C(=O)OC(C)(C)C)C(=O)C(CCCCC)(CCCCC)N(CC)CCCNCC,-0.068040655433283,,,,,,,,,,,,,,,,0.0,0.0,0.0,0.0
N(CCC(=O)OCC)C(=O)C(CCCCC)(CCCCC)N(CC)CCCNCC,-1.1174939514287825,,,,,,,,,,,,,,,,0.0,0.0,0.0,0.0
N(CS(=O)(=O)c3ccc(C)cc3)C(=O)C(CCCCC)(CCCCC)N(CC)CCCNCC,0.0868138385104075,,,,,,,,,,,,,,,,0.0,0.0,0.0,0.0
N(C3CCCCC3)C(=O)C(CCCCC)(CCCCC)N(CC)CCCNCC,-0.3778593598916074,,,,,,,,,,,,,,,,0.0,0.0,0.0,0.0
N(C(C)(C)C)C(=O)C(CCCCCCC/C=C\CCCCCCCC)(CCCCCCC/C=C\CCCCCCCC)N(CC)CCO,0.9977822339078336,,,,,,,,,,,,,,,,0.0,0.0,0.0,0.0
N(CCCC)C(=O)C(CCCCCCC/C=C\CCCCCCCC)(CCCCCCC/C=C\CCCCCCCC)N(CC)CCO,0.516999513387067,,,,,,,,,,,,,,,,0.0,0.0,0.0,0.0
N(CCCCC)C(=O)C(CCCCCCC/C=C\CCCCCCCC)(CCCCCCC/C=C\CCCCCCCC)N(CC)CCO,0.7171688069666022,,,,,,,,,,,,,,,,0.0,0.0,0.0,0.0
N(CC(=O)OC)C(=O)C(CCCCCCC/C=C\CCCCCCCC)(CCCCCCC/C=C\CCCCCCCC)N(CC)CCO,0.5209731663118858,,,,,,,,,,,,,,,,0.0,0.0,0.0,0.0
N(C(C)C(=O)OC(C)(C)C)C(=O)C(CCCCCCC/C=C\CCCCCCCC)(CCCCCCC/C=C\CCCCCCCC)N(CC)CCO,-0.5497684052516313,,,,,,,,,,,,,,,,0.0,0.0,0.0,0.0
N(CCC(=O)OCC)C(=O)C(CCCCCCC/C=C\CCCCCCCC)(CCCCCCC/C=C\CCCCCCCC)N(CC)CCO,-0.4896028972573507,,,,,,,,,,,,,,,,0.0,0.0,0.0,0.0
N(C3CCCCC3)C(=O)C(CCCCCCC/C=C\CCCCCCCC)(CCCCCCC/C=C\CCCCCCCC)N(CC)CCO,-0.9786695337251085,,,,,,,,,,,,,,,,0.0,0.0,0.0,0.0
N(C(C)(C)C)C(=O)C(CCCCCCCCCC)(CCCCCCCCCC)N(CC)CCO,0.3092143588789071,,,,,,,,,,,,,,,,0.0,0.0,0.0,0.0
N(CCCC)C(=O)C(CCCCCCCCCC)(CCCCCCCCCC)N(CC)CCO,0.9346382341288972,,,,,,,,,,,,,,,,0.0,0.0,0.0,0.0
N(CCCCC)C(=O)C(CCCCCCCCCC)(CCCCCCCCCC)N(CC)CCO,0.6956952249497395,,,,,,,,,,,,,,,,0.0,0.0,0.0,0.0
N(CC(=O)OC)C(=O)C(CCCCCCCCCC)(CCCCCCCCCC)N(CC)CCO,0.7526557359152501,,,,,,,,,,,,,,,,0.0,0.0,0.0,0.0
N(CC(=O)OCC)C(=O)C(CCCCCCCCCC)(CCCCCCCCCC)N(CC)CCO,1.1881374893569916,,,,,,,,,,,,,,,,0.0,0.0,0.0,0.0
N(CC(=O)OC(C)(C)C)C(=O)C(CCCCCCCCCC)(CCCCCCCCCC)N(CC)CCO,0.1603386753340301,,,,,,,,,,,,,,,,0.0,0.0,0.0,0.0
N(C(C)C(=O)OC(C)(C)C)C(=O)C(CCCCCCCCCC)(CCCCCCCCCC)N(CC)CCO,-0.709306251692069,,,,,,,,,,,,,,,,0.0,0.0,0.0,0.0
N(CCC(=O)OCC)C(=O)C(CCCCCCCCCC)(CCCCCCCCCC)N(CC)CCO,-0.8149514732869969,,,,,,,,,,,,,,,,0.0,0.0,0.0,0.0
N(CS(=O)(=O)c3ccc(C)cc3)C(=O)C(CCCCCCCCCC)(CCCCCCCCCC)N(CC)CCO,-0.5767374321887417,,,,,,,,,,,,,,,,0.0,0.0,0.0,0.0
N(C3CCCCC3)C(=O)C(CCCCCCCCCC)(CCCCCCCCCC)N(CC)CCO,0.71362649735606,,,,,,,,,,,,,,,,0.0,0.0,0.0,0.0
N(C(C)(C)C)C(=O)C(CCCCCCCCC)(CCCCCCCCC)N(CC)CCO,0.2955201480638804,,,,,,,,,,,,,,,,0.0,0.0,0.0,0.0
N(CCCC)C(=O)C(CCCCCCCCC)(CCCCCCCCC)N(CC)CCO,1.2248829561811658,,,,,,,,,,,,,,,,0.0,0.0,0.0,0.0
N(CCCCC)C(=O)C(CCCCCCCCC)(CCCCCCCCC)N(CC)CCO,1.8232493297746677,,,,,,,,,,,,,,,,0.0,0.0,0.0,0.0
N(CC(=O)OC)C(=O)C(CCCCCCCCC)(CCCCCCCCC)N(CC)CCO,0.6043783072596894,,,,,,,,,,,,,,,,0.0,0.0,0.0,0.0
N(CC(=O)OCC)C(=O)C(CCCCCCCCC)(CCCCCCCCC)N(CC)CCO,-0.638401476112472,,,,,,,,,,,,,,,,0.0,0.0,0.0,0.0
N(CC(=O)OC(C)(C)C)C(=O)C(CCCCCCCCC)(CCCCCCCCC)N(CC)CCO,-0.2396185534702387,,,,,,,,,,,,,,,,0.0,0.0,0.0,0.0
N(C(C)C(=O)OC(C)(C)C)C(=O)C(CCCCCCCCC)(CCCCCCCCC)N(CC)CCO,-0.6124025584439209,,,,,,,,,,,,,,,,0.0,0.0,0.0,0.0
N(CCC(=O)OCC)C(=O)C(CCCCCCCCC)(CCCCCCCCC)N(CC)CCO,-0.6912809127904009,,,,,,,,,,,,,,,,0.0,0.0,0.0,0.0
N(CS(=O)(=O)c3ccc(C)cc3)C(=O)C(CCCCCCCCC)(CCCCCCCCC)N(CC)CCO,-0.8737330844226776,,,,,,,,,,,,,,,,0.0,0.0,0.0,0.0
N(C3CCCCC3)C(=O)C(CCCCCCCCC)(CCCCCCCCC)N(CC)CCO,0.0665980701714986,,,,,,,,,,,,,,,,0.0,0.0,0.0,0.0
N(C(C)(C)C)C(=O)C(CCCCCCCC)(CCCCCCCC)N(CC)CCO,-0.0457439149474648,,,,,,,,,,,,,,,,0.0,0.0,0.0,0.0
N(CCCC)C(=O)C(CCCCCCCC)(CCCCCCCC)N(CC)CCO,-0.6888174212735334,,,,,,,,,,,,,,,,0.0,0.0,0.0,0.0
N(CCCCC)C(=O)C(CCCCCCCC)(CCCCCCCC)N(CC)CCO,-1.0190364201232849,,,,,,,,,,,,,,,,0.0,0.0,0.0,0.0
N(CC(=O)OC)C(=O)C(CCCCCCCC)(CCCCCCCC)N(CC)CCO,-1.2695166885331166,,,,,,,,,,,,,,,,0.0,0.0,0.0,0.0
N(CC(=O)OCC)C(=O)C(CCCCCCCC)(CCCCCCCC)N(CC)CCO,0.1665006106482579,,,,,,,,,,,,,,,,0.0,0.0,0.0,0.0
N(CC(=O)OC(C)(C)C)C(=O)C(CCCCCCCC)(CCCCCCCC)N(CC)CCO,-0.561531841474609,,,,,,,,,,,,,,,,0.0,0.0,0.0,0.0
N(C(C)C(=O)OC(C)(C)C)C(=O)C(CCCCCCCC)(CCCCCCCC)N(CC)CCO,-1.1253533075064892,,,,,,,,,,,,,,,,0.0,0.0,0.0,0.0
N(CCC(=O)OCC)C(=O)C(CCCCCCCC)(CCCCCCCC)N(CC)CCO,-0.1756901136089952,,,,,,,,,,,,,,,,0.0,0.0,0.0,0.0
N(CS(=O)(=O)c3ccc(C)cc3)C(=O)C(CCCCCCCC)(CCCCCCCC)N(CC)CCO,-0.8394969264263781,,,,,,,,,,,,,,,,0.0,0.0,0.0,0.0
N(C3CCCCC3)C(=O)C(CCCCCCCC)(CCCCCCCC)N(CC)CCO,-0.7748123949222195,,,,,,,,,,,,,,,,0.0,0.0,0.0,0.0
N(C(C)(C)C)C(=O)C(CCCCCCC)(CCCCCCC)N(CC)CCO,-1.1102771642347442,,,,,,,,,,,,,,,,0.0,0.0,0.0,0.0
N(CCCC)C(=O)C(CCCCCCC)(CCCCCCC)N(CC)CCO,0.0557971231770076,,,,,,,,,,,,,,,,0.0,0.0,0.0,0.0
N(CCCCC)C(=O)C(CCCCCCC)(CCCCCCC)N(CC)CCO,0.7745165375614517,,,,,,,,,,,,,,,,0.0,0.0,0.0,0.0
N(CC(=O)OC)C(=O)C(CCCCCCC)(CCCCCCC)N(CC)CCO,-1.1684819296516902,,,,,,,,,,,,,,,,0.0,0.0,0.0,0.0
N(CC(=O)OCC)C(=O)C(CCCCCCC)(CCCCCCC)N(CC)CCO,-0.3194897162727017,,,,,,,,,,,,,,,,0.0,0.0,0.0,0.0
N(CC(=O)OC(C)(C)C)C(=O)C(CCCCCCC)(CCCCCCC)N(CC)CCO,-0.0987148878995914,,,,,,,,,,,,,,,,0.0,0.0,0.0,0.0
N(C(C)C(=O)OC(C)(C)C)C(=O)C(CCCCCCC)(CCCCCCC)N(CC)CCO,-0.8343146656639988,,,,,,,,,,,,,,,,0.0,0.0,0.0,0.0
N(CCC(=O)OCC)C(=O)C(CCCCCCC)(CCCCCCC)N(CC)CCO,-0.4742373929902292,,,,,,,,,,,,,,,,0.0,0.0,0.0,0.0
N(CS(=O)(=O)c3ccc(C)cc3)C(=O)C(CCCCCCC)(CCCCCCC)N(CC)CCO,-1.190575397968976,,,,,,,,,,,,,,,,0.0,0.0,0.0,0.0
N(C3CCCCC3)C(=O)C(CCCCCCC)(CCCCCCC)N(CC)CCO,0.4300595768575084,,,,,,,,,,,,,,,,0.0,0.0,0.0,0.0
N(C(C)(C)C)C(=O)C(CCCCCC)(CCCCCC)N(CC)CCO,-0.1457521652794945,,,,,,,,,,,,,,,,0.0,0.0,0.0,0.0
N(CCCC)C(=O)C(CCCCCC)(CCCCCC)N(CC)CCO,0.9343485895852636,,,,,,,,,,,,,,,,0.0,0.0,0.0,0.0
N(CCCCC)C(=O)C(CCCCCC)(CCCCCC)N(CC)CCO,-1.189573883815184,,,,,,,,,,,,,,,,0.0,0.0,0.0,0.0
N(CC(=O)OC)C(=O)C(CCCCCC)(CCCCCC)N(CC)CCO,-0.8621604314725183,,,,,,,,,,,,,,,,0.0,0.0,0.0,0.0
N(CC(=O)OCC)C(=O)C(CCCCCC)(CCCCCC)N(CC)CCO,-0.9315863751719776,,,,,,,,,,,,,,,,0.0,0.0,0.0,0.0
N(CC(=O)OC(C)(C)C)C(=O)C(CCCCCC)(CCCCCC)N(CC)CCO,-1.0242966336656996,,,,,,,,,,,,,,,,0.0,0.0,0.0,0.0
N(C(C)C(=O)OC(C)(C)C)C(=O)C(CCCCCC)(CCCCCC)N(CC)CCO,-1.0465473946304713,,,,,,,,,,,,,,,,0.0,0.0,0.0,0.0
N(CCC(=O)OCC)C(=O)C(CCCCCC)(CCCCCC)N(CC)CCO,0.2648132807259848,,,,,,,,,,,,,,,,0.0,0.0,0.0,0.0
N(CS(=O)(=O)c3ccc(C)cc3)C(=O)C(CCCCCC)(CCCCCC)N(CC)CCO,0.1603386753340301,,,,,,,,,,,,,,,,0.0,0.0,0.0,0.0
N(C3CCCCC3)C(=O)C(CCCCCC)(CCCCCC)N(CC)CCO,-0.4357122649131,,,,,,,,,,,,,,,,0.0,0.0,0.0,0.0
N(C(C)(C)C)C(=O)C5(CCCCCCCCCCCCCC5)N(CC)CCO,-1.331215737894034,,,,,,,,,,,,,,,,0.0,0.0,0.0,0.0
N(CCCC)C(=O)C5(CCCCCCCCCCCCCC5)N(CC)CCO,-1.1959023794622423,,,,,,,,,,,,,,,,0.0,0.0,0.0,0.0
N(CCCCC)C(=O)C5(CCCCCCCCCCCCCC5)N(CC)CCO,0.5213575325772417,,,,,,,,,,,,,,,,0.0,0.0,0.0,0.0
N(CC(=O)OC)C(=O)C5(CCCCCCCCCCCCCC5)N(CC)CCO,-1.3390126660973505,,,,,,,,,,,,,,,,0.0,0.0,0.0,0.0
N(CC(=O)OCC)C(=O)C5(CCCCCCCCCCCCCC5)N(CC)CCO,-0.7044337622905299,,,,,,,,,,,,,,,,0.0,0.0,0.0,0.0
N(CC(=O)OC(C)(C)C)C(=O)C5(CCCCCCCCCCCCCC5)N(CC)CCO,-1.1197892298585697,,,,,,,,,,,,,,,,0.0,0.0,0.0,0.0
N(C(C)C(=O)OC(C)(C)C)C(=O)C5(CCCCCCCCCCCCCC5)N(CC)CCO,-1.3855943440146343,,,,,,,,,,,,,,,,0.0,0.0,0.0,0.0
N(CCC(=O)OCC)C(=O)C5(CCCCCCCCCCCCCC5)N(CC)CCO,1.6582245678520642,,,,,,,,,,,,,,,,0.0,0.0,0.0,0.0
N(CS(=O)(=O)c3ccc(C)cc3)C(=O)C5(CCCCCCCCCCCCCC5)N(CC)CCO,-1.3593222582551716,,,,,,,,,,,,,,,,0.0,0.0,0.0,0.0
N(C3CCCCC3)C(=O)C5(CCCCCCCCCCCCCC5)N(CC)CCO,-1.298857163646872,,,,,,,,,,,,,,,,0.0,0.0,0.0,0.0
N(C(C)(C)C)C(=O)C5(CCCCCCCCCCC5)N(CC)CCO,-0.896442849983631,,,,,,,,,,,,,,,,0.0,0.0,0.0,0.0
N(CCCC)C(=O)C5(CCCCCCCCCCC5)N(CC)CCO,0.3693594794981233,,,,,,,,,,,,,,,,0.0,0.0,0.0,0.0
N(CCCCC)C(=O)C5(CCCCCCCCCCC5)N(CC)CCO,1.4574230344642978,,,,,,,,,,,,,,,,0.0,0.0,0.0,0.0
N(CC(=O)OC)C(=O)C5(CCCCCCCCCCC5)N(CC)CCO,-1.31223275818361,,,,,,,,,,,,,,,,0.0,0.0,0.0,0.0
N(CC(=O)OCC)C(=O)C5(CCCCCCCCCCC5)N(CC)CCO,-0.2551442714427822,,,,,,,,,,,,,,,,0.0,0.0,0.0,0.0
N(CC(=O)OC(C)(C)C)C(=O)C5(CCCCCCCCCCC5)N(CC)CCO,-0.0166099051132342,,,,,,,,,,,,,,,,0.0,0.0,0.0,0.0
N(C(C)C(=O)OC(C)(C)C)C(=O)C5(CCCCCCCCCCC5)N(CC)CCO,0.0115169719691017,,,,,,,,,,,,,,,,0.0,0.0,0.0,0.0
N(CCC(=O)OCC)C(=O)C5(CCCCCCCCCCC5)N(CC)CCO,-0.8017819097666897,,,,,,,,,,,,,,,,0.0,0.0,0.0,0.0
N(CS(=O)(=O)c3ccc(C)cc3)C(=O)C5(CCCCCCCCCCC5)N(CC)CCO,-0.9274058903984924,,,,,,,,,,,,,,,,0.0,0.0,0.0,0.0
N(C3CCCCC3)C(=O)C5(CCCCCCCCCCC5)N(CC)CCO,1.1535001527273387,,,,,,,,,,,,,,,,0.0,0.0,0.0,0.0
N(C(C)(C)C)C(=O)C(CCCCC)(CCCCC)N(CC)CCO,-1.3452046064369525,,,,,,,,,,,,,,,,0.0,0.0,0.0,0.0
N(CCCC)C(=O)C(CCCCC)(CCCCC)N(CC)CCO,-1.2789446744355342,,,,,,,,,,,,,,,,0.0,0.0,0.0,0.0
N(CCCCC)C(=O)C(CCCCC)(CCCCC)N(CC)CCO,0.3971646595886842,,,,,,,,,,,,,,,,0.0,0.0,0.0,0.0
N(CC(=O)OC)C(=O)C(CCCCC)(CCCCC)N(CC)CCO,-1.3344826557311693,,,,,,,,,,,,,,,,0.0,0.0,0.0,0.0
N(CC(=O)OCC)C(=O)C(CCCCC)(CCCCC)N(CC)CCO,-0.8719993056201947,,,,,,,,,,,,,,,,0.0,0.0,0.0,0.0
N(CC(=O)OC(C)(C)C)C(=O)C(CCCCC)(CCCCC)N(CC)CCO,-1.0756777898630585,,,,,,,,,,,,,,,,0.0,0.0,0.0,0.0
N(C(C)C(=O)OC(C)(C)C)C(=O)C(CCCCC)(CCCCC)N(CC)CCO,-1.261451655235678,,,,,,,,,,,,,,,,0.0,0.0,0.0,0.0
N(CCC(=O)OCC)C(=O)C(CCCCC)(CCCCC)N(CC)CCO,0.5213575325772417,,,,,,,,,,,,,,,,0.0,0.0,0.0,0.0
N(CS(=O)(=O)c3ccc(C)cc3)C(=O)C(CCCCC)(CCCCC)N(CC)CCO,-0.7673643651846,,,,,,,,,,,,,,,,0.0,0.0,0.0,0.0
N(C3CCCCC3)C(=O)C(CCCCC)(CCCCC)N(CC)CCO,-1.353633281432162,,,,,,,,,,,,,,,,0.0,0.0,0.0,0.0
N(CC(=O)OCC)C(=O)C(CCCCCCC/C=C\CCCCCCCC)(CCCCCCC/C=C\CCCCCCCC)N(CC)CCCNCC,1.80900851372565,,,,,,,,,,,,,,,,0.0,0.0,0.0,0.0
N(CC(=O)OCC)C(=O)C(CCCCCCC/C=C\CCCCCCCC)(CCCCCCC/C=C\CCCCCCCC)N(CC)CCO,-0.8625666834766355,,,,,,,,,,,,,,,,0.0,0.0,0.0,0.0
N(CC(=O)OC(C)(C)C)C(=O)C(CCCCCCC/C=C\CCCCCCCC)(CCCCCCC/C=C\CCCCCCCC)N(CC)CCCNCC,1.7275895373246066,,,,,,,,,,,,,,,,0.0,0.0,0.0,0.0
N(CS(=O)(=O)c3ccc(C)cc3)C(=O)C(CCCCCCC/C=C\CCCCCCCC)(CCCCCCC/C=C\CCCCCCCC)N(CC)CCCNCC,-0.3180904041987076,,,,,,,,,,,,,,,,0.0,0.0,0.0,0.0
N(CC(=O)OC(C)(C)C)C(=O)C(CCCCCCC/C=C\CCCCCCCC)(CCCCCCC/C=C\CCCCCCCC)N(CC)CCO,-0.6706958963184212,,,,,,,,,,,,,,,,0.0,0.0,0.0,0.0
N(CS(=O)(=O)c3ccc(C)cc3)C(=O)C(CCCCCCC/C=C\CCCCCCCC)(CCCCCCC/C=C\CCCCCCCC)N(CC)CCO,-0.7374204597401948,,,,,,,,,,,,,,,,0.0,0.0,0.0,0.0
N(CC(=O)OCC)C(=O)C(CCCCCCC/C=C\CCCCCCCC)(CCCCCCC/C=C\CCCCCCCC)N(CC)CCCNCC,1.418449803334299,,,,,,,,,,,,,,,,0.0,0.0,0.0,0.0
N(CC(=O)OCC)C(=O)C(CCCCCCC/C=C\CCCCCCCC)(CCCCCCC/C=C\CCCCCCCC)N(CC)CCO,-0.8365345202322669,,,,,,,,,,,,,,,,0.0,0.0,0.0,0.0
 OCCN1CCC(CCCC2CCN(CCC(=O)OCCCCCCCC/C=C\CC(CCCCCC)OC(OCCCCCCCCCCCCCCCCCC)=O)CC2)CC1,2.525359965958278,,,,,,,,,,,,,,,,0.0,0.0,0.0,0.0
 OCCN1CCC(CCCC2CCN(CCC(=O)OCCCCCCCC/C=C\CC(CCCCCC)OC(OCCCCCCCC/C=C\CCCCCCCC)=O)CC2)CC1,2.404854894972515,,,,,,,,,,,,,,,,0.0,0.0,0.0,0.0
 CN(CC1)CCN1CCCN(CCC(=O)OCCCCCCCC/C=C\CC(CCCCCC)OC(OCCCCCCCCCCCCCCCCCC)=O)(CCC(=O)OCCCCCCCC/C=C\CC(CCCCCC)OC(OCCCCCCCCCCCCCCCCCC)=O),2.37863546110763,,,,,,,,,,,,,,,,0.0,0.0,0.0,0.0
 CN(CC1)CCN1CCCN(CCC(=O)OCCCCCCCC/C=C\CC(CCCCCC)OC(OCCCCCCCC/C=C\CCCCCCCC)=O)(CCC(=O)OCCCCCCCC/C=C\CC(CCCCCC)OC(OCCCCCCCC/C=C\CCCCCCCC)=O),2.176469538553213,,,,,,,,,,,,,,,,0.0,0.0,0.0,0.0
 CN(CC1)CCN1CCCN(CCC(=O)OCCCCCCCC/C=C\CC(CCCCCC)OC(OCCCCCCCC/C=C\C/C=C\CCCCC)=O)(CCC(=O)OCCCCCCCC/C=C\CC(CCCCCC)OC(OCCCCCCCC/C=C\C/C=C\CCCCC)=O),2.071714892697286,,,,,,,,,,,,,,,,0.0,0.0,0.0,0.0
 N(CCC(=O)OCCCCCCCC/C=C\CC(CCCCCC)OC(OCCCCCCCCCCCCCCCCCC)=O)(CCC(=O)OCCCCCCCC/C=C\CC(CCCCCC)OC(OCCCCCCCCCCCCCCCCCC)=O)CCCN(CCC(=O)OCCCCCCCC/C=C\CC(CCCCCC)OC(OCCCCCCCCCCCCCCCCCC)=O)CCCN(C)C,2.052864271085888,,,,,,,,,,,,,,,,0.0,0.0,0.0,0.0
 OCCN1CCC(CCCC2CCN(CCC(=O)OCCCCCCCC/C=C\CC(CCCCCC)OC(OCCCCCCCC/C=C\C/C=C\CCCCC)=O)CC2)CC1,2.0071987273895666,,,,,,,,,,,,,,,,0.0,0.0,0.0,0.0
 CN(CCC(=O)OCCCCCCCC/C=C\CC(CCCCCC)OC(OCCC#CCCCCCC)=O)CCN(CCN(CCC(=O)OCCCCCCCC/C=C\CC(CCCCCC)OC(OCCC#CCCCCCC)=O)C)CCN(CCC(=O)OCCCCCCCC/C=C\CC(CCCCCC)OC(OCCC#CCCCCCC)=O)C,1.9094994617640837,,,,,,,,,,,,,,,,0.0,0.0,0.0,0.0
 CCN1CCN(C2CCN(CCC(=O)OCCCCCCCC/C=C\CC(CCCCCC)OC(OCCCCCCCC/C=C\CCCCCCCC)=O)CC2)CC1,1.89184589076835,,,,,,,,,,,,,,,,0.0,0.0,0.0,0.0
 CCN1CCN(C2CCN(CCC(=O)OCCCCCCCC/C=C\CC(CCCCCC)OC(OCCCCCCCC/C=C\C/C=C\CCCCC)=O)CC2)CC1,1.7464574775494477,,,,,,,,,,,,,,,,0.0,0.0,0.0,0.0
 N(CCC(=O)OCCCCCCCC/C=C\CC(CCCCCC)OC(OCCCCCCCC/C=C\C/C=C\CCCCC)=O)(CCC(=O)OCCCCCCCC/C=C\CC(CCCCCC)OC(OCCCCCCCC/C=C\C/C=C\CCCCC)=O)CCC1=CN(CCC(=O)OCCCCCCCC/C=C\CC(CCCCCC)OC(OCCCCCCCC/C=C\C/C=C\CCCCC)=O)C=N1,1.717655214110508,,,,,,,,,,,,,,,,0.0,0.0,0.0,0.0
 CN(CCCN(CCC(=O)OCCCCCCCC/C=C\CC(CCCCCC)OC(OCCC#CCCCCCC)=O)C)CCCN(CCC(=O)OCCCCCCCC/C=C\CC(CCCCCC)OC(OCCC#CCCCCCC)=O)C,1.7035010868876543,,,,,,,,,,,,,,,,0.0,0.0,0.0,0.0
 CC1=NCCN(CCC(=O)OCCCCCCCC/C=C\CC(CCCCCC)OC(OCC#CCCCCCC)=O)1,1.6664222156727346,,,,,,,,,,,,,,,,0.0,0.0,0.0,0.0
 C1(N2CCN(CCC(=O)OCCCCCCCC/C=C\CC(CCCCCC)OC(OCCC#CCCCCCC)=O)CC2)=CN=CC=C1,1.5351707029725137,,,,,,,,,,,,,,,,0.0,0.0,0.0,0.0
 CCN1CCN(C2CCN(CCC(=O)OCCCCCCCC/C=C\CC(CCCCCC)OC(OCCCCCCCCCCCCCCCCCC)=O)CC2)CC1,1.5101646372973352,,,,,,,,,,,,,,,,0.0,0.0,0.0,0.0
 CN(CCC(=O)OCCCCCCCC/C=C\CC(CCCCCC)OC(OCCCCCCCC/C=C\C/C=C\CCCCC)=O)CCN(CCN(CCC(=O)OCCCCCCCC/C=C\CC(CCCCCC)OC(OCCCCCCCC/C=C\C/C=C\CCCCC)=O)C)CCN(CCC(=O)OCCCCCCCC/C=C\CC(CCCCCC)OC(OCCCCCCCC/C=C\C/C=C\CCCCC)=O)C,1.419584503939738,,,,,,,,,,,,,,,,0.0,0.0,0.0,0.0
 N(CCC(=O)OCCCCCCCC/C=C\CC(CCCCCC)OC(OCCCCCCCCCCCCCCCCCC)=O)(CCC(=O)OCCCCCCCC/C=C\CC(CCCCCC)OC(OCCCCCCCCCCCCCCCCCC)=O)CCC1=CN(CCC(=O)OCCCCCCCC/C=C\CC(CCCCCC)OC(OCCCCCCCCCCCCCCCCCC)=O)C=N1,1.372763782085487,,,,,,,,,,,,,,,,0.0,0.0,0.0,0.0
 N(CCC(=O)OCCCCCCCC/C=C\CC(CCCCCC)OC(OCCC#CCCCCCC)=O)(CCC(=O)OCCCCCCCC/C=C\CC(CCCCCC)OC(OCCC#CCCCCCC)=O)CCCN(CCC(=O)OCCCCCCCC/C=C\CC(CCCCCC)OC(OCCC#CCCCCCC)=O)CCCN(C)C,1.34232604031082,,,,,,,,,,,,,,,,0.0,0.0,0.0,0.0
 N(CCC(=O)OCCCCCCCC/C=C\CC(CCCCCC)OC(OCCCCCCCC/C=C\CCCCCCCC)=O)(CCC(=O)OCCCCCCCC/C=C\CC(CCCCCC)OC(OCCCCCCCC/C=C\CCCCCCCC)=O)CCCN(CCC(=O)OCCCCCCCC/C=C\CC(CCCCCC)OC(OCCCCCCCC/C=C\CCCCCCCC)=O)CCCN(C)C,1.3214610578154284,,,,,,,,,,,,,,,,0.0,0.0,0.0,0.0
 N(CCC(=O)OCCCCCCCC/C=C\CC(CCCCCC)OC(OCCC#CCCCC)=O)(CCC(=O)OCCCCCCCC/C=C\CC(CCCCCC)OC(OCCC#CCCCC)=O)CCCN(CCC(=O)OCCCCCCCC/C=C\CC(CCCCCC)OC(OCCC#CCCCC)=O)CCCN(C)C,1.319228085926201,,,,,,,,,,,,,,,,0.0,0.0,0.0,0.0
 N(CCC(=O)OCCCCCCCC/C=C\CC(CCCCCC)OC(OCC#CCCCCC)=O)(CCC(=O)OCCCCCCCC/C=C\CC(CCCCCC)OC(OCC#CCCCCC)=O)CCCN(CCC(=O)OCCCCCCCC/C=C\CC(CCCCCC)OC(OCC#CCCCCC)=O)CCCN(C)C,1.2821547561845204,,,,,,,,,,,,,,,,0.0,0.0,0.0,0.0
 CN(CCC(=O)OCCCCCCCC/C=C\CC(CCCCCC)OC(OCCCCCCCC/C=C\CCCCCCCC)=O)CCN(CCN(CCC(=O)OCCCCCCCC/C=C\CC(CCCCCC)OC(OCCCCCCCC/C=C\CCCCCCCC)=O)C)CCN(CCC(=O)OCCCCCCCC/C=C\CC(CCCCCC)OC(OCCCCCCCC/C=C\CCCCCCCC)=O)C,1.2774031390802836,,,,,,,,,,,,,,,,0.0,0.0,0.0,0.0
 CN(CCC(=O)OCCCCCCCC/C=C\CC(CCCCCC)OC(OCCCCCCCCCCCCCCCCCC)=O)CCN(CCN(CCC(=O)OCCCCCCCC/C=C\CC(CCCCCC)OC(OCCCCCCCCCCCCCCCCCC)=O)C)CCN(CCC(=O)OCCCCCCCC/C=C\CC(CCCCCC)OC(OCCCCCCCCCCCCCCCCCC)=O)C,1.2373972293046018,,,,,,,,,,,,,,,,0.0,0.0,0.0,0.0
 CN(CCC(=O)OCCCCCCCC/C=C\CC(CCCCCC)OC(OCCC#CCCCC)=O)CCN(CCN(CCC(=O)OCCCCCCCC/C=C\CC(CCCCCC)OC(OCCC#CCCCC)=O)C)CCN(CCC(=O)OCCCCCCCC/C=C\CC(CCCCCC)OC(OCCC#CCCCC)=O)C,1.2120758255129718,,,,,,,,,,,,,,,,0.0,0.0,0.0,0.0
 N(CCC(=O)OCCCCCCCC/C=C\CC(CCCCCC)OC(OCC#CCCCCCC)=O)(CCC(=O)OCCCCCCCC/C=C\CC(CCCCCC)OC(OCC#CCCCCCC)=O)CCCN(CCC(=O)OCCCCCCCC/C=C\CC(CCCCCC)OC(OCC#CCCCCCC)=O)CCCN(C)C,1.1422625821333166,,,,,,,,,,,,,,,,0.0,0.0,0.0,0.0
 CN(CCCN(CCC(=O)OCCCCCCCC/C=C\CC(CCCCCC)OC(OCCC#CCCCC)=O)C)CCCN(CCC(=O)OCCCCCCCC/C=C\CC(CCCCCC)OC(OCCC#CCCCC)=O)C,1.1109216737571943,,,,,,,,,,,,,,,,0.0,0.0,0.0,0.0
 N(CCC(=O)OCCCCCCCC/C=C\CC(CCCCCC)OC(OCC#CCCCC)=O)(CCC(=O)OCCCCCCCC/C=C\CC(CCCCCC)OC(OCC#CCCCC)=O)CCCN(CCC(=O)OCCCCCCCC/C=C\CC(CCCCCC)OC(OCC#CCCCC)=O)CCCN(C)C,1.083319431291333,,,,,,,,,,,,,,,,0.0,0.0,0.0,0.0
 CC1=NCCN(CCC(=O)OCCCCCCCC/C=C\CC(CCCCCC)OC(OCC#CCCCCC)=O)1,1.0556188042913175,,,,,,,,,,,,,,,,0.0,0.0,0.0,0.0
 N(CCC(=O)OCCCCCCCC/C=C\CC(CCCCCC)OC(OCCCCCCCC/C=C\CCCCCCCC)=O)(CCC(=O)OCCCCCCCC/C=C\CC(CCCCCC)OC(OCCCCCCCC/C=C\CCCCCCCC)=O)CCC1=CN(CCC(=O)OCCCCCCCC/C=C\CC(CCCCCC)OC(OCCCCCCCC/C=C\CCCCCCCC)=O)C=N1,1.030810537727742,,,,,,,,,,,,,,,,0.0,0.0,0.0,0.0
 CN(CC1)CCN1CCCN(CCC(=O)OCCCCCCCC/C=C\CC(CCCCCC)OC(OCCC#CCCCC)=O)(CCC(=O)OCCCCCCCC/C=C\CC(CCCCCC)OC(OCCC#CCCCC)=O),0.9944211350619552,,,,,,,,,,,,,,,,0.0,0.0,0.0,0.0
 OCCC1CCCCN(CCC(=O)OCCCCCCCC/C=C\CC(CCCCCC)OC(OCC#CCCCCCC)=O)1,0.9776174033984396,,,,,,,,,,,,,,,,0.0,0.0,0.0,0.0
 N(CCC(=O)OCCCCCCCC/C=C\CC(CCCCCC)OC(OCC#CCCCCC)=O)(CCC(=O)OCCCCCCCC/C=C\CC(CCCCCC)OC(OCC#CCCCCC)=O)CCC1=CN(CCC(=O)OCCCCCCCC/C=C\CC(CCCCCC)OC(OCC#CCCCCC)=O)C=N1,0.9511224734461924,,,,,,,,,,,,,,,,0.0,0.0,0.0,0.0
 CN(C)CCCN(CCC(=O)OCCCCCCCC/C=C\CC(CCCCCC)OC(OCC#CCCCCCC)=O)CCCN(C)C,0.9117602608826288,,,,,,,,,,,,,,,,0.0,0.0,0.0,0.0
 N(CCC(=O)OCCCCCCCC/C=C\CC(CCCCCC)OC(OCC#CCCCC)=O)(CCC(=O)OCCCCCCCC/C=C\CC(CCCCCC)OC(OCC#CCCCC)=O)CCC1=CN(CCC(=O)OCCCCCCCC/C=C\CC(CCCCCC)OC(OCC#CCCCC)=O)C=N1,0.9000842615570693,,,,,,,,,,,,,,,,0.0,0.0,0.0,0.0
 CN(CCCN(CCC(=O)OCCCCCCCC/C=C\CC(CCCCCC)OC(OCCCCCCCCCCCCCCCCCC)=O)C)CCCN(CCC(=O)OCCCCCCCC/C=C\CC(CCCCCC)OC(OCCCCCCCCCCCCCCCCCC)=O)C,0.809487216325809,,,,,,,,,,,,,,,,0.0,0.0,0.0,0.0
 C1(N2CCN(CCC(=O)OCCCCCCCC/C=C\CC(CCCCCC)OC(OCC#CCCCCC)=O)CC2)=CN=CC=C1,0.8017801928349572,,,,,,,,,,,,,,,,0.0,0.0,0.0,0.0
 CN(CCCN(CCC(=O)OCCCCCCCC/C=C\CC(CCCCCC)OC(OCCCCCCCC/C=C\CCCCCCCC)=O)C)CCCN(CCC(=O)OCCCCCCCC/C=C\CC(CCCCCC)OC(OCCCCCCCC/C=C\CCCCCCCC)=O)C,0.7572451381967715,,,,,,,,,,,,,,,,0.0,0.0,0.0,0.0
 N(CCC(=O)OCCCCCCCC/C=C\CC(CCCCCC)OC(OCC#CCCC)=O)(CCC(=O)OCCCCCCCC/C=C\CC(CCCCCC)OC(OCC#CCCC)=O)CCCN(CCC(=O)OCCCCCCCC/C=C\CC(CCCCCC)OC(OCC#CCCC)=O)CCCN(C)C,0.7518286332776211,,,,,,,,,,,,,,,,0.0,0.0,0.0,0.0
 CN(CC1)CCN1CCCN(CCC(=O)OCCCCCCCC/C=C\CC(CCCCCC)OC(OCC#CCCCCC)=O)(CCC(=O)OCCCCCCCC/C=C\CC(CCCCCC)OC(OCC#CCCCCC)=O),0.7370587911151979,,,,,,,,,,,,,,,,0.0,0.0,0.0,0.0
 N(CCC(=O)OCCCCCCCC/C=C\CC(CCCCCC)OC(OCCC#CCCCC)=O)(CCC(=O)OCCCCCCCC/C=C\CC(CCCCCC)OC(OCCC#CCCCC)=O)CCC1=CN(CCC(=O)OCCCCCCCC/C=C\CC(CCCCCC)OC(OCCC#CCCCC)=O)C=N1,0.7256520357537349,,,,,,,,,,,,,,,,0.0,0.0,0.0,0.0
 C1(N2CCN(CCC(=O)OCCCCCCCC/C=C\CC(CCCCCC)OC(OCC#CCCCCCC)=O)CC2)=CN=CC=C1,0.7146307652557116,,,,,,,,,,,,,,,,0.0,0.0,0.0,0.0
 N(CCC(=O)OCCCCCCCC/C=C\CC(CCCCCC)OC(OCC#CCC)=O)(CCC(=O)OCCCCCCCC/C=C\CC(CCCCCC)OC(OCC#CCC)=O)CCCN(CCC(=O)OCCCCCCCC/C=C\CC(CCCCCC)OC(OCC#CCC)=O)CCCN(C)C,0.6814759734479087,,,,,,,,,,,,,,,,0.0,0.0,0.0,0.0
 CN(C)CCCN(CCC(=O)OCCCCCCCC/C=C\CC(CCCCCC)OC(OCC#CCCCCC)=O)CCCN(C)C,0.6359212649198304,,,,,,,,,,,,,,,,0.0,0.0,0.0,0.0
 N(CCC(=O)OCCCCCCCC/C=C\CC(CCCCCC)OC(OCCC#CCCCCCC)=O)(CCC(=O)OCCCCCCCC/C=C\CC(CCCCCC)OC(OCCC#CCCCCCC)=O)CCC1=CN(CCC(=O)OCCCCCCCC/C=C\CC(CCCCCC)OC(OCCC#CCCCCCC)=O)C=N1,0.6292529836295313,,,,,,,,,,,,,,,,0.0,0.0,0.0,0.0
 CCN1CCN(C2CCN(CCC(=O)OCCCCCCCC/C=C\CC(CCCCCC)OC(OCCC#CCCCC)=O)CC2)CC1,0.6132220901435277,,,,,,,,,,,,,,,,0.0,0.0,0.0,0.0
 CN(CC1)CCN1CCCN(CCC(=O)OCCCCCCCC/C=C\CC(CCCCCC)OC(OCC#CCCCCCC)=O)(CCC(=O)OCCCCCCCC/C=C\CC(CCCCCC)OC(OCC#CCCCCCC)=O),0.5700892940157903,,,,,,,,,,,,,,,,0.0,0.0,0.0,0.0
 CC1=NCCN(CCC(=O)OCCCCCCCC/C=C\CC(CCCCCC)OC(OCC#CCC)=O)1,0.5665750908517512,,,,,,,,,,,,,,,,0.0,0.0,0.0,0.0
 CC1=NCCN(CCC(=O)OCCCCCCCC/C=C\CC(CCCCCC)OC(OCC#CCCC)=O)1,0.5557726572156306,,,,,,,,,,,,,,,,0.0,0.0,0.0,0.0
 CC1=NCCN(CCC(=O)OCCCCCCCC/C=C\CC(CCCCCC)OC(OCC#CCCCC)=O)1,0.4808725079427968,,,,,,,,,,,,,,,,0.0,0.0,0.0,0.0
 CCN1CCN(C2CCN(CCC(=O)OCCCCCCCC/C=C\CC(CCCCCC)OC(OCCC#CCCCCCC)=O)CC2)CC1,0.4732605153567599,,,,,,,,,,,,,,,,0.0,0.0,0.0,0.0
 C1(N2CCN(CCC(=O)OCCCCCCCC/C=C\CC(CCCCCC)OC(OCCC#CCCCC)=O)CC2)=CN=CC=C1,0.46579995054224,,,,,,,,,,,,,,,,0.0,0.0,0.0,0.0
 CN(CCCN(CCC(=O)OCCCCCCCC/C=C\CC(CCCCCC)OC(OCCCCCCCC/C=C\C/C=C\CCCCC)=O)C)CCCN(CCC(=O)OCCCCCCCC/C=C\CC(CCCCCC)OC(OCCCCCCCC/C=C\C/C=C\CCCCC)=O)C,0.4104207609137354,,,,,,,,,,,,,,,,0.0,0.0,0.0,0.0
 C1(N2CCN(CCC(=O)OCCCCCCCC/C=C\CC(CCCCCC)OC(OCC#CCCC)=O)CC2)=CN=CC=C1,0.4096320614382831,,,,,,,,,,,,,,,,0.0,0.0,0.0,0.0
 OCCC1CCCCN(CCC(=O)OCCCCCCCC/C=C\CC(CCCCCC)OC(OCC#CCCCCC)=O)1,0.3664851583942109,,,,,,,,,,,,,,,,0.0,0.0,0.0,0.0
 N(CCC(=O)OCCCCCCCC/C=C\CC(CCCCCC)OC(OCC#CCC)=O)(CCC(=O)OCCCCCCCC/C=C\CC(CCCCCC)OC(OCC#CCC)=O)CCCN(CCC(=O)OCCCCCCCC/C=C\CC(CCCCCC)OC(OCC#CCC)=O)C,0.3164636699617245,,,,,,,,,,,,,,,,0.0,0.0,0.0,0.0
 OCCC1CCCCN(CCC(=O)OCCCCCCCC/C=C\CC(CCCCCC)OC(OCC#CCCCC)=O)1,0.3039543177001453,,,,,,,,,,,,,,,,0.0,0.0,0.0,0.0
 C1(N2CCN(CCC(=O)OCCCCCCCC/C=C\CC(CCCCCC)OC(OCCCCCCCC/C=C\C/C=C\CCCCC)=O)CC2)=CN=CC=C1,0.280701434765629,,,,,,,,,,,,,,,,0.0,0.0,0.0,0.0
 N(CCC(=O)OCCCCCCCC/C=C\CC(CCCCCC)OC(OCC#CCC)=O)(CCC(=O)OCCCCCCCC/C=C\CC(CCCCCC)OC(OCC#CCC)=O)CCC1=CN(CCC(=O)OCCCCCCCC/C=C\CC(CCCCCC)OC(OCC#CCC)=O)C=N1,0.2213400498430967,,,,,,,,,,,,,,,,0.0,0.0,0.0,0.0
 CN(CC1)CCN1CCCN(CCC(=O)OCCCCCCCC/C=C\CC(CCCCCC)OC(OCCC#CCCCCCC)=O)(CCC(=O)OCCCCCCCC/C=C\CC(CCCCCC)OC(OCCC#CCCCCCC)=O),0.2127431590584267,,,,,,,,,,,,,,,,0.0,0.0,0.0,0.0
 OCCC1CCCCN(CCC(=O)OCCCCCCCC/C=C\CC(CCCCCC)OC(OCCC#CCCCCCC)=O)1,0.2125277830507461,,,,,,,,,,,,,,,,0.0,0.0,0.0,0.0
 N(CCC(=O)OCCCCCCCC/C=C\CC(CCCCCC)OC(OCCCCCCCC/C=C\C/C=C\CCCCC)=O)(CCC(=O)OCCCCCCCC/C=C\CC(CCCCCC)OC(OCCCCCCCC/C=C\C/C=C\CCCCC)=O)CCCN(CCC(=O)OCCCCCCCC/C=C\CC(CCCCCC)OC(OCCCCCCCC/C=C\C/C=C\CCCCC)=O)CCCN(C)C,0.2108013917020105,,,,,,,,,,,,,,,,0.0,0.0,0.0,0.0
 C1(N2CCN(CCC(=O)OCCCCCCCC/C=C\CC(CCCCCC)OC(OCC#CCCCC)=O)CC2)=CN=CC=C1,0.2021780152304015,,,,,,,,,,,,,,,,0.0,0.0,0.0,0.0
 C1(N2CCN(CCC(=O)OCCCCCCCC/C=C\CC(CCCCCC)OC(OCCCCCCCCCCCCCCCCCC)=O)CC2)=CN=CC=C1,0.1690594141021933,,,,,,,,,,,,,,,,0.0,0.0,0.0,0.0
 CN(C)CCCN(CCC(=O)OCCCCCCCC/C=C\CC(CCCCCC)OC(OCCCCCCCC/C=C\C/C=C\CCCCC)=O)CCCN(C)C,0.084853396270192,,,,,,,,,,,,,,,,0.0,0.0,0.0,0.0
 C1(N2CCN(CCC(=O)OCCCCCCCC/C=C\CC(CCCCCC)OC(OCC#CCC)=O)CC2)=CN=CC=C1,0.0749738243934014,,,,,,,,,,,,,,,,0.0,0.0,0.0,0.0
 CN(C)CCCN(CCC(=O)OCCCCCCCC/C=C\CC(CCCCCC)OC(OCC#CCCCC)=O)CCCN(C)C,0.0381158809256144,,,,,,,,,,,,,,,,0.0,0.0,0.0,0.0
 CCN1CCN(C2CCN(CCC(=O)OCCCCCCCC/C=C\CC(CCCCCC)OC(OCC#CCCCCCC)=O)CC2)CC1,-0.0084213155225961,,,,,,,,,,,,,,,,0.0,0.0,0.0,0.0
 C1(N2CCN(CCC(=O)OCCCCCCCC/C=C\CC(CCCCCC)OC(OCCCCCCCC/C=C\CCCCCCCC)=O)CC2)=CN=CC=C1,-0.0432691620065475,,,,,,,,,,,,,,,,0.0,0.0,0.0,0.0
 CN(C)CCCN(CCC(=O)OCCCCCCCC/C=C\CC(CCCCCC)OC(OCCCCCCCCCCCCCCCCCC)=O)CCCN(C)C,-0.0542872545415315,,,,,,,,,,,,,,,,0.0,0.0,0.0,0.0
 CN(C)CCCN(CCC(=O)OCCCCCCCC/C=C\CC(CCCCCC)OC(OCC#CCCC)=O)CCCN(C)C,-0.0744235994659498,,,,,,,,,,,,,,,,0.0,0.0,0.0,0.0
 CN(C)CCCN(CCC(=O)OCCCCCCCC/C=C\CC(CCCCCC)OC(OCC#CCC)=O)CCCN(C)C,-0.0873837228567984,,,,,,,,,,,,,,,,0.0,0.0,0.0,0.0
 N(CCC(=O)OCCCCCCCC/C=C\CC(CCCCCC)OC(OCC#CCCCCCC)=O)(CCC(=O)OCCCCCCCC/C=C\CC(CCCCCC)OC(OCC#CCCCCCC)=O)CCC1=CN(CCC(=O)OCCCCCCCC/C=C\CC(CCCCCC)OC(OCC#CCCCCCC)=O)C=N1,-0.1719976138797966,,,,,,,,,,,,,,,,0.0,0.0,0.0,0.0
 CN(C)CCCN(CCC(=O)OCCCCCCCC/C=C\CC(CCCCCC)OC(OCCCCCCCC/C=C\CCCCCCCC)=O)CCCN(C)C,-0.1749857911566343,,,,,,,,,,,,,,,,0.0,0.0,0.0,0.0
 CC1=NCCN(CCC(=O)OCCCCCCCC/C=C\CC(CCCCCC)OC(OCCC#CCCCCCC)=O)1,-0.1777767590587287,,,,,,,,,,,,,,,,0.0,0.0,0.0,0.0
 N(CCC(=O)OCCCCCCCC/C=C\CC(CCCCCC)OC(OCCCCCCCC/C=C\CCCCCCCC)=O)(CCC(=O)OCCCCCCCC/C=C\CC(CCCCCC)OC(OCCCCCCCC/C=C\CCCCCCCC)=O)CC(O)CO,-0.1897618386740235,,,,,,,,,,,,,,,,0.0,0.0,0.0,0.0
 N(CCC(=O)OCCCCCCCC/C=C\CC(CCCCCC)OC(OCCC#CCCCC)=O)(CCC(=O)OCCCCCCCC/C=C\CC(CCCCCC)OC(OCCC#CCCCC)=O)CC(O)CO,-0.2080952713255952,,,,,,,,,,,,,,,,0.0,0.0,0.0,0.0
 CN(CCCN(CCC(=O)OCCCCCCCC/C=C\CC(CCCCCC)OC(OCC#CCCCCCC)=O)C)CCCN(CCC(=O)OCCCCCCCC/C=C\CC(CCCCCC)OC(OCC#CCCCCCC)=O)C,-0.2345621368755959,,,,,,,,,,,,,,,,0.0,0.0,0.0,0.0
 N(CCC(=O)OCCCCCCCC/C=C\CC(CCCCCC)OC(OCC#CCCC)=O)(CCC(=O)OCCCCCCCC/C=C\CC(CCCCCC)OC(OCC#CCCC)=O)CCC1=CN(CCC(=O)OCCCCCCCC/C=C\CC(CCCCCC)OC(OCC#CCCC)=O)C=N1,-0.2493145789489295,,,,,,,,,,,,,,,,0.0,0.0,0.0,0.0
 CC1=NCCN(CCC(=O)OCCCCCCCC/C=C\CC(CCCCCC)OC(OCCCCCCCC/C=C\CCCCCCCC)=O)1,-0.2714420728514232,,,,,,,,,,,,,,,,0.0,0.0,0.0,0.0
 CN(CCCN(CCC(=O)OCCCCCCCC/C=C\CC(CCCCCC)OC(OCC#CCCCC)=O)C)CCCN(CCC(=O)OCCCCCCCC/C=C\CC(CCCCCC)OC(OCC#CCCCC)=O)C,-0.2795187826457384,,,,,,,,,,,,,,,,0.0,0.0,0.0,0.0
 OCCC1CCCCN(CCC(=O)OCCCCCCCC/C=C\CC(CCCCCC)OC(OCC#CCCC)=O)1,-0.3469932984616106,,,,,,,,,,,,,,,,0.0,0.0,0.0,0.0
 CN(C)CCCN(CCC(=O)OCCCCCCCC/C=C\CC(CCCCCC)OC(OCCC#CCCCC)=O)CCCN(C)C,-0.3493011395554655,,,,,,,,,,,,,,,,0.0,0.0,0.0,0.0
 CN(C)CCCN(CCC(=O)OCCCCCCCC/C=C\CC(CCCCCC)OC(OCCC#CCCCCCC)=O)CCCN(C)C,-0.3536421834548808,,,,,,,,,,,,,,,,0.0,0.0,0.0,0.0
 N(CCC(=O)OCCCCCCCC/C=C\CC(CCCCCC)OC(OCC#CCCCC)=O)(CCC(=O)OCCCCCCCC/C=C\CC(CCCCCC)OC(OCC#CCCCC)=O)CCCN(CCC(=O)OCCCCCCCC/C=C\CC(CCCCCC)OC(OCC#CCCCC)=O)C,-0.3658272009759991,,,,,,,,,,,,,,,,0.0,0.0,0.0,0.0
 CC1=NCCN(CCC(=O)OCCCCCCCC/C=C\CC(CCCCCC)OC(OCCCCCCCCCCCCCCCCCC)=O)1,-0.3681614467677853,,,,,,,,,,,,,,,,0.0,0.0,0.0,0.0
 N(CCC(=O)OCCCCCCCC/C=C\CC(CCCCCC)OC(OCCC#CCCCCCC)=O)(CCC(=O)OCCCCCCCC/C=C\CC(CCCCCC)OC(OCCC#CCCCCCC)=O)CC1N(C)CCCC1,-0.3705067435667231,,,,,,,,,,,,,,,,0.0,0.0,0.0,0.0
 N(CCC(=O)OCCCCCCCC/C=C\CC(CCCCCC)OC(OCCC#CCCCCCC)=O)(CCC(=O)OCCCCCCCC/C=C\CC(CCCCCC)OC(OCCC#CCCCCCC)=O)CCCN(CCC(=O)OCCCCCCCC/C=C\CC(CCCCCC)OC(OCCC#CCCCCCC)=O)C,-0.3938582254851602,,,,,,,,,,,,,,,,0.0,0.0,0.0,0.0
 CN(CCCN(CCC(=O)OCCCCCCCC/C=C\CC(CCCCCC)OC(OCC#CCCC)=O)C)CCCN(CCC(=O)OCCCCCCCC/C=C\CC(CCCCCC)OC(OCC#CCCC)=O)C,-0.4051077458210378,,,,,,,,,,,,,,,,0.0,0.0,0.0,0.0
 CN(CCCN(CCC(=O)OCCCCCCCC/C=C\CC(CCCCCC)OC(OCC#CCCCCC)=O)C)CCCN(CCC(=O)OCCCCCCCC/C=C\CC(CCCCCC)OC(OCC#CCCCCC)=O)C,-0.4456982582096933,,,,,,,,,,,,,,,,0.0,0.0,0.0,0.0
 N(CCC(=O)OCCCCCCCC/C=C\CC(CCCCCC)OC(OCC#CCCC)=O)(CCC(=O)OCCCCCCCC/C=C\CC(CCCCCC)OC(OCC#CCCC)=O)CC(O)CO,-0.4667724535633398,,,,,,,,,,,,,,,,0.0,0.0,0.0,0.0
 OCCC1CCCCN(CCC(=O)OCCCCCCCC/C=C\CC(CCCCCC)OC(OCC#CCC)=O)1,-0.4834873094866348,,,,,,,,,,,,,,,,0.0,0.0,0.0,0.0
 N(CCC(=O)OCCCCCCCC/C=C\CC(CCCCCC)OC(OCCCCCCCCCCCCCCCCCC)=O)(CCC(=O)OCCCCCCCC/C=C\CC(CCCCCC)OC(OCCCCCCCCCCCCCCCCCC)=O)CC(O)CO,-0.5092885902599792,,,,,,,,,,,,,,,,0.0,0.0,0.0,0.0
 CN(CC1)CCN1CCCN(CCC(=O)OCCCCCCCC/C=C\CC(CCCCCC)OC(OCC#CCC)=O)(CCC(=O)OCCCCCCCC/C=C\CC(CCCCCC)OC(OCC#CCC)=O),-0.5124939538199267,,,,,,,,,,,,,,,,0.0,0.0,0.0,0.0
 N(CCC(=O)OCCCCCCCC/C=C\CC(CCCCCC)OC(OCCC#CCCCC)=O)(CCC(=O)OCCCCCCCC/C=C\CC(CCCCCC)OC(OCCC#CCCCC)=O)CC1N(C)CCCC1,-0.5129172594093304,,,,,,,,,,,,,,,,0.0,0.0,0.0,0.0
 OCCN1CCC(CCCC2CCN(CCC(=O)OCCCCCCCC/C=C\CC(CCCCCC)OC(OCC#CCC)=O)CC2)CC1,-0.523792335622708,,,,,,,,,,,,,,,,0.0,0.0,0.0,0.0
 N(CCC(=O)OCCCCCCCC/C=C\CC(CCCCCC)OC(OCC#CCCCCC)=O)(CCC(=O)OCCCCCCCC/C=C\CC(CCCCCC)OC(OCC#CCCCCC)=O)CC(O)CO,-0.5466485321155192,,,,,,,,,,,,,,,,0.0,0.0,0.0,0.0
 N(CCC(=O)OCCCCCCCC/C=C\CC(CCCCCC)OC(OCCC#CCCCCCC)=O)(CCC(=O)OCCCCCCCC/C=C\CC(CCCCCC)OC(OCCC#CCCCCCC)=O)CC(O)CO,-0.5505625631822151,,,,,,,,,,,,,,,,0.0,0.0,0.0,0.0
 N(CCC(=O)OCCCCCCCC/C=C\CC(CCCCCC)OC(OCCC#CCCCC)=O)(CCC(=O)OCCCCCCCC/C=C\CC(CCCCCC)OC(OCCC#CCCCC)=O)CCCN(CCC(=O)OCCCCCCCC/C=C\CC(CCCCCC)OC(OCCC#CCCCC)=O)C,-0.5634307024519091,,,,,,,,,,,,,,,,0.0,0.0,0.0,0.0
 CC1=NCCN(CCC(=O)OCCCCCCCC/C=C\CC(CCCCCC)OC(OCCCCCCCC/C=C\C/C=C\CCCCC)=O)1,-0.5689005722830737,,,,,,,,,,,,,,,,0.0,0.0,0.0,0.0
 N(CCC(=O)OCCCCCCCC/C=C\CC(CCCCCC)OC(OCC#CCCCCCC)=O)(CCC(=O)OCCCCCCCC/C=C\CC(CCCCCC)OC(OCC#CCCCCCC)=O)CCCN(CCC(=O)OCCCCCCCC/C=C\CC(CCCCCC)OC(OCC#CCCCCCC)=O)C,-0.5905124479562169,,,,,,,,,,,,,,,,0.0,0.0,0.0,0.0
 CCN1CCN(C2CCN(CCC(=O)OCCCCCCCC/C=C\CC(CCCCCC)OC(OCC#CCC)=O)CC2)CC1,-0.5920005696439322,,,,,,,,,,,,,,,,0.0,0.0,0.0,0.0
 OCCC1CCCCN(CCC(=O)OCCCCCCCC/C=C\CC(CCCCCC)OC(OCCCCCCCC/C=C\C/C=C\CCCCC)=O)1,-0.6013280611274974,,,,,,,,,,,,,,,,0.0,0.0,0.0,0.0
 CN(CCCN(CCC(=O)OCCCCCCCC/C=C\CC(CCCCCC)OC(OCC#CCC)=O)C)CCCN(CCC(=O)OCCCCCCCC/C=C\CC(CCCCCC)OC(OCC#CCC)=O)C,-0.6077479628190814,,,,,,,,,,,,,,,,0.0,0.0,0.0,0.0
 OCCC1CCCCN(CCC(=O)OCCCCCCCC/C=C\CC(CCCCCC)OC(OCCCCCCCC/C=C\CCCCCCCC)=O)1,-0.6262432035234549,,,,,,,,,,,,,,,,0.0,0.0,0.0,0.0
 N(CCC(=O)OCCCCCCCC/C=C\CC(CCCCCC)OC(OCCCCCCCCCCCCCCCCCC)=O)(CCC(=O)OCCCCCCCC/C=C\CC(CCCCCC)OC(OCCCCCCCCCCCCCCCCCC)=O)CCCN(CCC(=O)OCCCCCCCC/C=C\CC(CCCCCC)OC(OCCCCCCCCCCCCCCCCCC)=O)C,-0.6408290112835349,,,,,,,,,,,,,,,,0.0,0.0,0.0,0.0
 OCCC1CCCCN(CCC(=O)OCCCCCCCC/C=C\CC(CCCCCC)OC(OCCCCCCCCCCCCCCCCCC)=O)1,-0.6546155921378355,,,,,,,,,,,,,,,,0.0,0.0,0.0,0.0
 N(CCC(=O)OCCCCCCCC/C=C\CC(CCCCCC)OC(OCC#CCCCCC)=O)(CCC(=O)OCCCCCCCC/C=C\CC(CCCCCC)OC(OCC#CCCCCC)=O)CCCN(CCC(=O)OCCCCCCCC/C=C\CC(CCCCCC)OC(OCC#CCCCCC)=O)C,-0.6693772840684152,,,,,,,,,,,,,,,,0.0,0.0,0.0,0.0
 N(CCC(=O)OCCCCCCCC/C=C\CC(CCCCCC)OC(OCC#CCCC)=O)(CCC(=O)OCCCCCCCC/C=C\CC(CCCCCC)OC(OCC#CCCC)=O)CC1N(C)CCCC1,-0.7230588208983687,,,,,,,,,,,,,,,,0.0,0.0,0.0,0.0
 N(CCC(=O)OCCCCCCCC/C=C\CC(CCCCCC)OC(OCC#CCCCCCC)=O)(CCC(=O)OCCCCCCCC/C=C\CC(CCCCCC)OC(OCC#CCCCCCC)=O)CC1N(C)CCCC1,-0.771999703798088,,,,,,,,,,,,,,,,0.0,0.0,0.0,0.0
 N(CCC(=O)OCCCCCCCC/C=C\CC(CCCCCC)OC(OCCCCCCCC/C=C\C/C=C\CCCCC)=O)(CCC(=O)OCCCCCCCC/C=C\CC(CCCCCC)OC(OCCCCCCCC/C=C\C/C=C\CCCCC)=O)CC(O)CO,-0.7722855641970721,,,,,,,,,,,,,,,,0.0,0.0,0.0,0.0
 OCCC1CCCCN(CCC(=O)OCCCCCCCC/C=C\CC(CCCCCC)OC(OCCC#CCCCC)=O)1,-0.7878246707544504,,,,,,,,,,,,,,,,0.0,0.0,0.0,0.0
 N(CCC(=O)OCCCCCCCC/C=C\CC(CCCCCC)OC(OCC#CCCCC)=O)(CCC(=O)OCCCCCCCC/C=C\CC(CCCCCC)OC(OCC#CCCCC)=O)CC(O)CO,-0.7882674490671295,,,,,,,,,,,,,,,,0.0,0.0,0.0,0.0
 N(CCC(=O)OCCCCCCCC/C=C\CC(CCCCCC)OC(OCC#CCC)=O)(CCC(=O)OCCCCCCCC/C=C\CC(CCCCCC)OC(OCC#CCC)=O)CC1N(C)CCCC1,-0.7952564856118823,,,,,,,,,,,,,,,,0.0,0.0,0.0,0.0
 CN(CC1)CCN1CCCN(CCC(=O)OCCCCCCCC/C=C\CC(CCCCCC)OC(OCC#CCCC)=O)(CCC(=O)OCCCCCCCC/C=C\CC(CCCCCC)OC(OCC#CCCC)=O),-0.8267894850855912,,,,,,,,,,,,,,,,0.0,0.0,0.0,0.0
 N(CCC(=O)OCCCCCCCC/C=C\CC(CCCCCC)OC(OCC#CCCCCCC)=O)(CCC(=O)OCCCCCCCC/C=C\CC(CCCCCC)OC(OCC#CCCCCCC)=O)CC(O)CO,-0.8481509667010355,,,,,,,,,,,,,,,,0.0,0.0,0.0,0.0
 CN(CC1)CCN1CCCN(CCC(=O)OCCCCCCCC/C=C\CC(CCCCCC)OC(OCC#CCCCC)=O)(CCC(=O)OCCCCCCCC/C=C\CC(CCCCCC)OC(OCC#CCCCC)=O),-0.8606377538280696,,,,,,,,,,,,,,,,0.0,0.0,0.0,0.0
 CC1=NCCN(CCC(=O)OCCCCCCCC/C=C\CC(CCCCCC)OC(OCCC#CCCCC)=O)1,-0.8637232719074802,,,,,,,,,,,,,,,,0.0,0.0,0.0,0.0
 N(CCC(=O)OCCCCCCCC/C=C\CC(CCCCCC)OC(OCC#CCC)=O)(CCC(=O)OCCCCCCCC/C=C\CC(CCCCCC)OC(OCC#CCC)=O)CC(O)CO,-0.8706495716291155,,,,,,,,,,,,,,,,0.0,0.0,0.0,0.0
 OCCN1CCC(CCCC2CCN(CCC(=O)OCCCCCCCC/C=C\CC(CCCCCC)OC(OCC#CCCC)=O)CC2)CC1,-0.9367755098177544,,,,,,,,,,,,,,,,0.0,0.0,0.0,0.0
 N(CCC(=O)OCCCCCCCC/C=C\CC(CCCCCC)OC(OCC#CCCCC)=O)(CCC(=O)OCCCCCCCC/C=C\CC(CCCCCC)OC(OCC#CCCCC)=O)CC1N(C)CCCC1,-0.9529795874604334,,,,,,,,,,,,,,,,0.0,0.0,0.0,0.0
 CCN1CCN(C2CCN(CCC(=O)OCCCCCCCC/C=C\CC(CCCCCC)OC(OCC#CCCC)=O)CC2)CC1,-0.9635933805869764,,,,,,,,,,,,,,,,0.0,0.0,0.0,0.0
 N(CCC(=O)OCCCCCCCC/C=C\CC(CCCCCC)OC(OCC#CCCCCC)=O)(CCC(=O)OCCCCCCCC/C=C\CC(CCCCCC)OC(OCC#CCCCCC)=O)CC1N(C)CCCC1,-0.9761626784026298,,,,,,,,,,,,,,,,0.0,0.0,0.0,0.0
 CCN1CCN(C2CCN(CCC(=O)OCCCCCCCC/C=C\CC(CCCCCC)OC(OCC#CCCCC)=O)CC2)CC1,-0.9930615265227288,,,,,,,,,,,,,,,,0.0,0.0,0.0,0.0
 CCN1CCN(C2CCN(CCC(=O)OCCCCCCCC/C=C\CC(CCCCCC)OC(OCC#CCCCCC)=O)CC2)CC1,-1.0294137757663495,,,,,,,,,,,,,,,,0.0,0.0,0.0,0.0
 N(CCC(=O)OCCCCCCCC/C=C\CC(CCCCCC)OC(OCC#CCCC)=O)(CCC(=O)OCCCCCCCC/C=C\CC(CCCCCC)OC(OCC#CCCC)=O)CCCN(CCC(=O)OCCCCCCCC/C=C\CC(CCCCCC)OC(OCC#CCCC)=O)C,-1.067866774929437,,,,,,,,,,,,,,,,0.0,0.0,0.0,0.0
 N(CCC(=O)OCCCCCCCC/C=C\CC(CCCCCC)OC(OCCCCCCCC/C=C\C/C=C\CCCCC)=O)(CCC(=O)OCCCCCCCC/C=C\CC(CCCCCC)OC(OCCCCCCCC/C=C\C/C=C\CCCCC)=O)CCCN(CCC(=O)OCCCCCCCC/C=C\CC(CCCCCC)OC(OCCCCCCCC/C=C\C/C=C\CCCCC)=O)C,-1.1172427307791897,,,,,,,,,,,,,,,,0.0,0.0,0.0,0.0
 CN(CCC(=O)OCCCCCCCC/C=C\CC(CCCCCC)OC(OCC#CCC)=O)CCN(CCN(CCC(=O)OCCCCCCCC/C=C\CC(CCCCCC)OC(OCC#CCC)=O)C)CCN(CCC(=O)OCCCCCCCC/C=C\CC(CCCCCC)OC(OCC#CCC)=O)C,-1.121564323628444,,,,,,,,,,,,,,,,0.0,0.0,0.0,0.0
 OCCN1CCC(CCCC2CCN(CCC(=O)OCCCCCCCC/C=C\CC(CCCCCC)OC(OCC#CCCCC)=O)CC2)CC1,-1.1455756252750084,,,,,,,,,,,,,,,,0.0,0.0,0.0,0.0
 N(CCC(=O)OCCCCCCCC/C=C\CC(CCCCCC)OC(OCCCCCCCCCCCCCCCCCC)=O)(CCC(=O)OCCCCCCCC/C=C\CC(CCCCCC)OC(OCCCCCCCCCCCCCCCCCC)=O)CC1N(C)CCCC1,-1.185076575431046,,,,,,,,,,,,,,,,0.0,0.0,0.0,0.0
 N(CCC(=O)OCCCCCCCC/C=C\CC(CCCCCC)OC(OCCCCCCCC/C=C\CCCCCCCC)=O)(CCC(=O)OCCCCCCCC/C=C\CC(CCCCCC)OC(OCCCCCCCC/C=C\CCCCCCCC)=O)CCCN(CCC(=O)OCCCCCCCC/C=C\CC(CCCCCC)OC(OCCCCCCCC/C=C\CCCCCCCC)=O)C,-1.193703907816445,,,,,,,,,,,,,,,,0.0,0.0,0.0,0.0
 N(CCC(=O)OCCCCCCCC/C=C\CC(CCCCCC)OC(OCCCCCCCC/C=C\CCCCCCCC)=O)(CCC(=O)OCCCCCCCC/C=C\CC(CCCCCC)OC(OCCCCCCCC/C=C\CCCCCCCC)=O)CC1N(C)CCCC1,-1.2212329613144195,,,,,,,,,,,,,,,,0.0,0.0,0.0,0.0
 CN(CCC(=O)OCCCCCCCC/C=C\CC(CCCCCC)OC(OCC#CCCC)=O)CCN(CCN(CCC(=O)OCCCCCCCC/C=C\CC(CCCCCC)OC(OCC#CCCC)=O)C)CCN(CCC(=O)OCCCCCCCC/C=C\CC(CCCCCC)OC(OCC#CCCC)=O)C,-1.264466694841092,,,,,,,,,,,,,,,,0.0,0.0,0.0,0.0
 OCCN1CCC(CCCC2CCN(CCC(=O)OCCCCCCCC/C=C\CC(CCCCCC)OC(OCC#CCCCCC)=O)CC2)CC1,-1.2861720797382552,,,,,,,,,,,,,,,,0.0,0.0,0.0,0.0
 CN(CCC(=O)OCCCCCCCC/C=C\CC(CCCCCC)OC(OCC#CCCCC)=O)CCN(CCN(CCC(=O)OCCCCCCCC/C=C\CC(CCCCCC)OC(OCC#CCCCC)=O)C)CCN(CCC(=O)OCCCCCCCC/C=C\CC(CCCCCC)OC(OCC#CCCCC)=O)C,-1.3004967800777985,,,,,,,,,,,,,,,,0.0,0.0,0.0,0.0
 CN(CCC(=O)OCCCCCCCC/C=C\CC(CCCCCC)OC(OCC#CCCCCC)=O)CCN(CCN(CCC(=O)OCCCCCCCC/C=C\CC(CCCCCC)OC(OCC#CCCCCC)=O)C)CCN(CCC(=O)OCCCCCCCC/C=C\CC(CCCCCC)OC(OCC#CCCCCC)=O)C,-1.3152480540843157,,,,,,,,,,,,,,,,0.0,0.0,0.0,0.0
 OCCN1CCC(CCCC2CCN(CCC(=O)OCCCCCCCC/C=C\CC(CCCCCC)OC(OCC#CCCCCCC)=O)CC2)CC1,-1.3613959329498422,,,,,,,,,,,,,,,,0.0,0.0,0.0,0.0
 CN(CCC(=O)OCCCCCCCC/C=C\CC(CCCCCC)OC(OCC#CCCCCCC)=O)CCN(CCN(CCC(=O)OCCCCCCCC/C=C\CC(CCCCCC)OC(OCC#CCCCCCC)=O)C)CCN(CCC(=O)OCCCCCCCC/C=C\CC(CCCCCC)OC(OCC#CCCCCCC)=O)C,-1.4335532845291936,,,,,,,,,,,,,,,,0.0,0.0,0.0,0.0
 N(CCC(=O)OCCCCCCCC/C=C\CC(CCCCCC)OC(OCCCCCCCC/C=C\C/C=C\CCCCC)=O)(CCC(=O)OCCCCCCCC/C=C\CC(CCCCCC)OC(OCCCCCCCC/C=C\C/C=C\CCCCC)=O)CC1N(C)CCCC1,-1.445650113005623,,,,,,,,,,,,,,,,0.0,0.0,0.0,0.0
 OCCN1CCC(CCCC2CCN(CCC(=O)OCCCCCCCC/C=C\CC(CCCCCC)OC(OCCC#CCCCCCC)=O)CC2)CC1,-1.4506852315614045,,,,,,,,,,,,,,,,0.0,0.0,0.0,0.0
 OCCN1CCC(CCCC2CCN(CCC(=O)OCCCCCCCC/C=C\CC(CCCCCC)OC(OCCC#CCCCC)=O)CC2)CC1,-1.623938180984566,,,,,,,,,,,,,,,,0.0,0.0,0.0,0.0
CCCCCCCC/C=C\CCCCCCCC(OCCCCCC(C(CN1CCN(C)CC1)CCCCOC(CCCCCCC/C=C\CCCCCCCC)=O)O)=O,-0.4839108121514065,,,,,,,,,,,,,,,,0.0,0.0,0.0,0.0
CCCCCCCC/C=C\CCCCCCCC(OCCCCCC(C(CN1CCN(C)CC1)CCCCOC(CCCCCCC/C=C\CCCCCCCC)=O)O)=O,0.9695756788557616,,,,,,,,,,,,,,,,0.0,0.0,0.0,0.0
CCCCCCCC/C=C\CCCCCCCC(OCCCCCC(C(CN1CCN(C)CC1)CCCCOC(CCCCCCC/C=C\CCCCCCCC)=O)O)=O,0.2836607055714801,,,,,,,,,,,,,,,,0.0,0.0,0.0,0.0
CCCCCCCC/C=C\CCCCCCCC(OCCCCCC(C(CN1CCN(C)CC1)CCCCOC(CCCCCCC/C=C\CCCCCCCC)=O)O)=O,-0.3940886132689412,,,,,,,,,,,,,,,,0.0,0.0,0.0,0.0
CCCCCCCC/C=C\CCCCCCCC(OCCCCCC(C(CN1CCN(C)CC1)CCCCOC(CCCCCCC/C=C\CCCCCCCC)=O)O)=O,-0.5818986654777326,,,,,,,,,,,,,,,,0.0,0.0,0.0,0.0
CCCCCCCC/C=C\CCCCCCCC(OCCCCCC(C(CN1CCN(C)CC1)CCCCOC(CCCCCCC/C=C\CCCCCCCC)=O)O)=O,-0.70438348213564,,,,,,,,,,,,,,,,0.0,0.0,0.0,0.0
CCCCCCCC/C=C\CCCCCCCC(OCCCCCC(C(CN1CCN(C)CC1)CCCCOC(CCCCCCC/C=C\CCCCCCCC)=O)O)=O,0.4061455222293878,,,,,,,,,,,,,,,,0.0,0.0,0.0,0.0
CCCCCCCC/C=C\CCCCCCCC(OCCCCCC(C(CN1CCN(C)CC1)CCCCOC(CCCCCCC/C=C\CCCCCCCC)=O)O)=O,0.1611758889135723,,,,,,,,,,,,,,,,0.0,0.0,0.0,0.0
CCCCCCCC/C=C\CCCCCCCC(OCCCCCC(C(CN1CCN(C)CC1)CCCCOC(CCCCCCC/C=C\CCCCCCCC)=O)O)=O,1.394189709936508,,,,,,,,,,,,,,,,0.0,0.0,0.0,0.0
CCCCCCCC/C=C\CCCCCCCC(OCCCCCC(C(CN1CCN(C)CC1)CCCCOC(CCCCCCC/C=C\CCCCCCCC)=O)O)=O,-0.5900643199215929,,,,,,,,,,,,,,,,0.0,0.0,0.0,0.0
CCCCCCCC/C=C\CCCCCCCC(OCCCCCC(C(CN1CCN(C)CC1)CCCCOC(CCCCCCC/C=C\CCCCCCCC)=O)O)=O,1.1573857310645534,,,,,,,,,,,,,,,,0.0,0.0,0.0,0.0
CCCCCCCC/C=C\CCCCCCCC(OCCCCCC(C(CN1CCN(C)CC1)CCCCOC(CCCCCCC/C=C\CCCCCCCC)=O)O)=O,0.185672852245154,,,,,,,,,,,,,,,,0.0,0.0,0.0,0.0
CCCCCCCC/C=C\CCCCCCCC(OCCCCCC(C(CN1CCN(C)CC1)CCCCOC(CCCCCCC/C=C\CCCCCCCC)=O)O)=O,0.0713536900311073,,,,,,,,,,,,,,,,0.0,0.0,0.0,0.0
CCCCCCCC/C=C\CCCCCCCC(OCCCCCC(C(CN1CCN(C)CC1)CCCCOC(CCCCCCC/C=C\CCCCCCCC)=O)O)=O,0.2428324333521777,,,,,,,,,,,,,,,,0.0,0.0,0.0,0.0
CCCCCCCC/C=C\CCCCCCCC(OCCCCCC(C(CN1CCN(C)CC1)CCCCOC(CCCCCCC/C=C\CCCCCCCC)=O)O)=O,0.7164403910960866,,,,,,,,,,,,,,,,0.0,0.0,0.0,0.0
CCCCCCCC/C=C\CCCCCCCC(OCCCCCC(C(CN1CCN(C)CC1)CCCCOC(CCCCCCC/C=C\CCCCCCCC)=O)O)=O,1.0267352599627857,,,,,,,,,,,,,,,,0.0,0.0,0.0,0.0
CCCCCCCC/C=C\CCCCCCCC(OCCCCCC(C(CN1CCN(C)CC1)CCCCOC(CCCCCCC/C=C\CCCCCCCC)=O)O)=O,0.5857899199943186,,,,,,,,,,,,,,,,0.0,0.0,0.0,0.0
CCCCCCCC/C=C\CCCCCCCC(OCCCCCC(C(CN1CCN(C)CC1)CCCCOC(CCCCCCC/C=C\CCCCCCCC)=O)O)=O,0.855256516641715,,,,,,,,,,,,,,,,0.0,0.0,0.0,0.0
CCCCCCCC/C=C\CCCCCCCC(OCCCCCC(C(CN1CCN(C)CC1)CCCCOC(CCCCCCC/C=C\CCCCCCCC)=O)O)=O,0.8634221710855754,,,,,,,,,,,,,,,,0.0,0.0,0.0,0.0
CCCCCCCC/C=C\CCCCCCCC(OCCCCCC(C(CN1CCN(C)CC1)CCCCOC(CCCCCCC/C=C\CCCCCCCC)=O)O)=O,-0.0347998177390793,,,,,,,,,,,,,,,,0.0,0.0,0.0,0.0
CCCCCCCC/C=C\CCCCCCCC(OCCCCCC(C(CN1CCN(C)CC1)CCCCOC(CCCCCCC/C=C\CCCCCCCC)=O)O)=O,1.647324997696183,,,,,,,,,,,,,,,,0.0,0.0,0.0,0.0
CCCCCCCC/C=C\CCCCCCCC(OCCCCCC(C(CN1CCN(C2=CN=CC=C2)CC1)CCCCOC(CCCCCCC/C=C\CCCCCCCC)=O)O)=O,-1.4392923820830843,,,,,,,,,,,,,,,,0.0,0.0,0.0,0.0
CCCCCCCC/C=C\CCCCCCCC(OCCCCCC(C(CN1CCN(C2=CN=CC=C2)CC1)CCCCOC(CCCCCCC/C=C\CCCCCCCC)=O)O)=O,-1.921065994270854,,,,,,,,,,,,,,,,0.0,0.0,0.0,0.0
CCCCCCCC/C=C\CCCCCCCC(OCCCCCC(C(CN1CCN(C2=CN=CC=C2)CC1)CCCCOC(CCCCCCC/C=C\CCCCCCCC)=O)O)=O,-0.9248561521198734,,,,,,,,,,,,,,,,0.0,0.0,0.0,0.0
CCCCCCCC/C=C\CCCCCCCC(OCCCCCC(C(CN1CCN(C2=CN=CC=C2)CC1)CCCCOC(CCCCCCC/C=C\CCCCCCCC)=O)O)=O,-1.3576358376444797,,,,,,,,,,,,,,,,0.0,0.0,0.0,0.0
CCCCCCCC/C=C\CCCCCCCC(OCCCCCC(C(CN1CCN(C2=CN=CC=C2)CC1)CCCCOC(CCCCCCC/C=C\CCCCCCCC)=O)O)=O,-1.700593324286621,,,,,,,,,,,,,,,,0.0,0.0,0.0,0.0
CCCCCCCC/C=C\CCCCCCCC(OCCCCCC(C(CN1CCN(C2=CN=CC=C2)CC1)CCCCOC(CCCCCCC/C=C\CCCCCCCC)=O)O)=O,-2.100710392035785,,,,,,,,,,,,,,,,0.0,0.0,0.0,0.0
CCCCCCCC/C=C\CCCCCCCC(OCCCCCC(C(CN1CCN(C2=CN=CC=C2)CC1)CCCCOC(CCCCCCC/C=C\CCCCCCCC)=O)O)=O,-1.4311267276392243,,,,,,,,,,,,,,,,0.0,0.0,0.0,0.0
CCCCCCCC/C=C\CCCCCCCC(OCCCCCC(C(CN1CCN(C2=CN=CC=C2)CC1)CCCCOC(CCCCCCC/C=C\CCCCCCCC)=O)O)=O,-2.811122328651648,,,,,,,,,,,,,,,,0.0,0.0,0.0,0.0
CCCCCCCC/C=C\CCCCCCCC(OCCCCCC(C(CN1CCN(C2=CN=CC=C2)CC1)CCCCOC(CCCCCCC/C=C\CCCCCCCC)=O)O)=O,-0.9003591887882917,,,,,,,,,,,,,,,,0.0,0.0,0.0,0.0
CCCCCCCC/C=C\CCCCCCCC(OCCCCCC(C(CN1CCN(C2=CN=CC=C2)CC1)CCCCOC(CCCCCCC/C=C\CCCCCCCC)=O)O)=O,-1.4147954187515033,,,,,,,,,,,,,,,,0.0,0.0,0.0,0.0
CCCCCCCC/C=C\CCCCCCCC(OCCCCCC(C(CN1CCN(C2=CN=CC=C2)CC1)CCCCOC(CCCCCCC/C=C\CCCCCCCC)=O)O)=O,-0.4430825399321042,,,,,,,,,,,,,,,,0.0,0.0,0.0,0.0
CCCCCCCC/C=C\CCCCCCCC(OCCCCCC(C(CN1CCN(C2=CN=CC=C2)CC1)CCCCOC(CCCCCCC/C=C\CCCCCCCC)=O)O)=O,-1.4311267276392243,,,,,,,,,,,,,,,,0.0,0.0,0.0,0.0
CCCCCCCC/C=C\CCCCCCCC(OCCCCCC(C(CN1CCN(C2=CN=CC=C2)CC1)CCCCOC(CCCCCCC/C=C\CCCCCCCC)=O)O)=O,-1.757752905393644,,,,,,,,,,,,,,,,0.0,0.0,0.0,0.0
CCCCCCCC/C=C\CCCCCCCC(OCCCCCC(C(CN1CCN(C2=CN=CC=C2)CC1)CCCCOC(CCCCCCC/C=C\CCCCCCCC)=O)O)=O,-1.4392923820830843,,,,,,,,,,,,,,,,0.0,0.0,0.0,0.0
O=C(OCCCCCC(C(CN1CCN(C)CC1)CCCCOC(CCCCCCCCCCCCCCC)=O)O)CCCCCCCCCCCCCCC,-0.4675795032636855,,,,,,,,,,,,,,,,0.0,0.0,0.0,0.0
O=C(OCCCCCC(C(CN1CCN(C)CC1)CCCCOC(CCCCCCCCCCCCCCC)=O)O)CCCCCCCCCCCCCCC,-0.181781597728568,,,,,,,,,,,,,,,,0.0,0.0,0.0,0.0
O=C(OCCCCCC(C(CN1CCN(C)CC1)CCCCOC(CCCCCCCCCCCCCCC)=O)O)CCCCCCCCCCCCCCC,-0.3124320688303361,,,,,,,,,,,,,,,,0.0,0.0,0.0,0.0
O=C(OCCCCCC(C(CN1CCN(C)CC1)CCCCOC(CCCCCCCCCCCCCCC)=O)O)CCCCCCCCCCCCCCC,-0.0592967810706607,,,,,,,,,,,,,,,,0.0,0.0,0.0,0.0
O=C(OCCCCCC(C(CN1CCN(C)CC1)CCCCOC(CCCCCCCCCCCCCCC)=O)O)CCCCCCCCCCCCCCC,-0.8513652621251291,,,,,,,,,,,,,,,,0.0,0.0,0.0,0.0
O=C(OCCCCCC(C(CN1CCN(C)CC1)CCCCOC(CCCCCCCCCCCCCCC)=O)O)CCCCCCCCCCCCCCC,-0.3287633777180571,,,,,,,,,,,,,,,,0.0,0.0,0.0,0.0
O=C(OCCCCCC(C(CN1CCN(C)CC1)CCCCOC(CCCCCCCCCCCCCCC)=O)O)CCCCCCCCCCCCCCC,0.0223597633679443,,,,,,,,,,,,,,,,0.0,0.0,0.0,0.0
O=C(OCCCCCC(C(CN1CCN(C)CC1)CCCCOC(CCCCCCCCCCCCCCC)=O)O)CCCCCCCCCCCCCCC,0.0468567266995256,,,,,,,,,,,,,,,,0.0,0.0,0.0,0.0
O=C(OCCCCCC(C(CN1CCN(C)CC1)CCCCOC(CCCCCCCCCCCCCCC)=O)O)CCCCCCCCCCCCCCC,0.8715878255294357,,,,,,,,,,,,,,,,0.0,0.0,0.0,0.0
O=C(OCCCCCC(C(CN1CCN(C)CC1)CCCCOC(CCCCCCCCCCCCCCC)=O)O)CCCCCCCCCCCCCCC,-0.6798865188040583,,,,,,,,,,,,,,,,0.0,0.0,0.0,0.0
O=C(OCCCCCC(C(CN1CCN(C)CC1)CCCCOC(CCCCCCCCCCCCCCC)=O)O)CCCCCCCCCCCCCCC,-0.100125053289963,,,,,,,,,,,,,,,,0.0,0.0,0.0,0.0
O=C(OCCCCCC(C(CN1CCN(C)CC1)CCCCOC(CCCCCCCCCCCCCCC)=O)O)CCCCCCCCCCCCCCC,-0.0184685088513583,,,,,,,,,,,,,,,,0.0,0.0,0.0,0.0
O=C(OCCCCCC(C(CN1CCN(C)CC1)CCCCOC(CCCCCCCCCCCCCCC)=O)O)CCCCCCCCCCCCCCC,-0.5818986654777326,,,,,,,,,,,,,,,,0.0,0.0,0.0,0.0
O=C(OCCCCCC(C(CN1CCN(C)CC1)CCCCOC(CCCCCCCCCCCCCCC)=O)O)CCCCCCCCCCCCCCC,-0.198112906616289,,,,,,,,,,,,,,,,0.0,0.0,0.0,0.0
O=C(OCCCCCC(C(CN1CCN(C)CC1)CCCCOC(CCCCCCCCCCCCCCC)=O)O)CCCCCCCCCCCCCCC,0.0386910722556653,,,,,,,,,,,,,,,,0.0,0.0,0.0,0.0
O=C(OCCCCCC(C(CN1CCN(C)CC1)CCCCOC(CCCCCCCCCCCCCCC)=O)O)CCCCCCCCCCCCCCC,0.5694586111065972,,,,,,,,,,,,,,,,0.0,0.0,0.0,0.0
O=C(OCCCCCC(C(CN1CCN(C)CC1)CCCCOC(CCCCCCCCCCCCCCC)=O)O)CCCCCCCCCCCCCCC,0.4959677211118528,,,,,,,,,,,,,,,,0.0,0.0,0.0,0.0
O=C(OCCCCCC(C(CN1CCN(C)CC1)CCCCOC(CCCCCCCCCCCCCCC)=O)O)CCCCCCCCCCCCCCC,0.7164403910960866,,,,,,,,,,,,,,,,0.0,0.0,0.0,0.0
O=C(OCCCCCC(C(CN1CCN(C)CC1)CCCCOC(CCCCCCCCCCCCCCC)=O)O)CCCCCCCCCCCCCCC,0.6837777733206446,,,,,,,,,,,,,,,,0.0,0.0,0.0,0.0
O=C(OCCCCCC(C(CN1CCN(C)CC1)CCCCOC(CCCCCCCCCCCCCCC)=O)O)CCCCCCCCCCCCCCC,0.9532443699680412,,,,,,,,,,,,,,,,0.0,0.0,0.0,0.0
O=C(OCCCCCC(C(CN1CCN(C)CC1)CCCCOC(CCCCCCCCCCCCCCC)=O)O)CCCCCCCCCCCCCCC,1.1165574588452511,,,,,,,,,,,,,,,,0.0,0.0,0.0,0.0
O=C(OCCCCCC(C(CN1CCN(C)CC1)CCCCOC(CCCCCCCCCCCCCCC)=O)O)CCCCCCCCCCCCCCC,0.8389252077539937,,,,,,,,,,,,,,,,0.0,0.0,0.0,0.0
O=C(OCCCCCC(C(CN1CCN(C)CC1)CCCCOC(CCCCCCCCCCCCCCC)=O)O)CCCCCCCCCCCCCCC,1.549337144369857,,,,,,,,,,,,,,,,0.0,0.0,0.0,0.0
OC(C(CN1CCN(C)CC1)CCCCOC(CCCCCCC/C=C\C/C=C\CCCCC)=O)CCCCCOC(CCCCCCC/C=C\C/C=C\CCCCC)=O,-0.2062785610601497,,,,,,,,,,,,,,,,0.0,0.0,0.0,0.0
OC(C(CN1CCN(C)CC1)CCCCOC(CCCCCCC/C=C\C/C=C\CCCCC)=O)CCCCCOC(CCCCCCC/C=C\C/C=C\CCCCC)=O,-0.3532603410496385,,,,,,,,,,,,,,,,0.0,0.0,0.0,0.0
OC(C(CN1CCN(C)CC1)CCCCOC(CCCCCCC/C=C\C/C=C\CCCCC)=O)CCCCCOC(CCCCCCC/C=C\C/C=C\CCCCC)=O,0.3979798677855268,,,,,,,,,,,,,,,,0.0,0.0,0.0,0.0
OC(C(CN1CCN(C)CC1)CCCCOC(CCCCCCC/C=C\C/C=C\CCCCC)=O)CCCCCOC(CCCCCCC/C=C\C/C=C\CCCCC)=O,0.2509980877960381,,,,,,,,,,,,,,,,0.0,0.0,0.0,0.0
OC(C(CN1CCN(C)CC1)CCCCOC(CCCCCCC/C=C\C/C=C\CCCCC)=O)CCCCCOC(CCCCCCC/C=C\C/C=C\CCCCC)=O,-0.3369290321619175,,,,,,,,,,,,,,,,0.0,0.0,0.0,0.0
OC(C(CN1CCN(C)CC1)CCCCOC(CCCCCCC/C=C\C/C=C\CCCCC)=O)CCCCCOC(CCCCCCC/C=C\C/C=C\CCCCC)=O,-0.1736159432847077,,,,,,,,,,,,,,,,0.0,0.0,0.0,0.0
OC(C(CN1CCN(C)CC1)CCCCOC(CCCCCCC/C=C\C/C=C\CCCCC)=O)CCCCCOC(CCCCCCC/C=C\C/C=C\CCCCC)=O,0.0795193444749677,,,,,,,,,,,,,,,,0.0,0.0,0.0,0.0
OC(C(CN1CCN(C)CC1)CCCCOC(CCCCCCC/C=C\C/C=C\CCCCC)=O)CCCCCOC(CCCCCCC/C=C\C/C=C\CCCCC)=O,-0.8921935343444314,,,,,,,,,,,,,,,,0.0,0.0,0.0,0.0
OC(C(CN1CCN(C)CC1)CCCCOC(CCCCCCC/C=C\C/C=C\CCCCC)=O)CCCCCOC(CCCCCCC/C=C\C/C=C\CCCCC)=O,1.0267352599627857,,,,,,,,,,,,,,,,0.0,0.0,0.0,0.0
OC(C(CN1CCN(C)CC1)CCCCOC(CCCCCCC/C=C\C/C=C\CCCCC)=O)CCCCCOC(CCCCCCC/C=C\C/C=C\CCCCC)=O,-0.3205977232741964,,,,,,,,,,,,,,,,0.0,0.0,0.0,0.0
OC(C(CN1CCN(C)CC1)CCCCOC(CCCCCCC/C=C\C/C=C\CCCCC)=O)CCCCCOC(CCCCCCC/C=C\C/C=C\CCCCC)=O,1.3043675110540425,,,,,,,,,,,,,,,,0.0,0.0,0.0,0.0
OC(C(CN1CCN(C)CC1)CCCCOC(CCCCCCC/C=C\C/C=C\CCCCC)=O)CCCCCOC(CCCCCCC/C=C\C/C=C\CCCCC)=O,0.1693415433574334,,,,,,,,,,,,,,,,0.0,0.0,0.0,0.0
OC(C(CN1CCN(C)CC1)CCCCOC(CCCCCCC/C=C\C/C=C\CCCCC)=O)CCCCCOC(CCCCCCC/C=C\C/C=C\CCCCC)=O,-1.700593324286621,,,,,,,,,,,,,,,,0.0,0.0,0.0,0.0
OC(C(CN1CCN(C)CC1)CCCCOC(CCCCCCC/C=C\C/C=C\CCCCC)=O)CCCCCOC(CCCCCCC/C=C\C/C=C\CCCCC)=O,-0.753377408798803,,,,,,,,,,,,,,,,0.0,0.0,0.0,0.0
OC(C(CN1CCN(C)CC1)CCCCOC(CCCCCCC/C=C\C/C=C\CCCCC)=O)CCCCCOC(CCCCCCC/C=C\C/C=C\CCCCC)=O,0.5367959933311559,,,,,,,,,,,,,,,,0.0,0.0,0.0,0.0
OC(C(CN1CCN(C)CC1)CCCCOC(CCCCCCC/C=C\C/C=C\CCCCC)=O)CCCCCOC(CCCCCCC/C=C\C/C=C\CCCCC)=O,0.3898142133416665,,,,,,,,,,,,,,,,0.0,0.0,0.0,0.0
OC(C(CN1CCN(C)CC1)CCCCOC(CCCCCCC/C=C\C/C=C\CCCCC)=O)CCCCCOC(CCCCCCC/C=C\C/C=C\CCCCC)=O,0.977741333299622,,,,,,,,,,,,,,,,0.0,0.0,0.0,0.0
OC(C(CN1CCN(C)CC1)CCCCOC(CCCCCCC/C=C\C/C=C\CCCCC)=O)CCCCCOC(CCCCCCC/C=C\C/C=C\CCCCC)=O,1.010403951075064,,,,,,,,,,,,,,,,0.0,0.0,0.0,0.0
OC(C(CN1CCN(C)CC1)CCCCOC(CCCCCCC/C=C\C/C=C\CCCCC)=O)CCCCCOC(CCCCCCC/C=C\C/C=C\CCCCC)=O,1.5901654165891592,,,,,,,,,,,,,,,,0.0,0.0,0.0,0.0
OC(C(CN1CCN(C)CC1)CCCCOC(CCCCCCC/C=C\C/C=C\CCCCC)=O)CCCCCOC(CCCCCCC/C=C\C/C=C\CCCCC)=O,1.1982140032838555,,,,,,,,,,,,,,,,0.0,0.0,0.0,0.0
OC(C(CN1CCN(C)CC1)CCCCOC(CCCCCCC/C=C\C/C=C\CCCCC)=O)CCCCCOC(CCCCCCC/C=C\C/C=C\CCCCC)=O,-0.4675795032636855,,,,,,,,,,,,,,,,0.0,0.0,0.0,0.0
OC(C(CN1CCN(C)CC1)CCCCOC(CCCCCCC/C=C\C/C=C\CCCCC)=O)CCCCCOC(CCCCCCC/C=C\C/C=C\CCCCC)=O,1.5003432177066942,,,,,,,,,,,,,,,,0.0,0.0,0.0,0.0
O=C(OCCCCCC(C(CN1CCN(C2=CN=CC=C2)CC1)CCCCOC(CCCCCCCCCCCCCCC)=O)O)CCCCCCCCCCCCCCC,-1.4719549998585266,,,,,,,,,,,,,,,,0.0,0.0,0.0,0.0
O=C(OCCCCCC(C(CN1CCN(C2=CN=CC=C2)CC1)CCCCOC(CCCCCCCCCCCCCCC)=O)O)CCCCCCCCCCCCCCC,-1.0800035865532227,,,,,,,,,,,,,,,,0.0,0.0,0.0,0.0
O=C(OCCCCCC(C(CN1CCN(C2=CN=CC=C2)CC1)CCCCOC(CCCCCCCCCCCCCCC)=O)O)CCCCCCCCCCCCCCC,-0.3369290321619175,,,,,,,,,,,,,,,,0.0,0.0,0.0,0.0
O=C(OCCCCCC(C(CN1CCN(C2=CN=CC=C2)CC1)CCCCOC(CCCCCCCCCCCCCCC)=O)O)CCCCCCCCCCCCCCC,-0.6145612832531746,,,,,,,,,,,,,,,,0.0,0.0,0.0,0.0
O=C(OCCCCCC(C(CN1CCN(C2=CN=CC=C2)CC1)CCCCOC(CCCCCCCCCCCCCCC)=O)O)CCCCCCCCCCCCCCC,-2.166035627586669,,,,,,,,,,,,,,,,0.0,0.0,0.0,0.0
O=C(OCCCCCC(C(CN1CCN(C2=CN=CC=C2)CC1)CCCCOC(CCCCCCCCCCCCCCC)=O)O)CCCCCCCCCCCCCCC,-2.18236693647439,,,,,,,,,,,,,,,,0.0,0.0,0.0,0.0
O=C(OCCCCCC(C(CN1CCN(C2=CN=CC=C2)CC1)CCCCOC(CCCCCCCCCCCCCCC)=O)O)CCCCCCCCCCCCCCC,-1.235151020986572,,,,,,,,,,,,,,,,0.0,0.0,0.0,0.0
O=C(OCCCCCC(C(CN1CCN(C2=CN=CC=C2)CC1)CCCCOC(CCCCCCCCCCCCCCC)=O)O)CCCCCCCCCCCCCCC,-2.02721950204104,,,,,,,,,,,,,,,,0.0,0.0,0.0,0.0
O=C(OCCCCCC(C(CN1CCN(C2=CN=CC=C2)CC1)CCCCOC(CCCCCCCCCCCCCCC)=O)O)CCCCCCCCCCCCCCC,-1.0881692409970831,,,,,,,,,,,,,,,,0.0,0.0,0.0,0.0
O=C(OCCCCCC(C(CN1CCN(C2=CN=CC=C2)CC1)CCCCOC(CCCCCCCCCCCCCCC)=O)O)CCCCCCCCCCCCCCC,-1.496451963190108,,,,,,,,,,,,,,,,0.0,0.0,0.0,0.0
O=C(OCCCCCC(C(CN1CCN(C2=CN=CC=C2)CC1)CCCCOC(CCCCCCCCCCCCCCC)=O)O)CCCCCCCCCCCCCCC,-0.5900643199215929,,,,,,,,,,,,,,,,0.0,0.0,0.0,0.0
O=C(OCCCCCC(C(CN1CCN(C2=CN=CC=C2)CC1)CCCCOC(CCCCCCCCCCCCCCC)=O)O)CCCCCCCCCCCCCCC,-1.6189367798480154,,,,,,,,,,,,,,,,0.0,0.0,0.0,0.0
O=C(OCCCCCC(C(CN1CCN(C2=CN=CC=C2)CC1)CCCCOC(CCCCCCCCCCCCCCC)=O)O)CCCCCCCCCCCCCCC,-2.2558578264691342,,,,,,,,,,,,,,,,0.0,0.0,0.0,0.0
O=C(OCCCCCC(C(CN1CCN(C2=CN=CC=C2)CC1)CCCCOC(CCCCCCCCCCCCCCC)=O)O)CCCCCCCCCCCCCCC,-1.4229610731953637,,,,,,,,,,,,,,,,0.0,0.0,0.0,0.0
CCCCCCCC/C=C\CCCCCCCC(OCCCCCC(C(CNC[C@@H](O)C)CCCCOC(CCCCCCC/C=C\CCCCCCCC)=O)O)=O,-0.4757451577075459,,,,,,,,,,,,,,,,0.0,0.0,0.0,0.0
CCCCCCCC/C=C\CCCCCCCC(OCCCCCC(C(CNC[C@@H](O)C)CCCCOC(CCCCCCC/C=C\CCCCCCCC)=O)O)=O,-2.247692172025274,,,,,,,,,,,,,,,,0.0,0.0,0.0,0.0
CCCCCCCCCCCCCCCC(OCCCCCC(C(CN(CCCN(C)CC(CCCCOC(CCCCCCCCCCCCCCC)=O)C(O)CCCCCOC(CCCCCCCCCCCCCCC)=O)C)CCCCOC(CCCCCCCCCCCCCCC)=O)O)=O,0.185672852245154,,,,,,,,,,,,,,,,0.0,0.0,0.0,0.0
CCCCCCCCCCCCCCCC(OCCCCCC(C(CN(CCCN(C)CC(CCCCOC(CCCCCCCCCCCCCCC)=O)C(O)CCCCCOC(CCCCCCCCCCCCCCC)=O)C)CCCCOC(CCCCCCCCCCCCCCC)=O)O)=O,-0.9820157332268968,,,,,,,,,,,,,,,,0.0,0.0,0.0,0.0
CCCCCCCCCCCCCCCC(OCCCCCC(C(CN(CCCN(C)CC(CCCCOC(CCCCCCCCCCCCCCC)=O)C(O)CCCCCOC(CCCCCCCCCCCCCCC)=O)C)CCCCOC(CCCCCCCCCCCCCCC)=O)O)=O,0.1203476166942704,,,,,,,,,,,,,,,,0.0,0.0,0.0,0.0
CCCCCCCCCCCCCCCC(OCCCCCC(C(CN(CCCN(C)CC(CCCCOC(CCCCCCCCCCCCCCC)=O)C(O)CCCCCOC(CCCCCCCCCCCCCCC)=O)C)CCCCOC(CCCCCCCCCCCCCCC)=O)O)=O,0.2754950511276198,,,,,,,,,,,,,,,,0.0,0.0,0.0,0.0
CCCCCCCCCCCCCCCC(OCCCCCC(C(CN(CCCN(C)CC(CCCCOC(CCCCCCCCCCCCCCC)=O)C(O)CCCCCOC(CCCCCCCCCCCCCCC)=O)C)CCCCOC(CCCCCCCCCCCCCCC)=O)O)=O,0.0386910722556653,,,,,,,,,,,,,,,,0.0,0.0,0.0,0.0
CCCCCCCCCCCCCCCC(OCCCCCC(C(CN(CCCN(C)CC(CCCCOC(CCCCCCCCCCCCCCC)=O)C(O)CCCCCOC(CCCCCCCCCCCCCCC)=O)C)CCCCOC(CCCCCCCCCCCCCCC)=O)O)=O,-1.1861570943234092,,,,,,,,,,,,,,,,0.0,0.0,0.0,0.0
CCCCCCCCCCCCCCCC(OCCCCCC(C(CN(CCCN(C)CC(CCCCOC(CCCCCCCCCCCCCCC)=O)C(O)CCCCCOC(CCCCCCCCCCCCCCC)=O)C)CCCCOC(CCCCCCCCCCCCCCC)=O)O)=O,-0.9003591887882917,,,,,,,,,,,,,,,,0.0,0.0,0.0,0.0
CCCCCCCCCCCCCCCC(OCCCCCC(C(CN(CCCN(C)CC(CCCCOC(CCCCCCCCCCCCCCC)=O)C(O)CCCCCOC(CCCCCCCCCCCCCCC)=O)C)CCCCOC(CCCCCCCCCCCCCCC)=O)O)=O,0.3081576689030618,,,,,,,,,,,,,,,,0.0,0.0,0.0,0.0
CCCCCCCCCCCCCCCC(OCCCCCC(C(CN(CCCN(C)CC(CCCCOC(CCCCCCCCCCCCCCC)=O)C(O)CCCCCOC(CCCCCCCCCCCCCCC)=O)C)CCCCOC(CCCCCCCCCCCCCCC)=O)O)=O,-0.7615430632426633,,,,,,,,,,,,,,,,0.0,0.0,0.0,0.0
CN(CC(CCCCOC(CCCCCCC/C=C\CCCCCCCC)=O)C(O)CCCCCOC(CCCCCCC/C=C\CCCCCCCC)=O)CCN(C)C,-0.165450288840847,,,,,,,,,,,,,,,,0.0,0.0,0.0,0.0
CN(CC(CCCCOC(CCCCCCC/C=C\CCCCCCCC)=O)C(O)CCCCCOC(CCCCCCC/C=C\CCCCCCCC)=O)CCN(C)C,1.165551385508414,,,,,,,,,,,,,,,,0.0,0.0,0.0,0.0
CN(CC(CCCCOC(CCCCCCC/C=C\CCCCCCCC)=O)C(O)CCCCCOC(CCCCCCC/C=C\CCCCCCCC)=O)CCN(C)C,0.0550223811433863,,,,,,,,,,,,,,,,0.0,0.0,0.0,0.0
CN(CC(CCCCOC(CCCCCCC/C=C\CCCCCCCC)=O)C(O)CCCCCOC(CCCCCCC/C=C\CCCCCCCC)=O)CCN(C)C,0.0305254178118046,,,,,,,,,,,,,,,,0.0,0.0,0.0,0.0
CN(CC(CCCCOC(CCCCCCC/C=C\CCCCCCCC)=O)C(O)CCCCCOC(CCCCCCC/C=C\CCCCCCCC)=O)CCN(C)C,0.3489859411223641,,,,,,,,,,,,,,,,0.0,0.0,0.0,0.0
CN(CC(CCCCOC(CCCCCCC/C=C\CCCCCCCC)=O)C(O)CCCCCOC(CCCCCCC/C=C\CCCCCCCC)=O)CCN(C)C,0.3734829044539458,,,,,,,,,,,,,,,,0.0,0.0,0.0,0.0
CN(CC(CCCCOC(CCCCCCC/C=C\CCCCCCCC)=O)C(O)CCCCCOC(CCCCCCC/C=C\CCCCCCCC)=O)CCN(C)C,-0.3124320688303361,,,,,,,,,,,,,,,,0.0,0.0,0.0,0.0
CN(CC(CCCCOC(CCCCCCC/C=C\CCCCCCCC)=O)C(O)CCCCCOC(CCCCCCC/C=C\CCCCCCCC)=O)CCN(C)C,0.7491030088715287,,,,,,,,,,,,,,,,0.0,0.0,0.0,0.0
CN(CC(CCCCOC(CCCCCCC/C=C\CCCCCCCC)=O)C(O)CCCCCOC(CCCCCCC/C=C\CCCCCCCC)=O)CCN(C)C,0.5612929566627369,,,,,,,,,,,,,,,,0.0,0.0,0.0,0.0
CCCCCCCC/C=C\CCCCCCCC(OCCCCCC(C(CNCCN1CCCC1)CCCCOC(CCCCCCC/C=C\CCCCCCCC)=O)O)=O,-0.6635552099163377,,,,,,,,,,,,,,,,0.0,0.0,0.0,0.0
CCCCCCCC/C=C\CCCCCCCC(OCCCCCC(C(CNCCN1CCCC1)CCCCOC(CCCCCCC/C=C\CCCCCCCC)=O)O)=O,1.337030128829484,,,,,,,,,,,,,,,,0.0,0.0,0.0,0.0
CCCCCCCC/C=C\CCCCCCCC(OCCCCCC(C(CNCCN1CCCC1)CCCCOC(CCCCCCC/C=C\CCCCCCCC)=O)O)=O,0.5694586111065972,,,,,,,,,,,,,,,,0.0,0.0,0.0,0.0
CCCCCCCC/C=C\CCCCCCCC(OCCCCCC(C(CNCCN1CCCC1)CCCCOC(CCCCCCC/C=C\CCCCCCCC)=O)O)=O,0.4959677211118528,,,,,,,,,,,,,,,,0.0,0.0,0.0,0.0
CCCCCCCC/C=C\CCCCCCCC(OCCCCCC(C(CNCCN1CCCC1)CCCCOC(CCCCCCC/C=C\CCCCCCCC)=O)O)=O,1.328864474385624,,,,,,,,,,,,,,,,0.0,0.0,0.0,0.0
CCCCCCCC/C=C\CCCCCCCC(OCCCCCC(C(CNCCN1CCCC1)CCCCOC(CCCCCCC/C=C\CCCCCCCC)=O)O)=O,0.6021212288820392,,,,,,,,,,,,,,,,0.0,0.0,0.0,0.0
CCCCCCCC/C=C\CCCCCCCC(OCCCCCC(C(CNCCN1CCCC1)CCCCOC(CCCCCCC/C=C\CCCCCCCC)=O)O)=O,-0.2634381421671731,,,,,,,,,,,,,,,,0.0,0.0,0.0,0.0
CCCCCCCC/C=C\CCCCCCCC(OCCCCCC(C(CNCCN1CCCC1)CCCCOC(CCCCCCC/C=C\CCCCCCCC)=O)O)=O,1.0593978777382274,,,,,,,,,,,,,,,,0.0,0.0,0.0,0.0
CCCCCCCC/C=C\CCCCCCCC(OCCCCCC(C(CNCCN1CCCC1)CCCCOC(CCCCCCC/C=C\CCCCCCCC)=O)O)=O,1.083894841069809,,,,,,,,,,,,,,,,0.0,0.0,0.0,0.0
OC(C(CNCCN1CCCC1)CCCCOC(CCCCCCC/C=C\C/C=C\CCCCC)=O)CCCCCOC(CCCCCCC/C=C\C/C=C\CCCCC)=O,0.6837777733206446,,,,,,,,,,,,,,,,0.0,0.0,0.0,0.0
OC(C(CNCCN1CCCC1)CCCCOC(CCCCCCC/C=C\C/C=C\CCCCC)=O)CCCCCOC(CCCCCCC/C=C\C/C=C\CCCCC)=O,0.8389252077539937,,,,,,,,,,,,,,,,0.0,0.0,0.0,0.0
OC(C(CN(CCN(C)C)C)CCCCOC(CCCCCCC/C=C\C/C=C\CCCCC)=O)CCCCCOC(CCCCCCC/C=C\C/C=C\CCCCC)=O,-0.1736159432847077,,,,,,,,,,,,,,,,0.0,0.0,0.0,0.0
OC(C(CN(CCN(C)C)C)CCCCOC(CCCCCCC/C=C\C/C=C\CCCCC)=O)CCCCCOC(CCCCCCC/C=C\C/C=C\CCCCC)=O,0.8634221710855754,,,,,,,,,,,,,,,,0.0,0.0,0.0,0.0
CN(CC(CCCCOC(CCCCCCC/C=C\C/C=C\CCCCC)=O)C(O)CCCCCOC(CCCCCCC/C=C\C/C=C\CCCCC)=O)CCCN(CC(CCCCOC(CCCCCCC/C=C\C/C=C\CCCCC)=O)C(O)CCCCCOC(CCCCCCC/C=C\C/C=C\CCCCC)=O)C,-1.2841449476497353,,,,,,,,,,,,,,,,0.0,0.0,0.0,0.0
CN(CC(CCCCOC(CCCCCCC/C=C\C/C=C\CCCCC)=O)C(O)CCCCCOC(CCCCCCC/C=C\C/C=C\CCCCC)=O)CCCN(CC(CCCCOC(CCCCCCC/C=C\C/C=C\CCCCC)=O)C(O)CCCCCOC(CCCCCCC/C=C\C/C=C\CCCCC)=O)C,-0.9085248432321524,,,,,,,,,,,,,,,,0.0,0.0,0.0,0.0
O=C(CCN(CCC(OCCCCCCCC/C=C\CC(CCCCCC)OC(C(CCCCCCCC)CCCCCC)=O)=O)CCCN(CC)CC)OCCCCCCCC/C=C\CC(CCCCCC)OC(C(CCCCCCCC)CCCCCC)=O,-0.0804297058302282,,,,,,,,,,,,,,,,0.0,0.0,0.0,0.0
O=C(CCN(CCC(OCCCCCCCC/C=C\CC(CCCCCC)OC(C(CCCCCCCC)CCCCCC)=O)=O)CCCN(CC)CC)OCCCCCCCC/C=C\CC(CCCCCC)OC(C(CCCCCCCC)CCCCCC)=O,0.4232832644393563,,,,,,,,,,,,,,,,0.0,0.0,0.0,0.0
O=C(CCN(CCC(OCCCCCCCC/C=C\CC(CCCCCC)OC(C(CCCCCCCC)CCCCCC)=O)=O)CCCN(CC)CC)OCCCCCCCC/C=C\CC(CCCCCC)OC(C(CCCCCCCC)CCCCCC)=O,0.8460423644870442,,,,,,,,,,,,,,,,0.0,0.0,0.0,0.0
O=C(CCN(CCC(OCCCCCCCC/C=C\CC(CCCCCC)OC(C(CCCCCCCC)CCCCCC)=O)=O)CCCN(CC)CC)OCCCCCCCC/C=C\CC(CCCCCC)OC(C(CCCCCCCC)CCCCCC)=O,0.0185139133298687,,,,,,,,,,,,,,,,0.0,0.0,0.0,0.0
O=C(CCN(CCC(OCCCCCCCC/C=C\CC(CCCCCC)OC(C(CCCCCCCC)CCCCCC)=O)=O)CCCN(CC)CC)OCCCCCCCC/C=C\CC(CCCCCC)OC(C(CCCCCCCC)CCCCCC)=O,-0.0264604590156297,,,,,,,,,,,,,,,,0.0,0.0,0.0,0.0
O=C(CCN(CCC(OCCCCCCCC/C=C\CC(CCCCCC)OC(C(CCCCCCCC)CCCCCC)=O)=O)CCCN(CC)CC)OCCCCCCCC/C=C\CC(CCCCCC)OC(C(CCCCCCCC)CCCCCC)=O,-0.1523887015830261,,,,,,,,,,,,,,,,0.0,0.0,0.0,0.0
O=C(CCN(CCC(OCCCCCCCC/C=C\CC(CCCCCC)OC(C(CCCCCCCC)CCCCCC)=O)=O)CCCN(CC)CC)OCCCCCCCC/C=C\CC(CCCCCC)OC(C(CCCCCCCC)CCCCCC)=O,0.0814780346135666,,,,,,,,,,,,,,,,0.0,0.0,0.0,0.0
O=C(CCN(CCC(OCCCCCCCC/C=C\CC(CCCCCC)OC(C(CCCCCCCC)CCCCCC)=O)=O)CCCN(CC)CC)OCCCCCCCC/C=C\CC(CCCCCC)OC(C(CCCCCCCC)CCCCCC)=O,-0.6471067973835111,,,,,,,,,,,,,,,,0.0,0.0,0.0,0.0
O=C(CCN(CCC(OCCCCCCCC/C=C\CC(CCCCCC)OC(C(CCCCCCCC)CCCCCC)=O)=O)CCCN(CC)CC)OCCCCCCCC/C=C\CC(CCCCCC)OC(C(CCCCCCCC)CCCCCC)=O,1.574627196484122,,,,,,,,,,,,,,,,0.0,0.0,0.0,0.0
O=C(CCN(CCC(OCCCCCCCC/C=C\CC(CCCCCC)OC(C(CCCCCCCC)CCCCCC)=O)=O)CCCN(CC)CC)OCCCCCCCC/C=C\CC(CCCCCC)OC(C(CCCCCCCC)CCCCCC)=O,0.6841346240432485,,,,,,,,,,,,,,,,0.0,0.0,0.0,0.0
O=C(CCN(CCC(OCCCCCCCC/C=C\CC(CCCCCC)OC(C(CCCCCCCC)CCCCCC)=O)=O)CCCN(CC)CC)OCCCCCCCC/C=C\CC(CCCCCC)OC(C(CCCCCCCC)CCCCCC)=O,1.1878475943128337,,,,,,,,,,,,,,,,0.0,0.0,0.0,0.0
O=C(CCN(CCC(OCCCCCCCC/C=C\CC(CCCCCC)OC(C(CCCCCCCC)CCCCCC)=O)=O)CCCN(CC)CC)OCCCCCCCC/C=C\CC(CCCCCC)OC(C(CCCCCCCC)CCCCCC)=O,-0.0354553334847297,,,,,,,,,,,,,,,,0.0,0.0,0.0,0.0
O=C(CCN(CCC(OCCCCCCCC/C=C\CC(CCCCCC)OC(C(CCCCCCCC)CCCCCC)=O)=O)CCCN(CC)CC)OCCCCCCCC/C=C\CC(CCCCCC)OC(C(CCCCCCCC)CCCCCC)=O,-0.5301734292852147,,,,,,,,,,,,,,,,0.0,0.0,0.0,0.0
O=C(CCN(CCC(OCCCCCCCC/C=C\CC(CCCCCC)OC(C(CCCCCCCC)CCCCCC)=O)=O)CCCN(CC)CC)OCCCCCCCC/C=C\CC(CCCCCC)OC(C(CCCCCCCC)CCCCCC)=O,0.5402166325376527,,,,,,,,,,,,,,,,0.0,0.0,0.0,0.0
O=C(CCN(CCC(OCCCCCCCC/C=C\CC(CCCCCC)OC(C(CCCCCCCC)CCCCCC)=O)=O)CCCN(CC)CC)OCCCCCCCC/C=C\CC(CCCCCC)OC(C(CCCCCCCC)CCCCCC)=O,0.4322781389084566,,,,,,,,,,,,,,,,0.0,0.0,0.0,0.0
O=C(CCN(CCC(OCCCCCCCC/C=C\CC(CCCCCC)OC(C(CCCCCCCC)CCCCCC)=O)=O)CCCN(CC)CC)OCCCCCCCC/C=C\CC(CCCCCC)OC(C(CCCCCCCC)CCCCCC)=O,-0.6021324250380126,,,,,,,,,,,,,,,,0.0,0.0,0.0,0.0
O=C(CCN(CCC(OCCCCCCCC/C=C\CC(CCCCCC)OC(C(CCCCCCCC)CCCCCC)=O)=O)CCCN(CC)CC)OCCCCCCCC/C=C\CC(CCCCCC)OC(C(CCCCCCCC)CCCCCC)=O,0.3693140176247583,,,,,,,,,,,,,,,,0.0,0.0,0.0,0.0
O=C(CCN(CCC(OCCCCCCCC/C=C\CC(CCCCCC)OC(C(CCCCCCCC)CCCCCC)=O)=O)CCCN(CC)CC)OCCCCCCCC/C=C\CC(CCCCCC)OC(C(CCCCCCCC)CCCCCC)=O,0.8190577410797447,,,,,,,,,,,,,,,,0.0,0.0,0.0,0.0
O=C(CCN(CCC(OCCCCCCCC/C=C\CC(CCCCCC)OC(C(CCCCCCCC)CCCCCC)=O)=O)CCCN(CC)CC)OCCCCCCCC/C=C\CC(CCCCCC)OC(C(CCCCCCCC)CCCCCC)=O,0.7830782432033458,,,,,,,,,,,,,,,,0.0,0.0,0.0,0.0
O=C(CCN(CCC(OCCCCCCCC/C=C\CC(CCCCCC)OC(C(CCCCCCCC)CCCCCC)=O)=O)CCCN(CC)CC)OCCCCCCCC/C=C\CC(CCCCCC)OC(C(CCCCCCCC)CCCCCC)=O,1.5386476986077229,,,,,,,,,,,,,,,,0.0,0.0,0.0,0.0
O=C(CCN(CCC(OCCCCCCCC/C=C\CC(CCCCCC)OC(C(CCCCCCCC)CCCCCC)=O)=O)CCCN(CC)CC)OCCCCCCCC/C=C\CC(CCCCCC)OC(C(CCCCCCCC)CCCCCC)=O,0.6481551261668496,,,,,,,,,,,,,,,,0.0,0.0,0.0,0.0
O=C(CCN(CCC(OCCCCCCCC/C=C\CC(CCCCCC)OC(C(CCCCCCCC)CCCCCC)=O)=O)CCCN(CC)CC)OCCCCCCCC/C=C\CC(CCCCCC)OC(C(CCCCCCCC)CCCCCC)=O,0.8190577410797447,,,,,,,,,,,,,,,,0.0,0.0,0.0,0.0
O=C(CCN(CCC(OCCCCCCCC/C=C\CC(CCCCCC)OC(C(CCCCCCCC)CCCCCC)=O)=O)CCCN(CC)CC)OCCCCCCCC/C=C\CC(CCCCCC)OC(C(CCCCCCCC)CCCCCC)=O,0.1804216537736639,,,,,,,,,,,,,,,,0.0,0.0,0.0,0.0
O=C(CCN(CCC(OCCCCCCCC/C=C\CC(CCCCCC)OC(C(CCCCCCCC)CCCCCC)=O)=O)CCCN(CC)CC)OCCCCCCCC/C=C\CC(CCCCCC)OC(C(CCCCCCCC)CCCCCC)=O,0.5582063814758526,,,,,,,,,,,,,,,,0.0,0.0,0.0,0.0
O=C(CCN(CCC(OCCCCCCCC/C=C\CC(CCCCCC)OC(C(CCCCCC)CCCC)=O)=O)CCCN(CC)CC)OCCCCCCCC/C=C\CC(CCCCCC)OC(C(CCCCCC)CCCC)=O,0.108462658020866,,,,,,,,,,,,,,,,0.0,0.0,0.0,0.0
O=C(CCN(CCC(OCCCCCCCC/C=C\CC(CCCCCC)OC(C(CCCCCC)CCCC)=O)=O)CCCN(CC)CC)OCCCCCCCC/C=C\CC(CCCCCC)OC(C(CCCCCC)CCCC)=O,-0.1613835760521256,,,,,,,,,,,,,,,,0.0,0.0,0.0,0.0
O=C(CCN(CCC(OCCCCCCCC/C=C\CC(CCCCCC)OC(C(CCCCCC)CCCC)=O)=O)CCCN(CC)CC)OCCCCCCCC/C=C\CC(CCCCCC)OC(C(CCCCCC)CCCC)=O,1.061919351745437,,,,,,,,,,,,,,,,0.0,0.0,0.0,0.0
O=C(CCN(CCC(OCCCCCCCC/C=C\CC(CCCCCC)OC(C(CCCCCC)CCCC)=O)=O)CCCN(CC)CC)OCCCCCCCC/C=C\CC(CCCCCC)OC(C(CCCCCC)CCCC)=O,-0.4042451867178183,,,,,,,,,,,,,,,,0.0,0.0,0.0,0.0
O=C(CCN(CCC(OCCCCCCCC/C=C\CC(CCCCCC)OC(C(CCCCCC)CCCC)=O)=O)CCCN(CC)CC)OCCCCCCCC/C=C\CC(CCCCCC)OC(C(CCCCCC)CCCC)=O,0.2793652729337609,,,,,,,,,,,,,,,,0.0,0.0,0.0,0.0
O=C(CCN(CCC(OCCCCCCCC/C=C\CC(CCCCCC)OC(C(CCCCCC)CCCC)=O)=O)CCCN(CC)CC)OCCCCCCCC/C=C\CC(CCCCCC)OC(C(CCCCCC)CCCC)=O,-0.6471067973835111,,,,,,,,,,,,,,,,0.0,0.0,0.0,0.0
O=C(CCN(CCC(OCCCCCCCC/C=C\CC(CCCCCC)OC(C(CCCCCC)CCCC)=O)=O)CCCN(CC)CC)OCCCCCCCC/C=C\CC(CCCCCC)OC(C(CCCCCC)CCCC)=O,1.169857845374634,,,,,,,,,,,,,,,,0.0,0.0,0.0,0.0
O=C(CCN(CCC(OCCCCCCCC/C=C\CC(CCCCCC)OC(C(CCCCCC)CCCC)=O)=O)CCCN(CC)CC)OCCCCCCCC/C=C\CC(CCCCCC)OC(C(CCCCCC)CCCC)=O,0.2343909005882624,,,,,,,,,,,,,,,,0.0,0.0,0.0,0.0
O=C(CCN(CCC(OCCCCCCCC/C=C\CC(CCCCCC)OC(C(CCCCCC)CCCC)=O)=O)CCCN(CC)CC)OCCCCCCCC/C=C\CC(CCCCCC)OC(C(CCCCCC)CCCC)=O,1.4397040794476257,,,,,,,,,,,,,,,,0.0,0.0,0.0,0.0
O=C(CCN(CCC(OCCCCCCCC/C=C\CC(CCCCCC)OC(C(CCCCCC)CCCC)=O)=O)CCCN(CC)CC)OCCCCCCCC/C=C\CC(CCCCCC)OC(C(CCCCCC)CCCC)=O,0.0185139133298687,,,,,,,,,,,,,,,,0.0,0.0,0.0,0.0
O=C(CCN(CCC(OCCCCCCCC/C=C\CC(CCCCCC)OC(C(CCCCCC)CCCC)=O)=O)CCCN(CC)CC)OCCCCCCCC/C=C\CC(CCCCCC)OC(C(CCCCCC)CCCC)=O,1.5116630752004236,,,,,,,,,,,,,,,,0.0,0.0,0.0,0.0
O=C(CCN(CCC(OCCCCCCCC/C=C\CC(CCCCCC)OC(C(CCCCCC)CCCC)=O)=O)CCCN(CC)CC)OCCCCCCCC/C=C\CC(CCCCCC)OC(C(CCCCCC)CCCC)=O,0.6931294985123488,,,,,,,,,,,,,,,,0.0,0.0,0.0,0.0
O=C(CCN(CCC(OCCCCCCCC/C=C\CC(CCCCCC)OC(C(CCCCCC)CCCC)=O)=O)CCCN(CC)CC)OCCCCCCCC/C=C\CC(CCCCCC)OC(C(CCCCCC)CCCC)=O,0.0275087877989686,,,,,,,,,,,,,,,,0.0,0.0,0.0,0.0
O=C(CCN(CCC(OCCCCCCCC/C=C\CC(CCCCCC)OC(C(CCCCCC)CCCC)=O)=O)CCCN(CC)CC)OCCCCCCCC/C=C\CC(CCCCCC)OC(C(CCCCCC)CCCC)=O,0.1624319048354645,,,,,,,,,,,,,,,,0.0,0.0,0.0,0.0
O=C(CCN(CCC(OCCCCCCCC/C=C\CC(CCCCCC)OC(C(CCCCCC)CCCC)=O)=O)CCCN(CC)CC)OCCCCCCCC/C=C\CC(CCCCCC)OC(C(CCCCCC)CCCC)=O,0.9449859836471408,,,,,,,,,,,,,,,,0.0,0.0,0.0,0.0
O=C(CCN(CCC(OCCCCCCCC/C=C\CC(CCCCCC)OC(C(CCCCCC)CCCC)=O)=O)CCCN(CC)CC)OCCCCCCCC/C=C\CC(CCCCCC)OC(C(CCCCCC)CCCC)=O,0.2433857750573619,,,,,,,,,,,,,,,,0.0,0.0,0.0,0.0
O=C(CCN(CCC(OCCCCCCCC/C=C\CC(CCCCCC)OC(C(CCCCCC)CCCC)=O)=O)CCCN(CC)CC)OCCCCCCCC/C=C\CC(CCCCCC)OC(C(CCCCCC)CCCC)=O,0.1354472814281651,,,,,,,,,,,,,,,,0.0,0.0,0.0,0.0
O=C(CCN(CCC(OCCCCCCCC/C=C\CC(CCCCCC)OC(C(CCCCCC)CCCC)=O)=O)CCCN(CC)CC)OCCCCCCCC/C=C\CC(CCCCCC)OC(C(CCCCCC)CCCC)=O,1.079909100683637,,,,,,,,,,,,,,,,0.0,0.0,0.0,0.0
O=C(CCN(CCC(OCCCCCCCC/C=C\CC(CCCCCC)OC(C(CCCCCC)CCCC)=O)=O)CCCN(CC)CC)OCCCCCCCC/C=C\CC(CCCCCC)OC(C(CCCCCC)CCCC)=O,1.4037245815712276,,,,,,,,,,,,,,,,0.0,0.0,0.0,0.0
O=C(CCN(CCC(OCCCCCCCC/C=C\CC(CCCCCC)OC(C(CCCCCC)CCCC)=O)=O)CCCN(CC)CC)OCCCCCCCC/C=C\CC(CCCCCC)OC(C(CCCCCC)CCCC)=O,1.8804529284335123,,,,,,,,,,,,,,,,0.0,0.0,0.0,0.0
O=C(CCN(CCC(OCCCCCCCC/C=C\CC(CCCCCC)OC(C(CCCCCC)CCCC)=O)=O)CCCN(CC)CC)OCCCCCCCC/C=C\CC(CCCCCC)OC(C(CCCCCC)CCCC)=O,0.4862473857230546,,,,,,,,,,,,,,,,0.0,0.0,0.0,0.0
O=C(CCN(CCC(OCCCCCCCC/C=C\CC(CCCCCC)OC(C(CCCCCC)CCCC)=O)=O)CCCN(CC)CC)OCCCCCCCC/C=C\CC(CCCCCC)OC(C(CCCCCC)CCCC)=O,1.3857348326330277,,,,,,,,,,,,,,,,0.0,0.0,0.0,0.0
O=C(CCN(CCC(OCCCCCCCC/C=C\CC(CCCCCC)OC(C(CCCCCC)CCCC)=O)=O)CCCN(CC)CC)OCCCCCCCC/C=C\CC(CCCCCC)OC(C(CCCCCC)CCCC)=O,0.3333345197483593,,,,,,,,,,,,,,,,0.0,0.0,0.0,0.0
O=C(CCN(CCC(OCCCCCCCC/C=C\CC(CCCCCC)OC(C(CCCCCC)CCCC)=O)=O)CCCN(CC)CC)OCCCCCCCC/C=C\CC(CCCCCC)OC(C(CCCCCC)CCCC)=O,1.1248834730291355,,,,,,,,,,,,,,,,0.0,0.0,0.0,0.0
O=C(OCCCCCCCC/C=C\CC(CCCCCC)OC(CCCC1CCCCC1)=O)CCN(CCC(OCCCCCCCC/C=C\CC(CCCCCC)OC(CCCC2CCCCC2)=O)=O)CCCN(CC)CC,0.0994677835517661,,,,,,,,,,,,,,,,0.0,0.0,0.0,0.0
O=C(OCCCCCCCC/C=C\CC(CCCCCC)OC(CCCC1CCCCC1)=O)CCN(CCC(OCCCCCCCC/C=C\CC(CCCCCC)OC(CCCC2CCCCC2)=O)=O)CCCN(CC)CC,0.3333345197483593,,,,,,,,,,,,,,,,0.0,0.0,0.0,0.0
O=C(OCCCCCCCC/C=C\CC(CCCCCC)OC(CCCC1CCCCC1)=O)CCN(CCC(OCCCCCCCC/C=C\CC(CCCCCC)OC(CCCC2CCCCC2)=O)=O)CCCN(CC)CC,0.0544934112062676,,,,,,,,,,,,,,,,0.0,0.0,0.0,0.0
O=C(OCCCCCCCC/C=C\CC(CCCCCC)OC(CCCC1CCCCC1)=O)CCN(CCC(OCCCCCCCC/C=C\CC(CCCCCC)OC(CCCC2CCCCC2)=O)=O)CCCN(CC)CC,-0.8000196633582068,,,,,,,,,,,,,,,,0.0,0.0,0.0,0.0
O=C(OCCCCCCCC/C=C\CC(CCCCCC)OC(CCCC1CCCCC1)=O)CCN(CCC(OCCCCCCCC/C=C\CC(CCCCCC)OC(CCCC2CCCCC2)=O)=O)CCCN(CC)CC,0.0634882856753676,,,,,,,,,,,,,,,,0.0,0.0,0.0,0.0
O=C(OCCCCCCCC/C=C\CC(CCCCCC)OC(CCCC1CCCCC1)=O)CCN(CCC(OCCCCCCCC/C=C\CC(CCCCCC)OC(CCCC2CCCCC2)=O)=O)CCCN(CC)CC,0.1264524069590655,,,,,,,,,,,,,,,,0.0,0.0,0.0,0.0
O=C(OCCCCCCCC/C=C\CC(CCCCCC)OC(CCCC1CCCCC1)=O)CCN(CCC(OCCCCCCCC/C=C\CC(CCCCCC)OC(CCCC2CCCCC2)=O)=O)CCCN(CC)CC,1.2867912134729302,,,,,,,,,,,,,,,,0.0,0.0,0.0,0.0
O=C(OCCCCCCCC/C=C\CC(CCCCCC)OC(CCCC1CCCCC1)=O)CCN(CCC(OCCCCCCCC/C=C\CC(CCCCCC)OC(CCCC2CCCCC2)=O)=O)CCCN(CC)CC,-0.7640401654818079,,,,,,,,,,,,,,,,0.0,0.0,0.0,0.0
O=C(OCCCCCCCC/C=C\CC(CCCCCC)OC(CCCC1CCCCC1)=O)CCN(CCC(OCCCCCCCC/C=C\CC(CCCCCC)OC(CCCC2CCCCC2)=O)=O)CCCN(CC)CC,1.3857348326330277,,,,,,,,,,,,,,,,0.0,0.0,0.0,0.0
O=C(OCCCCCCCC/C=C\CC(CCCCCC)OC(CCCC1CCCCC1)=O)CCN(CCC(OCCCCCCCC/C=C\CC(CCCCCC)OC(CCCC2CCCCC2)=O)=O)CCCN(CC)CC,0.5941858793522515,,,,,,,,,,,,,,,,0.0,0.0,0.0,0.0
O=C(OCCCCCCCC/C=C\CC(CCCCCC)OC(CCCC1CCCCC1)=O)CCN(CCC(OCCCCCCCC/C=C\CC(CCCCCC)OC(CCCC2CCCCC2)=O)=O)CCCN(CC)CC,1.5926169454223218,,,,,,,,,,,,,,,,0.0,0.0,0.0,0.0
O=C(OCCCCCCCC/C=C\CC(CCCCCC)OC(CCCC1CCCCC1)=O)CCN(CCC(OCCCCCCCC/C=C\CC(CCCCCC)OC(CCCC2CCCCC2)=O)=O)CCCN(CC)CC,0.6031807538213511,,,,,,,,,,,,,,,,0.0,0.0,0.0,0.0
O=C(OCCCCCCCC/C=C\CC(CCCCCC)OC(CCCC1CCCCC1)=O)CCN(CCC(OCCCCCCCC/C=C\CC(CCCCCC)OC(CCCC2CCCCC2)=O)=O)CCCN(CC)CC,0.1174575324899656,,,,,,,,,,,,,,,,0.0,0.0,0.0,0.0
O=C(OCCCCCCCC/C=C\CC(CCCCCC)OC(CCCC1CCCCC1)=O)CCN(CCC(OCCCCCCCC/C=C\CC(CCCCCC)OC(CCCC2CCCCC2)=O)=O)CCCN(CC)CC,0.3063498963410599,,,,,,,,,,,,,,,,0.0,0.0,0.0,0.0
O=C(OCCCCCCCC/C=C\CC(CCCCCC)OC(CCCC1CCCCC1)=O)CCN(CCC(OCCCCCCCC/C=C\CC(CCCCCC)OC(CCCC2CCCCC2)=O)=O)CCCN(CC)CC,0.7291089963887478,,,,,,,,,,,,,,,,0.0,0.0,0.0,0.0
O=C(OCCCCCCCC/C=C\CC(CCCCCC)OC(CCCC1CCCCC1)=O)CCN(CCC(OCCCCCCCC/C=C\CC(CCCCCC)OC(CCCC2CCCCC2)=O)=O)CCCN(CC)CC,0.3783088920938578,,,,,,,,,,,,,,,,0.0,0.0,0.0,0.0
O=C(OCCCCCCCC/C=C\CC(CCCCCC)OC(CCCC1CCCCC1)=O)CCN(CCC(OCCCCCCCC/C=C\CC(CCCCCC)OC(CCCC2CCCCC2)=O)=O)CCCN(CC)CC,0.2523806495264619,,,,,,,,,,,,,,,,0.0,0.0,0.0,0.0
O=C(OCCCCCCCC/C=C\CC(CCCCCC)OC(CCCC1CCCCC1)=O)CCN(CCC(OCCCCCCCC/C=C\CC(CCCCCC)OC(CCCC2CCCCC2)=O)=O)CCCN(CC)CC,0.8100628666106452,,,,,,,,,,,,,,,,0.0,0.0,0.0,0.0
O=C(OCCCCCCCC/C=C\CC(CCCCCC)OC(CCCC1CCCCC1)=O)CCN(CCC(OCCCCCCCC/C=C\CC(CCCCCC)OC(CCCC2CCCCC2)=O)=O)CCCN(CC)CC,1.2598065900656317,,,,,,,,,,,,,,,,0.0,0.0,0.0,0.0
O=C(OCCCCCCCC/C=C\CC(CCCCCC)OC(CCCC1CCCCC1)=O)CCN(CCC(OCCCCCCCC/C=C\CC(CCCCCC)OC(CCCC2CCCCC2)=O)=O)CCCN(CC)CC,1.5926169454223218,,,,,,,,,,,,,,,,0.0,0.0,0.0,0.0
O=C(OCCCCCCCC/C=C\CC(CCCCCC)OC(CCCC1CCCCC1)=O)CCN(CCC(OCCCCCCCC/C=C\CC(CCCCCC)OC(CCCC2CCCCC2)=O)=O)CCCN(CC)CC,0.7201141219196474,,,,,,,,,,,,,,,,0.0,0.0,0.0,0.0
O=C(OCCCCCCCC/C=C\CC(CCCCCC)OC(CCCC1CCCCC1)=O)CCN(CCC(OCCCCCCCC/C=C\CC(CCCCCC)OC(CCCC2CCCCC2)=O)=O)CCCN(CC)CC,1.3317655858184296,,,,,,,,,,,,,,,,0.0,0.0,0.0,0.0
O=C(OCCCCCCCC/C=C\CC(CCCCCC)OC(CCCC1CCCCC1)=O)CCN(CCC(OCCCCCCCC/C=C\CC(CCCCCC)OC(CCCC2CCCCC2)=O)=O)CCCN(CC)CC,0.5312217580685532,,,,,,,,,,,,,,,,0.0,0.0,0.0,0.0
O=C(OCCCCCCCC/C=C\CC(CCCCCC)OC(CCCC1CCCCC1)=O)CCN(CCC(OCCCCCCCC/C=C\CC(CCCCCC)OC(CCCC2CCCCC2)=O)=O)CCCN(CC)CC,1.0529244772763375,,,,,,,,,,,,,,,,0.0,0.0,0.0,0.0
O=C(CCN(CCC(OCCCCCCCC/C=C\CC(CCCCCC)OC(CC/C=C\CCCCCC)=O)=O)CCCN(CC)CC)OCCCCCCCC/C=C\CC(CCCCCC)OC(CC/C=C\CCCCCC)=O,-0.0354553334847297,,,,,,,,,,,,,,,,0.0,0.0,0.0,0.0
O=C(CCN(CCC(OCCCCCCCC/C=C\CC(CCCCCC)OC(CC/C=C\CCCCCC)=O)=O)CCCN(CC)CC)OCCCCCCCC/C=C\CC(CCCCCC)OC(CC/C=C\CCCCCC)=O,0.0365036622680681,,,,,,,,,,,,,,,,0.0,0.0,0.0,0.0
O=C(CCN(CCC(OCCCCCCCC/C=C\CC(CCCCCC)OC(CC/C=C\CCCCCC)=O)=O)CCCN(CC)CC)OCCCCCCCC/C=C\CC(CCCCCC)OC(CC/C=C\CCCCCC)=O,0.0724831601444671,,,,,,,,,,,,,,,,0.0,0.0,0.0,0.0
O=C(CCN(CCC(OCCCCCCCC/C=C\CC(CCCCCC)OC(CC/C=C\CCCCCC)=O)=O)CCCN(CC)CC)OCCCCCCCC/C=C\CC(CCCCCC)OC(CC/C=C\CCCCCC)=O,0.8100628666106452,,,,,,,,,,,,,,,,0.0,0.0,0.0,0.0
O=C(CCN(CCC(OCCCCCCCC/C=C\CC(CCCCCC)OC(CC/C=C\CCCCCC)=O)=O)CCCN(CC)CC)OCCCCCCCC/C=C\CC(CCCCCC)OC(CC/C=C\CCCCCC)=O,0.0904729090826666,,,,,,,,,,,,,,,,0.0,0.0,0.0,0.0
O=C(CCN(CCC(OCCCCCCCC/C=C\CC(CCCCCC)OC(CC/C=C\CCCCCC)=O)=O)CCCN(CC)CC)OCCCCCCCC/C=C\CC(CCCCCC)OC(CC/C=C\CCCCCC)=O,0.0275087877989686,,,,,,,,,,,,,,,,0.0,0.0,0.0,0.0
O=C(CCN(CCC(OCCCCCCCC/C=C\CC(CCCCCC)OC(CC/C=C\CCCCCC)=O)=O)CCCN(CC)CC)OCCCCCCCC/C=C\CC(CCCCCC)OC(CC/C=C\CCCCCC)=O,0.5672012559449521,,,,,,,,,,,,,,,,0.0,0.0,0.0,0.0
O=C(CCN(CCC(OCCCCCCCC/C=C\CC(CCCCCC)OC(CC/C=C\CCCCCC)=O)=O)CCCN(CC)CC)OCCCCCCCC/C=C\CC(CCCCCC)OC(CC/C=C\CCCCCC)=O,-0.3502759399032203,,,,,,,,,,,,,,,,0.0,0.0,0.0,0.0
O=C(CCN(CCC(OCCCCCCCC/C=C\CC(CCCCCC)OC(CC/C=C\CCCCCC)=O)=O)CCCN(CC)CC)OCCCCCCCC/C=C\CC(CCCCCC)OC(CC/C=C\CCCCCC)=O,1.1608629709055345,,,,,,,,,,,,,,,,0.0,0.0,0.0,0.0
O=C(CCN(CCC(OCCCCCCCC/C=C\CC(CCCCCC)OC(CC/C=C\CCCCCC)=O)=O)CCCN(CC)CC)OCCCCCCCC/C=C\CC(CCCCCC)OC(CC/C=C\CCCCCC)=O,0.0544934112062676,,,,,,,,,,,,,,,,0.0,0.0,0.0,0.0
O=C(CCN(CCC(OCCCCCCCC/C=C\CC(CCCCCC)OC(CC/C=C\CCCCCC)=O)=O)CCCN(CC)CC)OCCCCCCCC/C=C\CC(CCCCCC)OC(CC/C=C\CCCCCC)=O,1.2598065900656317,,,,,,,,,,,,,,,,0.0,0.0,0.0,0.0
O=C(CCN(CCC(OCCCCCCCC/C=C\CC(CCCCCC)OC(CC/C=C\CCCCCC)=O)=O)CCCN(CC)CC)OCCCCCCCC/C=C\CC(CCCCCC)OC(CC/C=C\CCCCCC)=O,0.3693140176247583,,,,,,,,,,,,,,,,0.0,0.0,0.0,0.0
O=C(CCN(CCC(OCCCCCCCC/C=C\CC(CCCCCC)OC(CC/C=C\CCCCCC)=O)=O)CCCN(CC)CC)OCCCCCCCC/C=C\CC(CCCCCC)OC(CC/C=C\CCCCCC)=O,-0.3592708143723199,,,,,,,,,,,,,,,,0.0,0.0,0.0,0.0
O=C(CCN(CCC(OCCCCCCCC/C=C\CC(CCCCCC)OC(CC/C=C\CCCCCC)=O)=O)CCCN(CC)CC)OCCCCCCCC/C=C\CC(CCCCCC)OC(CC/C=C\CCCCCC)=O,0.8460423644870442,,,,,,,,,,,,,,,,0.0,0.0,0.0,0.0
O=C(CCN(CCC(OCCCCCCCC/C=C\CC(CCCCCC)OC(CC/C=C\CCCCCC)=O)=O)CCCN(CC)CC)OCCCCCCCC/C=C\CC(CCCCCC)OC(CC/C=C\CCCCCC)=O,0.6481551261668496,,,,,,,,,,,,,,,,0.0,0.0,0.0,0.0
O=C(CCN(CCC(OCCCCCCCC/C=C\CC(CCCCCC)OC(CC/C=C\CCCCCC)=O)=O)CCCN(CC)CC)OCCCCCCCC/C=C\CC(CCCCCC)OC(CC/C=C\CCCCCC)=O,-1.2767480102204922,,,,,,,,,,,,,,,,0.0,0.0,0.0,0.0
O=C(CCN(CCC(OCCCCCCCC/C=C\CC(CCCCCC)OC(CC/C=C\CCCCCC)=O)=O)CCCN(CC)CC)OCCCCCCCC/C=C\CC(CCCCCC)OC(CC/C=C\CCCCCC)=O,-0.1613835760521256,,,,,,,,,,,,,,,,0.0,0.0,0.0,0.0
O=C(CCN(CCC(OCCCCCCCC/C=C\CC(CCCCCC)OC(CC/C=C\CCCCCC)=O)=O)CCCN(CC)CC)OCCCCCCCC/C=C\CC(CCCCCC)OC(CC/C=C\CCCCCC)=O,0.9000116113016422,,,,,,,,,,,,,,,,0.0,0.0,0.0,0.0
O=C(CCN(CCC(OCCCCCCCC/C=C\CC(CCCCCC)OC(CC/C=C\CCCCCC)=O)=O)CCCN(CC)CC)OCCCCCCCC/C=C\CC(CCCCCC)OC(CC/C=C\CCCCCC)=O,0.549211507006753,,,,,,,,,,,,,,,,0.0,0.0,0.0,0.0
O=C(CCN(CCC(OCCCCCCCC/C=C\CC(CCCCCC)OC(CC/C=C\CCCCCC)=O)=O)CCCN(CC)CC)OCCCCCCCC/C=C\CC(CCCCCC)OC(CC/C=C\CCCCCC)=O,1.889447802902612,,,,,,,,,,,,,,,,0.0,0.0,0.0,0.0
O=C(CCN(CCC(OCCCCCCCC/C=C\CC(CCCCCC)OC(CC/C=C\CCCCCC)=O)=O)CCCN(CC)CC)OCCCCCCCC/C=C\CC(CCCCCC)OC(CC/C=C\CCCCCC)=O,0.97197060705444,,,,,,,,,,,,,,,,0.0,0.0,0.0,0.0
O=C(CCN(CCC(OCCCCCCCC/C=C\CC(CCCCCC)OC(CC/C=C\CCCCCC)=O)=O)CCCN(CC)CC)OCCCCCCCC/C=C\CC(CCCCCC)OC(CC/C=C\CCCCCC)=O,0.5941858793522515,,,,,,,,,,,,,,,,0.0,0.0,0.0,0.0
O=C(CCN(CCC(OCCCCCCCC/C=C\CC(CCCCCC)OC(CC/C=C\CCCCCC)=O)=O)CCCN(CC)CC)OCCCCCCCC/C=C\CC(CCCCCC)OC(CC/C=C\CCCCCC)=O,0.5941858793522515,,,,,,,,,,,,,,,,0.0,0.0,0.0,0.0
O=C(CCN(CCC(OCCCCCCCC/C=C\CC(CCCCCC)OC(CC/C=C\CCCCCC)=O)=O)CCCN(CC)CC)OCCCCCCCC/C=C\CC(CCCCCC)OC(CC/C=C\CCCCCC)=O,0.9989552304617396,,,,,,,,,,,,,,,,0.0,0.0,0.0,0.0
O=C(CCN(CCC(OCCCCCCCC/C=C\CC(CCCCCC)OC(CCCCCCCCCCC)=O)=O)CCCN(CC)CC)OCCCCCCCC/C=C\CC(CCCCCC)OC(CCCCCCCCCCC)=O,0.3063498963410599,,,,,,,,,,,,,,,,0.0,0.0,0.0,0.0
O=C(CCN(CCC(OCCCCCCCC/C=C\CC(CCCCCC)OC(CCCCCCCCCCC)=O)=O)CCCN(CC)CC)OCCCCCCCC/C=C\CC(CCCCCC)OC(CCCCCCCCCCC)=O,0.3243396452792598,,,,,,,,,,,,,,,,0.0,0.0,0.0,0.0
O=C(CCN(CCC(OCCCCCCCC/C=C\CC(CCCCCC)OC(CCCCCCCCCCC)=O)=O)CCCN(CC)CC)OCCCCCCCC/C=C\CC(CCCCCC)OC(CCCCCCCCCCC)=O,0.4412730133775562,,,,,,,,,,,,,,,,0.0,0.0,0.0,0.0
O=C(CCN(CCC(OCCCCCCCC/C=C\CC(CCCCCC)OC(CCCCCCCCCCC)=O)=O)CCCN(CC)CC)OCCCCCCCC/C=C\CC(CCCCCC)OC(CCCCCCCCCCC)=O,0.4952422601921542,,,,,,,,,,,,,,,,0.0,0.0,0.0,0.0
O=C(CCN(CCC(OCCCCCCCC/C=C\CC(CCCCCC)OC(CCCCCCCCCCC)=O)=O)CCCN(CC)CC)OCCCCCCCC/C=C\CC(CCCCCC)OC(CCCCCCCCCCC)=O,0.4322781389084566,,,,,,,,,,,,,,,,0.0,0.0,0.0,0.0
O=C(CCN(CCC(OCCCCCCCC/C=C\CC(CCCCCC)OC(CCCCCCCCCCC)=O)=O)CCCN(CC)CC)OCCCCCCCC/C=C\CC(CCCCCC)OC(CCCCCCCCCCC)=O,-0.6650965463217106,,,,,,,,,,,,,,,,0.0,0.0,0.0,0.0
O=C(CCN(CCC(OCCCCCCCC/C=C\CC(CCCCCC)OC(CCCCCCCCCCC)=O)=O)CCCN(CC)CC)OCCCCCCCC/C=C\CC(CCCCCC)OC(CCCCCCCCCCC)=O,0.4772525112539551,,,,,,,,,,,,,,,,0.0,0.0,0.0,0.0
O=C(CCN(CCC(OCCCCCCCC/C=C\CC(CCCCCC)OC(CCCCCCCCCCC)=O)=O)CCCN(CC)CC)OCCCCCCCC/C=C\CC(CCCCCC)OC(CCCCCCCCCCC)=O,-0.2423374462740234,,,,,,,,,,,,,,,,0.0,0.0,0.0,0.0
O=C(CCN(CCC(OCCCCCCCC/C=C\CC(CCCCCC)OC(CCCCCCCCCCC)=O)=O)CCCN(CC)CC)OCCCCCCCC/C=C\CC(CCCCCC)OC(CCCCCCCCCCC)=O,1.2598065900656317,,,,,,,,,,,,,,,,0.0,0.0,0.0,0.0
O=C(CCN(CCC(OCCCCCCCC/C=C\CC(CCCCCC)OC(CCCCCCCCCCC)=O)=O)CCCN(CC)CC)OCCCCCCCC/C=C\CC(CCCCCC)OC(CCCCCCCCCCC)=O,0.5941858793522515,,,,,,,,,,,,,,,,0.0,0.0,0.0,0.0
O=C(CCN(CCC(OCCCCCCCC/C=C\CC(CCCCCC)OC(CCCCCCCCCCC)=O)=O)CCCN(CC)CC)OCCCCCCCC/C=C\CC(CCCCCC)OC(CCCCCCCCCCC)=O,1.5116630752004236,,,,,,,,,,,,,,,,0.0,0.0,0.0,0.0
O=C(CCN(CCC(OCCCCCCCC/C=C\CC(CCCCCC)OC(CCCCCCCCCCC)=O)=O)CCCN(CC)CC)OCCCCCCCC/C=C\CC(CCCCCC)OC(CCCCCCCCCCC)=O,0.6661448751050494,,,,,,,,,,,,,,,,0.0,0.0,0.0,0.0
O=C(CCN(CCC(OCCCCCCCC/C=C\CC(CCCCCC)OC(CCCCCCCCCCC)=O)=O)CCCN(CC)CC)OCCCCCCCC/C=C\CC(CCCCCC)OC(CCCCCCCCCCC)=O,0.0994677835517661,,,,,,,,,,,,,,,,0.0,0.0,0.0,0.0
O=C(CCN(CCC(OCCCCCCCC/C=C\CC(CCCCCC)OC(CCCCCCCCCCC)=O)=O)CCCN(CC)CC)OCCCCCCCC/C=C\CC(CCCCCC)OC(CCCCCCCCCCC)=O,1.1788527198437342,,,,,,,,,,,,,,,,0.0,0.0,0.0,0.0
O=C(CCN(CCC(OCCCCCCCC/C=C\CC(CCCCCC)OC(CCCCCCCCCCC)=O)=O)CCCN(CC)CC)OCCCCCCCC/C=C\CC(CCCCCC)OC(CCCCCCCCCCC)=O,1.079909100683637,,,,,,,,,,,,,,,,0.0,0.0,0.0,0.0
O=C(CCN(CCC(OCCCCCCCC/C=C\CC(CCCCCC)OC(CCCCCCCCCCC)=O)=O)CCCN(CC)CC)OCCCCCCCC/C=C\CC(CCCCCC)OC(CCCCCCCCCCC)=O,-0.0624399568920287,,,,,,,,,,,,,,,,0.0,0.0,0.0,0.0
O=C(CCN(CCC(OCCCCCCCC/C=C\CC(CCCCCC)OC(CCCCCCCCCCC)=O)=O)CCCN(CC)CC)OCCCCCCCC/C=C\CC(CCCCCC)OC(CCCCCCCCCCC)=O,-0.620122173976212,,,,,,,,,,,,,,,,0.0,0.0,0.0,0.0
O=C(CCN(CCC(OCCCCCCCC/C=C\CC(CCCCCC)OC(CCCCCCCCCCC)=O)=O)CCCN(CC)CC)OCCCCCCCC/C=C\CC(CCCCCC)OC(CCCCCCCCCCC)=O,0.9809654815235396,,,,,,,,,,,,,,,,0.0,0.0,0.0,0.0
O=C(CCN(CCC(OCCCCCCCC/C=C\CC(CCCCCC)OC(CCCCCCCCCCC)=O)=O)CCCN(CC)CC)OCCCCCCCC/C=C\CC(CCCCCC)OC(CCCCCCCCCCC)=O,1.007950104930839,,,,,,,,,,,,,,,,0.0,0.0,0.0,0.0
O=C(CCN(CCC(OCCCCCCCC/C=C\CC(CCCCCC)OC(CCCCCCCCCCC)=O)=O)CCCN(CC)CC)OCCCCCCCC/C=C\CC(CCCCCC)OC(CCCCCCCCCCC)=O,1.9344221752481117,,,,,,,,,,,,,,,,0.0,0.0,0.0,0.0
O=C(CCN(CCC(OCCCCCCCC/C=C\CC(CCCCCC)OC(CCCCCCCCCCC)=O)=O)CCCN(CC)CC)OCCCCCCCC/C=C\CC(CCCCCC)OC(CCCCCCCCCCC)=O,2.006381171000909,,,,,,,,,,,,,,,,0.0,0.0,0.0,0.0
O=C(CCN(CCC(OCCCCCCCC/C=C\CC(CCCCCC)OC(CCCCCCCCCCC)=O)=O)CCCN(CC)CC)OCCCCCCCC/C=C\CC(CCCCCC)OC(CCCCCCCCCCC)=O,0.3243396452792598,,,,,,,,,,,,,,,,0.0,0.0,0.0,0.0
O=C(CCN(CCC(OCCCCCCCC/C=C\CC(CCCCCC)OC(CCCCCCCCCCC)=O)=O)CCCN(CC)CC)OCCCCCCCC/C=C\CC(CCCCCC)OC(CCCCCCCCCCC)=O,1.0169449793999386,,,,,,,,,,,,,,,,0.0,0.0,0.0,0.0
O=C(CCN(CCC(OCCCCCCCC/C=C\CC(CCCCCC)OC(CCCCCCCCCCCCCCCCC)=O)=O)CCCN(CC)CC)OCCCCCCCC/C=C\CC(CCCCCC)OC(CCCCCCCCCCCCCCCCC)=O,-0.7010760441981095,,,,,,,,,,,,,,,,0.0,0.0,0.0,0.0
O=C(CCN(CCC(OCCCCCCCC/C=C\CC(CCCCCC)OC(CCCCCCCCCCCCCCCCC)=O)=O)CCCN(CC)CC)OCCCCCCCC/C=C\CC(CCCCCC)OC(CCCCCCCCCCCCCCCCC)=O,-0.7820299144200074,,,,,,,,,,,,,,,,0.0,0.0,0.0,0.0
O=C(CCN(CCC(OCCCCCCCC/C=C\CC(CCCCCC)OC(CCCCCCCCCCCCCCCCC)=O)=O)CCCN(CC)CC)OCCCCCCCC/C=C\CC(CCCCCC)OC(CCCCCCCCCCCCCCCCC)=O,-0.1074143292375276,,,,,,,,,,,,,,,,0.0,0.0,0.0,0.0
O=C(CCN(CCC(OCCCCCCCC/C=C\CC(CCCCCC)OC(CCCCCCCCCCCCCCCCC)=O)=O)CCCN(CC)CC)OCCCCCCCC/C=C\CC(CCCCCC)OC(CCCCCCCCCCCCCCCCC)=O,-1.186799265529495,,,,,,,,,,,,,,,,0.0,0.0,0.0,0.0
O=C(CCN(CCC(OCCCCCCCC/C=C\CC(CCCCCC)OC(CCCCCCCCCCCCCCCCC)=O)=O)CCCN(CC)CC)OCCCCCCCC/C=C\CC(CCCCCC)OC(CCCCCCCCCCCCCCCCC)=O,-0.5481631782234142,,,,,,,,,,,,,,,,0.0,0.0,0.0,0.0
O=C(CCN(CCC(OCCCCCCCC/C=C\CC(CCCCCC)OC(CCCCCCCCCCCCCCCCC)=O)=O)CCCN(CC)CC)OCCCCCCCC/C=C\CC(CCCCCC)OC(CCCCCCCCCCCCCCCCC)=O,-0.1613835760521256,,,,,,,,,,,,,,,,0.0,0.0,0.0,0.0
O=C(CCN(CCC(OCCCCCCCC/C=C\CC(CCCCCC)OC(CCCCCCCCCCCCCCCCC)=O)=O)CCCN(CC)CC)OCCCCCCCC/C=C\CC(CCCCCC)OC(CCCCCCCCCCCCCCCCC)=O,-0.3412810654341204,,,,,,,,,,,,,,,,0.0,0.0,0.0,0.0
O=C(CCN(CCC(OCCCCCCCC/C=C\CC(CCCCCC)OC(CCCCCCCCCCCCCCCCC)=O)=O)CCCN(CC)CC)OCCCCCCCC/C=C\CC(CCCCCC)OC(CCCCCCCCCCCCCCCCC)=O,-1.078860771900298,,,,,,,,,,,,,,,,0.0,0.0,0.0,0.0
O=C(CCN(CCC(OCCCCCCCC/C=C\CC(CCCCCC)OC(CCCCCCCCCCCCCCCCC)=O)=O)CCCN(CC)CC)OCCCCCCCC/C=C\CC(CCCCCC)OC(CCCCCCCCCCCCCCCCC)=O,1.3407604602875292,,,,,,,,,,,,,,,,0.0,0.0,0.0,0.0
O=C(CCN(CCC(OCCCCCCCC/C=C\CC(CCCCCC)OC(CCCCCCCCCCCCCCCCC)=O)=O)CCCN(CC)CC)OCCCCCCCC/C=C\CC(CCCCCC)OC(CCCCCCCCCCCCCCCCC)=O,0.7201141219196474,,,,,,,,,,,,,,,,0.0,0.0,0.0,0.0
O=C(CCN(CCC(OCCCCCCCC/C=C\CC(CCCCCC)OC(CCCCCCCCCCCCCCCCC)=O)=O)CCCN(CC)CC)OCCCCCCCC/C=C\CC(CCCCCC)OC(CCCCCCCCCCCCCCCCC)=O,1.5206579496695238,,,,,,,,,,,,,,,,0.0,0.0,0.0,0.0
O=C(CCN(CCC(OCCCCCCCC/C=C\CC(CCCCCC)OC(CCCCCCCCCCCCCCCCC)=O)=O)CCCN(CC)CC)OCCCCCCCC/C=C\CC(CCCCCC)OC(CCCCCCCCCCCCCCCCC)=O,0.2883601474028608,,,,,,,,,,,,,,,,0.0,0.0,0.0,0.0
O=C(CCN(CCC(OCCCCCCCC/C=C\CC(CCCCCC)OC(CCCCCCCCCCCCCCCCC)=O)=O)CCCN(CC)CC)OCCCCCCCC/C=C\CC(CCCCCC)OC(CCCCCCCCCCCCCCCCC)=O,-0.251332320743123,,,,,,,,,,,,,,,,0.0,0.0,0.0,0.0
O=C(CCN(CCC(OCCCCCCCC/C=C\CC(CCCCCC)OC(CCCCCCCCCCCCCCCCC)=O)=O)CCCN(CC)CC)OCCCCCCCC/C=C\CC(CCCCCC)OC(CCCCCCCCCCCCCCCCC)=O,1.1248834730291355,,,,,,,,,,,,,,,,0.0,0.0,0.0,0.0
O=C(CCN(CCC(OCCCCCCCC/C=C\CC(CCCCCC)OC(CCCCCCCCCCCCCCCCC)=O)=O)CCCN(CC)CC)OCCCCCCCC/C=C\CC(CCCCCC)OC(CCCCCCCCCCCCCCCCC)=O,1.5476425730768224,,,,,,,,,,,,,,,,0.0,0.0,0.0,0.0
O=C(CCN(CCC(OCCCCCCCC/C=C\CC(CCCCCC)OC(CCCCCCCCCCCCCCCCC)=O)=O)CCCN(CC)CC)OCCCCCCCC/C=C\CC(CCCCCC)OC(CCCCCCCCCCCCCCCCC)=O,-0.3592708143723199,,,,,,,,,,,,,,,,0.0,0.0,0.0,0.0
O=C(CCN(CCC(OCCCCCCCC/C=C\CC(CCCCCC)OC(CCCCCCCCCCCCCCCCC)=O)=O)CCCN(CC)CC)OCCCCCCCC/C=C\CC(CCCCCC)OC(CCCCCCCCCCCCCCCCC)=O,0.0814780346135666,,,,,,,,,,,,,,,,0.0,0.0,0.0,0.0
O=C(CCN(CCC(OCCCCCCCC/C=C\CC(CCCCCC)OC(CCCCCCCCCCCCCCCCC)=O)=O)CCCN(CC)CC)OCCCCCCCC/C=C\CC(CCCCCC)OC(CCCCCCCCCCCCCCCCC)=O,0.7650884942651459,,,,,,,,,,,,,,,,0.0,0.0,0.0,0.0
O=C(CCN(CCC(OCCCCCCCC/C=C\CC(CCCCCC)OC(CCCCCCCCCCCCCCCCC)=O)=O)CCCN(CC)CC)OCCCCCCCC/C=C\CC(CCCCCC)OC(CCCCCCCCCCCCCCCCC)=O,1.0889039751527363,,,,,,,,,,,,,,,,0.0,0.0,0.0,0.0
O=C(CCN(CCC(OCCCCCCCC/C=C\CC(CCCCCC)OC(CCCCCCCCCCCCCCCCC)=O)=O)CCCN(CC)CC)OCCCCCCCC/C=C\CC(CCCCCC)OC(CCCCCCCCCCCCCCCCC)=O,1.907437551840812,,,,,,,,,,,,,,,,0.0,0.0,0.0,0.0
O=C(CCN(CCC(OCCCCCCCC/C=C\CC(CCCCCC)OC(CCCCCCCCCCCCCCCCC)=O)=O)CCCN(CC)CC)OCCCCCCCC/C=C\CC(CCCCCC)OC(CCCCCCCCCCCCCCCCC)=O,0.4142883899702567,,,,,,,,,,,,,,,,0.0,0.0,0.0,0.0
O=C(CCN(CCC(OCCCCCCCC/C=C\CC(CCCCCC)OC(CCCCCCCCCCCCCCCCC)=O)=O)CCCN(CC)CC)OCCCCCCCC/C=C\CC(CCCCCC)OC(CCCCCCCCCCCCCCCCC)=O,1.7095503135206185,,,,,,,,,,,,,,,,0.0,0.0,0.0,0.0
O=C(CCN(CCC(OCCCCCCCC/C=C\CC(CCCCCC)OC(CCCCCCCCCCCCCCCCC)=O)=O)CCCN(CC)CC)OCCCCCCCC/C=C\CC(CCCCCC)OC(CCCCCCCCCCCCCCCCC)=O,0.2613755239955614,,,,,,,,,,,,,,,,0.0,0.0,0.0,0.0
O=C(CCN(CCC(OCCCCCCCC/C=C\CC(CCCCCC)OC(CCCCCCCCCCCCCCCCC)=O)=O)CCCN(CC)CC)OCCCCCCCC/C=C\CC(CCCCCC)OC(CCCCCCCCCCCCCCCCC)=O,0.7021243729814484,,,,,,,,,,,,,,,,0.0,0.0,0.0,0.0
O=C(CCN(CCC(OCCCCCCCC/C=C\CC(CCCCCC)OC(CC/C=C\CCCCCC)=O)=O)CCCN1C=NC=C1)OCCCCCCCC/C=C\CC(CCCCCC)OC(CC/C=C\CCCCCC)=O,-1.7354866081445786,,,,,,,,,,,,,,,,0.0,0.0,0.0,0.0
O=C(CCN(CCC(OCCCCCCCC/C=C\CC(CCCCCC)OC(CC/C=C\CCCCCC)=O)=O)CCCN1C=NC=C1)OCCCCCCCC/C=C\CC(CCCCCC)OC(CC/C=C\CCCCCC)=O,-1.4296608761951877,,,,,,,,,,,,,,,,0.0,0.0,0.0,0.0
O=C(CCN(CCC(OCCCCCCCC/C=C\CC(CCCCCC)OC(CC/C=C\CCCCCC)=O)=O)CCCN1C=NC=C1)OCCCCCCCC/C=C\CC(CCCCCC)OC(CC/C=C\CCCCCC)=O,-1.483630123009786,,,,,,,,,,,,,,,,0.0,0.0,0.0,0.0
O=C(CCN(CCC(OCCCCCCCC/C=C\CC(CCCCCC)OC(CC/C=C\CCCCCC)=O)=O)CCCN1C=NC=C1)OCCCCCCCC/C=C\CC(CCCCCC)OC(CC/C=C\CCCCCC)=O,-1.68151736132998,,,,,,,,,,,,,,,,0.0,0.0,0.0,0.0
O=C(CCN(CCC(OCCCCCCCC/C=C\CC(CCCCCC)OC(CC/C=C\CCCCCC)=O)=O)CCCN1C=NC=C1)OCCCCCCCC/C=C\CC(CCCCCC)OC(CC/C=C\CCCCCC)=O,-1.5016198719479856,,,,,,,,,,,,,,,,0.0,0.0,0.0,0.0
O=C(CCN(CCC(OCCCCCCCC/C=C\CC(CCCCCC)OC(CC/C=C\CCCCCC)=O)=O)CCCN1C=NC=C1)OCCCCCCCC/C=C\CC(CCCCCC)OC(CC/C=C\CCCCCC)=O,-2.589999682709053,,,,,,,,,,,,,,,,0.0,0.0,0.0,0.0
O=C(CCN(CCC(OCCCCCCCC/C=C\CC(CCCCCC)OC(CC/C=C\CCCCCC)=O)=O)CCCN1C=NC=C1)OCCCCCCCC/C=C\CC(CCCCCC)OC(CC/C=C\CCCCCC)=O,-0.9979069016784008,,,,,,,,,,,,,,,,0.0,0.0,0.0,0.0
O=C(CCN(CCC(OCCCCCCCC/C=C\CC(CCCCCC)OC(CC/C=C\CCCCCC)=O)=O)CCCN1C=NC=C1)OCCCCCCCC/C=C\CC(CCCCCC)OC(CC/C=C\CCCCCC)=O,-1.9333738464647725,,,,,,,,,,,,,,,,0.0,0.0,0.0,0.0
O=C(CCN(CCC(OCCCCCCCC/C=C\CC(CCCCCC)OC(CC/C=C\CCCCCC)=O)=O)CCCN1C=NC=C1)OCCCCCCCC/C=C\CC(CCCCCC)OC(CC/C=C\CCCCCC)=O,-0.656101671852611,,,,,,,,,,,,,,,,0.0,0.0,0.0,0.0
O=C(CCN(CCC(OCCCCCCCC/C=C\CC(CCCCCC)OC(CC/C=C\CCCCCC)=O)=O)CCCN1C=NC=C1)OCCCCCCCC/C=C\CC(CCCCCC)OC(CC/C=C\CCCCCC)=O,-1.3577018804423897,,,,,,,,,,,,,,,,0.0,0.0,0.0,0.0
O=C(CCN(CCC(OCCCCCCCC/C=C\CC(CCCCCC)OC(CC/C=C\CCCCCC)=O)=O)CCCN1C=NC=C1)OCCCCCCCC/C=C\CC(CCCCCC)OC(CC/C=C\CCCCCC)=O,-0.2693220696813225,,,,,,,,,,,,,,,,0.0,0.0,0.0,0.0
O=C(CCN(CCC(OCCCCCCCC/C=C\CC(CCCCCC)OC(CC/C=C\CCCCCC)=O)=O)CCCN1C=NC=C1)OCCCCCCCC/C=C\CC(CCCCCC)OC(CC/C=C\CCCCCC)=O,-1.5735788677007834,,,,,,,,,,,,,,,,0.0,0.0,0.0,0.0
O=C(CCN(CCC(OCCCCCCCC/C=C\CC(CCCCCC)OC(CC/C=C\CCCCCC)=O)=O)CCCN1C=NC=C1)OCCCCCCCC/C=C\CC(CCCCCC)OC(CC/C=C\CCCCCC)=O,-1.2947377591586915,,,,,,,,,,,,,,,,0.0,0.0,0.0,0.0
O=C(CCN(CCC(OCCCCCCCC/C=C\CC(CCCCCC)OC(CC/C=C\CCCCCC)=O)=O)CCCN1C=NC=C1)OCCCCCCCC/C=C\CC(CCCCCC)OC(CC/C=C\CCCCCC)=O,-1.3037326336277912,,,,,,,,,,,,,,,,0.0,0.0,0.0,0.0
O=C(CCN(CCC(OCCCCCCCC/C=C\CC(CCCCCC)OC(CCCCCCCCCCC)=O)=O)CCCN1C=NC=C1)OCCCCCCCC/C=C\CC(CCCCCC)OC(CCCCCCCCCCC)=O,-1.4656403740715866,,,,,,,,,,,,,,,,0.0,0.0,0.0,0.0
O=C(CCN(CCC(OCCCCCCCC/C=C\CC(CCCCCC)OC(CCCCCCCCCCC)=O)=O)CCCN1C=NC=C1)OCCCCCCCC/C=C\CC(CCCCCC)OC(CCCCCCCCCCC)=O,-0.9169530314565032,,,,,,,,,,,,,,,,0.0,0.0,0.0,0.0
O=C(CCN(CCC(OCCCCCCCC/C=C\CC(CCCCCC)OC(CCCCCCCCCCC)=O)=O)CCCN1C=NC=C1)OCCCCCCCC/C=C\CC(CCCCCC)OC(CCCCCCCCCCC)=O,-1.1688095165912955,,,,,,,,,,,,,,,,0.0,0.0,0.0,0.0
O=C(CCN(CCC(OCCCCCCCC/C=C\CC(CCCCCC)OC(CCCCCCCCCCC)=O)=O)CCCN1C=NC=C1)OCCCCCCCC/C=C\CC(CCCCCC)OC(CCCCCCCCCCC)=O,-0.9799171527402012,,,,,,,,,,,,,,,,0.0,0.0,0.0,0.0
O=C(CCN(CCC(OCCCCCCCC/C=C\CC(CCCCCC)OC(CCCCCCCCCCC)=O)=O)CCCN1C=NC=C1)OCCCCCCCC/C=C\CC(CCCCCC)OC(CCCCCCCCCCC)=O,-1.5825737421698831,,,,,,,,,,,,,,,,0.0,0.0,0.0,0.0
O=C(CCN(CCC(OCCCCCCCC/C=C\CC(CCCCCC)OC(CCCCCCCCCCC)=O)=O)CCCN1C=NC=C1)OCCCCCCCC/C=C\CC(CCCCCC)OC(CCCCCCCCCCC)=O,-1.7624712315518778,,,,,,,,,,,,,,,,0.0,0.0,0.0,0.0
O=C(CCN(CCC(OCCCCCCCC/C=C\CC(CCCCCC)OC(CCCCCCCCCCC)=O)=O)CCCN1C=NC=C1)OCCCCCCCC/C=C\CC(CCCCCC)OC(CCCCCCCCCCC)=O,-0.4851990569397162,,,,,,,,,,,,,,,,0.0,0.0,0.0,0.0
O=C(CCN(CCC(OCCCCCCCC/C=C\CC(CCCCCC)OC(CCCCCCCCCCC)=O)=O)CCCN1C=NC=C1)OCCCCCCCC/C=C\CC(CCCCCC)OC(CCCCCCCCCCC)=O,-0.3952503122487188,,,,,,,,,,,,,,,,0.0,0.0,0.0,0.0
O=C(CCN(CCC(OCCCCCCCC/C=C\CC(CCCCCC)OC(CCCCCCCCCCC)=O)=O)CCCN1C=NC=C1)OCCCCCCCC/C=C\CC(CCCCCC)OC(CCCCCCCCCCC)=O,0.5222268835994536,,,,,,,,,,,,,,,,0.0,0.0,0.0,0.0
O=C(CCN(CCC(OCCCCCCCC/C=C\CC(CCCCCC)OC(CCCCCCCCCCC)=O)=O)CCCN1C=NC=C1)OCCCCCCCC/C=C\CC(CCCCCC)OC(CCCCCCCCCCC)=O,-1.0698658974311983,,,,,,,,,,,,,,,,0.0,0.0,0.0,0.0
O=C(CCN(CCC(OCCCCCCCC/C=C\CC(CCCCCC)OC(CCCCCCCCCCC)=O)=O)CCCN1C=NC=C1)OCCCCCCCC/C=C\CC(CCCCCC)OC(CCCCCCCCCCC)=O,0.7111192474505479,,,,,,,,,,,,,,,,0.0,0.0,0.0,0.0
O=C(CCN(CCC(OCCCCCCCC/C=C\CC(CCCCCC)OC(CCCCCCCCCCC)=O)=O)CCCN1C=NC=C1)OCCCCCCCC/C=C\CC(CCCCCC)OC(CCCCCCCCCCC)=O,-0.8719786591110044,,,,,,,,,,,,,,,,0.0,0.0,0.0,0.0
O=C(CCN(CCC(OCCCCCCCC/C=C\CC(CCCCCC)OC(CCCCCCCCCCC)=O)=O)CCCN1C=NC=C1)OCCCCCCCC/C=C\CC(CCCCCC)OC(CCCCCCCCCCC)=O,-1.4656403740715866,,,,,,,,,,,,,,,,0.0,0.0,0.0,0.0
O=C(CCN(CCC(OCCCCCCCC/C=C\CC(CCCCCC)OC(CCCCCCCCCCC)=O)=O)CCCN1C=NC=C1)OCCCCCCCC/C=C\CC(CCCCCC)OC(CCCCCCCCCCC)=O,0.207406277180963,,,,,,,,,,,,,,,,0.0,0.0,0.0,0.0
O=C(CCN(CCC(OCCCCCCCC/C=C\CC(CCCCCC)OC(CCCCCCCCCCCCCCCCC)=O)=O)CCCN1C=NC=C1)OCCCCCCCC/C=C\CC(CCCCCC)OC(CCCCCCCCCCCCCCCCC)=O,-1.5645839932316836,,,,,,,,,,,,,,,,0.0,0.0,0.0,0.0
O=C(CCN(CCC(OCCCCCCCC/C=C\CC(CCCCCC)OC(CCCCCCCCCCCCCCCCC)=O)=O)CCCN1C=NC=C1)OCCCCCCCC/C=C\CC(CCCCCC)OC(CCCCCCCCCCCCCCCCC)=O,0.0904729090826666,,,,,,,,,,,,,,,,0.0,0.0,0.0,0.0
O=C(CCN(CCC(OCCCCCCCC/C=C\CC(CCCCCC)OC(CCCCCCCCCCCCCCCCC)=O)=O)CCCN1C=NC=C1)OCCCCCCCC/C=C\CC(CCCCCC)OC(CCCCCCCCCCCCCCCCC)=O,-0.215352822866724,,,,,,,,,,,,,,,,0.0,0.0,0.0,0.0
O=C(CCN(CCC(OCCCCCCCC/C=C\CC(CCCCCC)OC(CCCCCCCCCCCCCCCCC)=O)=O)CCCN1C=NC=C1)OCCCCCCCC/C=C\CC(CCCCCC)OC(CCCCCCCCCCCCCCCCC)=O,-0.9439376548638022,,,,,,,,,,,,,,,,0.0,0.0,0.0,0.0
O=C(CCN(CCC(OCCCCCCCC/C=C\CC(CCCCCC)OC(CCCCCCCCCCCCCCCCC)=O)=O)CCCN1C=NC=C1)OCCCCCCCC/C=C\CC(CCCCCC)OC(CCCCCCCCCCCCCCCCC)=O,-1.7264917336754788,,,,,,,,,,,,,,,,0.0,0.0,0.0,0.0
O=C(CCN(CCC(OCCCCCCCC/C=C\CC(CCCCCC)OC(CCCCCCCCCCCCCCCCC)=O)=O)CCCN1C=NC=C1)OCCCCCCCC/C=C\CC(CCCCCC)OC(CCCCCCCCCCCCCCCCC)=O,-1.5286044953552846,,,,,,,,,,,,,,,,0.0,0.0,0.0,0.0
O=C(CCN(CCC(OCCCCCCCC/C=C\CC(CCCCCC)OC(CCCCCCCCCCCCCCCCC)=O)=O)CCCN1C=NC=C1)OCCCCCCCC/C=C\CC(CCCCCC)OC(CCCCCCCCCCCCCCCCC)=O,-0.3412810654341204,,,,,,,,,,,,,,,,0.0,0.0,0.0,0.0
O=C(CCN(CCC(OCCCCCCCC/C=C\CC(CCCCCC)OC(CCCCCCCCCCCCCCCCC)=O)=O)CCCN1C=NC=C1)OCCCCCCCC/C=C\CC(CCCCCC)OC(CCCCCCCCCCCCCCCCC)=O,-0.0534450824229291,,,,,,,,,,,,,,,,0.0,0.0,0.0,0.0
O=C(CCN(CCC(OCCCCCCCC/C=C\CC(CCCCCC)OC(CCCCCCCCCCCCCCCCC)=O)=O)CCCN1C=NC=C1)OCCCCCCCC/C=C\CC(CCCCCC)OC(CCCCCCCCCCCCCCCCC)=O,0.5312217580685532,,,,,,,,,,,,,,,,0.0,0.0,0.0,0.0
O=C(CCN(CCC(OCCCCCCCC/C=C\CC(CCCCCC)OC(CCCCCCCCCCCCCCCCC)=O)=O)CCCN1C=NC=C1)OCCCCCCCC/C=C\CC(CCCCCC)OC(CCCCCCCCCCCCCCCCC)=O,-0.7010760441981095,,,,,,,,,,,,,,,,0.0,0.0,0.0,0.0
O=C(CCN(CCC(OCCCCCCCC/C=C\CC(CCCCCC)OC(CCCCCCCCCCCCCCCCC)=O)=O)CCCN1C=NC=C1)OCCCCCCCC/C=C\CC(CCCCCC)OC(CCCCCCCCCCCCCCCCC)=O,0.6211705027595509,,,,,,,,,,,,,,,,0.0,0.0,0.0,0.0
O=C(CCN(CCC(OCCCCCCCC/C=C\CC(CCCCCC)OC(CCCCCCCCCCCCCCCCC)=O)=O)CCCN1C=NC=C1)OCCCCCCCC/C=C\CC(CCCCCC)OC(CCCCCCCCCCCCCCCCC)=O,-0.9439376548638022,,,,,,,,,,,,,,,,0.0,0.0,0.0,0.0
O=C(CCN(CCC(OCCCCCCCC/C=C\CC(CCCCCC)OC(CCCCCCCCCCCCCCCCC)=O)=O)CCCN1C=NC=C1)OCCCCCCCC/C=C\CC(CCCCCC)OC(CCCCCCCCCCCCCCCCC)=O,-1.0608710229620986,,,,,,,,,,,,,,,,0.0,0.0,0.0,0.0
O=C(CCN(CCC(OCCCCCCCC/C=C\CC(CCCCCC)OC(CCCCCCCCCCCCCCCCC)=O)=O)CCCN1C=NC=C1)OCCCCCCCC/C=C\CC(CCCCCC)OC(CCCCCCCCCCCCCCCCC)=O,-0.3952503122487188,,,,,,,,,,,,,,,,0.0,0.0,0.0,0.0
O=C(CCN(CCC(OCCCCCCCC/C=C\CC(CCCCCC)OC(CCCCCCC/C=C\CCCCCCCC)=O)=O)CCCN1C=NC=C1)OCCCCCCCC/C=C\CC(CCCCCC)OC(CCCCCCC/C=C\CCCCCCCC)=O,-1.4116711272569882,,,,,,,,,,,,,,,,0.0,0.0,0.0,0.0
O=C(CCN(CCC(OCCCCCCCC/C=C\CC(CCCCCC)OC(CCCCCCC/C=C\CCCCCCCC)=O)=O)CCCN1C=NC=C1)OCCCCCCCC/C=C\CC(CCCCCC)OC(CCCCCCC/C=C\CCCCCCCC)=O,-0.68308629525991,,,,,,,,,,,,,,,,0.0,0.0,0.0,0.0
O=C(CCN(CCC(OCCCCCCCC/C=C\CC(CCCCCC)OC(CCCCCCC/C=C\CCCCCCCC)=O)=O)CCCN1C=NC=C1)OCCCCCCCC/C=C\CC(CCCCCC)OC(CCCCCCC/C=C\CCCCCCCC)=O,-0.3952503122487188,,,,,,,,,,,,,,,,0.0,0.0,0.0,0.0
O=C(CCN(CCC(OCCCCCCCC/C=C\CC(CCCCCC)OC(CCCCCCC/C=C\CCCCCCCC)=O)=O)CCCN1C=NC=C1)OCCCCCCCC/C=C\CC(CCCCCC)OC(CCCCCCC/C=C\CCCCCCCC)=O,-1.3577018804423897,,,,,,,,,,,,,,,,0.0,0.0,0.0,0.0
O=C(CCN(CCC(OCCCCCCCC/C=C\CC(CCCCCC)OC(CCCCCCC/C=C\CCCCCCCC)=O)=O)CCCN1C=NC=C1)OCCCCCCCC/C=C\CC(CCCCCC)OC(CCCCCCC/C=C\CCCCCCCC)=O,-1.3846865038496892,,,,,,,,,,,,,,,,0.0,0.0,0.0,0.0
O=C(CCN(CCC(OCCCCCCCC/C=C\CC(CCCCCC)OC(CCCCCCC/C=C\CCCCCCCC)=O)=O)CCCN1C=NC=C1)OCCCCCCCC/C=C\CC(CCCCCC)OC(CCCCCCC/C=C\CCCCCCCC)=O,-2.059302089032169,,,,,,,,,,,,,,,,0.0,0.0,0.0,0.0
O=C(CCN(CCC(OCCCCCCCC/C=C\CC(CCCCCC)OC(CCCCCCC/C=C\CCCCCCCC)=O)=O)CCCN1C=NC=C1)OCCCCCCCC/C=C\CC(CCCCCC)OC(CCCCCCC/C=C\CCCCCCCC)=O,-0.8719786591110044,,,,,,,,,,,,,,,,0.0,0.0,0.0,0.0
O=C(CCN(CCC(OCCCCCCCC/C=C\CC(CCCCCC)OC(CCCCCCC/C=C\CCCCCCCC)=O)=O)CCCN1C=NC=C1)OCCCCCCCC/C=C\CC(CCCCCC)OC(CCCCCCC/C=C\CCCCCCCC)=O,-1.0158966506166,,,,,,,,,,,,,,,,0.0,0.0,0.0,0.0
O=C(CCN(CCC(OCCCCCCCC/C=C\CC(CCCCCC)OC(CCCCCCC/C=C\CCCCCCCC)=O)=O)CCCN1C=NC=C1)OCCCCCCCC/C=C\CC(CCCCCC)OC(CCCCCCC/C=C\CCCCCCCC)=O,0.3693140176247583,,,,,,,,,,,,,,,,0.0,0.0,0.0,0.0
O=C(CCN(CCC(OCCCCCCCC/C=C\CC(CCCCCC)OC(CCCCCCC/C=C\CCCCCCCC)=O)=O)CCCN1C=NC=C1)OCCCCCCCC/C=C\CC(CCCCCC)OC(CCCCCCC/C=C\CCCCCCCC)=O,-1.3037326336277912,,,,,,,,,,,,,,,,0.0,0.0,0.0,0.0
O=C(CCN(CCC(OCCCCCCCC/C=C\CC(CCCCCC)OC(CCCCCCC/C=C\CCCCCCCC)=O)=O)CCCN1C=NC=C1)OCCCCCCCC/C=C\CC(CCCCCC)OC(CCCCCCC/C=C\CCCCCCCC)=O,0.8370474900179439,,,,,,,,,,,,,,,,0.0,0.0,0.0,0.0
O=C(CCN(CCC(OCCCCCCCC/C=C\CC(CCCCCC)OC(CCCCCCC/C=C\CCCCCCCC)=O)=O)CCCN1C=NC=C1)OCCCCCCCC/C=C\CC(CCCCCC)OC(CCCCCCC/C=C\CCCCCCCC)=O,-1.0158966506166,,,,,,,,,,,,,,,,0.0,0.0,0.0,0.0
O=C(CCN(CCC(OCCCCCCCC/C=C\CC(CCCCCC)OC(CCCCCCC/C=C\CCCCCCCC)=O)=O)CCCN1C=NC=C1)OCCCCCCCC/C=C\CC(CCCCCC)OC(CCCCCCC/C=C\CCCCCCCC)=O,-1.3487070059732902,,,,,,,,,,,,,,,,0.0,0.0,0.0,0.0
O=C(CCN(CCC(OCCCCCCCC/C=C\CC(CCCCCC)OC(CCCCCCC/C=C\CCCCCCCC)=O)=O)CCCN1C=NC=C1)OCCCCCCCC/C=C\CC(CCCCCC)OC(CCCCCCC/C=C\CCCCCCCC)=O,-0.4672093080015167,,,,,,,,,,,,,,,,0.0,0.0,0.0,0.0
O=C(CCN(CCC(OCCCCCCCC/C=C\CC(CCCCCC)OC(CCCCCCC/C=C\CCCCCCCC)=O)=O)CCCN(CC)CC)OCCCCCCCC/C=C\CC(CCCCCC)OC(CCCCCCC/C=C\CCCCCCCC)=O,-0.5211785548161152,,,,,,,,,,,,,,,,0.0,0.0,0.0,0.0
O=C(CCN(CCC(OCCCCCCCC/C=C\CC(CCCCCC)OC(CCCCCCC/C=C\CCCCCCCC)=O)=O)CCCN(CC)CC)OCCCCCCCC/C=C\CC(CCCCCC)OC(CCCCCCC/C=C\CCCCCCCC)=O,-0.0174655845465302,,,,,,,,,,,,,,,,0.0,0.0,0.0,0.0
O=C(CCN(CCC(OCCCCCCCC/C=C\CC(CCCCCC)OC(CCCCCCC/C=C\CCCCCCCC)=O)=O)CCCN(CC)CC)OCCCCCCCC/C=C\CC(CCCCCC)OC(CCCCCCC/C=C\CCCCCCCC)=O,-0.287311818619522,,,,,,,,,,,,,,,,0.0,0.0,0.0,0.0
O=C(CCN(CCC(OCCCCCCCC/C=C\CC(CCCCCC)OC(CCCCCCC/C=C\CCCCCCCC)=O)=O)CCCN(CC)CC)OCCCCCCCC/C=C\CC(CCCCCC)OC(CCCCCCC/C=C\CCCCCCCC)=O,-0.4402246845942173,,,,,,,,,,,,,,,,0.0,0.0,0.0,0.0
O=C(CCN(CCC(OCCCCCCCC/C=C\CC(CCCCCC)OC(CCCCCCC/C=C\CCCCCCCC)=O)=O)CCCN(CC)CC)OCCCCCCCC/C=C\CC(CCCCCC)OC(CCCCCCC/C=C\CCCCCCCC)=O,0.5582063814758526,,,,,,,,,,,,,,,,0.0,0.0,0.0,0.0
O=C(CCN(CCC(OCCCCCCCC/C=C\CC(CCCCCC)OC(CCCCCCC/C=C\CCCCCCCC)=O)=O)CCCN(CC)CC)OCCCCCCCC/C=C\CC(CCCCCC)OC(CCCCCCC/C=C\CCCCCCCC)=O,-0.4132400611869183,,,,,,,,,,,,,,,,0.0,0.0,0.0,0.0
O=C(CCN(CCC(OCCCCCCCC/C=C\CC(CCCCCC)OC(CCCCCCC/C=C\CCCCCCCC)=O)=O)CCCN(CC)CC)OCCCCCCCC/C=C\CC(CCCCCC)OC(CCCCCCC/C=C\CCCCCCCC)=O,0.8730269878943427,,,,,,,,,,,,,,,,0.0,0.0,0.0,0.0
O=C(CCN(CCC(OCCCCCCCC/C=C\CC(CCCCCC)OC(CCCCCCC/C=C\CCCCCCCC)=O)=O)CCCN(CC)CC)OCCCCCCCC/C=C\CC(CCCCCC)OC(CCCCCCC/C=C\CCCCCCCC)=O,-0.8899684080492037,,,,,,,,,,,,,,,,0.0,0.0,0.0,0.0
O=C(CCN(CCC(OCCCCCCCC/C=C\CC(CCCCCC)OC(CCCCCCC/C=C\CCCCCCCC)=O)=O)CCCN(CC)CC)OCCCCCCCC/C=C\CC(CCCCCC)OC(CCCCCCC/C=C\CCCCCCCC)=O,1.5476425730768224,,,,,,,,,,,,,,,,0.0,0.0,0.0,0.0
O=C(CCN(CCC(OCCCCCCCC/C=C\CC(CCCCCC)OC(CCCCCCC/C=C\CCCCCCCC)=O)=O)CCCN(CC)CC)OCCCCCCCC/C=C\CC(CCCCCC)OC(CCCCCCC/C=C\CCCCCCCC)=O,-0.0624399568920287,,,,,,,,,,,,,,,,0.0,0.0,0.0,0.0
O=C(CCN(CCC(OCCCCCCCC/C=C\CC(CCCCCC)OC(CCCCCCC/C=C\CCCCCCCC)=O)=O)CCCN(CC)CC)OCCCCCCCC/C=C\CC(CCCCCC)OC(CCCCCCC/C=C\CCCCCCCC)=O,1.4397040794476257,,,,,,,,,,,,,,,,0.0,0.0,0.0,0.0
O=C(CCN(CCC(OCCCCCCCC/C=C\CC(CCCCCC)OC(CCCCCCC/C=C\CCCCCCCC)=O)=O)CCCN(CC)CC)OCCCCCCCC/C=C\CC(CCCCCC)OC(CCCCCCC/C=C\CCCCCCCC)=O,0.2433857750573619,,,,,,,,,,,,,,,,0.0,0.0,0.0,0.0
O=C(CCN(CCC(OCCCCCCCC/C=C\CC(CCCCCC)OC(CCCCCCC/C=C\CCCCCCCC)=O)=O)CCCN(CC)CC)OCCCCCCCC/C=C\CC(CCCCCC)OC(CCCCCCC/C=C\CCCCCCCC)=O,-0.0894245802993281,,,,,,,,,,,,,,,,0.0,0.0,0.0,0.0
O=C(CCN(CCC(OCCCCCCCC/C=C\CC(CCCCCC)OC(CCCCCCC/C=C\CCCCCCCC)=O)=O)CCCN(CC)CC)OCCCCCCCC/C=C\CC(CCCCCC)OC(CCCCCCC/C=C\CCCCCCCC)=O,0.7381038708578473,,,,,,,,,,,,,,,,0.0,0.0,0.0,0.0
O=C(CCN(CCC(OCCCCCCCC/C=C\CC(CCCCCC)OC(CCCCCCC/C=C\CCCCCCCC)=O)=O)CCCN(CC)CC)OCCCCCCCC/C=C\CC(CCCCCC)OC(CCCCCCC/C=C\CCCCCCCC)=O,1.2867912134729302,,,,,,,,,,,,,,,,0.0,0.0,0.0,0.0
O=C(CCN(CCC(OCCCCCCCC/C=C\CC(CCCCCC)OC(CCCCCCC/C=C\CCCCCCCC)=O)=O)CCCN(CC)CC)OCCCCCCCC/C=C\CC(CCCCCC)OC(CCCCCCC/C=C\CCCCCCCC)=O,0.3873037665629573,,,,,,,,,,,,,,,,0.0,0.0,0.0,0.0
O=C(CCN(CCC(OCCCCCCCC/C=C\CC(CCCCCC)OC(CCCCCCC/C=C\CCCCCCCC)=O)=O)CCCN(CC)CC)OCCCCCCCC/C=C\CC(CCCCCC)OC(CCCCCCC/C=C\CCCCCCCC)=O,0.4322781389084566,,,,,,,,,,,,,,,,0.0,0.0,0.0,0.0
O=C(CCN(CCC(OCCCCCCCC/C=C\CC(CCCCCC)OC(CCCCCCC/C=C\CCCCCCCC)=O)=O)CCCN(CC)CC)OCCCCCCCC/C=C\CC(CCCCCC)OC(CCCCCCC/C=C\CCCCCCCC)=O,1.115888598560036,,,,,,,,,,,,,,,,0.0,0.0,0.0,0.0
O=C(CCN(CCC(OCCCCCCCC/C=C\CC(CCCCCC)OC(CCCCCCC/C=C\CCCCCCCC)=O)=O)CCCN(CC)CC)OCCCCCCCC/C=C\CC(CCCCCC)OC(CCCCCCC/C=C\CCCCCCCC)=O,1.205837343251033,,,,,,,,,,,,,,,,0.0,0.0,0.0,0.0
O=C(CCN(CCC(OCCCCCCCC/C=C\CC(CCCCCC)OC(CCCCCCC/C=C\CCCCCCCC)=O)=O)CCCN(CC)CC)OCCCCCCCC/C=C\CC(CCCCCC)OC(CCCCCCC/C=C\CCCCCCCC)=O,1.817488807149815,,,,,,,,,,,,,,,,0.0,0.0,0.0,0.0
O=C(CCN(CCC(OCCCCCCCC/C=C\CC(CCCCCC)OC(CCCCCCC/C=C\CCCCCCCC)=O)=O)CCCN(CC)CC)OCCCCCCCC/C=C\CC(CCCCCC)OC(CCCCCCC/C=C\CCCCCCCC)=O,0.5672012559449521,,,,,,,,,,,,,,,,0.0,0.0,0.0,0.0
O=C(CCN(CCC(OCCCCCCCC/C=C\CC(CCCCCC)OC(CCCCCCC/C=C\CCCCCCCC)=O)=O)CCCN(CC)CC)OCCCCCCCC/C=C\CC(CCCCCC)OC(CCCCCCC/C=C\CCCCCCCC)=O,1.4846784517931249,,,,,,,,,,,,,,,,0.0,0.0,0.0,0.0
O=C(CCN(CCC(OCCCCCCCC/C=C\CC(CCCCCC)OC(CCCCCCC/C=C\CCCCCCCC)=O)=O)CCCN(CC)CC)OCCCCCCCC/C=C\CC(CCCCCC)OC(CCCCCCC/C=C\CCCCCCCC)=O,0.3333345197483593,,,,,,,,,,,,,,,,0.0,0.0,0.0,0.0
O=C(CCN(CCC(OCCCCCCCC/C=C\CC(CCCCCC)OC(CCCCCCC/C=C\CCCCCCCC)=O)=O)CCCN(CC)CC)OCCCCCCCC/C=C\CC(CCCCCC)OC(CCCCCCC/C=C\CCCCCCCC)=O,0.6121756282904506,,,,,,,,,,,,,,,,0.0,0.0,0.0,0.0
O=C(CCN(CCC(OCCCCCCCC/C=C\CC(CCCCCC)OC(CCCCCCC/C=C\C/C=C\CCCCC)=O)=O)CCCN1C=NC=C1)OCCCCCCCC/C=C\CC(CCCCCC)OC(CCCCCCC/C=C\C/C=C\CCCCC)=O,-1.708501984737279,,,,,,,,,,,,,,,,0.0,0.0,0.0,0.0
O=C(CCN(CCC(OCCCCCCCC/C=C\CC(CCCCCC)OC(CCCCCCC/C=C\C/C=C\CCCCC)=O)=O)CCCN1C=NC=C1)OCCCCCCCC/C=C\CC(CCCCCC)OC(CCCCCCC/C=C\C/C=C\CCCCC)=O,-1.7714661060209775,,,,,,,,,,,,,,,,0.0,0.0,0.0,0.0
O=C(CCN(CCC(OCCCCCCCC/C=C\CC(CCCCCC)OC(CCCCCCC/C=C\C/C=C\CCCCC)=O)=O)CCCN1C=NC=C1)OCCCCCCCC/C=C\CC(CCCCCC)OC(CCCCCCC/C=C\C/C=C\CCCCC)=O,-0.9709222782711016,,,,,,,,,,,,,,,,0.0,0.0,0.0,0.0
O=C(CCN(CCC(OCCCCCCCC/C=C\CC(CCCCCC)OC(CCCCCCC/C=C\C/C=C\CCCCC)=O)=O)CCCN1C=NC=C1)OCCCCCCCC/C=C\CC(CCCCCC)OC(CCCCCCC/C=C\C/C=C\CCCCC)=O,-1.0968505208384975,,,,,,,,,,,,,,,,0.0,0.0,0.0,0.0
O=C(CCN(CCC(OCCCCCCCC/C=C\CC(CCCCCC)OC(CCCCCCC/C=C\C/C=C\CCCCC)=O)=O)CCCN1C=NC=C1)OCCCCCCCC/C=C\CC(CCCCCC)OC(CCCCCCC/C=C\C/C=C\CCCCC)=O,-1.7624712315518778,,,,,,,,,,,,,,,,0.0,0.0,0.0,0.0
O=C(CCN(CCC(OCCCCCCCC/C=C\CC(CCCCCC)OC(CCCCCCC/C=C\C/C=C\CCCCC)=O)=O)CCCN1C=NC=C1)OCCCCCCCC/C=C\CC(CCCCCC)OC(CCCCCCC/C=C\C/C=C\CCCCC)=O,-1.8883994741192736,,,,,,,,,,,,,,,,0.0,0.0,0.0,0.0
O=C(CCN(CCC(OCCCCCCCC/C=C\CC(CCCCCC)OC(CCCCCCC/C=C\C/C=C\CCCCC)=O)=O)CCCN1C=NC=C1)OCCCCCCCC/C=C\CC(CCCCCC)OC(CCCCCCC/C=C\C/C=C\CCCCC)=O,-0.0534450824229291,,,,,,,,,,,,,,,,0.0,0.0,0.0,0.0
O=C(CCN(CCC(OCCCCCCCC/C=C\CC(CCCCCC)OC(CCCCCCC/C=C\C/C=C\CCCCC)=O)=O)CCCN1C=NC=C1)OCCCCCCCC/C=C\CC(CCCCCC)OC(CCCCCCC/C=C\C/C=C\CCCCC)=O,-2.35613294651246,,,,,,,,,,,,,,,,0.0,0.0,0.0,0.0
O=C(CCN(CCC(OCCCCCCCC/C=C\CC(CCCCCC)OC(CCCCCCC/C=C\C/C=C\CCCCC)=O)=O)CCCN1C=NC=C1)OCCCCCCCC/C=C\CC(CCCCCC)OC(CCCCCCC/C=C\C/C=C\CCCCC)=O,-0.7370555420745084,,,,,,,,,,,,,,,,0.0,0.0,0.0,0.0
O=C(CCN(CCC(OCCCCCCCC/C=C\CC(CCCCCC)OC(CCCCCCC/C=C\C/C=C\CCCCC)=O)=O)CCCN1C=NC=C1)OCCCCCCCC/C=C\CC(CCCCCC)OC(CCCCCCC/C=C\C/C=C\CCCCC)=O,-1.2137838889367942,,,,,,,,,,,,,,,,0.0,0.0,0.0,0.0
O=C(CCN(CCC(OCCCCCCCC/C=C\CC(CCCCCC)OC(CCCCCCC/C=C\C/C=C\CCCCC)=O)=O)CCCN1C=NC=C1)OCCCCCCCC/C=C\CC(CCCCCC)OC(CCCCCCC/C=C\C/C=C\CCCCC)=O,-0.4851990569397162,,,,,,,,,,,,,,,,0.0,0.0,0.0,0.0
O=C(CCN(CCC(OCCCCCCCC/C=C\CC(CCCCCC)OC(CCCCCCC/C=C\C/C=C\CCCCC)=O)=O)CCCN1C=NC=C1)OCCCCCCCC/C=C\CC(CCCCCC)OC(CCCCCCC/C=C\C/C=C\CCCCC)=O,-1.645537863453581,,,,,,,,,,,,,,,,0.0,0.0,0.0,0.0
O=C(CCN(CCC(OCCCCCCCC/C=C\CC(CCCCCC)OC(CCCCCCC/C=C\C/C=C\CCCCC)=O)=O)CCCN1C=NC=C1)OCCCCCCCC/C=C\CC(CCCCCC)OC(CCCCCCC/C=C\C/C=C\CCCCC)=O,-1.5645839932316836,,,,,,,,,,,,,,,,0.0,0.0,0.0,0.0
O=C(CCN(CCC(OCCCCCCCC/C=C\CC(CCCCCC)OC(CCCCCCC/C=C\C/C=C\CCCCC)=O)=O)CCCN1C=NC=C1)OCCCCCCCC/C=C\CC(CCCCCC)OC(CCCCCCC/C=C\C/C=C\CCCCC)=O,-0.9529325293329022,,,,,,,,,,,,,,,,0.0,0.0,0.0,0.0
O=C(CCN(CCC(OCCCCCCCC/C=C\CC(CCCCCC)OC(CCCCCCC/C=C\C/C=C\CCCCC)=O)=O)CCCN(CC)CC)OCCCCCCCC/C=C\CC(CCCCCC)OC(CCCCCCC/C=C\C/C=C\CCCCC)=O,-0.8449940357037053,,,,,,,,,,,,,,,,0.0,0.0,0.0,0.0
O=C(CCN(CCC(OCCCCCCCC/C=C\CC(CCCCCC)OC(CCCCCCC/C=C\C/C=C\CCCCC)=O)=O)CCCN(CC)CC)OCCCCCCCC/C=C\CC(CCCCCC)OC(CCCCCCC/C=C\C/C=C\CCCCC)=O,-0.287311818619522,,,,,,,,,,,,,,,,0.0,0.0,0.0,0.0
O=C(CCN(CCC(OCCCCCCCC/C=C\CC(CCCCCC)OC(CCCCCCC/C=C\C/C=C\CCCCC)=O)=O)CCCN(CC)CC)OCCCCCCCC/C=C\CC(CCCCCC)OC(CCCCCCC/C=C\C/C=C\CCCCC)=O,-0.3232913164959209,,,,,,,,,,,,,,,,0.0,0.0,0.0,0.0
O=C(CCN(CCC(OCCCCCCCC/C=C\CC(CCCCCC)OC(CCCCCCC/C=C\C/C=C\CCCCC)=O)=O)CCCN(CC)CC)OCCCCCCCC/C=C\CC(CCCCCC)OC(CCCCCCC/C=C\C/C=C\CCCCC)=O,0.0365036622680681,,,,,,,,,,,,,,,,0.0,0.0,0.0,0.0
O=C(CCN(CCC(OCCCCCCCC/C=C\CC(CCCCCC)OC(CCCCCCC/C=C\C/C=C\CCCCC)=O)=O)CCCN(CC)CC)OCCCCCCCC/C=C\CC(CCCCCC)OC(CCCCCCC/C=C\C/C=C\CCCCC)=O,-0.1523887015830261,,,,,,,,,,,,,,,,0.0,0.0,0.0,0.0
O=C(CCN(CCC(OCCCCCCCC/C=C\CC(CCCCCC)OC(CCCCCCC/C=C\C/C=C\CCCCC)=O)=O)CCCN(CC)CC)OCCCCCCCC/C=C\CC(CCCCCC)OC(CCCCCCC/C=C\C/C=C\CCCCC)=O,0.0454985367371681,,,,,,,,,,,,,,,,0.0,0.0,0.0,0.0
O=C(CCN(CCC(OCCCCCCCC/C=C\CC(CCCCCC)OC(CCCCCCC/C=C\C/C=C\CCCCC)=O)=O)CCCN(CC)CC)OCCCCCCCC/C=C\CC(CCCCCC)OC(CCCCCCC/C=C\C/C=C\CCCCC)=O,1.0709142262145377,,,,,,,,,,,,,,,,0.0,0.0,0.0,0.0
O=C(CCN(CCC(OCCCCCCCC/C=C\CC(CCCCCC)OC(CCCCCCC/C=C\C/C=C\CCCCC)=O)=O)CCCN(CC)CC)OCCCCCCCC/C=C\CC(CCCCCC)OC(CCCCCCC/C=C\C/C=C\CCCCC)=O,-0.9079581569874032,,,,,,,,,,,,,,,,0.0,0.0,0.0,0.0
O=C(CCN(CCC(OCCCCCCCC/C=C\CC(CCCCCC)OC(CCCCCCC/C=C\C/C=C\CCCCC)=O)=O)CCCN(CC)CC)OCCCCCCCC/C=C\CC(CCCCCC)OC(CCCCCCC/C=C\C/C=C\CCCCC)=O,1.1068937240909364,,,,,,,,,,,,,,,,0.0,0.0,0.0,0.0
O=C(CCN(CCC(OCCCCCCCC/C=C\CC(CCCCCC)OC(CCCCCCC/C=C\C/C=C\CCCCC)=O)=O)CCCN(CC)CC)OCCCCCCCC/C=C\CC(CCCCCC)OC(CCCCCCC/C=C\C/C=C\CCCCC)=O,0.8910167368325427,,,,,,,,,,,,,,,,0.0,0.0,0.0,0.0
O=C(CCN(CCC(OCCCCCCCC/C=C\CC(CCCCCC)OC(CCCCCCC/C=C\C/C=C\CCCCC)=O)=O)CCCN(CC)CC)OCCCCCCCC/C=C\CC(CCCCCC)OC(CCCCCCC/C=C\C/C=C\CCCCC)=O,1.448698953916726,,,,,,,,,,,,,,,,0.0,0.0,0.0,0.0
O=C(CCN(CCC(OCCCCCCCC/C=C\CC(CCCCCC)OC(CCCCCCC/C=C\C/C=C\CCCCC)=O)=O)CCCN(CC)CC)OCCCCCCCC/C=C\CC(CCCCCC)OC(CCCCCCC/C=C\C/C=C\CCCCC)=O,-0.0714348313611286,,,,,,,,,,,,,,,,0.0,0.0,0.0,0.0
O=C(CCN(CCC(OCCCCCCCC/C=C\CC(CCCCCC)OC(CCCCCCC/C=C\C/C=C\CCCCC)=O)=O)CCCN(CC)CC)OCCCCCCCC/C=C\CC(CCCCCC)OC(CCCCCCC/C=C\C/C=C\CCCCC)=O,0.0724831601444671,,,,,,,,,,,,,,,,0.0,0.0,0.0,0.0
O=C(CCN(CCC(OCCCCCCCC/C=C\CC(CCCCCC)OC(CCCCCCC/C=C\C/C=C\CCCCC)=O)=O)CCCN(CC)CC)OCCCCCCCC/C=C\CC(CCCCCC)OC(CCCCCCC/C=C\C/C=C\CCCCC)=O,0.7470987453269469,,,,,,,,,,,,,,,,0.0,0.0,0.0,0.0
O=C(CCN(CCC(OCCCCCCCC/C=C\CC(CCCCCC)OC(CCCCCCC/C=C\C/C=C\CCCCC)=O)=O)CCCN(CC)CC)OCCCCCCCC/C=C\CC(CCCCCC)OC(CCCCCCC/C=C\C/C=C\CCCCC)=O,0.9629757325853404,,,,,,,,,,,,,,,,0.0,0.0,0.0,0.0
O=C(CCN(CCC(OCCCCCCCC/C=C\CC(CCCCCC)OC(CCCCCCC/C=C\C/C=C\CCCCC)=O)=O)CCCN(CC)CC)OCCCCCCCC/C=C\CC(CCCCCC)OC(CCCCCCC/C=C\C/C=C\CCCCC)=O,-0.5301734292852147,,,,,,,,,,,,,,,,0.0,0.0,0.0,0.0
O=C(CCN(CCC(OCCCCCCCC/C=C\CC(CCCCCC)OC(CCCCCCC/C=C\C/C=C\CCCCC)=O)=O)CCCN(CC)CC)OCCCCCCCC/C=C\CC(CCCCCC)OC(CCCCCCC/C=C\C/C=C\CCCCC)=O,0.7201141219196474,,,,,,,,,,,,,,,,0.0,0.0,0.0,0.0
O=C(CCN(CCC(OCCCCCCCC/C=C\CC(CCCCCC)OC(CCCCCCC/C=C\C/C=C\CCCCC)=O)=O)CCCN(CC)CC)OCCCCCCCC/C=C\CC(CCCCCC)OC(CCCCCCC/C=C\C/C=C\CCCCC)=O,1.2418168411274315,,,,,,,,,,,,,,,,0.0,0.0,0.0,0.0
O=C(CCN(CCC(OCCCCCCCC/C=C\CC(CCCCCC)OC(CCCCCCC/C=C\C/C=C\CCCCC)=O)=O)CCCN(CC)CC)OCCCCCCCC/C=C\CC(CCCCCC)OC(CCCCCCC/C=C\C/C=C\CCCCC)=O,1.4127194560403271,,,,,,,,,,,,,,,,0.0,0.0,0.0,0.0
O=C(CCN(CCC(OCCCCCCCC/C=C\CC(CCCCCC)OC(CCCCCCC/C=C\C/C=C\CCCCC)=O)=O)CCCN(CC)CC)OCCCCCCCC/C=C\CC(CCCCCC)OC(CCCCCCC/C=C\C/C=C\CCCCC)=O,1.6645759411751189,,,,,,,,,,,,,,,,0.0,0.0,0.0,0.0
O=C(CCN(CCC(OCCCCCCCC/C=C\CC(CCCCCC)OC(CCCCCCC/C=C\C/C=C\CCCCC)=O)=O)CCCN(CC)CC)OCCCCCCCC/C=C\CC(CCCCCC)OC(CCCCCCC/C=C\C/C=C\CCCCC)=O,0.4232832644393563,,,,,,,,,,,,,,,,0.0,0.0,0.0,0.0
O=C(CCN(CCC(OCCCCCCCC/C=C\CC(CCCCCC)OC(CCCCCCC/C=C\C/C=C\CCCCC)=O)=O)CCCN(CC)CC)OCCCCCCCC/C=C\CC(CCCCCC)OC(CCCCCCC/C=C\C/C=C\CCCCC)=O,1.1068937240909364,,,,,,,,,,,,,,,,0.0,0.0,0.0,0.0
O=C(CCN(CCC(OCCCCCCCC/C=C\CC(CCCCCC)OC(CCCCCCC/C=C\C/C=C\CCCCC)=O)=O)CCCN(CC)CC)OCCCCCCCC/C=C\CC(CCCCCC)OC(CCCCCCC/C=C\C/C=C\CCCCC)=O,0.5402166325376527,,,,,,,,,,,,,,,,0.0,0.0,0.0,0.0
O=C(CCN(CCC(OCCCCCCCC/C=C\CC(CCCCCC)OC(CCCCCCC/C=C\C/C=C\CCCCC)=O)=O)CCCN(CC)CC)OCCCCCCCC/C=C\CC(CCCCCC)OC(CCCCCCC/C=C\C/C=C\CCCCC)=O,0.4052935155011572,,,,,,,,,,,,,,,,0.0,0.0,0.0,0.0
O=C(CCN(CCC(OCCCCCCCC/C=C\CC(CCCCCC)OC(CCC/C=C\C/C=C\C/C=C\C/C=C\CCCCC)=O)=O)CCCN1C=NC=C1)OCCCCCCCC/C=C\CC(CCCCCC)OC(CCC/C=C\C/C=C\C/C=C\C/C=C\CCCCC)=O,-2.0323174656248693,,,,,,,,,,,,,,,,0.0,0.0,0.0,0.0
O=C(CCN(CCC(OCCCCCCCC/C=C\CC(CCCCCC)OC(CCC/C=C\C/C=C\C/C=C\C/C=C\CCCCC)=O)=O)CCCN1C=NC=C1)OCCCCCCCC/C=C\CC(CCCCCC)OC(CCC/C=C\C/C=C\C/C=C\C/C=C\CCCCC)=O,-1.6275481145153816,,,,,,,,,,,,,,,,0.0,0.0,0.0,0.0
O=C(CCN(CCC(OCCCCCCCC/C=C\CC(CCCCCC)OC(CCC/C=C\C/C=C\C/C=C\C/C=C\CCCCC)=O)=O)CCCN1C=NC=C1)OCCCCCCCC/C=C\CC(CCCCCC)OC(CCC/C=C\C/C=C\C/C=C\C/C=C\CCCCC)=O,-0.9529325293329022,,,,,,,,,,,,,,,,0.0,0.0,0.0,0.0
O=C(CCN(CCC(OCCCCCCCC/C=C\CC(CCCCCC)OC(CCC/C=C\C/C=C\C/C=C\C/C=C\CCCCC)=O)=O)CCCN1C=NC=C1)OCCCCCCCC/C=C\CC(CCCCCC)OC(CCC/C=C\C/C=C\C/C=C\C/C=C\CCCCC)=O,-1.051876148492999,,,,,,,,,,,,,,,,0.0,0.0,0.0,0.0
O=C(CCN(CCC(OCCCCCCCC/C=C\CC(CCCCCC)OC(CCC/C=C\C/C=C\C/C=C\C/C=C\CCCCC)=O)=O)CCCN1C=NC=C1)OCCCCCCCC/C=C\CC(CCCCCC)OC(CCC/C=C\C/C=C\C/C=C\C/C=C\CCCCC)=O,-1.8164404783664765,,,,,,,,,,,,,,,,0.0,0.0,0.0,0.0
O=C(CCN(CCC(OCCCCCCCC/C=C\CC(CCCCCC)OC(CCC/C=C\C/C=C\C/C=C\C/C=C\CCCCC)=O)=O)CCCN1C=NC=C1)OCCCCCCCC/C=C\CC(CCCCCC)OC(CCC/C=C\C/C=C\C/C=C\C/C=C\CCCCC)=O,-1.6635276123917806,,,,,,,,,,,,,,,,0.0,0.0,0.0,0.0
O=C(CCN(CCC(OCCCCCCCC/C=C\CC(CCCCCC)OC(CCC/C=C\C/C=C\C/C=C\C/C=C\CCCCC)=O)=O)CCCN1C=NC=C1)OCCCCCCCC/C=C\CC(CCCCCC)OC(CCC/C=C\C/C=C\C/C=C\C/C=C\CCCCC)=O,-0.6471067973835111,,,,,,,,,,,,,,,,0.0,0.0,0.0,0.0
O=C(CCN(CCC(OCCCCCCCC/C=C\CC(CCCCCC)OC(CCC/C=C\C/C=C\C/C=C\C/C=C\CCCCC)=O)=O)CCCN1C=NC=C1)OCCCCCCCC/C=C\CC(CCCCCC)OC(CCC/C=C\C/C=C\C/C=C\C/C=C\CCCCC)=O,-1.8344302273046755,,,,,,,,,,,,,,,,0.0,0.0,0.0,0.0
O=C(CCN(CCC(OCCCCCCCC/C=C\CC(CCCCCC)OC(CCC/C=C\C/C=C\C/C=C\C/C=C\CCCCC)=O)=O)CCCN1C=NC=C1)OCCCCCCCC/C=C\CC(CCCCCC)OC(CCC/C=C\C/C=C\C/C=C\C/C=C\CCCCC)=O,-0.4762041824706162,,,,,,,,,,,,,,,,0.0,0.0,0.0,0.0
O=C(CCN(CCC(OCCCCCCCC/C=C\CC(CCCCCC)OC(CCC/C=C\C/C=C\C/C=C\C/C=C\CCCCC)=O)=O)CCCN1C=NC=C1)OCCCCCCCC/C=C\CC(CCCCCC)OC(CCC/C=C\C/C=C\C/C=C\C/C=C\CCCCC)=O,-1.393681378318789,,,,,,,,,,,,,,,,0.0,0.0,0.0,0.0
O=C(CCN(CCC(OCCCCCCCC/C=C\CC(CCCCCC)OC(CCC/C=C\C/C=C\C/C=C\C/C=C\CCCCC)=O)=O)CCCN1C=NC=C1)OCCCCCCCC/C=C\CC(CCCCCC)OC(CCC/C=C\C/C=C\C/C=C\C/C=C\CCCCC)=O,0.0185139133298687,,,,,,,,,,,,,,,,0.0,0.0,0.0,0.0
O=C(CCN(CCC(OCCCCCCCC/C=C\CC(CCCCCC)OC(CCC/C=C\C/C=C\C/C=C\C/C=C\CCCCC)=O)=O)CCCN1C=NC=C1)OCCCCCCCC/C=C\CC(CCCCCC)OC(CCC/C=C\C/C=C\C/C=C\C/C=C\CCCCC)=O,-1.186799265529495,,,,,,,,,,,,,,,,0.0,0.0,0.0,0.0
O=C(CCN(CCC(OCCCCCCCC/C=C\CC(CCCCCC)OC(CCC/C=C\C/C=C\C/C=C\C/C=C\CCCCC)=O)=O)CCCN1C=NC=C1)OCCCCCCCC/C=C\CC(CCCCCC)OC(CCC/C=C\C/C=C\C/C=C\C/C=C\CCCCC)=O,-1.5825737421698831,,,,,,,,,,,,,,,,0.0,0.0,0.0,0.0
O=C(CCN(CCC(OCCCCCCCC/C=C\CC(CCCCCC)OC(CCC/C=C\C/C=C\C/C=C\C/C=C\CCCCC)=O)=O)CCCN1C=NC=C1)OCCCCCCCC/C=C\CC(CCCCCC)OC(CCC/C=C\C/C=C\C/C=C\C/C=C\CCCCC)=O,-1.4656403740715866,,,,,,,,,,,,,,,,0.0,0.0,0.0,0.0
O=C(CCN(CCC(OCCCCCCCC/C=C\CC(CCCCCC)OC(CCC/C=C\C/C=C\C/C=C\C/C=C\CCCCC)=O)=O)CCCN(CC)CC)OCCCCCCCC/C=C\CC(CCCCCC)OC(CCC/C=C\C/C=C\C/C=C\C/C=C\CCCCC)=O,-0.68308629525991,,,,,,,,,,,,,,,,0.0,0.0,0.0,0.0
O=C(CCN(CCC(OCCCCCCCC/C=C\CC(CCCCCC)OC(CCC/C=C\C/C=C\C/C=C\C/C=C\CCCCC)=O)=O)CCCN(CC)CC)OCCCCCCCC/C=C\CC(CCCCCC)OC(CCC/C=C\C/C=C\C/C=C\C/C=C\CCCCC)=O,-0.3592708143723199,,,,,,,,,,,,,,,,0.0,0.0,0.0,0.0
O=C(CCN(CCC(OCCCCCCCC/C=C\CC(CCCCCC)OC(CCC/C=C\C/C=C\C/C=C\C/C=C\CCCCC)=O)=O)CCCN(CC)CC)OCCCCCCCC/C=C\CC(CCCCCC)OC(CCC/C=C\C/C=C\C/C=C\C/C=C\CCCCC)=O,-0.7280606676054089,,,,,,,,,,,,,,,,0.0,0.0,0.0,0.0
O=C(CCN(CCC(OCCCCCCCC/C=C\CC(CCCCCC)OC(CCC/C=C\C/C=C\C/C=C\C/C=C\CCCCC)=O)=O)CCCN(CC)CC)OCCCCCCCC/C=C\CC(CCCCCC)OC(CCC/C=C\C/C=C\C/C=C\C/C=C\CCCCC)=O,0.0005241643916692,,,,,,,,,,,,,,,,0.0,0.0,0.0,0.0
O=C(CCN(CCC(OCCCCCCCC/C=C\CC(CCCCCC)OC(CCC/C=C\C/C=C\C/C=C\C/C=C\CCCCC)=O)=O)CCCN(CC)CC)OCCCCCCCC/C=C\CC(CCCCCC)OC(CCC/C=C\C/C=C\C/C=C\C/C=C\CCCCC)=O,-0.6291170484453116,,,,,,,,,,,,,,,,0.0,0.0,0.0,0.0
O=C(CCN(CCC(OCCCCCCCC/C=C\CC(CCCCCC)OC(CCC/C=C\C/C=C\C/C=C\C/C=C\CCCCC)=O)=O)CCCN(CC)CC)OCCCCCCCC/C=C\CC(CCCCCC)OC(CCC/C=C\C/C=C\C/C=C\C/C=C\CCCCC)=O,0.1174575324899656,,,,,,,,,,,,,,,,0.0,0.0,0.0,0.0
O=C(CCN(CCC(OCCCCCCCC/C=C\CC(CCCCCC)OC(CCC/C=C\C/C=C\C/C=C\C/C=C\CCCCC)=O)=O)CCCN(CC)CC)OCCCCCCCC/C=C\CC(CCCCCC)OC(CCC/C=C\C/C=C\C/C=C\C/C=C\CCCCC)=O,0.7830782432033458,,,,,,,,,,,,,,,,0.0,0.0,0.0,0.0
O=C(CCN(CCC(OCCCCCCCC/C=C\CC(CCCCCC)OC(CCC/C=C\C/C=C\C/C=C\C/C=C\CCCCC)=O)=O)CCCN(CC)CC)OCCCCCCCC/C=C\CC(CCCCCC)OC(CCC/C=C\C/C=C\C/C=C\C/C=C\CCCCC)=O,-0.7640401654818079,,,,,,,,,,,,,,,,0.0,0.0,0.0,0.0
O=C(CCN(CCC(OCCCCCCCC/C=C\CC(CCCCCC)OC(CCC/C=C\C/C=C\C/C=C\C/C=C\CCCCC)=O)=O)CCCN(CC)CC)OCCCCCCCC/C=C\CC(CCCCCC)OC(CCC/C=C\C/C=C\C/C=C\C/C=C\CCCCC)=O,1.0169449793999386,,,,,,,,,,,,,,,,0.0,0.0,0.0,0.0
O=C(CCN(CCC(OCCCCCCCC/C=C\CC(CCCCCC)OC(CCC/C=C\C/C=C\C/C=C\C/C=C\CCCCC)=O)=O)CCCN(CC)CC)OCCCCCCCC/C=C\CC(CCCCCC)OC(CCC/C=C\C/C=C\C/C=C\C/C=C\CCCCC)=O,-0.1164092037066271,,,,,,,,,,,,,,,,0.0,0.0,0.0,0.0
O=C(CCN(CCC(OCCCCCCCC/C=C\CC(CCCCCC)OC(CCC/C=C\C/C=C\C/C=C\C/C=C\CCCCC)=O)=O)CCCN(CC)CC)OCCCCCCCC/C=C\CC(CCCCCC)OC(CCC/C=C\C/C=C\C/C=C\C/C=C\CCCCC)=O,0.6841346240432485,,,,,,,,,,,,,,,,0.0,0.0,0.0,0.0
O=C(CCN(CCC(OCCCCCCCC/C=C\CC(CCCCCC)OC(CCC/C=C\C/C=C\C/C=C\C/C=C\CCCCC)=O)=O)CCCN(CC)CC)OCCCCCCCC/C=C\CC(CCCCCC)OC(CCC/C=C\C/C=C\C/C=C\C/C=C\CCCCC)=O,-0.5031888058779157,,,,,,,,,,,,,,,,0.0,0.0,0.0,0.0
O=C(CCN(CCC(OCCCCCCCC/C=C\CC(CCCCCC)OC(CCC/C=C\C/C=C\C/C=C\C/C=C\CCCCC)=O)=O)CCCN(CC)CC)OCCCCCCCC/C=C\CC(CCCCCC)OC(CCC/C=C\C/C=C\C/C=C\C/C=C\CCCCC)=O,-0.1523887015830261,,,,,,,,,,,,,,,,0.0,0.0,0.0,0.0
O=C(CCN(CCC(OCCCCCCCC/C=C\CC(CCCCCC)OC(CCC/C=C\C/C=C\C/C=C\C/C=C\CCCCC)=O)=O)CCCN(CC)CC)OCCCCCCCC/C=C\CC(CCCCCC)OC(CCC/C=C\C/C=C\C/C=C\C/C=C\CCCCC)=O,0.5941858793522515,,,,,,,,,,,,,,,,0.0,0.0,0.0,0.0
O=C(CCN(CCC(OCCCCCCCC/C=C\CC(CCCCCC)OC(CCC/C=C\C/C=C\C/C=C\C/C=C\CCCCC)=O)=O)CCCN(CC)CC)OCCCCCCCC/C=C\CC(CCCCCC)OC(CCC/C=C\C/C=C\C/C=C\C/C=C\CCCCC)=O,0.2883601474028608,,,,,,,,,,,,,,,,0.0,0.0,0.0,0.0
O=C(CCN(CCC(OCCCCCCCC/C=C\CC(CCCCCC)OC(CCC/C=C\C/C=C\C/C=C\C/C=C\CCCCC)=O)=O)CCCN(CC)CC)OCCCCCCCC/C=C\CC(CCCCCC)OC(CCC/C=C\C/C=C\C/C=C\C/C=C\CCCCC)=O,-1.0608710229620986,,,,,,,,,,,,,,,,0.0,0.0,0.0,0.0
O=C(CCN(CCC(OCCCCCCCC/C=C\CC(CCCCCC)OC(CCC/C=C\C/C=C\C/C=C\C/C=C\CCCCC)=O)=O)CCCN(CC)CC)OCCCCCCCC/C=C\CC(CCCCCC)OC(CCC/C=C\C/C=C\C/C=C\C/C=C\CCCCC)=O,0.5761961304140516,,,,,,,,,,,,,,,,0.0,0.0,0.0,0.0
O=C(CCN(CCC(OCCCCCCCC/C=C\CC(CCCCCC)OC(CCC/C=C\C/C=C\C/C=C\C/C=C\CCCCC)=O)=O)CCCN(CC)CC)OCCCCCCCC/C=C\CC(CCCCCC)OC(CCC/C=C\C/C=C\C/C=C\C/C=C\CCCCC)=O,0.953980858116241,,,,,,,,,,,,,,,,0.0,0.0,0.0,0.0
O=C(CCN(CCC(OCCCCCCCC/C=C\CC(CCCCCC)OC(CCC/C=C\C/C=C\C/C=C\C/C=C\CCCCC)=O)=O)CCCN(CC)CC)OCCCCCCCC/C=C\CC(CCCCCC)OC(CCC/C=C\C/C=C\C/C=C\C/C=C\CCCCC)=O,0.9989552304617396,,,,,,,,,,,,,,,,0.0,0.0,0.0,0.0
O=C(CCN(CCC(OCCCCCCCC/C=C\CC(CCCCCC)OC(CCC/C=C\C/C=C\C/C=C\C/C=C\CCCCC)=O)=O)CCCN(CC)CC)OCCCCCCCC/C=C\CC(CCCCCC)OC(CCC/C=C\C/C=C\C/C=C\C/C=C\CCCCC)=O,1.853468305026214,,,,,,,,,,,,,,,,0.0,0.0,0.0,0.0
O=C(CCN(CCC(OCCCCCCCC/C=C\CC(CCCCCC)OC(CCC/C=C\C/C=C\C/C=C\C/C=C\CCCCC)=O)=O)CCCN(CC)CC)OCCCCCCCC/C=C\CC(CCCCCC)OC(CCC/C=C\C/C=C\C/C=C\C/C=C\CCCCC)=O,0.513232009130354,,,,,,,,,,,,,,,,0.0,0.0,0.0,0.0
O=C(CCN(CCC(OCCCCCCCC/C=C\CC(CCCCCC)OC(CCC/C=C\C/C=C\C/C=C\C/C=C\CCCCC)=O)=O)CCCN(CC)CC)OCCCCCCCC/C=C\CC(CCCCCC)OC(CCC/C=C\C/C=C\C/C=C\C/C=C\CCCCC)=O,1.5386476986077229,,,,,,,,,,,,,,,,0.0,0.0,0.0,0.0
O=C(CCN(CCC(OCCCCCCCC/C=C\CC(CCCCCC)OC(CCC/C=C\C/C=C\C/C=C\C/C=C\CCCCC)=O)=O)CCCN(CC)CC)OCCCCCCCC/C=C\CC(CCCCCC)OC(CCC/C=C\C/C=C\C/C=C\C/C=C\CCCCC)=O,0.1534370303663645,,,,,,,,,,,,,,,,0.0,0.0,0.0,0.0
O=C(CCN(CCC(OCCCCCCCC/C=C\CC(CCCCCC)OC(CCC/C=C\C/C=C\C/C=C\C/C=C\CCCCC)=O)=O)CCCN(CC)CC)OCCCCCCCC/C=C\CC(CCCCCC)OC(CCC/C=C\C/C=C\C/C=C\C/C=C\CCCCC)=O,0.8820218623634432,,,,,,,,,,,,,,,,0.0,0.0,0.0,0.0
O=C(CCN(CCC(OCCCCCCCC/C=C\CC(CCCCCC)OC(CC/C=C\CCCCC)=O)=O)CCN1CCN(C)CCC1)OCCCCCCCC/C=C\CC(CCCCCC)OC(CC/C=C\CCCCC)=O,-0.9079581569874032,,,,,,,,,,,,,,,,0.0,0.0,0.0,0.0
O=C(CCN(CCC(OCCCCCCCC/C=C\CC(CCCCCC)OC(CC/C=C\CCCCC)=O)=O)CCN1CCN(C)CCC1)OCCCCCCCC/C=C\CC(CCCCCC)OC(CC/C=C\CCCCC)=O,-0.188368199459425,,,,,,,,,,,,,,,,0.0,0.0,0.0,0.0
O=C(CCN(CCC(OCCCCCCCC/C=C\CC(CCCCCC)OC(CC/C=C\CCCCC)=O)=O)CCN1CCN(C)CCC1)OCCCCCCCC/C=C\CC(CCCCCC)OC(CC/C=C\CCCCC)=O,0.0185139133298687,,,,,,,,,,,,,,,,0.0,0.0,0.0,0.0
O=C(CCN(CCC(OCCCCCCCC/C=C\CC(CCCCCC)OC(CC/C=C\CCCCC)=O)=O)CCN1CCN(C)CCC1)OCCCCCCCC/C=C\CC(CCCCCC)OC(CC/C=C\CCCCC)=O,0.3153447708101594,,,,,,,,,,,,,,,,0.0,0.0,0.0,0.0
O=C(CCN(CCC(OCCCCCCCC/C=C\CC(CCCCCC)OC(CC/C=C\CCCCC)=O)=O)CCN1CCN(C)CCC1)OCCCCCCCC/C=C\CC(CCCCCC)OC(CC/C=C\CCCCC)=O,-0.6111272995071121,,,,,,,,,,,,,,,,0.0,0.0,0.0,0.0
O=C(CCN(CCC(OCCCCCCCC/C=C\CC(CCCCCC)OC(CC/C=C\CCCCC)=O)=O)CCN1CCN(C)CCC1)OCCCCCCCC/C=C\CC(CCCCCC)OC(CC/C=C\CCCCC)=O,0.0814780346135666,,,,,,,,,,,,,,,,0.0,0.0,0.0,0.0
O=C(CCN(CCC(OCCCCCCCC/C=C\CC(CCCCCC)OC(CC/C=C\CCCCC)=O)=O)CCN1CCN(C)CCC1)OCCCCCCCC/C=C\CC(CCCCCC)OC(CC/C=C\CCCCC)=O,1.0889039751527363,,,,,,,,,,,,,,,,0.0,0.0,0.0,0.0
O=C(CCN(CCC(OCCCCCCCC/C=C\CC(CCCCCC)OC(CC/C=C\CCCCC)=O)=O)CCN1CCN(C)CCC1)OCCCCCCCC/C=C\CC(CCCCCC)OC(CC/C=C\CCCCC)=O,-0.0354553334847297,,,,,,,,,,,,,,,,0.0,0.0,0.0,0.0
O=C(CCN(CCC(OCCCCCCCC/C=C\CC(CCCCCC)OC(CC/C=C\CCCCC)=O)=O)CCN1CCN(C)CCC1)OCCCCCCCC/C=C\CC(CCCCCC)OC(CC/C=C\CCCCC)=O,1.7365349369279168,,,,,,,,,,,,,,,,0.0,0.0,0.0,0.0
O=C(CCN(CCC(OCCCCCCCC/C=C\CC(CCCCCC)OC(CC/C=C\CCCCC)=O)=O)CCN1CCN(C)CCC1)OCCCCCCCC/C=C\CC(CCCCCC)OC(CC/C=C\CCCCC)=O,-0.3053015675577214,,,,,,,,,,,,,,,,0.0,0.0,0.0,0.0
O=C(CCN(CCC(OCCCCCCCC/C=C\CC(CCCCCC)OC(CC/C=C\CCCCC)=O)=O)CCN1CCN(C)CCC1)OCCCCCCCC/C=C\CC(CCCCCC)OC(CC/C=C\CCCCC)=O,1.349755334756629,,,,,,,,,,,,,,,,0.0,0.0,0.0,0.0
O=C(CCN(CCC(OCCCCCCCC/C=C\CC(CCCCCC)OC(CC/C=C\CCCCC)=O)=O)CCN1CCN(C)CCC1)OCCCCCCCC/C=C\CC(CCCCCC)OC(CC/C=C\CCCCC)=O,-0.260327195212223,,,,,,,,,,,,,,,,0.0,0.0,0.0,0.0
O=C(CCN(CCC(OCCCCCCCC/C=C\CC(CCCCCC)OC(CC/C=C\CCCCC)=O)=O)CCN1CCN(C)CCC1)OCCCCCCCC/C=C\CC(CCCCCC)OC(CC/C=C\CCCCC)=O,-0.3053015675577214,,,,,,,,,,,,,,,,0.0,0.0,0.0,0.0
O=C(CCN(CCC(OCCCCCCCC/C=C\CC(CCCCCC)OC(CC/C=C\CCCCC)=O)=O)CCN1CCN(C)CCC1)OCCCCCCCC/C=C\CC(CCCCCC)OC(CC/C=C\CCCCC)=O,0.0365036622680681,,,,,,,,,,,,,,,,0.0,0.0,0.0,0.0
O=C(CCN(CCC(OCCCCCCCC/C=C\CC(CCCCCC)OC(CC/C=C\CCCCC)=O)=O)CCN1CCN(C)CCC1)OCCCCCCCC/C=C\CC(CCCCCC)OC(CC/C=C\CCCCC)=O,0.4322781389084566,,,,,,,,,,,,,,,,0.0,0.0,0.0,0.0
O=C(CCN(CCC(OCCCCCCCC/C=C\CC(CCCCCC)OC(CC/C=C\CCCCC)=O)=O)CCN1CCN(C)CCC1)OCCCCCCCC/C=C\CC(CCCCCC)OC(CC/C=C\CCCCC)=O,-0.3053015675577214,,,,,,,,,,,,,,,,0.0,0.0,0.0,0.0
O=C(CCN(CCC(OCCCCCCCC/C=C\CC(CCCCCC)OC(CC/C=C\CCCCC)=O)=O)CCN1CCN(C)CCC1)OCCCCCCCC/C=C\CC(CCCCCC)OC(CC/C=C\CCCCC)=O,0.8460423644870442,,,,,,,,,,,,,,,,0.0,0.0,0.0,0.0
O=C(CCN(CCC(OCCCCCCCC/C=C\CC(CCCCCC)OC(CC/C=C\CCCCC)=O)=O)CCN1CCN(C)CCC1)OCCCCCCCC/C=C\CC(CCCCCC)OC(CC/C=C\CCCCC)=O,0.9629757325853404,,,,,,,,,,,,,,,,0.0,0.0,0.0,0.0
O=C(CCN(CCC(OCCCCCCCC/C=C\CC(CCCCCC)OC(CC/C=C\CCCCC)=O)=O)CCN1CCN(C)CCC1)OCCCCCCCC/C=C\CC(CCCCCC)OC(CC/C=C\CCCCC)=O,0.9899603559926392,,,,,,,,,,,,,,,,0.0,0.0,0.0,0.0
O=C(CCN(CCC(OCCCCCCCC/C=C\CC(CCCCCC)OC(CC/C=C\CCCCC)=O)=O)CCN1CCN(C)CCC1)OCCCCCCCC/C=C\CC(CCCCCC)OC(CC/C=C\CCCCC)=O,1.2957860879420309,,,,,,,,,,,,,,,,0.0,0.0,0.0,0.0
O=C(CCN(CCC(OCCCCCCCC/C=C\CC(CCCCCC)OC(CC/C=C\CCCCC)=O)=O)CCN1CCN(C)CCC1)OCCCCCCCC/C=C\CC(CCCCCC)OC(CC/C=C\CCCCC)=O,0.8460423644870442,,,,,,,,,,,,,,,,0.0,0.0,0.0,0.0
O=C(CCN(CCC(OCCCCCCCC/C=C\CC(CCCCCC)OC(CC/C=C\CCCCC)=O)=O)CCN1CCN(C)CCC1)OCCCCCCCC/C=C\CC(CCCCCC)OC(CC/C=C\CCCCC)=O,0.8460423644870442,,,,,,,,,,,,,,,,0.0,0.0,0.0,0.0
O=C(CCN(CCC(OCCCCCCCC/C=C\CC(CCCCCC)OC(CC/C=C\CCCCC)=O)=O)CCN1CCN(C)CCC1)OCCCCCCCC/C=C\CC(CCCCCC)OC(CC/C=C\CCCCC)=O,0.3063498963410599,,,,,,,,,,,,,,,,0.0,0.0,0.0,0.0
O=C(CCN(CCC(OCCCCCCCC/C=C\CC(CCCCCC)OC(CC/C=C\CCCCC)=O)=O)CCN1CCN(C)CCC1)OCCCCCCCC/C=C\CC(CCCCCC)OC(CC/C=C\CCCCC)=O,0.6211705027595509,,,,,,,,,,,,,,,,0.0,0.0,0.0,0.0
O=C(OCCCCCCCC/C=C\CC(CCCCCC)OC(CC/C=C\CCCCC)=O)CCN1CCC(C2=CC=NC=C2)CC1,-0.9979069016784008,,,,,,,,,,,,,,,,0.0,0.0,0.0,0.0
O=C(OCCCCCCCC/C=C\CC(CCCCCC)OC(CC/C=C\CCCCC)=O)CCN1CCC(C2=CC=NC=C2)CC1,-0.8989632825183037,,,,,,,,,,,,,,,,0.0,0.0,0.0,0.0
O=C(OCCCCCCCC/C=C\CC(CCCCCC)OC(CC/C=C\CCCCC)=O)CCN1CCC(C2=CC=NC=C2)CC1,-1.1058453953075975,,,,,,,,,,,,,,,,0.0,0.0,0.0,0.0
O=C(OCCCCCCCC/C=C\CC(CCCCCC)OC(CC/C=C\CCCCC)=O)CCN1CCC(C2=CC=NC=C2)CC1,-0.6381119229144115,,,,,,,,,,,,,,,,0.0,0.0,0.0,0.0
O=C(OCCCCCCCC/C=C\CC(CCCCCC)OC(CC/C=C\CCCCC)=O)CCN1CCC(C2=CC=NC=C2)CC1,-0.215352822866724,,,,,,,,,,,,,,,,0.0,0.0,0.0,0.0
O=C(OCCCCCCCC/C=C\CC(CCCCCC)OC(CC/C=C\CCCCC)=O)CCN1CCC(C2=CC=NC=C2)CC1,-0.8359991612346054,,,,,,,,,,,,,,,,0.0,0.0,0.0,0.0
O=C(OCCCCCCCC/C=C\CC(CCCCCC)OC(CC/C=C\CCCCC)=O)CCN1CCC(C2=CC=NC=C2)CC1,-0.1703784505212255,,,,,,,,,,,,,,,,0.0,0.0,0.0,0.0
O=C(OCCCCCCCC/C=C\CC(CCCCCC)OC(CC/C=C\CCCCC)=O)CCN1CCC(C2=CC=NC=C2)CC1,-1.5375993698243844,,,,,,,,,,,,,,,,0.0,0.0,0.0,0.0
O=C(OCCCCCCCC/C=C\CC(CCCCCC)OC(CC/C=C\CCCCC)=O)CCN1CCC(C2=CC=NC=C2)CC1,-1.4296608761951877,,,,,,,,,,,,,,,,0.0,0.0,0.0,0.0
O=C(OCCCCCCCC/C=C\CC(CCCCCC)OC(CC/C=C\CCCCC)=O)CCN1CCC(C2=CC=NC=C2)CC1,-1.1058453953075975,,,,,,,,,,,,,,,,0.0,0.0,0.0,0.0
O=C(OCCCCCCCC/C=C\CC(CCCCCC)OC(CC/C=C\CCCCC)=O)CCN1CCC(C2=CC=NC=C2)CC1,0.9629757325853404,,,,,,,,,,,,,,,,0.0,0.0,0.0,0.0
O=C(OCCCCCCCC/C=C\CC(CCCCCC)OC(CC/C=C\CCCCC)=O)CCN1CCC(C2=CC=NC=C2)CC1,-1.0608710229620986,,,,,,,,,,,,,,,,0.0,0.0,0.0,0.0
O=C(OCCCCCCCC/C=C\CC(CCCCCC)OC(CC/C=C\CCCCC)=O)CCN1CCC(C2=CC=NC=C2)CC1,-0.9439376548638022,,,,,,,,,,,,,,,,0.0,0.0,0.0,0.0
O=C(OCCCCCCCC/C=C\CC(CCCCCC)OC(CC/C=C\CCCCC)=O)CCN1CCC(C2=CC=NC=C2)CC1,-0.0354553334847297,,,,,,,,,,,,,,,,0.0,0.0,0.0,0.0
O=C(CCN(CCC(OCCCCCCCC/C=C\CC(CCCCCC)OC(CC/C=C\CCCCC)=O)=O)CCCN(CC)CC)OCCCCCCCC/C=C\CC(CCCCCC)OC(CC/C=C\CCCCC)=O,0.8010679921415449,,,,,,,,,,,,,,,,0.0,0.0,0.0,0.0
O=C(CCN(CCC(OCCCCCCCC/C=C\CC(CCCCCC)OC(CC/C=C\CCCCC)=O)=O)CCCN(CC)CC)OCCCCCCCC/C=C\CC(CCCCCC)OC(CC/C=C\CCCCC)=O,-0.988912027209301,,,,,,,,,,,,,,,,0.0,0.0,0.0,0.0
O=C(CCN(CCC(OCCCCCCCC/C=C\CC(CCCCCC)OC(CC/C=C\CCCCC)=O)=O)CCCN(CC)CC)OCCCCCCCC/C=C\CC(CCCCCC)OC(CC/C=C\CCCCC)=O,0.6121756282904506,,,,,,,,,,,,,,,,0.0,0.0,0.0,0.0
O=C(CCN(CCC(OCCCCCCCC/C=C\CC(CCCCCC)OC(CC/C=C\CCCCC)=O)=O)CCCN(CC)CC)OCCCCCCCC/C=C\CC(CCCCCC)OC(CC/C=C\CCCCC)=O,0.0185139133298687,,,,,,,,,,,,,,,,0.0,0.0,0.0,0.0
O=C(CCN(CCC(OCCCCCCCC/C=C\CC(CCCCCC)OC(CC/C=C\CCCCC)=O)=O)CCCN(CC)CC)OCCCCCCCC/C=C\CC(CCCCCC)OC(CC/C=C\CCCCC)=O,1.5296528241386234,,,,,,,,,,,,,,,,0.0,0.0,0.0,0.0
O=C(CCN(CCC(OCCCCCCCC/C=C\CC(CCCCCC)OC(CC/C=C\CCCCC)=O)=O)CCCN(CC)CC)OCCCCCCCC/C=C\CC(CCCCCC)OC(CC/C=C\CCCCC)=O,-0.224347697335824,,,,,,,,,,,,,,,,0.0,0.0,0.0,0.0
O=C(CCN(CCC(OCCCCCCCC/C=C\CC(CCCCCC)OC(CC/C=C\CCCCC)=O)=O)CCCN(CC)CC)OCCCCCCCC/C=C\CC(CCCCCC)OC(CC/C=C\CCCCC)=O,0.2253960261191624,,,,,,,,,,,,,,,,0.0,0.0,0.0,0.0
O=C(CCN(CCC(OCCCCCCCC/C=C\CC(CCCCCC)OC(CC/C=C\CCCCC)=O)=O)CCCN(CC)CC)OCCCCCCCC/C=C\CC(CCCCCC)OC(CC/C=C\CCCCC)=O,0.2793652729337609,,,,,,,,,,,,,,,,0.0,0.0,0.0,0.0
O=C(CCN(CCC(OCCCCCCCC/C=C\CC(CCCCCC)OC(CC/C=C\CCCCC)=O)=O)CCCN(CC)CC)OCCCCCCCC/C=C\CC(CCCCCC)OC(CC/C=C\CCCCC)=O,1.097898849621836,,,,,,,,,,,,,,,,0.0,0.0,0.0,0.0
O=C(CCN(CCC(OCCCCCCCC/C=C\CC(CCCCCC)OC(CC/C=C\CCCCC)=O)=O)CCCN(CC)CC)OCCCCCCCC/C=C\CC(CCCCCC)OC(CC/C=C\CCCCC)=O,-0.4672093080015167,,,,,,,,,,,,,,,,0.0,0.0,0.0,0.0
O=C(CCN(CCC(OCCCCCCCC/C=C\CC(CCCCCC)OC(CC/C=C\CCCCC)=O)=O)CCCN(CC)CC)OCCCCCCCC/C=C\CC(CCCCCC)OC(CC/C=C\CCCCC)=O,0.1534370303663645,,,,,,,,,,,,,,,,0.0,0.0,0.0,0.0
O=C(CCN(CCC(OCCCCCCCC/C=C\CC(CCCCCC)OC(CC/C=C\CCCCC)=O)=O)CCCN(CC)CC)OCCCCCCCC/C=C\CC(CCCCCC)OC(CC/C=C\CCCCC)=O,0.6661448751050494,,,,,,,,,,,,,,,,0.0,0.0,0.0,0.0
O=C(CCN(CCC(OCCCCCCCC/C=C\CC(CCCCCC)OC(CC/C=C\CCCCC)=O)=O)CCCN(CC)CC)OCCCCCCCC/C=C\CC(CCCCCC)OC(CC/C=C\CCCCC)=O,0.7291089963887478,,,,,,,,,,,,,,,,0.0,0.0,0.0,0.0
O=C(CCN(CCC(OCCCCCCCC/C=C\CC(CCCCCC)OC(CC/C=C\CCCCC)=O)=O)CCCN(CC)CC)OCCCCCCCC/C=C\CC(CCCCCC)OC(CC/C=C\CCCCC)=O,1.9344221752481117,,,,,,,,,,,,,,,,0.0,0.0,0.0,0.0
O=C(CCN(CCC(OCCCCCCCC/C=C\CC(CCCCCC)OC(CC/C=C\CCCCC)=O)=O)CCCN(CC)CC)OCCCCCCCC/C=C\CC(CCCCCC)OC(CC/C=C\CCCCC)=O,-0.0804297058302282,,,,,,,,,,,,,,,,0.0,0.0,0.0,0.0
O=C(CCN(CCC(OCCCCCCCC/C=C\CC(CCCCCC)OC(CC/C=C\CCCCC)=O)=O)CCCN(CC)CC)OCCCCCCCC/C=C\CC(CCCCCC)OC(CC/C=C\CCCCC)=O,1.2148322177201325,,,,,,,,,,,,,,,,0.0,0.0,0.0,0.0
O=C(CCN(CCC(OCCCCCCCC/C=C\CC(CCCCCC)OC(CC/C=C\CCCCC)=O)=O)CCCN(CC)CC)OCCCCCCCC/C=C\CC(CCCCCC)OC(CC/C=C\CCCCC)=O,0.585191004883152,,,,,,,,,,,,,,,,0.0,0.0,0.0,0.0
O=C(CCN(CCC(OCCCCCCCC/C=C\CC(CCCCCC)OC(CC/C=C\CCCCC)=O)=O)CCCN(CC)CC)OCCCCCCCC/C=C\CC(CCCCCC)OC(CC/C=C\CCCCC)=O,1.151868096436435,,,,,,,,,,,,,,,,0.0,0.0,0.0,0.0
O=C(CCN(CCC(OCCCCCCCC/C=C\CC(CCCCCC)OC(CCCCCCCC/C=C\CCCCCCC)=O)=O)CCCN(CC)CC)OCCCCCCCC/C=C\CC(CCCCCC)OC(CCCCCCCC/C=C\CCCCCCC)=O,0.4322781389084566,,,,,,,,,,,,,,,,0.0,0.0,0.0,0.0
O=C(CCN(CCC(OCCCCCCCC/C=C\CC(CCCCCC)OC(CCCCCCCC/C=C\CCCCCCC)=O)=O)CCCN(CC)CC)OCCCCCCCC/C=C\CC(CCCCCC)OC(CCCCCCCC/C=C\CCCCCCC)=O,-1.393681378318789,,,,,,,,,,,,,,,,0.0,0.0,0.0,0.0
O=C(CCN(CCC(OCCCCCCCC/C=C\CC(CCCCCC)OC(CCCCCCCC/C=C\CCCCCCC)=O)=O)CCCN(CC)CC)OCCCCCCCC/C=C\CC(CCCCCC)OC(CCCCCCCC/C=C\CCCCCCC)=O,1.349755334756629,,,,,,,,,,,,,,,,0.0,0.0,0.0,0.0
O=C(CCN(CCC(OCCCCCCCC/C=C\CC(CCCCCC)OC(CCCCCCCC/C=C\CCCCCCC)=O)=O)CCCN(CC)CC)OCCCCCCCC/C=C\CC(CCCCCC)OC(CCCCCCCC/C=C\CCCCCCC)=O,0.3693140176247583,,,,,,,,,,,,,,,,0.0,0.0,0.0,0.0
O=C(CCN(CCC(OCCCCCCCC/C=C\CC(CCCCCC)OC(CCCCCCCC/C=C\CCCCCCC)=O)=O)CCCN(CC)CC)OCCCCCCCC/C=C\CC(CCCCCC)OC(CCCCCCCC/C=C\CCCCCCC)=O,1.151868096436435,,,,,,,,,,,,,,,,0.0,0.0,0.0,0.0
O=C(CCN(CCC(OCCCCCCCC/C=C\CC(CCCCCC)OC(CCCCCCCC/C=C\CCCCCCC)=O)=O)CCCN(CC)CC)OCCCCCCCC/C=C\CC(CCCCCC)OC(CCCCCCCC/C=C\CCCCCCC)=O,-0.1254040781757271,,,,,,,,,,,,,,,,0.0,0.0,0.0,0.0
O=C(CCN(CCC(OCCCCCCCC/C=C\CC(CCCCCC)OC(CCCCCCCC/C=C\CCCCCCC)=O)=O)CCCN(CC)CC)OCCCCCCCC/C=C\CC(CCCCCC)OC(CCCCCCCC/C=C\CCCCCCC)=O,0.5312217580685532,,,,,,,,,,,,,,,,0.0,0.0,0.0,0.0
O=C(CCN(CCC(OCCCCCCCC/C=C\CC(CCCCCC)OC(CCCCCCCC/C=C\CCCCCCC)=O)=O)CCCN(CC)CC)OCCCCCCCC/C=C\CC(CCCCCC)OC(CCCCCCCC/C=C\CCCCCCC)=O,0.0634882856753676,,,,,,,,,,,,,,,,0.0,0.0,0.0,0.0
O=C(CCN(CCC(OCCCCCCCC/C=C\CC(CCCCCC)OC(CCCCCCCC/C=C\CCCCCCC)=O)=O)CCCN(CC)CC)OCCCCCCCC/C=C\CC(CCCCCC)OC(CCCCCCCC/C=C\CCCCCCC)=O,0.0365036622680681,,,,,,,,,,,,,,,,0.0,0.0,0.0,0.0
O=C(CCN(CCC(OCCCCCCCC/C=C\CC(CCCCCC)OC(CCCCCCCC/C=C\CCCCCCC)=O)=O)CCCN(CC)CC)OCCCCCCCC/C=C\CC(CCCCCC)OC(CCCCCCCC/C=C\CCCCCCC)=O,-0.9979069016784008,,,,,,,,,,,,,,,,0.0,0.0,0.0,0.0
O=C(CCN(CCC(OCCCCCCCC/C=C\CC(CCCCCC)OC(CCCCCCCC/C=C\CCCCCCC)=O)=O)CCCN(CC)CC)OCCCCCCCC/C=C\CC(CCCCCC)OC(CCCCCCCC/C=C\CCCCCCC)=O,0.7830782432033458,,,,,,,,,,,,,,,,0.0,0.0,0.0,0.0
O=C(CCN(CCC(OCCCCCCCC/C=C\CC(CCCCCC)OC(CCCCCCCC/C=C\CCCCCCC)=O)=O)CCCN(CC)CC)OCCCCCCCC/C=C\CC(CCCCCC)OC(CCCCCCCC/C=C\CCCCCCC)=O,0.7830782432033458,,,,,,,,,,,,,,,,0.0,0.0,0.0,0.0
O=C(CCN(CCC(OCCCCCCCC/C=C\CC(CCCCCC)OC(CCCCCCCC/C=C\CCCCCCC)=O)=O)CCCN(CC)CC)OCCCCCCCC/C=C\CC(CCCCCC)OC(CCCCCCCC/C=C\CCCCCCC)=O,0.549211507006753,,,,,,,,,,,,,,,,0.0,0.0,0.0,0.0
O=C(CCN(CCC(OCCCCCCCC/C=C\CC(CCCCCC)OC(CCCCCCCC/C=C\CCCCCCC)=O)=O)CCCN(CC)CC)OCCCCCCCC/C=C\CC(CCCCCC)OC(CCCCCCCC/C=C\CCCCCCC)=O,1.7095503135206185,,,,,,,,,,,,,,,,0.0,0.0,0.0,0.0
O=C(CCN(CCC(OCCCCCCCC/C=C\CC(CCCCCC)OC(CCCCCCCC/C=C\CCCCCCC)=O)=O)CCCN(CC)CC)OCCCCCCCC/C=C\CC(CCCCCC)OC(CCCCCCCC/C=C\CCCCCCC)=O,-1.2767480102204922,,,,,,,,,,,,,,,,0.0,0.0,0.0,0.0
O=C(CCN(CCC(OCCCCCCCC/C=C\CC(CCCCCC)OC(CCCCCCCC/C=C\CCCCCCC)=O)=O)CCCN(CC)CC)OCCCCCCCC/C=C\CC(CCCCCC)OC(CCCCCCCC/C=C\CCCCCCC)=O,1.2777963390038307,,,,,,,,,,,,,,,,0.0,0.0,0.0,0.0
O=C(CCN(CCC(OCCCCCCCC/C=C\CC(CCCCCC)OC(CCCCCCCC/C=C\CCCCCCC)=O)=O)CCCN(CC)CC)OCCCCCCCC/C=C\CC(CCCCCC)OC(CCCCCCCC/C=C\CCCCCCC)=O,0.1534370303663645,,,,,,,,,,,,,,,,0.0,0.0,0.0,0.0
O=C(CCN(CCC(OCCCCCCCC/C=C\CC(CCCCCC)OC(CCCCCCCC/C=C\CCCCCCC)=O)=O)CCCN(CC)CC)OCCCCCCCC/C=C\CC(CCCCCC)OC(CCCCCCCC/C=C\CCCCCCC)=O,0.7740833687342462,,,,,,,,,,,,,,,,0.0,0.0,0.0,0.0
O=C(CCN(CCC(OCCCCCCCC/C=C\CC(CCCCCC)OC(CCCCCCC/C=C\C/C=C\CCCCC)=O)=O)CCCN(CC)CC)OCCCCCCCC/C=C\CC(CCCCCC)OC(CCCCCCC/C=C\C/C=C\CCCCC)=O,0.3873037665629573,,,,,,,,,,,,,,,,0.0,0.0,0.0,0.0
O=C(CCN(CCC(OCCCCCCCC/C=C\CC(CCCCCC)OC(CCCCCCC/C=C\C/C=C\CCCCC)=O)=O)CCCN(CC)CC)OCCCCCCCC/C=C\CC(CCCCCC)OC(CCCCCCC/C=C\C/C=C\CCCCC)=O,-0.9799171527402012,,,,,,,,,,,,,,,,0.0,0.0,0.0,0.0
O=C(CCN(CCC(OCCCCCCCC/C=C\CC(CCCCCC)OC(CCCCCCC/C=C\C/C=C\CCCCC)=O)=O)CCCN(CC)CC)OCCCCCCCC/C=C\CC(CCCCCC)OC(CCCCCCC/C=C\C/C=C\CCCCC)=O,1.061919351745437,,,,,,,,,,,,,,,,0.0,0.0,0.0,0.0
O=C(CCN(CCC(OCCCCCCCC/C=C\CC(CCCCCC)OC(CCCCCCC/C=C\C/C=C\CCCCC)=O)=O)CCCN(CC)CC)OCCCCCCCC/C=C\CC(CCCCCC)OC(CCCCCCC/C=C\C/C=C\CCCCC)=O,-0.1793733249903251,,,,,,,,,,,,,,,,0.0,0.0,0.0,0.0
O=C(CCN(CCC(OCCCCCCCC/C=C\CC(CCCCCC)OC(CCCCCCC/C=C\C/C=C\CCCCC)=O)=O)CCCN(CC)CC)OCCCCCCCC/C=C\CC(CCCCCC)OC(CCCCCCC/C=C\C/C=C\CCCCC)=O,0.4502678878466557,,,,,,,,,,,,,,,,0.0,0.0,0.0,0.0
O=C(CCN(CCC(OCCCCCCCC/C=C\CC(CCCCCC)OC(CCCCCCC/C=C\C/C=C\CCCCC)=O)=O)CCCN(CC)CC)OCCCCCCCC/C=C\CC(CCCCCC)OC(CCCCCCC/C=C\C/C=C\CCCCC)=O,0.4322781389084566,,,,,,,,,,,,,,,,0.0,0.0,0.0,0.0
O=C(CCN(CCC(OCCCCCCCC/C=C\CC(CCCCCC)OC(CCCCCCC/C=C\C/C=C\CCCCC)=O)=O)CCCN(CC)CC)OCCCCCCCC/C=C\CC(CCCCCC)OC(CCCCCCC/C=C\C/C=C\CCCCC)=O,-0.6740914207908105,,,,,,,,,,,,,,,,0.0,0.0,0.0,0.0
O=C(CCN(CCC(OCCCCCCCC/C=C\CC(CCCCCC)OC(CCCCCCC/C=C\C/C=C\CCCCC)=O)=O)CCCN(CC)CC)OCCCCCCCC/C=C\CC(CCCCCC)OC(CCCCCCC/C=C\C/C=C\CCCCC)=O,0.6751397495741489,,,,,,,,,,,,,,,,0.0,0.0,0.0,0.0
O=C(CCN(CCC(OCCCCCCCC/C=C\CC(CCCCCC)OC(CCCCCCC/C=C\C/C=C\CCCCC)=O)=O)CCCN(CC)CC)OCCCCCCCC/C=C\CC(CCCCCC)OC(CCCCCCC/C=C\C/C=C\CCCCC)=O,0.3603191431556587,,,,,,,,,,,,,,,,0.0,0.0,0.0,0.0
O=C(CCN(CCC(OCCCCCCCC/C=C\CC(CCCCCC)OC(CCCCCCC/C=C\C/C=C\CCCCC)=O)=O)CCCN(CC)CC)OCCCCCCCC/C=C\CC(CCCCCC)OC(CCCCCCC/C=C\C/C=C\CCCCC)=O,-0.2333425718049235,,,,,,,,,,,,,,,,0.0,0.0,0.0,0.0
O=C(CCN(CCC(OCCCCCCCC/C=C\CC(CCCCCC)OC(CCCCCCC/C=C\C/C=C\CCCCC)=O)=O)CCCN(CC)CC)OCCCCCCCC/C=C\CC(CCCCCC)OC(CCCCCCC/C=C\C/C=C\CCCCC)=O,0.7650884942651459,,,,,,,,,,,,,,,,0.0,0.0,0.0,0.0
O=C(CCN(CCC(OCCCCCCCC/C=C\CC(CCCCCC)OC(CCCCCCC/C=C\C/C=C\CCCCC)=O)=O)CCCN(CC)CC)OCCCCCCCC/C=C\CC(CCCCCC)OC(CCCCCCC/C=C\C/C=C\CCCCC)=O,0.97197060705444,,,,,,,,,,,,,,,,0.0,0.0,0.0,0.0
O=C(CCN(CCC(OCCCCCCCC/C=C\CC(CCCCCC)OC(CCCCCCC/C=C\C/C=C\CCCCC)=O)=O)CCCN(CC)CC)OCCCCCCCC/C=C\CC(CCCCCC)OC(CCCCCCC/C=C\C/C=C\CCCCC)=O,1.2508117155965313,,,,,,,,,,,,,,,,0.0,0.0,0.0,0.0
O=C(CCN(CCC(OCCCCCCCC/C=C\CC(CCCCCC)OC(CCCCCCC/C=C\C/C=C\CCCCC)=O)=O)CCCN(CC)CC)OCCCCCCCC/C=C\CC(CCCCCC)OC(CCCCCCC/C=C\C/C=C\CCCCC)=O,1.3677450836948286,,,,,,,,,,,,,,,,0.0,0.0,0.0,0.0
O=C(CCN(CCC(OCCCCCCCC/C=C\CC(CCCCCC)OC(CCCCCCC/C=C\C/C=C\CCCCC)=O)=O)CCCN(CC)CC)OCCCCCCCC/C=C\CC(CCCCCC)OC(CCCCCCC/C=C\C/C=C\CCCCC)=O,1.5656323220150223,,,,,,,,,,,,,,,,0.0,0.0,0.0,0.0
O=C(CCN(CCC(OCCCCCCCC/C=C\CC(CCCCCC)OC(CCCCCCC/C=C\C/C=C\CCCCC)=O)=O)CCCN(CC)CC)OCCCCCCCC/C=C\CC(CCCCCC)OC(CCCCCCC/C=C\C/C=C\CCCCC)=O,0.8190577410797447,,,,,,,,,,,,,,,,0.0,0.0,0.0,0.0
O=C(CCN(CCC(OCCCCCCCC/C=C\CC(CCCCCC)OC(CCCCCCC/C=C\C/C=C\CCCCC)=O)=O)CCCN(CC)CC)OCCCCCCCC/C=C\CC(CCCCCC)OC(CCCCCCC/C=C\C/C=C\CCCCC)=O,0.0994677835517661,,,,,,,,,,,,,,,,0.0,0.0,0.0,0.0
O=C(CCN(CCC(OCCCCCCCC/C=C\CC(CCCCCC)OC(CCCCCCC/C=C\C/C=C\CCCCC)=O)=O)CCCN(CC)CC)OCCCCCCCC/C=C\CC(CCCCCC)OC(CCCCCCC/C=C\C/C=C\CCCCC)=O,0.4502678878466557,,,,,,,,,,,,,,,,0.0,0.0,0.0,0.0
O=C(CCN(CCC(OCCCCCCCC/C=C\CC(CCCCCC)OC(CCCCCCC/C=C\CCCCCCCC)=O)=O)CCCN(CCCC)CCCC)OCCCCCCCC/C=C\CC(CCCCCC)OC(CCCCCCC/C=C\CCCCCCCC)=O,-0.988912027209301,,,,,,,,,,,,,,,,0.0,0.0,0.0,0.0
O=C(CCN(CCC(OCCCCCCCC/C=C\CC(CCCCCC)OC(CCCCCCC/C=C\CCCCCCCC)=O)=O)CCCN(CCCC)CCCC)OCCCCCCCC/C=C\CC(CCCCCC)OC(CCCCCCC/C=C\CCCCCCCC)=O,-2.185230331599565,,,,,,,,,,,,,,,,0.0,0.0,0.0,0.0
O=C(CCN(CCC(OCCCCCCCC/C=C\CC(CCCCCC)OC(CCCCCCC/C=C\CCCCCCCC)=O)=O)CCCN(CCCC)CCCC)OCCCCCCCC/C=C\CC(CCCCCC)OC(CCCCCCC/C=C\CCCCCCCC)=O,-0.4941939314088157,,,,,,,,,,,,,,,,0.0,0.0,0.0,0.0
O=C(CCN(CCC(OCCCCCCCC/C=C\CC(CCCCCC)OC(CCCCCCC/C=C\CCCCCCCC)=O)=O)CCCN(CCCC)CCCC)OCCCCCCCC/C=C\CC(CCCCCC)OC(CCCCCCC/C=C\CCCCCCCC)=O,-1.4296608761951877,,,,,,,,,,,,,,,,0.0,0.0,0.0,0.0
O=C(CCN(CCC(OCCCCCCCC/C=C\CC(CCCCCC)OC(CCCCCCC/C=C\CCCCCCCC)=O)=O)CCCN(CCCC)CCCC)OCCCCCCCC/C=C\CC(CCCCCC)OC(CCCCCCC/C=C\CCCCCCCC)=O,-0.6021324250380126,,,,,,,,,,,,,,,,0.0,0.0,0.0,0.0
O=C(CCN(CCC(OCCCCCCCC/C=C\CC(CCCCCC)OC(CCCCCCC/C=C\CCCCCCCC)=O)=O)CCCN(CCCC)CCCC)OCCCCCCCC/C=C\CC(CCCCCC)OC(CCCCCCC/C=C\CCCCCCCC)=O,-1.3846865038496892,,,,,,,,,,,,,,,,0.0,0.0,0.0,0.0
O=C(CCN(CCC(OCCCCCCCC/C=C\CC(CCCCCC)OC(CCCCCCC/C=C\CCCCCCCC)=O)=O)CCCN(CCCC)CCCC)OCCCCCCCC/C=C\CC(CCCCCC)OC(CCCCCCC/C=C\CCCCCCCC)=O,-0.9439376548638022,,,,,,,,,,,,,,,,0.0,0.0,0.0,0.0
O=C(CCN(CCC(OCCCCCCCC/C=C\CC(CCCCCC)OC(CCCCCCC/C=C\CCCCCCCC)=O)=O)CCCN(CCCC)CCCC)OCCCCCCCC/C=C\CC(CCCCCC)OC(CCCCCCC/C=C\CCCCCCCC)=O,-0.7370555420745084,,,,,,,,,,,,,,,,0.0,0.0,0.0,0.0
O=C(CCN(CCC(OCCCCCCCC/C=C\CC(CCCCCC)OC(CCCCCCC/C=C\CCCCCCCC)=O)=O)CCCN(CCCC)CCCC)OCCCCCCCC/C=C\CC(CCCCCC)OC(CCCCCCC/C=C\CCCCCCCC)=O,-0.8000196633582068,,,,,,,,,,,,,,,,0.0,0.0,0.0,0.0
O=C(CCN(CCC(OCCCCCCCC/C=C\CC(CCCCCC)OC(CCCCCCC/C=C\CCCCCCCC)=O)=O)CCCN(CCCC)CCCC)OCCCCCCCC/C=C\CC(CCCCCC)OC(CCCCCCC/C=C\CCCCCCCC)=O,-0.8359991612346054,,,,,,,,,,,,,,,,0.0,0.0,0.0,0.0
O=C(CCN(CCC(OCCCCCCCC/C=C\CC(CCCCCC)OC(CCCCCCC/C=C\CCCCCCCC)=O)=O)CCCN(CCCC)CCCC)OCCCCCCCC/C=C\CC(CCCCCC)OC(CCCCCCC/C=C\CCCCCCCC)=O,-0.1074143292375276,,,,,,,,,,,,,,,,0.0,0.0,0.0,0.0
O=C(CCN(CCC(OCCCCCCCC/C=C\CC(CCCCCC)OC(CCCCCCC/C=C\CCCCCCCC)=O)=O)CCCN(CCCC)CCCC)OCCCCCCCC/C=C\CC(CCCCCC)OC(CCCCCCC/C=C\CCCCCCCC)=O,0.2523806495264619,,,,,,,,,,,,,,,,0.0,0.0,0.0,0.0
O=C(CCN(CCC(OCCCCCCCC/C=C\CC(CCCCCC)OC(CCCCCCC/C=C\CCCCCCCC)=O)=O)CCCN(CCCC)CCCC)OCCCCCCCC/C=C\CC(CCCCCC)OC(CCCCCCC/C=C\CCCCCCCC)=O,-0.2063579483976245,,,,,,,,,,,,,,,,0.0,0.0,0.0,0.0
O=C(CCN(CCC(OCCCCCCCC/C=C\CC(CCCCCC)OC(CCCCCCC/C=C\CCCCCCCC)=O)=O)CCCN(CCCC)CCCC)OCCCCCCCC/C=C\CC(CCCCCC)OC(CCCCCCC/C=C\CCCCCCCC)=O,-0.2063579483976245,,,,,,,,,,,,,,,,0.0,0.0,0.0,0.0
O=C(CCN(CCC(OCCCCCCCC/C=C\CC(CCCCCC)OC(CCCCCCC/C=C\CCCCCCCC)=O)=O)CCCN(CCCC)CCCC)OCCCCCCCC/C=C\CC(CCCCCC)OC(CCCCCCC/C=C\CCCCCCCC)=O,-0.6381119229144115,,,,,,,,,,,,,,,,0.0,0.0,0.0,0.0
O=C(CCN(CCC(OCCCCCCCC/C=C\CC(CCCCCC)OC(CCCCCCC/C=C\CCCCCCCC)=O)=O)CCCN(CCCC)CCCC)OCCCCCCCC/C=C\CC(CCCCCC)OC(CCCCCCC/C=C\CCCCCCCC)=O,-0.5571580526925141,,,,,,,,,,,,,,,,0.0,0.0,0.0,0.0
O=C(CCN(CCC(OCCCCCCCC/C=C\CC(CCCCCC)OC(CCCCCCC/C=C\C/C=C\CCCCC)=O)=O)CCCN(CCCC)CCCC)OCCCCCCCC/C=C\CC(CCCCCC)OC(CCCCCCC/C=C\C/C=C\CCCCC)=O,-0.593137550568913,,,,,,,,,,,,,,,,0.0,0.0,0.0,0.0
O=C(CCN(CCC(OCCCCCCCC/C=C\CC(CCCCCC)OC(CCCCCCC/C=C\C/C=C\CCCCC)=O)=O)CCCN(CCCC)CCCC)OCCCCCCCC/C=C\CC(CCCCCC)OC(CCCCCCC/C=C\C/C=C\CCCCC)=O,-2.311158574166961,,,,,,,,,,,,,,,,0.0,0.0,0.0,0.0
O=C(CCN(CCC(OCCCCCCCC/C=C\CC(CCCCCC)OC(CCCCCCC/C=C\C/C=C\CCCCC)=O)=O)CCCN(CCCC)CCCC)OCCCCCCCC/C=C\CC(CCCCCC)OC(CCCCCCC/C=C\C/C=C\CCCCC)=O,-0.2333425718049235,,,,,,,,,,,,,,,,0.0,0.0,0.0,0.0
O=C(CCN(CCC(OCCCCCCCC/C=C\CC(CCCCCC)OC(CCCCCCC/C=C\C/C=C\CCCCC)=O)=O)CCCN(CCCC)CCCC)OCCCCCCCC/C=C\CC(CCCCCC)OC(CCCCCCC/C=C\C/C=C\CCCCC)=O,-0.6471067973835111,,,,,,,,,,,,,,,,0.0,0.0,0.0,0.0
O=C(CCN(CCC(OCCCCCCCC/C=C\CC(CCCCCC)OC(CCCCCCC/C=C\C/C=C\CCCCC)=O)=O)CCCN(CCCC)CCCC)OCCCCCCCC/C=C\CC(CCCCCC)OC(CCCCCCC/C=C\C/C=C\CCCCC)=O,-0.0444502079538292,,,,,,,,,,,,,,,,0.0,0.0,0.0,0.0
O=C(CCN(CCC(OCCCCCCCC/C=C\CC(CCCCCC)OC(CCCCCCC/C=C\C/C=C\CCCCC)=O)=O)CCCN(CCCC)CCCC)OCCCCCCCC/C=C\CC(CCCCCC)OC(CCCCCCC/C=C\C/C=C\CCCCC)=O,-1.5915686166389829,,,,,,,,,,,,,,,,0.0,0.0,0.0,0.0
O=C(CCN(CCC(OCCCCCCCC/C=C\CC(CCCCCC)OC(CCCCCCC/C=C\C/C=C\CCCCC)=O)=O)CCCN(CCCC)CCCC)OCCCCCCCC/C=C\CC(CCCCCC)OC(CCCCCCC/C=C\C/C=C\CCCCC)=O,-2.5360304358944545,,,,,,,,,,,,,,,,0.0,0.0,0.0,0.0
O=C(CCN(CCC(OCCCCCCCC/C=C\CC(CCCCCC)OC(CCCCCCC/C=C\C/C=C\CCCCC)=O)=O)CCCN(CCCC)CCCC)OCCCCCCCC/C=C\CC(CCCCCC)OC(CCCCCCC/C=C\C/C=C\CCCCC)=O,-0.215352822866724,,,,,,,,,,,,,,,,0.0,0.0,0.0,0.0
O=C(CCN(CCC(OCCCCCCCC/C=C\CC(CCCCCC)OC(CCCCCCC/C=C\C/C=C\CCCCC)=O)=O)CCCN(CCCC)CCCC)OCCCCCCCC/C=C\CC(CCCCCC)OC(CCCCCCC/C=C\C/C=C\CCCCC)=O,-0.8539889101728049,,,,,,,,,,,,,,,,0.0,0.0,0.0,0.0
O=C(CCN(CCC(OCCCCCCCC/C=C\CC(CCCCCC)OC(CCCCCCC/C=C\C/C=C\CCCCC)=O)=O)CCCN(CCCC)CCCC)OCCCCCCCC/C=C\CC(CCCCCC)OC(CCCCCCC/C=C\C/C=C\CCCCC)=O,0.4772525112539551,,,,,,,,,,,,,,,,0.0,0.0,0.0,0.0
O=C(CCN(CCC(OCCCCCCCC/C=C\CC(CCCCCC)OC(CCCCCCC/C=C\C/C=C\CCCCC)=O)=O)CCCN(CCCC)CCCC)OCCCCCCCC/C=C\CC(CCCCCC)OC(CCCCCCC/C=C\C/C=C\CCCCC)=O,-0.7010760441981095,,,,,,,,,,,,,,,,0.0,0.0,0.0,0.0
O=C(CCN(CCC(OCCCCCCCC/C=C\CC(CCCCCC)OC(CCCCCCC/C=C\C/C=C\CCCCC)=O)=O)CCCN(CCCC)CCCC)OCCCCCCCC/C=C\CC(CCCCCC)OC(CCCCCCC/C=C\C/C=C\CCCCC)=O,0.4412730133775562,,,,,,,,,,,,,,,,0.0,0.0,0.0,0.0
O=C(CCN(CCC(OCCCCCCCC/C=C\CC(CCCCCC)OC(CCCCCCC/C=C\C/C=C\CCCCC)=O)=O)CCCN(CCCC)CCCC)OCCCCCCCC/C=C\CC(CCCCCC)OC(CCCCCCC/C=C\C/C=C\CCCCC)=O,-0.2063579483976245,,,,,,,,,,,,,,,,0.0,0.0,0.0,0.0
O=C(CCN(CCC(OCCCCCCCC/C=C\CC(CCCCCC)OC(CCCCCCC/C=C\C/C=C\CCCCC)=O)=O)CCCN(CCCC)CCCC)OCCCCCCCC/C=C\CC(CCCCCC)OC(CCCCCCC/C=C\C/C=C\CCCCC)=O,-0.5031888058779157,,,,,,,,,,,,,,,,0.0,0.0,0.0,0.0
O=C(CCN(CCC(OCCCCCCCC/C=C\CC(CCCCCC)OC(CCCCCCC/C=C\C/C=C\CCCCC)=O)=O)CCCN(CCCC)CCCC)OCCCCCCCC/C=C\CC(CCCCCC)OC(CCCCCCC/C=C\C/C=C\CCCCC)=O,-0.7010760441981095,,,,,,,,,,,,,,,,0.0,0.0,0.0,0.0
O=C(CCN(CCC(OCCCCCCCC/C=C\CC(CCCCCC)OC(CCCCCCC/C=C\C/C=C\CCCCC)=O)=O)CCCN(CCCC)CCCC)OCCCCCCCC/C=C\CC(CCCCCC)OC(CCCCCCC/C=C\C/C=C\CCCCC)=O,-0.4582144335324168,,,,,,,,,,,,,,,,0.0,0.0,0.0,0.0
O=C(CCN(CCC(OCCCCCCCC/C=C\CC(CCCCCC)OC(CCCCCCCCCCC/C=C\CCCCCCCC)=O)=O)CCCN(CC)CC)OCCCCCCCC/C=C\CC(CCCCCC)OC(CCCCCCCCCCC/C=C\CCCCCCCC)=O,0.2253960261191624,,,,,,,,,,,,,,,,0.0,0.0,0.0,0.0
O=C(CCN(CCC(OCCCCCCCC/C=C\CC(CCCCCC)OC(CCCCCCCCCCC/C=C\CCCCCCCC)=O)=O)CCCN(CC)CC)OCCCCCCCC/C=C\CC(CCCCCC)OC(CCCCCCCCCCC/C=C\CCCCCCCC)=O,0.8460423644870442,,,,,,,,,,,,,,,,0.0,0.0,0.0,0.0
O=C(CCN(CCC(OCCCCCCCC/C=C\CC(CCCCCC)OC(CCCCCCC/C=C\CCCCCC)=O)=O)CCCN(CC)CC)OCCCCCCCC/C=C\CC(CCCCCC)OC(CCCCCCC/C=C\CCCCCCC)=O,0.2523806495264619,,,,,,,,,,,,,,,,0.0,0.0,0.0,0.0
O=C(CCN(CCC(OCCCCCCCC/C=C\CC(CCCCCC)OC(CCCCCCC/C=C\CCCCCC)=O)=O)CCCN(CC)CC)OCCCCCCCC/C=C\CC(CCCCCC)OC(CCCCCCC/C=C\CCCCCCC)=O,0.585191004883152,,,,,,,,,,,,,,,,0.0,0.0,0.0,0.0
O=C(CCN(CCC(OCCCCCCCC/C=C\CC(CCCCCC)OC(CCCCCCCCC/C=C\CCCCCCCC)=O)=O)CCCN(CC)CC)OCCCCCCCC/C=C\CC(CCCCCC)OC(CCCCCCCCC/C=C\CCCCCCCC)=O,0.2343909005882624,,,,,,,,,,,,,,,,0.0,0.0,0.0,0.0
O=C(CCN(CCC(OCCCCCCCC/C=C\CC(CCCCCC)OC(CCCCCCCCC/C=C\CCCCCCCC)=O)=O)CCCN(CC)CC)OCCCCCCCC/C=C\CC(CCCCCC)OC(CCCCCCCCC/C=C\CCCCCCCC)=O,0.4232832644393563,,,,,,,,,,,,,,,,0.0,0.0,0.0,0.0
O=C(CCN(CCC(OCCCCCCCC/C=C\CC(CCCCCC)OC(CCCCCCCC/C=C\CCCC)=O)=O)CCCN(CC)CC)OCCCCCCCC/C=C\CC(CCCCCC)OC(CCCCCCCC/C=C\CCCC)=O,0.4952422601921542,,,,,,,,,,,,,,,,0.0,0.0,0.0,0.0
O=C(CCN(CCC(OCCCCCCCC/C=C\CC(CCCCCC)OC(CCCCCCCC/C=C\CCCC)=O)=O)CCCN(CC)CC)OCCCCCCCC/C=C\CC(CCCCCC)OC(CCCCCCCC/C=C\CCCC)=O,0.6211705027595509,,,,,,,,,,,,,,,,0.0,0.0,0.0,0.0
N(CCC(=O)OCCCCCCCC\C=C/CC(CCCCCC)OC(=O)C(CCCCCC)CCCCCCCC)(CCC(=O)OCCCCCCCC\C=C/CC(CCCCCC)OC(=O)C(CCCCCC)CCCCCCCC)CCCN(CC)CC,0.7740833687342462,,,,,,,,,,,,,,,,0.0,0.0,0.0,0.0
N(CCC(=O)OCCCCCCCC\C=C/CC(CCCCCC)OC(=O)CC/C=C\CCCCC)(CCC(=O)OCCCCCCCC\C=C/CC(CCCCCC)OC(=O)CC/C=C\CCCCC)CCCN(CC)CC,1.0169449793999386,,,,,,,,,,,,,,,,0.0,0.0,0.0,0.0
N(CCC(=O)OCCCCCCCC\C=C/CC(CCCCCC)OC(=O)CCCCCCC/C=C\C/C=C\CCCCC)(CCC(=O)OCCCCCCCC\C=C/CC(CCCCCC)OC(=O)CCCCCCC/C=C\C/C=C\CCCCC)CCCN(CC)CC,1.4666887028549251,,,,,,,,,,,,,,,,0.0,0.0,0.0,0.0
N(CCC(=O)OCCCCCCCC\C=C/CC(CCCCCC)OC(=O)CC/C=C\CCCCC)(CCC(=O)OCCCCCCCC\C=C/CC(CCCCCC)OC(=O)CC/C=C\CCCCC)CCCN(CC)CC,1.376739958163928,,,,,,,,,,,,,,,,0.0,0.0,0.0,0.0
CCCCN(CCCC)CCCN(CCC(=O)OCCCCCCCC\C=C/CC(CCCCCC)OC(=O)CCCCCCC/C=C\CCCCCCCC)(CCC(=O)OCCCCCCCC\C=C/CC(CCCCCC)OC(=O)CCCCCCC/C=C\CCCCCCCC),-0.3502759399032203,,,,,,,,,,,,,,,,0.0,0.0,0.0,0.0
CCCCN(CCCC)CCCN(CCC(=O)OCCCCCCCC\C=C/CC(CCCCCC)OC(=O)CCCCCCC/C=C\C/C=C\CCCCC)(CCC(=O)OCCCCCCCC\C=C/CC(CCCCCC)OC(=O)CCCCCCC/C=C\C/C=C\CCCCC),0.6301653772286505,,,,,,,,,,,,,,,,0.0,0.0,0.0,0.0
N(CCC(=O)OCCCCCCCC\C=C/CC(CCCCCC)OC(=O)CCCCCCCCC/C=C\CCCCCCCC)(CCC(=O)OCCCCCCCC\C=C/CC(CCCCCC)OC(=O)CCCCCCCCC/C=C\CCCCCCCC)CCCN(CC)CC,1.3227707113493292,,,,,,,,,,,,,,,,0.0,0.0,0.0,0.0
N(CCC(=O)OCCCCCCCC\C=C/CC(CCCCCC)OC(=O)C)(CCC(=O)OCCCCCCCC\C=C/CC(CCCCCC)OC(=O)C)CCCN(CC)CC,0.9520512443640936,,,,,,,,,,,,,,,,0.0,0.0,0.0,0.0
N(CCC(=O)OCCCCCCCC\C=C/CC(CCCCCC)OC(=O)C)(CCC(=O)OCCCCCCCC\C=C/CC(CCCCCC)OC(=O)C)CCCN(CC)CC,1.0712915531031288,,,,,,,,,,,,,,,,0.0,0.0,0.0,0.0
N(CCC(=O)OCCCCCCCC\C=C/CC(CCCCCC)OC(=O)CCC)(CCC(=O)OCCCCCCCC\C=C/CC(CCCCCC)OC(=O)CCC)CCCN(CC)CC,1.6083872594565678,,,,,,,,,,,,,,,,0.0,0.0,0.0,0.0
N(CCC(=O)OCCCCCCCC\C=C/CC(CCCCCC)OC(=O)CCCCC)(CCC(=O)OCCCCCCCC\C=C/CC(CCCCCC)OC(=O)CCCCC)CCCN(CC)CC,1.261675322009934,,,,,,,,,,,,,,,,0.0,0.0,0.0,0.0
N(CCC(=O)OCCCCCCCC\C=C/CC(CCCCCC)OC(=O)CCCCCC)(CCC(=O)OCCCCCCCC\C=C/CC(CCCCCC)OC(=O)CCCCCC)CCCN(CC)CC,1.194722660208113,,,,,,,,,,,,,,,,0.0,0.0,0.0,0.0
N(CCC(=O)OCCCCCCCC\C=C/CC(CCCCCC)OC(=O)CCCCCCC)(CCC(=O)OCCCCCCCC\C=C/CC(CCCCCC)OC(=O)CCCCCCC)CCCN(CC)CC,1.1466343027983463,,,,,,,,,,,,,,,,0.0,0.0,0.0,0.0
N(CCC(=O)OCCCCCCCC\C=C/CC(CCCCCC)OC(=O)CCCCCCCCC)(CCC(=O)OCCCCCCCC\C=C/CC(CCCCCC)OC(=O)CCCCCCCCC)CCCN(CC)CC,0.9846501167154134,,,,,,,,,,,,,,,,0.0,0.0,0.0,0.0
N(CCC(=O)OCCCCCCCC\C=C/CC(CCCCCC)OC(=O)CCCCCCC/C=C\C/C=C\CCCCC)(CCC(=O)OCCCCCCCC\C=C/CC(CCCCCC)OC(=O)CCCCCCC/C=C\C/C=C\CCCCC)CCCN(CC)CC,1.2280634810764277,,,,,,,,,,,,,,,,0.0,0.0,0.0,0.0
N(CCC(=O)OCCCCCCCC\C=C/CC(CCCCCC)OC(=O)CC/C=C\CC)(CCC(=O)OCCCCCCCC\C=C/CC(CCCCCC)OC(=O)CC/C=C\CC)CCN(C)C,-0.3045035837749413,,,,,,,,,,,,,,,,0.0,0.0,0.0,0.0
N(CCC(=O)OCCCCCCCC\C=C/CC(CCCCCC)OC(=O)CCCCCCCCCCC)(CCC(=O)OCCCCCCCC\C=C/CC(CCCCCC)OC(=O)CCCCCCCCCCC)CCN(C)C,-0.3045035837749413,,,,,,,,,,,,,,,,0.0,0.0,0.0,0.0
N(CCC(=O)OCCCCCCCC\C=C/CC(CCCCCC)OC(=O)CCCCCCCCCCCCC)(CCC(=O)OCCCCCCCC\C=C/CC(CCCCCC)OC(=O)CCCCCCCCCCCCC)CCN(C)C,-0.3045035837749413,,,,,,,,,,,,,,,,0.0,0.0,0.0,0.0
N(CCC(=O)OCCCCCCCC\C=C/CC(CCCCCC)OC(=O)CCCCCCCCCCCCCCC)(CCC(=O)OCCCCCCCC\C=C/CC(CCCCCC)OC(=O)CCCCCCCCCCCCCCC)CCN(C)C,-0.3045035837749413,,,,,,,,,,,,,,,,0.0,0.0,0.0,0.0
N(CCC(=O)OCCCCCCCC\C=C/CC(CCCCCC)OC(=O)C(CCCCCC)CCCCCCCC)(CCC(=O)OCCCCCCCC\C=C/CC(CCCCCC)OC(=O)C(CCCCCC)CCCCCCCC)CCN(C)C,-0.3045035837749413,,,,,,,,,,,,,,,,0.0,0.0,0.0,0.0
N(CCC(=O)OCCCCCCCC\C=C/CC(CCCCCC)OC(=O)CC/C=C\CCCCC)(CCC(=O)OCCCCCCCC\C=C/CC(CCCCCC)OC(=O)CC/C=C\CCCCC)CCN(C)C,-0.3045035837749413,,,,,,,,,,,,,,,,0.0,0.0,0.0,0.0
N(CCC(=O)OCCCCCCCC\C=C/CC(CCCCCC)OC(=O)CCC/C=C\C/C=C\C/C=C\C/C=C\CCCCC)(CCC(=O)OCCCCCCCC\C=C/CC(CCCCCC)OC(=O)CCC/C=C\C/C=C\C/C=C\C/C=C\CCCCC)CCN(C)C,-0.3045035837749413,,,,,,,,,,,,,,,,0.0,0.0,0.0,0.0
N(CCC(=O)OCCCCCCCC\C=C/CC(CCCCCC)OC(=O)CC\C=C/C/C=C\C\C=C/C\C=C/C\C=C/C\C=C/CC)(CCC(=O)OCCCCCCCC\C=C/CC(CCCCCC)OC(=O)CC\C=C/C/C=C\C\C=C/C\C=C/C\C=C/C\C=C/CC)CCN(C)C,3.7529384857966015,,,,,,,,,,,,,,,,0.0,0.0,0.0,0.0
N(CCC(=O)OCCCCCCCC\C=C/CC(CCCCCC)OC(=O)CCCCC)(CCC(=O)OCCCCCCCC\C=C/CC(CCCCCC)OC(=O)CCCCC)CCN(C)C,-0.3045035837749413,,,,,,,,,,,,,,,,0.0,0.0,0.0,0.0
N(CCC(=O)OCCCCCCCC\C=C/CC(CCCCCC)OC(=O)CCCCCC)(CCC(=O)OCCCCCCCC\C=C/CC(CCCCCC)OC(=O)CCCCCC)CCN(C)C,-0.3045035837749413,,,,,,,,,,,,,,,,0.0,0.0,0.0,0.0
N(CCC(=O)OCCCCCCCC\C=C/CC(CCCCCC)OC(=O)CCCCCCC)(CCC(=O)OCCCCCCCC\C=C/CC(CCCCCC)OC(=O)CCCCCCC)CCN(C)C,-0.3045035837749413,,,,,,,,,,,,,,,,0.0,0.0,0.0,0.0
N(CCC(=O)OCCCCCCCC\C=C/CC(CCCCCC)OC(=O)CCCCCCCCCCCCCCCCC)(CCC(=O)OCCCCCCCC\C=C/CC(CCCCCC)OC(=O)CCCCCCCCCCCCCCCCC)CCN(C)C,-0.3045035837749413,,,,,,,,,,,,,,,,0.0,0.0,0.0,0.0
N(CCC(=O)OCCCCCCCC\C=C/CC(CCCCCC)OC(=O)CCCCCCC/C=C\CCCCCCCC)(CCC(=O)OCCCCCCCC\C=C/CC(CCCCCC)OC(=O)CCCCCCC/C=C\CCCCCCCC)CCN(C)C,-0.3045035837749413,,,,,,,,,,,,,,,,0.0,0.0,0.0,0.0
N(CCC(=O)OCCCCCCCC\C=C/CC(CCCCCC)OC(=O)CCCCCCC/C=C\C/C=C\CCCCC)(CCC(=O)OCCCCCCCC\C=C/CC(CCCCCC)OC(=O)CCCCCCC/C=C\C/C=C\CCCCC)CCN(C)C,-0.3045035837749413,,,,,,,,,,,,,,,,0.0,0.0,0.0,0.0
N(CCC(=O)OCCCCCCCC\C=C/CC(CCCCCC)OC(=O)CCC/C=C\C/C=C\C/C=C\C/C=C\C/C=C\CC)(CCC(=O)OCCCCCCCC\C=C/CC(CCCCCC)OC(=O)CCC/C=C\C/C=C\C/C=C\C/C=C\C/C=C\CC)CCN(C)C,0.4755825195557091,,,,,,,,,,,,,,,,0.0,0.0,0.0,0.0
N(CCC(=O)OCCCCCCCC\C=C/CC(CCCCCC)OC(=O)CCCCCCCCCC)(CCC(=O)OCCCCCCCC\C=C/CC(CCCCCC)OC(=O)CCCCCCCCCC)CCN(C)C,-0.3045035837749413,,,,,,,,,,,,,,,,0.0,0.0,0.0,0.0
N(CCC(=O)OCCCCCCCC\C=C/CC(CCCCCC)OC(=O)CC/C=C\CC)(CCC(=O)OCCCCCCCC\C=C/CC(CCCCCC)OC(=O)CC/C=C\CC)CCN1CCN(C)CCCC1,-0.3045035837749413,,,,,,,,,,,,,,,,0.0,0.0,0.0,0.0
N(CCC(=O)OCCCCCCCC\C=C/CC(CCCCCC)OC(=O)CCCCCCCCCCC)(CCC(=O)OCCCCCCCC\C=C/CC(CCCCCC)OC(=O)CCCCCCCCCCC)CCN1CCN(C)CCCC1,-0.3045035837749413,,,,,,,,,,,,,,,,0.0,0.0,0.0,0.0
N(CCC(=O)OCCCCCCCC\C=C/CC(CCCCCC)OC(=O)CCCCCCCCCCCCC)(CCC(=O)OCCCCCCCC\C=C/CC(CCCCCC)OC(=O)CCCCCCCCCCCCC)CCN1CCN(C)CCCC1,-0.3045035837749413,,,,,,,,,,,,,,,,0.0,0.0,0.0,0.0
N(CCC(=O)OCCCCCCCC\C=C/CC(CCCCCC)OC(=O)CCCCCCCCCCCCCCC)(CCC(=O)OCCCCCCCC\C=C/CC(CCCCCC)OC(=O)CCCCCCCCCCCCCCC)CCN1CCN(C)CCCC1,-0.3045035837749413,,,,,,,,,,,,,,,,0.0,0.0,0.0,0.0
N(CCC(=O)OCCCCCCCC\C=C/CC(CCCCCC)OC(=O)C(CCCCCC)CCCCCCCC)(CCC(=O)OCCCCCCCC\C=C/CC(CCCCCC)OC(=O)C(CCCCCC)CCCCCCCC)CCN1CCN(C)CCCC1,-0.3045035837749413,,,,,,,,,,,,,,,,0.0,0.0,0.0,0.0
N(CCC(=O)OCCCCCCCC\C=C/CC(CCCCCC)OC(=O)CC/C=C\CCCCC)(CCC(=O)OCCCCCCCC\C=C/CC(CCCCCC)OC(=O)CC/C=C\CCCCC)CCN1CCN(C)CCCC1,-0.3045035837749413,,,,,,,,,,,,,,,,0.0,0.0,0.0,0.0
N(CCC(=O)OCCCCCCCC\C=C/CC(CCCCCC)OC(=O)CCC/C=C\C/C=C\C/C=C\C/C=C\CCCCC)(CCC(=O)OCCCCCCCC\C=C/CC(CCCCCC)OC(=O)CCC/C=C\C/C=C\C/C=C\C/C=C\CCCCC)CCN1CCN(C)CCCC1,-0.3045035837749413,,,,,,,,,,,,,,,,0.0,0.0,0.0,0.0
N(CCC(=O)OCCCCCCCC\C=C/CC(CCCCCC)OC(=O)CC\C=C/C/C=C\C\C=C/C\C=C/C\C=C/C\C=C/CC)(CCC(=O)OCCCCCCCC\C=C/CC(CCCCCC)OC(=O)CC\C=C/C/C=C\C\C=C/C\C=C/C\C=C/C\C=C/CC)CCN1CCN(C)CCCC1,-0.3045035837749413,,,,,,,,,,,,,,,,0.0,0.0,0.0,0.0
N(CCC(=O)OCCCCCCCC\C=C/CC(CCCCCC)OC(=O)CCCCC)(CCC(=O)OCCCCCCCC\C=C/CC(CCCCCC)OC(=O)CCCCC)CCN1CCN(C)CCCC1,-0.3045035837749413,,,,,,,,,,,,,,,,0.0,0.0,0.0,0.0
N(CCC(=O)OCCCCCCCC\C=C/CC(CCCCCC)OC(=O)CCCCCC)(CCC(=O)OCCCCCCCC\C=C/CC(CCCCCC)OC(=O)CCCCCC)CCN1CCN(C)CCCC1,-0.3045035837749413,,,,,,,,,,,,,,,,0.0,0.0,0.0,0.0
N(CCC(=O)OCCCCCCCC\C=C/CC(CCCCCC)OC(=O)CCCCCCC)(CCC(=O)OCCCCCCCC\C=C/CC(CCCCCC)OC(=O)CCCCCCC)CCN1CCN(C)CCCC1,-0.3045035837749413,,,,,,,,,,,,,,,,0.0,0.0,0.0,0.0
N(CCC(=O)OCCCCCCCC\C=C/CC(CCCCCC)OC(=O)CCCCCCCCCCCCCCCCC)(CCC(=O)OCCCCCCCC\C=C/CC(CCCCCC)OC(=O)CCCCCCCCCCCCCCCCC)CCN1CCN(C)CCCC1,-0.3045035837749413,,,,,,,,,,,,,,,,0.0,0.0,0.0,0.0
N(CCC(=O)OCCCCCCCC\C=C/CC(CCCCCC)OC(=O)CCCCCCC/C=C\CCCCCCCC)(CCC(=O)OCCCCCCCC\C=C/CC(CCCCCC)OC(=O)CCCCCCC/C=C\CCCCCCCC)CCN1CCN(C)CCCC1,-0.3045035837749413,,,,,,,,,,,,,,,,0.0,0.0,0.0,0.0
N(CCC(=O)OCCCCCCCC\C=C/CC(CCCCCC)OC(=O)CCCCCCC/C=C\C/C=C\CCCCC)(CCC(=O)OCCCCCCCC\C=C/CC(CCCCCC)OC(=O)CCCCCCC/C=C\C/C=C\CCCCC)CCN1CCN(C)CCCC1,-0.3045035837749413,,,,,,,,,,,,,,,,0.0,0.0,0.0,0.0
N(CCC(=O)OCCCCCCCC\C=C/CC(CCCCCC)OC(=O)CCC/C=C\C/C=C\C/C=C\C/C=C\C/C=C\CC)(CCC(=O)OCCCCCCCC\C=C/CC(CCCCCC)OC(=O)CCC/C=C\C/C=C\C/C=C\C/C=C\C/C=C\CC)CCN1CCN(C)CCCC1,1.0241864023830616,,,,,,,,,,,,,,,,0.0,0.0,0.0,0.0
N(CCC(=O)OCCCCCCCC\C=C/CC(CCCCCC)OC(=O)CCCCCCCCCC)(CCC(=O)OCCCCCCCC\C=C/CC(CCCCCC)OC(=O)CCCCCCCCCC)CCN1CCN(C)CCCC1,-0.3045035837749413,,,,,,,,,,,,,,,,0.0,0.0,0.0,0.0
N(CCC(=O)OCCCCCCCC\C=C/CC(CCCCCC)OC(=O)CC/C=C\CC)(CCC(=O)OCCCCCCCC\C=C/CC(CCCCCC)OC(=O)CC/C=C\CC)CCCCCO,-0.3045035837749413,,,,,,,,,,,,,,,,0.0,0.0,0.0,0.0
N(CCC(=O)OCCCCCCCC\C=C/CC(CCCCCC)OC(=O)CCCCCCCCCCC)(CCC(=O)OCCCCCCCC\C=C/CC(CCCCCC)OC(=O)CCCCCCCCCCC)CCCCCO,-0.3045035837749413,,,,,,,,,,,,,,,,0.0,0.0,0.0,0.0
N(CCC(=O)OCCCCCCCC\C=C/CC(CCCCCC)OC(=O)CCCCCCCCCCCCC)(CCC(=O)OCCCCCCCC\C=C/CC(CCCCCC)OC(=O)CCCCCCCCCCCCC)CCCCCO,-0.3045035837749413,,,,,,,,,,,,,,,,0.0,0.0,0.0,0.0
N(CCC(=O)OCCCCCCCC\C=C/CC(CCCCCC)OC(=O)CCCCCCCCCCCCCCC)(CCC(=O)OCCCCCCCC\C=C/CC(CCCCCC)OC(=O)CCCCCCCCCCCCCCC)CCCCCO,-0.3045035837749413,,,,,,,,,,,,,,,,0.0,0.0,0.0,0.0
N(CCC(=O)OCCCCCCCC\C=C/CC(CCCCCC)OC(=O)C(CCCCCC)CCCCCCCC)(CCC(=O)OCCCCCCCC\C=C/CC(CCCCCC)OC(=O)C(CCCCCC)CCCCCCCC)CCCCCO,-0.3045035837749413,,,,,,,,,,,,,,,,0.0,0.0,0.0,0.0
N(CCC(=O)OCCCCCCCC\C=C/CC(CCCCCC)OC(=O)CC/C=C\CCCCC)(CCC(=O)OCCCCCCCC\C=C/CC(CCCCCC)OC(=O)CC/C=C\CCCCC)CCCCCO,-0.3045035837749413,,,,,,,,,,,,,,,,0.0,0.0,0.0,0.0
N(CCC(=O)OCCCCCCCC\C=C/CC(CCCCCC)OC(=O)CCC/C=C\C/C=C\C/C=C\C/C=C\CCCCC)(CCC(=O)OCCCCCCCC\C=C/CC(CCCCCC)OC(=O)CCC/C=C\C/C=C\C/C=C\C/C=C\CCCCC)CCCCCO,-0.3045035837749413,,,,,,,,,,,,,,,,0.0,0.0,0.0,0.0
N(CCC(=O)OCCCCCCCC\C=C/CC(CCCCCC)OC(=O)CC\C=C/C/C=C\C\C=C/C\C=C/C\C=C/C\C=C/CC)(CCC(=O)OCCCCCCCC\C=C/CC(CCCCCC)OC(=O)CC\C=C/C/C=C\C\C=C/C\C=C/C\C=C/C\C=C/CC)CCCCCO,-0.3045035837749413,,,,,,,,,,,,,,,,0.0,0.0,0.0,0.0
N(CCC(=O)OCCCCCCCC\C=C/CC(CCCCCC)OC(=O)CCCCC)(CCC(=O)OCCCCCCCC\C=C/CC(CCCCCC)OC(=O)CCCCC)CCCCCO,-0.3045035837749413,,,,,,,,,,,,,,,,0.0,0.0,0.0,0.0
N(CCC(=O)OCCCCCCCC\C=C/CC(CCCCCC)OC(=O)CCCCCC)(CCC(=O)OCCCCCCCC\C=C/CC(CCCCCC)OC(=O)CCCCCC)CCCCCO,-0.3045035837749413,,,,,,,,,,,,,,,,0.0,0.0,0.0,0.0
N(CCC(=O)OCCCCCCCC\C=C/CC(CCCCCC)OC(=O)CCCCCCC)(CCC(=O)OCCCCCCCC\C=C/CC(CCCCCC)OC(=O)CCCCCCC)CCCCCO,-0.3045035837749413,,,,,,,,,,,,,,,,0.0,0.0,0.0,0.0
N(CCC(=O)OCCCCCCCC\C=C/CC(CCCCCC)OC(=O)CCCCCCCCCCCCCCCCC)(CCC(=O)OCCCCCCCC\C=C/CC(CCCCCC)OC(=O)CCCCCCCCCCCCCCCCC)CCCCCO,-0.3045035837749413,,,,,,,,,,,,,,,,0.0,0.0,0.0,0.0
N(CCC(=O)OCCCCCCCC\C=C/CC(CCCCCC)OC(=O)CCCCCCC/C=C\CCCCCCCC)(CCC(=O)OCCCCCCCC\C=C/CC(CCCCCC)OC(=O)CCCCCCC/C=C\CCCCCCCC)CCCCCO,-0.3045035837749413,,,,,,,,,,,,,,,,0.0,0.0,0.0,0.0
N(CCC(=O)OCCCCCCCC\C=C/CC(CCCCCC)OC(=O)CCCCCCC/C=C\C/C=C\CCCCC)(CCC(=O)OCCCCCCCC\C=C/CC(CCCCCC)OC(=O)CCCCCCC/C=C\C/C=C\CCCCC)CCCCCO,-0.3045035837749413,,,,,,,,,,,,,,,,0.0,0.0,0.0,0.0
N(CCC(=O)OCCCCCCCC\C=C/CC(CCCCCC)OC(=O)CCC/C=C\C/C=C\C/C=C\C/C=C\C/C=C\CC)(CCC(=O)OCCCCCCCC\C=C/CC(CCCCCC)OC(=O)CCC/C=C\C/C=C\C/C=C\C/C=C\C/C=C\CC)CCCCCO,1.3896527260516638,,,,,,,,,,,,,,,,0.0,0.0,0.0,0.0
N(CCC(=O)OCCCCCCCC\C=C/CC(CCCCCC)OC(=O)CCCCCCCCCC)(CCC(=O)OCCCCCCCC\C=C/CC(CCCCCC)OC(=O)CCCCCCCCCC)CCCCCO,-0.3045035837749413,,,,,,,,,,,,,,,,0.0,0.0,0.0,0.0
N(CCC(=O)OCCCCCCCC\C=C/CC(CCCCCC)OC(=O)CC/C=C\CC)(CCC(=O)OCCCCCCCC\C=C/CC(CCCCCC)OC(=O)CC/C=C\CC)CCCn1ccnc1,-0.3045035837749413,,,,,,,,,,,,,,,,0.0,0.0,0.0,0.0
N(CCC(=O)OCCCCCCCC\C=C/CC(CCCCCC)OC(=O)CCCCCCCCCCC)(CCC(=O)OCCCCCCCC\C=C/CC(CCCCCC)OC(=O)CCCCCCCCCCC)CCCn1ccnc1,-0.3045035837749413,,,,,,,,,,,,,,,,0.0,0.0,0.0,0.0
N(CCC(=O)OCCCCCCCC\C=C/CC(CCCCCC)OC(=O)CCCCCCCCCCCCC)(CCC(=O)OCCCCCCCC\C=C/CC(CCCCCC)OC(=O)CCCCCCCCCCCCC)CCCn1ccnc1,-0.3045035837749413,,,,,,,,,,,,,,,,0.0,0.0,0.0,0.0
N(CCC(=O)OCCCCCCCC\C=C/CC(CCCCCC)OC(=O)CCCCCCCCCCCCCCC)(CCC(=O)OCCCCCCCC\C=C/CC(CCCCCC)OC(=O)CCCCCCCCCCCCCCC)CCCn1ccnc1,-0.3045035837749413,,,,,,,,,,,,,,,,0.0,0.0,0.0,0.0
N(CCC(=O)OCCCCCCCC\C=C/CC(CCCCCC)OC(=O)C(CCCCCC)CCCCCCCC)(CCC(=O)OCCCCCCCC\C=C/CC(CCCCCC)OC(=O)C(CCCCCC)CCCCCCCC)CCCn1ccnc1,-0.3045035837749413,,,,,,,,,,,,,,,,0.0,0.0,0.0,0.0
N(CCC(=O)OCCCCCCCC\C=C/CC(CCCCCC)OC(=O)CC/C=C\CCCCC)(CCC(=O)OCCCCCCCC\C=C/CC(CCCCCC)OC(=O)CC/C=C\CCCCC)CCCn1ccnc1,-0.3045035837749413,,,,,,,,,,,,,,,,0.0,0.0,0.0,0.0
N(CCC(=O)OCCCCCCCC\C=C/CC(CCCCCC)OC(=O)CCC/C=C\C/C=C\C/C=C\C/C=C\CCCCC)(CCC(=O)OCCCCCCCC\C=C/CC(CCCCCC)OC(=O)CCC/C=C\C/C=C\C/C=C\C/C=C\CCCCC)CCCn1ccnc1,-0.3045035837749413,,,,,,,,,,,,,,,,0.0,0.0,0.0,0.0
N(CCC(=O)OCCCCCCCC\C=C/CC(CCCCCC)OC(=O)CC\C=C/C/C=C\C\C=C/C\C=C/C\C=C/C\C=C/CC)(CCC(=O)OCCCCCCCC\C=C/CC(CCCCCC)OC(=O)CC\C=C/C/C=C\C\C=C/C\C=C/C\C=C/C\C=C/CC)CCCn1ccnc1,0.7950825715926718,,,,,,,,,,,,,,,,0.0,0.0,0.0,0.0
N(CCC(=O)OCCCCCCCC\C=C/CC(CCCCCC)OC(=O)CCCCC)(CCC(=O)OCCCCCCCC\C=C/CC(CCCCCC)OC(=O)CCCCC)CCCn1ccnc1,-0.3045035837749413,,,,,,,,,,,,,,,,0.0,0.0,0.0,0.0
N(CCC(=O)OCCCCCCCC\C=C/CC(CCCCCC)OC(=O)CCCCCC)(CCC(=O)OCCCCCCCC\C=C/CC(CCCCCC)OC(=O)CCCCCC)CCCn1ccnc1,-0.3045035837749413,,,,,,,,,,,,,,,,0.0,0.0,0.0,0.0
N(CCC(=O)OCCCCCCCC\C=C/CC(CCCCCC)OC(=O)CCCCCCC)(CCC(=O)OCCCCCCCC\C=C/CC(CCCCCC)OC(=O)CCCCCCC)CCCn1ccnc1,-0.3045035837749413,,,,,,,,,,,,,,,,0.0,0.0,0.0,0.0
N(CCC(=O)OCCCCCCCC\C=C/CC(CCCCCC)OC(=O)CCCCCCCCCCCCCCCCC)(CCC(=O)OCCCCCCCC\C=C/CC(CCCCCC)OC(=O)CCCCCCCCCCCCCCCCC)CCCn1ccnc1,-0.3045035837749413,,,,,,,,,,,,,,,,0.0,0.0,0.0,0.0
N(CCC(=O)OCCCCCCCC\C=C/CC(CCCCCC)OC(=O)CCCCCCC/C=C\CCCCCCCC)(CCC(=O)OCCCCCCCC\C=C/CC(CCCCCC)OC(=O)CCCCCCC/C=C\CCCCCCCC)CCCn1ccnc1,-0.3045035837749413,,,,,,,,,,,,,,,,0.0,0.0,0.0,0.0
N(CCC(=O)OCCCCCCCC\C=C/CC(CCCCCC)OC(=O)CCCCCCC/C=C\C/C=C\CCCCC)(CCC(=O)OCCCCCCCC\C=C/CC(CCCCCC)OC(=O)CCCCCCC/C=C\C/C=C\CCCCC)CCCn1ccnc1,-0.3045035837749413,,,,,,,,,,,,,,,,0.0,0.0,0.0,0.0
N(CCC(=O)OCCCCCCCC\C=C/CC(CCCCCC)OC(=O)CCC/C=C\C/C=C\C/C=C\C/C=C\C/C=C\CC)(CCC(=O)OCCCCCCCC\C=C/CC(CCCCCC)OC(=O)CCC/C=C\C/C=C\C/C=C\C/C=C\C/C=C\CC)CCCn1ccnc1,-0.3045035837749413,,,,,,,,,,,,,,,,0.0,0.0,0.0,0.0
N(CCC(=O)OCCCCCCCC\C=C/CC(CCCCCC)OC(=O)CCCCCCCCCC)(CCC(=O)OCCCCCCCC\C=C/CC(CCCCCC)OC(=O)CCCCCCCCCC)CCCn1ccnc1,-0.3045035837749413,,,,,,,,,,,,,,,,0.0,0.0,0.0,0.0
N(CCC(=O)OCCCCCCCC\C=C/CC(CCCCCC)OC(=O)CCC/C=C\C/C=C\C/C=C\C/C=C\C/C=C\CC)(CCC(=O)OCCCCCCCC\C=C/CC(CCCCCC)OC(=O)CCC/C=C\C/C=C\C/C=C\C/C=C\C/C=C\CC)CCCN(C)CCCN(CCC(=O)OCCCCCCCC\C=C/CC(CCCCCC)OC(=O)CCC/C=C\C/C=C\C/C=C\C/C=C\C/C=C\CC)(CCC(=O)OCCCCCCCC\C=C/CC(CCCCCC)OC(=O)CCC/C=C\C/C=C\C/C=C\C/C=C\C/C=C\CC),-1.564685974486142,,,,,,,,,,,,,,,,0.0,0.0,0.0,0.0
CN(CCC(=O)OCCCCCCCC\C=C/CC(CCCCCC)OC(=O)CCC/C=C\C/C=C\C/C=C\C/C=C\C/C=C\CC)CCN(CCN(CCC(=O)OCCCCCCCC\C=C/CC(CCCCCC)OC(=O)CCC/C=C\C/C=C\C/C=C\C/C=C\C/C=C\CC)C)CCN(CCC(=O)OCCCCCCCC\C=C/CC(CCCCCC)OC(=O)CCC/C=C\C/C=C\C/C=C\C/C=C\C/C=C\CC)C,-0.1517394583928243,,,,,,,,,,,,,,,,0.0,0.0,0.0,0.0
N(CCC(=O)OCCCCCCCC\C=C/CC(CCCCCC)OC(=O)CC\C=C/C/C=C\C\C=C/C\C=C/C\C=C/C\C=C/CC)(CCC(=O)OCCCCCCCC\C=C/CC(CCCCCC)OC(=O)CC\C=C/C/C=C\C\C=C/C\C=C/C\C=C/C\C=C/CC)CCCN(C)CCCN(CCC(=O)OCCCCCCCC\C=C/CC(CCCCCC)OC(=O)CC\C=C/C/C=C\C\C=C/C\C=C/C\C=C/C\C=C/CC)(CCC(=O)OCCCCCCCC\C=C/CC(CCCCCC)OC(=O)CC\C=C/C/C=C\C\C=C/C\C=C/C\C=C/C\C=C/CC),-1.5968345605618692,,,,,,,,,,,,,,,,0.0,0.0,0.0,0.0
CN(CCC(=O)OCCCCCCCC\C=C/CC(CCCCCC)OC(=O)CC\C=C/C/C=C\C\C=C/C\C=C/C\C=C/C\C=C/CC)CCN(CCN(CCC(=O)OCCCCCCCC\C=C/CC(CCCCCC)OC(=O)CC\C=C/C/C=C\C\C=C/C\C=C/C\C=C/C\C=C/CC)C)CCN(CCC(=O)OCCCCCCCC\C=C/CC(CCCCCC)OC(=O)CC\C=C/C/C=C\C\C=C/C\C=C/C\C=C/C\C=C/CC)C,0.256228260879953,,,,,,,,,,,,,,,,0.0,0.0,0.0,0.0
N(CCC(=O)OCCCCCCCC\C=C/CC(CCCCCC)OC(=O)CCC/C=C\C/C=C\C/C=C\C/C=C\C/C=C\CC)(CCC(=O)OCCCCCCCC\C=C/CC(CCCCCC)OC(=O)CCC/C=C\C/C=C\C/C=C\C/C=C\C/C=C\CC)CCCN(CCC(=O)OCCCCCCCC\C=C/CC(CCCCCC)OC(=O)CCC/C=C\C/C=C\C/C=C\C/C=C\C/C=C\CC)CCCN(C)C,0.0780392822045095,,,,,,,,,,,,,,,,0.0,0.0,0.0,0.0
N(CCC(=O)OCCCCCCCC\C=C/CC(CCCCCC)OC(=O)CC\C=C/C/C=C\C\C=C/C\C=C/C\C=C/C\C=C/CC)(CCC(=O)OCCCCCCCC\C=C/CC(CCCCCC)OC(=O)CC\C=C/C/C=C\C\C=C/C\C=C/C\C=C/C\C=C/CC)CCCN(CCC(=O)OCCCCCCCC\C=C/CC(CCCCCC)OC(=O)CC\C=C/C/C=C\C\C=C/C\C=C/C\C=C/C\C=C/CC)CCCN(C)C,-0.1957310527401378,,,,,,,,,,,,,,,,0.0,0.0,0.0,0.0
CCN(CCC(=O)OCCCCCCCC\C=C/CC(CCCCCC)OC(=O)CC\C=C/C/C=C\C\C=C/C\C=C/C\C=C/C\C=C/CC)CCO,0.6305915349120698,,,,,,,,,,,,,,,,0.0,0.0,0.0,0.0
N(CCC(=O)OCCCCCCCC\C=C/CC(CCCCCC)OC(=O)CCCCCCC/C=C\C/C=C\C/C=C\CC)(CCC(=O)OCCCCCCCC\C=C/CC(CCCCCC)OC(=O)CCCCCCC/C=C\C/C=C\C/C=C\CC)CCN(C)C,0.766856953798913,,,,,,,,,,,,,,,,0.0,0.0,0.0,0.0
CN(CCC(=O)OCCCCCCCC\C=C/CC(CCCCCC)OC(=O)CCCCCCC/C=C\C/C=C\C/C=C\CC)CCN(CCN(CCC(=O)OCCCCCCCC\C=C/CC(CCCCCC)OC(=O)CCCCCCC/C=C\C/C=C\C/C=C\CC)C)CCN(CCC(=O)OCCCCCCCC\C=C/CC(CCCCCC)OC(=O)CCCCCCC/C=C\C/C=C\C/C=C\CC)C,1.51245475239549,,,,,,,,,,,,,,,,0.0,0.0,0.0,0.0
N(CCC(=O)OCCCCCCCC\C=C/CC(CCCCCC)OC(=O)CCCCCCC/C=C\C/C=C\C/C=C\CC)(CCC(=O)OCCCCCCCC\C=C/CC(CCCCCC)OC(=O)CCCCCCC/C=C\C/C=C\C/C=C\CC)CCCN(C)CCCN(CCC(=O)OCCCCCCCC\C=C/CC(CCCCCC)OC(=O)CCCCCCC/C=C\C/C=C\C/C=C\CC)(CCC(=O)OCCCCCCCC\C=C/CC(CCCCCC)OC(=O)CCCCCCC/C=C\C/C=C\C/C=C\CC),-0.4641398833053368,,,,,,,,,,,,,,,,0.0,0.0,0.0,0.0
N(CCC(=O)OCCCCCCCC\C=C/CC(CCCCCC)OC(=O)CCCCCCC/C=C\C/C=C\C/C=C\CC)(CCC(=O)OCCCCCCCC\C=C/CC(CCCCCC)OC(=O)CCCCCCC/C=C\C/C=C\C/C=C\CC)CCCN(CCC(=O)OCCCCCCCC\C=C/CC(CCCCCC)OC(=O)CCCCCCC/C=C\C/C=C\C/C=C\CC)CCCN(C)C,0.1499894422792446,,,,,,,,,,,,,,,,0.0,0.0,0.0,0.0
N(CCC(=O)OCCCCCCCC\C=C/CC(CCCCCC)OC(=O)CCCCCCC/C=C\C/C=C\C/C=C\CC)(CCC(=O)OCCCCCCCC\C=C/CC(CCCCCC)OC(=O)CCCCCCC/C=C\C/C=C\C/C=C\CC)CCCn1ccnc1,-0.3831919935709746,,,,,,,,,,,,,,,,0.0,0.0,0.0,0.0
CN(CCC(=O)OCCCCCCCC\C=C/CC(CCCCCC)OC(=O)CC/C=C\CCCCC)CCN(CCN(CCC(=O)OCCCCCCCC\C=C/CC(CCCCCC)OC(=O)CC/C=C\CCCCC)C)CCN(CCC(=O)OCCCCCCCC\C=C/CC(CCCCCC)OC(=O)CC/C=C\CCCCC)C,1.1467047876481813,,,,,,,,,,,,,,,,0.0,0.0,0.0,0.0
CN(CCC(=O)OCCCCCCCC\C=C/CC(CCCCCC)OC(=O)CCCCCCCC=C)CCN(CCN(CCC(=O)OCCCCCCCC\C=C/CC(CCCCCC)OC(=O)CCCCCCCC=C)C)CCN(CCC(=O)OCCCCCCCC\C=C/CC(CCCCCC)OC(=O)CCCCCCCC=C)C,1.0966837119877542,,,,,,,,,,,,,,,,0.0,0.0,0.0,0.0
CN(CCC(=O)OCCCCCCCC\C=C/CC(CCCCCC)OC(=O)CCCC\C=C/C\C=C/C\C=C/CCCCC)CCN(CCN(CCC(=O)OCCCCCCCC\C=C/CC(CCCCCC)OC(=O)CCCC\C=C/C\C=C/C\C=C/CCCCC)C)CCN(CCC(=O)OCCCCCCCC\C=C/CC(CCCCCC)OC(=O)CCCC\C=C/C\C=C/C\C=C/CCCCC)C,1.2283298146642945,,,,,,,,,,,,,,,,0.0,0.0,0.0,0.0
CN(CCC(=O)OCCCCCCCC\C=C/CC(CCCCCC)OC(=O)CCCCCCC/C=C\CCCCCCCC)CCN(CCN(CCC(=O)OCCCCCCCC\C=C/CC(CCCCCC)OC(=O)CCCCCCC/C=C\CCCCCCCC)C)CCN(CCC(=O)OCCCCCCCC\C=C/CC(CCCCCC)OC(=O)CCCCCCC/C=C\CCCCCCCC)C,1.0292966644378967,,,,,,,,,,,,,,,,0.0,0.0,0.0,0.0
CN(CCC(=O)OCCCCCCCC\C=C/CC(CCCCCC)OC(=O)CCCCCCC/C=C\C/C=C\CCCCC)CCN(CCN(CCC(=O)OCCCCCCCC\C=C/CC(CCCCCC)OC(=O)CCCCCCC/C=C\C/C=C\CCCCC)C)CCN(CCC(=O)OCCCCCCCC\C=C/CC(CCCCCC)OC(=O)CCCCCCC/C=C\C/C=C\CCCCC)C,-0.0823045319068168,,,,,,,,,,,,,,,,0.0,0.0,0.0,0.0
CN(CCC(=O)OCCCCCCCC\C=C/CC(CCCCCC)OC(=O)CCCCCCCCCCC)CCN(CCN(CCC(=O)OCCCCCCCC\C=C/CC(CCCCCC)OC(=O)CCCCCCCCCCC)C)CCN(CCC(=O)OCCCCCCCC\C=C/CC(CCCCCC)OC(=O)CCCCCCCCCCC)C,0.3694904876784224,,,,,,,,,,,,,,,,0.0,0.0,0.0,0.0
CN(CCC(=O)OCCCCCCCC\C=C/CC(CCCCCC)OC(=O)CCCCCCCCC)CCN(CCN(CCC(=O)OCCCCCCCC\C=C/CC(CCCCCC)OC(=O)CCCCCCCCC)C)CCN(CCC(=O)OCCCCCCCC\C=C/CC(CCCCCC)OC(=O)CCCCCCCCC)C,1.2260743890721486,,,,,,,,,,,,,,,,0.0,0.0,0.0,0.0
CN(CCC(=O)OCCCCCCCC\C=C/CC(CCCCCC)OC(=O)CCCCCC)CCN(CCN(CCC(=O)OCCCCCCCC\C=C/CC(CCCCCC)OC(=O)CCCCCC)C)CCN(CCC(=O)OCCCCCCCC\C=C/CC(CCCCCC)OC(=O)CCCCCC)C,1.4592671420676475,,,,,,,,,,,,,,,,0.0,0.0,0.0,0.0
CN(CCC(=O)OCCCCCCCC\C=C/CC(CCCCCC)OC(=O)CCCCCCCCCC)CCN(CCN(CCC(=O)OCCCCCCCC\C=C/CC(CCCCCC)OC(=O)CCCCCCCCCC)C)CCN(CCC(=O)OCCCCCCCC\C=C/CC(CCCCCC)OC(=O)CCCCCCCCCC)C,1.6268960677314146,,,,,,,,,,,,,,,,0.0,0.0,0.0,0.0
CN(CCC(=O)OCCCCCCCC\C=C/CC(CCCCCC)OC(=O)CCCCCCCCCCCCC)CCN(CCN(CCC(=O)OCCCCCCCC\C=C/CC(CCCCCC)OC(=O)CCCCCCCCCCCCC)C)CCN(CCC(=O)OCCCCCCCC\C=C/CC(CCCCCC)OC(=O)CCCCCCCCCCCCC)C,1.5963665306033643,,,,,,,,,,,,,,,,0.0,0.0,0.0,0.0
CN(CCC(=O)OCCCCCCCC\C=C/CC(CCCCCC)OC(=O)CCCCCCCCCCCCCCC)CCN(CCN(CCC(=O)OCCCCCCCC\C=C/CC(CCCCCC)OC(=O)CCCCCCCCCCCCCCC)C)CCN(CCC(=O)OCCCCCCCC\C=C/CC(CCCCCC)OC(=O)CCCCCCCCCCCCCCC)C,0.3204106391574902,,,,,,,,,,,,,,,,0.0,0.0,0.0,0.0
CN(CCC(=O)OCCCCCCCC\C=C/CC(CCCCCC)OC(=O)C)CCN(CCN(CCC(=O)OCCCCCCCC\C=C/CC(CCCCCC)OC(=O)C)C)CCN(CCC(=O)OCCCCCCCC\C=C/CC(CCCCCC)OC(=O)C)C,1.4606894517461335,,,,,,,,,,,,,,,,0.0,0.0,0.0,0.0
CN(CCC(=O)OCCCCCCCC\C=C/CC(CCCCCC)O)CCN(CCN(CCC(=O)OCCCCCCCC\C=C/CC(CCCCCC)O)C)CCN(CCC(=O)OCCCCCCCC\C=C/CC(CCCCCC)O)C,1.3642218458085789,,,,,,,,,,,,,,,,0.0,0.0,0.0,0.0
N(CCC(=O)OCCCCCCCC\C=C/CC(CCCCCC)OC(=O)CCCC\C=C/C\C=C/C\C=C/CCCCC)(CCC(=O)OCCCCCCCC\C=C/CC(CCCCCC)OC(=O)CCCC\C=C/C\C=C/C\C=C/CCCCC)CCN(C)C,-0.3288716084674929,,,,,,,,,,,,,,,,0.0,0.0,0.0,0.0
N(CCC(=O)OCCCCCCCC\C=C/CC(CCCCCC)OC(=O)CCCC\C=C/C\C=C/C\C=C/CCCCC)(CCC(=O)OCCCCCCCC\C=C/CC(CCCCCC)OC(=O)CCCC\C=C/C\C=C/C\C=C/CCCCC)CCCN(C)CCCN(CCC(=O)OCCCCCCCC\C=C/CC(CCCCCC)OC(=O)CCCC\C=C/C\C=C/C\C=C/CCCCC)(CCC(=O)OCCCCCCCC\C=C/CC(CCCCCC)OC(=O)CCCC\C=C/C\C=C/C\C=C/CCCCC),-1.732697190032351,,,,,,,,,,,,,,,,0.0,0.0,0.0,0.0
N(CCC(=O)OCCCCCCCC\C=C/CC(CCCCCC)OC(=O)CCCC\C=C/C\C=C/C\C=C/CCCCC)(CCC(=O)OCCCCCCCC\C=C/CC(CCCCCC)OC(=O)CCCC\C=C/C\C=C/C\C=C/CCCCC)CCCN(CCC(=O)OCCCCCCCC\C=C/CC(CCCCCC)OC(=O)CCCC\C=C/C\C=C/C\C=C/CCCCC)CCCN(C)C,1.3734326961251435,,,,,,,,,,,,,,,,0.0,0.0,0.0,0.0
N(CCC(=O)OCCCCCCCC\C=C/CC(CCCCCC)OC(=O)CCCC\C=C/C\C=C/C\C=C/CCCCC)(CCC(=O)OCCCCCCCC\C=C/CC(CCCCCC)OC(=O)CCCC\C=C/C\C=C/C\C=C/CCCCC)CCCn1ccnc1,-0.7187812578758446,,,,,,,,,,,,,,,,0.0,0.0,0.0,0.0
N(CCC(=O)OCCCCCCCC\C=C/CC(CCCCCC)OC(=O)C(CCCC)CCCCCC)(CCC(=O)OCCCCCCCC\C=C/CC(CCCCCC)OC(=O)C(CCCC)CCCCCC)CCN(C)C,-0.8911642723463086,,,,,,,,,,,,,,,,0.0,0.0,0.0,0.0
CN(CCC(=O)OCCCCCCCC\C=C/CC(CCCCCC)OC(=O)C(CCCC)CCCCCC)CCN(CCN(CCC(=O)OCCCCCCCC\C=C/CC(CCCCCC)OC(=O)C(CCCC)CCCCCC)C)CCN(CCC(=O)OCCCCCCCC\C=C/CC(CCCCCC)OC(=O)C(CCCC)CCCCCC)C,1.117848970385383,,,,,,,,,,,,,,,,0.0,0.0,0.0,0.0
N(CCC(=O)OCCCCCCCC\C=C/CC(CCCCCC)OC(=O)C(CCCC)CCCCCC)(CCC(=O)OCCCCCCCC\C=C/CC(CCCCCC)OC(=O)C(CCCC)CCCCCC)CCCN(C)CCCN(CCC(=O)OCCCCCCCC\C=C/CC(CCCCCC)OC(=O)C(CCCC)CCCCCC)(CCC(=O)OCCCCCCCC\C=C/CC(CCCCCC)OC(=O)C(CCCC)CCCCCC),-0.0407323967807803,,,,,,,,,,,,,,,,0.0,0.0,0.0,0.0
N(CCC(=O)OCCCCCCCC\C=C/CC(CCCCCC)OC(=O)C(CCCC)CCCCCC)(CCC(=O)OCCCCCCCC\C=C/CC(CCCCCC)OC(=O)C(CCCC)CCCCCC)CCCN(CCC(=O)OCCCCCCCC\C=C/CC(CCCCCC)OC(=O)C(CCCC)CCCCCC)CCCN(C)C,1.2729251074849748,,,,,,,,,,,,,,,,0.0,0.0,0.0,0.0
N(CCC(=O)OCCCCCCCC\C=C/CC(CCCCCC)OC(=O)C(CCCC)CCCCCC)(CCC(=O)OCCCCCCCC\C=C/CC(CCCCCC)OC(=O)C(CCCC)CCCCCC)CCCn1ccnc1,-0.7791229572218699,,,,,,,,,,,,,,,,0.0,0.0,0.0,0.0
N(CCC(=O)OCCCCCCCC\C=C/CC(CCCCCC)OC(=O)CCC/C=C\C/C=C\C/C=C\C/C=C\CCCCC)(CCC(=O)OCCCCCCCC\C=C/CC(CCCCCC)OC(=O)CCC/C=C\C/C=C\C/C=C\C/C=C\CCCCC)CCN(C)C,0.1914268938083123,,,,,,,,,,,,,,,,0.0,0.0,0.0,0.0
CN(CCC(=O)OCCCCCCCC\C=C/CC(CCCCCC)OC(=O)CCC/C=C\C/C=C\C/C=C\C/C=C\CCCCC)CCN(CCN(CCC(=O)OCCCCCCCC\C=C/CC(CCCCCC)OC(=O)CCC/C=C\C/C=C\C/C=C\C/C=C\CCCCC)C)CCN(CCC(=O)OCCCCCCCC\C=C/CC(CCCCCC)OC(=O)CCC/C=C\C/C=C\C/C=C\C/C=C\CCCCC)C,0.8161902342219146,,,,,,,,,,,,,,,,0.0,0.0,0.0,0.0
N(CCC(=O)OCCCCCCCC\C=C/CC(CCCCCC)OC(=O)CCC/C=C\C/C=C\C/C=C\C/C=C\CCCCC)(CCC(=O)OCCCCCCCC\C=C/CC(CCCCCC)OC(=O)CCC/C=C\C/C=C\C/C=C\C/C=C\CCCCC)CCCN(C)CCCN(CCC(=O)OCCCCCCCC\C=C/CC(CCCCCC)OC(=O)CCC/C=C\C/C=C\C/C=C\C/C=C\CCCCC)(CCC(=O)OCCCCCCCC\C=C/CC(CCCCCC)OC(=O)CCC/C=C\C/C=C\C/C=C\C/C=C\CCCCC),-0.6959521266850005,,,,,,,,,,,,,,,,0.0,0.0,0.0,0.0
N(CCC(=O)OCCCCCCCC\C=C/CC(CCCCCC)OC(=O)CCC/C=C\C/C=C\C/C=C\C/C=C\CCCCC)(CCC(=O)OCCCCCCCC\C=C/CC(CCCCCC)OC(=O)CCC/C=C\C/C=C\C/C=C\C/C=C\CCCCC)CCCN(CCC(=O)OCCCCCCCC\C=C/CC(CCCCCC)OC(=O)CCC/C=C\C/C=C\C/C=C\C/C=C\CCCCC)CCCN(C)C,0.7269363622990178,,,,,,,,,,,,,,,,0.0,0.0,0.0,0.0
N(CCC(=O)OCCCCCCCC\C=C/CC(CCCCCC)OC(=O)CCC/C=C\C/C=C\C/C=C\C/C=C\CCCCC)(CCC(=O)OCCCCCCCC\C=C/CC(CCCCCC)OC(=O)CCC/C=C\C/C=C\C/C=C\C/C=C\CCCCC)CCCn1ccnc1,-1.3388703595459142,,,,,,,,,,,,,,,,0.0,0.0,0.0,0.0
CN(CCC(=O)OCCCCCCCC\C=C/CC(CCCCCC)OC(=O)C(CCCCCC)CCCCCCCC)CCN(CCN(CCC(=O)OCCCCCCCC\C=C/CC(CCCCCC)OC(=O)C(CCCCCC)CCCCCCCC)C)CCN(CCC(=O)OCCCCCCCC\C=C/CC(CCCCCC)OC(=O)C(CCCCCC)CCCCCCCC)C,1.0010987309148625,,,,,,,,,,,,,,,,0.0,0.0,0.0,0.0
N(CCC(=O)OCCCCCCCC\C=C/CC(CCCCCC)OC(=O)C(CCCCCC)CCCCCCCC)(CCC(=O)OCCCCCCCC\C=C/CC(CCCCCC)OC(=O)C(CCCCCC)CCCCCCCC)CCCN(C)CCCN(CCC(=O)OCCCCCCCC\C=C/CC(CCCCCC)OC(=O)C(CCCCCC)CCCCCCCC)(CCC(=O)OCCCCCCCC\C=C/CC(CCCCCC)OC(=O)C(CCCCCC)CCCCCCCC),-0.8872553044866427,,,,,,,,,,,,,,,,0.0,0.0,0.0,0.0
N(CCC(=O)OCCCCCCCC\C=C/CC(CCCCCC)OC(=O)C(CCCCCC)CCCCCCCC)(CCC(=O)OCCCCCCCC\C=C/CC(CCCCCC)OC(=O)C(CCCCCC)CCCCCCCC)CCCN(CCC(=O)OCCCCCCCC\C=C/CC(CCCCCC)OC(=O)C(CCCCCC)CCCCCCCC)CCCN(C)C,1.495463911978068,,,,,,,,,,,,,,,,0.0,0.0,0.0,0.0
N(CCC(=O)OCCCCCCCC\C=C/CC(CCCCCC)OC(=O)C(CCCCCC)CCCCCCCC)(CCC(=O)OCCCCCCCC\C=C/CC(CCCCCC)OC(=O)C(CCCCCC)CCCCCCCC)CCCn1ccnc1,-0.5069014320007328,,,,,,,,,,,,,,,,0.0,0.0,0.0,0.0
N(CCC(=O)OCCCCCCCC\C=C/CC(CCCCCC)OC(=O)CCC/C=C\C/C=C\C/C=C\C/C=C\C/C=C\CC)(CCC(=O)OCCCCCCCC\C=C/CC(CCCCCC)OC(=O)CCC/C=C\C/C=C\C/C=C\C/C=C\C/C=C\CC)CCCN(C)CCCN(CCC(=O)OCCCCCCCC\C=C/CC(CCCCCC)OC(=O)CCC/C=C\C/C=C\C/C=C\C/C=C\C/C=C\CC)(CCC(=O)OCCCCCCCC\C=C/CC(CCCCCC)OC(=O)CCC/C=C\C/C=C\C/C=C\C/C=C\C/C=C\CC),-1.073836137374315,,,,,,,,,,,,,,,,0.0,0.0,0.0,0.0
CN(CCC(=O)OCCCCCCCC\C=C/CC(CCCCCC)OC(=O)CCC/C=C\C/C=C\C/C=C\C/C=C\C/C=C\CC)CCN(CCN(CCC(=O)OCCCCCCCC\C=C/CC(CCCCCC)OC(=O)CCC/C=C\C/C=C\C/C=C\C/C=C\C/C=C\CC)C)CCN(CCC(=O)OCCCCCCCC\C=C/CC(CCCCCC)OC(=O)CCC/C=C\C/C=C\C/C=C\C/C=C\C/C=C\CC)C,-0.7073732130449286,,,,,,,,,,,,,,,,0.0,0.0,0.0,0.0
N(CCC(=O)OCCCCCCCC\C=C/CC(CCCCCC)OC(=O)CC\C=C/C/C=C\C\C=C/C\C=C/C\C=C/C\C=C/CC)(CCC(=O)OCCCCCCCC\C=C/CC(CCCCCC)OC(=O)CC\C=C/C/C=C\C\C=C/C\C=C/C\C=C/C\C=C/CC)CCCN(C)CCCN(CCC(=O)OCCCCCCCC\C=C/CC(CCCCCC)OC(=O)CC\C=C/C/C=C\C\C=C/C\C=C/C\C=C/C\C=C/CC)(CCC(=O)OCCCCCCCC\C=C/CC(CCCCCC)OC(=O)CC\C=C/C/C=C\C\C=C/C\C=C/C\C=C/C\C=C/CC),-1.5793519296899463,,,,,,,,,,,,,,,,0.0,0.0,0.0,0.0
CN(CCC(=O)OCCCCCCCC\C=C/CC(CCCCCC)OC(=O)CC\C=C/C/C=C\C\C=C/C\C=C/C\C=C/C\C=C/CC)CCN(CCN(CCC(=O)OCCCCCCCC\C=C/CC(CCCCCC)OC(=O)CC\C=C/C/C=C\C\C=C/C\C=C/C\C=C/C\C=C/CC)C)CCN(CCC(=O)OCCCCCCCC\C=C/CC(CCCCCC)OC(=O)CC\C=C/C/C=C\C\C=C/C\C=C/C\C=C/C\C=C/CC)C,0.6882935303027009,,,,,,,,,,,,,,,,0.0,0.0,0.0,0.0
N(CCC(=O)OCCCCCCCC\C=C/CC(CCCCCC)OC(=O)CCC/C=C\C/C=C\C/C=C\C/C=C\C/C=C\CC)(CCC(=O)OCCCCCCCC\C=C/CC(CCCCCC)OC(=O)CCC/C=C\C/C=C\C/C=C\C/C=C\C/C=C\CC)CCCN(CCC(=O)OCCCCCCCC\C=C/CC(CCCCCC)OC(=O)CCC/C=C\C/C=C\C/C=C\C/C=C\C/C=C\CC)CCCN(C)C,-1.2321568241566456,,,,,,,,,,,,,,,,0.0,0.0,0.0,0.0
N(CCC(=O)OCCCCCCCC\C=C/CC(CCCCCC)OC(=O)CC\C=C/C/C=C\C\C=C/C\C=C/C\C=C/C\C=C/CC)(CCC(=O)OCCCCCCCC\C=C/CC(CCCCCC)OC(=O)CC\C=C/C/C=C\C\C=C/C\C=C/C\C=C/C\C=C/CC)CCCN(CCC(=O)OCCCCCCCC\C=C/CC(CCCCCC)OC(=O)CC\C=C/C/C=C\C\C=C/C\C=C/C\C=C/C\C=C/CC)CCCN(C)C,-1.7702211008637008,,,,,,,,,,,,,,,,0.0,0.0,0.0,0.0
CCN(CCC(=O)OCCCCCCCC\C=C/CC(CCCCCC)OC(=O)CC\C=C/C/C=C\C\C=C/C\C=C/C\C=C/C\C=C/CC)CCO,0.6772714625790651,,,,,,,,,,,,,,,,0.0,0.0,0.0,0.0
N(CCC(=O)OCCCCCCCC\C=C/CC(CCCCCC)OC(=O)CCCCCCC/C=C\C/C=C\C/C=C\CC)(CCC(=O)OCCCCCCCC\C=C/CC(CCCCCC)OC(=O)CCCCCCC/C=C\C/C=C\C/C=C\CC)CCN(C)C,1.429414980141115,,,,,,,,,,,,,,,,0.0,0.0,0.0,0.0
CN(CCC(=O)OCCCCCCCC\C=C/CC(CCCCCC)OC(=O)CCCCCCC/C=C\C/C=C\C/C=C\CC)CCN(CCN(CCC(=O)OCCCCCCCC\C=C/CC(CCCCCC)OC(=O)CCCCCCC/C=C\C/C=C\C/C=C\CC)C)CCN(CCC(=O)OCCCCCCCC\C=C/CC(CCCCCC)OC(=O)CCCCCCC/C=C\C/C=C\C/C=C\CC)C,0.3162426048911669,,,,,,,,,,,,,,,,0.0,0.0,0.0,0.0
N(CCC(=O)OCCCCCCCC\C=C/CC(CCCCCC)OC(=O)CCCCCCC/C=C\C/C=C\C/C=C\CC)(CCC(=O)OCCCCCCCC\C=C/CC(CCCCCC)OC(=O)CCCCCCC/C=C\C/C=C\C/C=C\CC)CCCN(C)CCCN(CCC(=O)OCCCCCCCC\C=C/CC(CCCCCC)OC(=O)CCCCCCC/C=C\C/C=C\C/C=C\CC)(CCC(=O)OCCCCCCCC\C=C/CC(CCCCCC)OC(=O)CCCCCCC/C=C\C/C=C\C/C=C\CC),0.1475466412513518,,,,,,,,,,,,,,,,0.0,0.0,0.0,0.0
N(CCC(=O)OCCCCCCCC\C=C/CC(CCCCCC)OC(=O)CCCCCCC/C=C\C/C=C\C/C=C\CC)(CCC(=O)OCCCCCCCC\C=C/CC(CCCCCC)OC(=O)CCCCCCC/C=C\C/C=C\C/C=C\CC)CCCN(CCC(=O)OCCCCCCCC\C=C/CC(CCCCCC)OC(=O)CCCCCCC/C=C\C/C=C\C/C=C\CC)CCCN(C)C,-0.39379949832695,,,,,,,,,,,,,,,,0.0,0.0,0.0,0.0
N(CCC(=O)OCCCCCCCC\C=C/CC(CCCCCC)OC(=O)CCCCCCC/C=C\C/C=C\C/C=C\CC)(CCC(=O)OCCCCCCCC\C=C/CC(CCCCCC)OC(=O)CCCCCCC/C=C\C/C=C\C/C=C\CC)CCCn1ccnc1,1.0090349260844305,,,,,,,,,,,,,,,,0.0,0.0,0.0,0.0
CN(CCC(=O)OCCCCCCCC\C=C/CC(CCCCCC)OC(=O)CC/C=C\CCCCC)CCN(CCN(CCC(=O)OCCCCCCCC\C=C/CC(CCCCCC)OC(=O)CC/C=C\CCCCC)C)CCN(CCC(=O)OCCCCCCCC\C=C/CC(CCCCCC)OC(=O)CC/C=C\CCCCC)C,2.011669851174322,,,,,,,,,,,,,,,,0.0,0.0,0.0,0.0
CN(CCC(=O)OCCCCCCCC\C=C/CC(CCCCCC)OC(=O)CCCCCCCC=C)CCN(CCN(CCC(=O)OCCCCCCCC\C=C/CC(CCCCCC)OC(=O)CCCCCCCC=C)C)CCN(CCC(=O)OCCCCCCCC\C=C/CC(CCCCCC)OC(=O)CCCCCCCC=C)C,1.2118054808091068,,,,,,,,,,,,,,,,0.0,0.0,0.0,0.0
CN(CCC(=O)OCCCCCCCC\C=C/CC(CCCCCC)OC(=O)CCCC\C=C/C\C=C/C\C=C/CCCCC)CCN(CCN(CCC(=O)OCCCCCCCC\C=C/CC(CCCCCC)OC(=O)CCCC\C=C/C\C=C/C\C=C/CCCCC)C)CCN(CCC(=O)OCCCCCCCC\C=C/CC(CCCCCC)OC(=O)CCCC\C=C/C\C=C/C\C=C/CCCCC)C,0.2479161849378229,,,,,,,,,,,,,,,,0.0,0.0,0.0,0.0
CN(CCC(=O)OCCCCCCCC\C=C/CC(CCCCCC)OC(=O)CCCCCCC/C=C\CCCCCCCC)CCN(CCN(CCC(=O)OCCCCCCCC\C=C/CC(CCCCCC)OC(=O)CCCCCCC/C=C\CCCCCCCC)C)CCN(CCC(=O)OCCCCCCCC\C=C/CC(CCCCCC)OC(=O)CCCCCCC/C=C\CCCCCCCC)C,1.604281505059188,,,,,,,,,,,,,,,,0.0,0.0,0.0,0.0
CN(CCC(=O)OCCCCCCCC\C=C/CC(CCCCCC)OC(=O)CCCCCCC/C=C\C/C=C\CCCCC)CCN(CCN(CCC(=O)OCCCCCCCC\C=C/CC(CCCCCC)OC(=O)CCCCCCC/C=C\C/C=C\CCCCC)C)CCN(CCC(=O)OCCCCCCCC\C=C/CC(CCCCCC)OC(=O)CCCCCCC/C=C\C/C=C\CCCCC)C,-0.5101761914293618,,,,,,,,,,,,,,,,0.0,0.0,0.0,0.0
CN(CCC(=O)OCCCCCCCC\C=C/CC(CCCCCC)OC(=O)CCCCCCCCCCC)CCN(CCN(CCC(=O)OCCCCCCCC\C=C/CC(CCCCCC)OC(=O)CCCCCCCCCCC)C)CCN(CCC(=O)OCCCCCCCC\C=C/CC(CCCCCC)OC(=O)CCCCCCCCCCC)C,0.3776083225855045,,,,,,,,,,,,,,,,0.0,0.0,0.0,0.0
CN(CCC(=O)OCCCCCCCC\C=C/CC(CCCCCC)OC(=O)CCCCCCCCC)CCN(CCN(CCC(=O)OCCCCCCCC\C=C/CC(CCCCCC)OC(=O)CCCCCCCCC)C)CCN(CCC(=O)OCCCCCCCC\C=C/CC(CCCCCC)OC(=O)CCCCCCCCC)C,-0.1127852643612386,,,,,,,,,,,,,,,,0.0,0.0,0.0,0.0
CN(CCC(=O)OCCCCCCCC\C=C/CC(CCCCCC)OC(=O)CCCCCC)CCN(CCN(CCC(=O)OCCCCCCCC\C=C/CC(CCCCCC)OC(=O)CCCCCC)C)CCN(CCC(=O)OCCCCCCCC\C=C/CC(CCCCCC)OC(=O)CCCCCC)C,1.3759954364725857,,,,,,,,,,,,,,,,0.0,0.0,0.0,0.0
CN(CCC(=O)OCCCCCCCC\C=C/CC(CCCCCC)OC(=O)CCCCCCCCCC)CCN(CCN(CCC(=O)OCCCCCCCC\C=C/CC(CCCCCC)OC(=O)CCCCCCCCCC)C)CCN(CCC(=O)OCCCCCCCC\C=C/CC(CCCCCC)OC(=O)CCCCCCCCCC)C,1.165503681634492,,,,,,,,,,,,,,,,0.0,0.0,0.0,0.0
CN(CCC(=O)OCCCCCCCC\C=C/CC(CCCCCC)OC(=O)CCCCCCCCCCCCC)CCN(CCN(CCC(=O)OCCCCCCCC\C=C/CC(CCCCCC)OC(=O)CCCCCCCCCCCCC)C)CCN(CCC(=O)OCCCCCCCC\C=C/CC(CCCCCC)OC(=O)CCCCCCCCCCCCC)C,0.8145433686711946,,,,,,,,,,,,,,,,0.0,0.0,0.0,0.0
CN(CCC(=O)OCCCCCCCC\C=C/CC(CCCCCC)OC(=O)CCCCCCCCCCCCCCC)CCN(CCN(CCC(=O)OCCCCCCCC\C=C/CC(CCCCCC)OC(=O)CCCCCCCCCCCCCCC)C)CCN(CCC(=O)OCCCCCCCC\C=C/CC(CCCCCC)OC(=O)CCCCCCCCCCCCCCC)C,-1.076841548285698,,,,,,,,,,,,,,,,0.0,0.0,0.0,0.0
CN(CCC(=O)OCCCCCCCC\C=C/CC(CCCCCC)OC(=O)C)CCN(CCN(CCC(=O)OCCCCCCCC\C=C/CC(CCCCCC)OC(=O)C)C)CCN(CCC(=O)OCCCCCCCC\C=C/CC(CCCCCC)OC(=O)C)C,1.8300070390247136,,,,,,,,,,,,,,,,0.0,0.0,0.0,0.0
CN(CCC(=O)OCCCCCCCC\C=C/CC(CCCCCC)O)CCN(CCN(CCC(=O)OCCCCCCCC\C=C/CC(CCCCCC)O)C)CCN(CCC(=O)OCCCCCCCC\C=C/CC(CCCCCC)O)C,2.971502096257243,,,,,,,,,,,,,,,,0.0,0.0,0.0,0.0
N(CCC(=O)OCCCCCCCC\C=C/CC(CCCCCC)OC(=O)CCCC\C=C/C\C=C/C\C=C/CCCCC)(CCC(=O)OCCCCCCCC\C=C/CC(CCCCCC)OC(=O)CCCC\C=C/C\C=C/C\C=C/CCCCC)CCN(C)C,-1.219864843322727,,,,,,,,,,,,,,,,0.0,0.0,0.0,0.0
N(CCC(=O)OCCCCCCCC\C=C/CC(CCCCCC)OC(=O)CCCC\C=C/C\C=C/C\C=C/CCCCC)(CCC(=O)OCCCCCCCC\C=C/CC(CCCCCC)OC(=O)CCCC\C=C/C\C=C/C\C=C/CCCCC)CCCN(C)CCCN(CCC(=O)OCCCCCCCC\C=C/CC(CCCCCC)OC(=O)CCCC\C=C/C\C=C/C\C=C/CCCCC)(CCC(=O)OCCCCCCCC\C=C/CC(CCCCCC)OC(=O)CCCC\C=C/C\C=C/C\C=C/CCCCC),-2.1442089097281007,,,,,,,,,,,,,,,,0.0,0.0,0.0,0.0
N(CCC(=O)OCCCCCCCC\C=C/CC(CCCCCC)OC(=O)CCCC\C=C/C\C=C/C\C=C/CCCCC)(CCC(=O)OCCCCCCCC\C=C/CC(CCCCCC)OC(=O)CCCC\C=C/C\C=C/C\C=C/CCCCC)CCCN(CCC(=O)OCCCCCCCC\C=C/CC(CCCCCC)OC(=O)CCCC\C=C/C\C=C/C\C=C/CCCCC)CCCN(C)C,0.3144554347141354,,,,,,,,,,,,,,,,0.0,0.0,0.0,0.0
N(CCC(=O)OCCCCCCCC\C=C/CC(CCCCCC)OC(=O)CCCC\C=C/C\C=C/C\C=C/CCCCC)(CCC(=O)OCCCCCCCC\C=C/CC(CCCCCC)OC(=O)CCCC\C=C/C\C=C/C\C=C/CCCCC)CCCn1ccnc1,-0.8641462518970515,,,,,,,,,,,,,,,,0.0,0.0,0.0,0.0
N(CCC(=O)OCCCCCCCC\C=C/CC(CCCCCC)OC(=O)C(CCCC)CCCCCC)(CCC(=O)OCCCCCCCC\C=C/CC(CCCCCC)OC(=O)C(CCCC)CCCCCC)CCN(C)C,-0.7633468931065087,,,,,,,,,,,,,,,,0.0,0.0,0.0,0.0
CN(CCC(=O)OCCCCCCCC\C=C/CC(CCCCCC)OC(=O)C(CCCC)CCCCCC)CCN(CCN(CCC(=O)OCCCCCCCC\C=C/CC(CCCCCC)OC(=O)C(CCCC)CCCCCC)C)CCN(CCC(=O)OCCCCCCCC\C=C/CC(CCCCCC)OC(=O)C(CCCC)CCCCCC)C,0.4247527737975228,,,,,,,,,,,,,,,,0.0,0.0,0.0,0.0
N(CCC(=O)OCCCCCCCC\C=C/CC(CCCCCC)OC(=O)C(CCCC)CCCCCC)(CCC(=O)OCCCCCCCC\C=C/CC(CCCCCC)OC(=O)C(CCCC)CCCCCC)CCCN(C)CCCN(CCC(=O)OCCCCCCCC\C=C/CC(CCCCCC)OC(=O)C(CCCC)CCCCCC)(CCC(=O)OCCCCCCCC\C=C/CC(CCCCCC)OC(=O)C(CCCC)CCCCCC),-0.5441983737357065,,,,,,,,,,,,,,,,0.0,0.0,0.0,0.0
N(CCC(=O)OCCCCCCCC\C=C/CC(CCCCCC)OC(=O)C(CCCC)CCCCCC)(CCC(=O)OCCCCCCCC\C=C/CC(CCCCCC)OC(=O)C(CCCC)CCCCCC)CCCN(CCC(=O)OCCCCCCCC\C=C/CC(CCCCCC)OC(=O)C(CCCC)CCCCCC)CCCN(C)C,-0.0561733687247382,,,,,,,,,,,,,,,,0.0,0.0,0.0,0.0
N(CCC(=O)OCCCCCCCC\C=C/CC(CCCCCC)OC(=O)C(CCCC)CCCCCC)(CCC(=O)OCCCCCCCC\C=C/CC(CCCCCC)OC(=O)C(CCCC)CCCCCC)CCCn1ccnc1,-0.5036658914022923,,,,,,,,,,,,,,,,0.0,0.0,0.0,0.0
N(CCC(=O)OCCCCCCCC\C=C/CC(CCCCCC)OC(=O)CCC/C=C\C/C=C\C/C=C\C/C=C\CCCCC)(CCC(=O)OCCCCCCCC\C=C/CC(CCCCCC)OC(=O)CCC/C=C\C/C=C\C/C=C\C/C=C\CCCCC)CCN(C)C,1.063550060006528,,,,,,,,,,,,,,,,0.0,0.0,0.0,0.0
CN(CCC(=O)OCCCCCCCC\C=C/CC(CCCCCC)OC(=O)CCC/C=C\C/C=C\C/C=C\C/C=C\CCCCC)CCN(CCN(CCC(=O)OCCCCCCCC\C=C/CC(CCCCCC)OC(=O)CCC/C=C\C/C=C\C/C=C\C/C=C\CCCCC)C)CCN(CCC(=O)OCCCCCCCC\C=C/CC(CCCCCC)OC(=O)CCC/C=C\C/C=C\C/C=C\C/C=C\CCCCC)C,0.6787065665695438,,,,,,,,,,,,,,,,0.0,0.0,0.0,0.0
N(CCC(=O)OCCCCCCCC\C=C/CC(CCCCCC)OC(=O)CCC/C=C\C/C=C\C/C=C\C/C=C\CCCCC)(CCC(=O)OCCCCCCCC\C=C/CC(CCCCCC)OC(=O)CCC/C=C\C/C=C\C/C=C\C/C=C\CCCCC)CCCN(C)CCCN(CCC(=O)OCCCCCCCC\C=C/CC(CCCCCC)OC(=O)CCC/C=C\C/C=C\C/C=C\C/C=C\CCCCC)(CCC(=O)OCCCCCCCC\C=C/CC(CCCCCC)OC(=O)CCC/C=C\C/C=C\C/C=C\C/C=C\CCCCC),0.0861836441554592,,,,,,,,,,,,,,,,0.0,0.0,0.0,0.0
N(CCC(=O)OCCCCCCCC\C=C/CC(CCCCCC)OC(=O)CCC/C=C\C/C=C\C/C=C\C/C=C\CCCCC)(CCC(=O)OCCCCCCCC\C=C/CC(CCCCCC)OC(=O)CCC/C=C\C/C=C\C/C=C\C/C=C\CCCCC)CCCN(CCC(=O)OCCCCCCCC\C=C/CC(CCCCCC)OC(=O)CCC/C=C\C/C=C\C/C=C\C/C=C\CCCCC)CCCN(C)C,0.1181847797911112,,,,,,,,,,,,,,,,0.0,0.0,0.0,0.0
N(CCC(=O)OCCCCCCCC\C=C/CC(CCCCCC)OC(=O)CCC/C=C\C/C=C\C/C=C\C/C=C\CCCCC)(CCC(=O)OCCCCCCCC\C=C/CC(CCCCCC)OC(=O)CCC/C=C\C/C=C\C/C=C\C/C=C\CCCCC)CCCn1ccnc1,-0.7038587448511535,,,,,,,,,,,,,,,,0.0,0.0,0.0,0.0
CN(CCC(=O)OCCCCCCCC\C=C/CC(CCCCCC)OC(=O)C(CCCCCC)CCCCCCCC)CCN(CCN(CCC(=O)OCCCCCCCC\C=C/CC(CCCCCC)OC(=O)C(CCCCCC)CCCCCCCC)C)CCN(CCC(=O)OCCCCCCCC\C=C/CC(CCCCCC)OC(=O)C(CCCCCC)CCCCCCCC)C,0.3677218285614267,,,,,,,,,,,,,,,,0.0,0.0,0.0,0.0
N(CCC(=O)OCCCCCCCC\C=C/CC(CCCCCC)OC(=O)C(CCCCCC)CCCCCCCC)(CCC(=O)OCCCCCCCC\C=C/CC(CCCCCC)OC(=O)C(CCCCCC)CCCCCCCC)CCCN(C)CCCN(CCC(=O)OCCCCCCCC\C=C/CC(CCCCCC)OC(=O)C(CCCCCC)CCCCCCCC)(CCC(=O)OCCCCCCCC\C=C/CC(CCCCCC)OC(=O)C(CCCCCC)CCCCCCCC),0.2853801492882041,,,,,,,,,,,,,,,,0.0,0.0,0.0,0.0
N(CCC(=O)OCCCCCCCC\C=C/CC(CCCCCC)OC(=O)C(CCCCCC)CCCCCCCC)(CCC(=O)OCCCCCCCC\C=C/CC(CCCCCC)OC(=O)C(CCCCCC)CCCCCCCC)CCCN(CCC(=O)OCCCCCCCC\C=C/CC(CCCCCC)OC(=O)C(CCCCCC)CCCCCCCC)CCCN(C)C,0.8654831935191604,,,,,,,,,,,,,,,,0.0,0.0,0.0,0.0
N(CCC(=O)OCCCCCCCC\C=C/CC(CCCCCC)OC(=O)C(CCCCCC)CCCCCCCC)(CCC(=O)OCCCCCCCC\C=C/CC(CCCCCC)OC(=O)C(CCCCCC)CCCCCCCC)CCCn1ccnc1,0.1341636215409624,,,,,,,,,,,,,,,,0.0,0.0,0.0,0.0
N(CCC(=O)OCCCCCCCC\C=C/CC(CCCCCC)OC(=O)CCC/C=C\C/C=C\C/C=C\C/C=C\C/C=C\CC)(CCC(=O)OCCCCCCCC\C=C/CC(CCCCCC)OC(=O)CCC/C=C\C/C=C\C/C=C\C/C=C\C/C=C\CC)CCCN(C)CCCN(CCC(=O)OCCCCCCCC\C=C/CC(CCCCCC)OC(=O)CCC/C=C\C/C=C\C/C=C\C/C=C\C/C=C\CC)(CCC(=O)OCCCCCCCC\C=C/CC(CCCCCC)OC(=O)CCC/C=C\C/C=C\C/C=C\C/C=C\C/C=C\CC),0.1983800799023835,,,,,,,,,,,,,,,,0.0,0.0,0.0,0.0
CN(CCC(=O)OCCCCCCCC\C=C/CC(CCCCCC)OC(=O)CCC/C=C\C/C=C\C/C=C\C/C=C\C/C=C\CC)CCN(CCN(CCC(=O)OCCCCCCCC\C=C/CC(CCCCCC)OC(=O)CCC/C=C\C/C=C\C/C=C\C/C=C\C/C=C\CC)C)CCN(CCC(=O)OCCCCCCCC\C=C/CC(CCCCCC)OC(=O)CCC/C=C\C/C=C\C/C=C\C/C=C\C/C=C\CC)C,0.3275105673740004,,,,,,,,,,,,,,,,0.0,0.0,0.0,0.0
N(CCC(=O)OCCCCCCCC\C=C/CC(CCCCCC)OC(=O)CC\C=C/C/C=C\C\C=C/C\C=C/C\C=C/C\C=C/CC)(CCC(=O)OCCCCCCCC\C=C/CC(CCCCCC)OC(=O)CC\C=C/C/C=C\C\C=C/C\C=C/C\C=C/C\C=C/CC)CCCN(C)CCCN(CCC(=O)OCCCCCCCC\C=C/CC(CCCCCC)OC(=O)CC\C=C/C/C=C\C\C=C/C\C=C/C\C=C/C\C=C/CC)(CCC(=O)OCCCCCCCC\C=C/CC(CCCCCC)OC(=O)CC\C=C/C/C=C\C\C=C/C\C=C/C\C=C/C\C=C/CC),-0.0983842913307918,,,,,,,,,,,,,,,,0.0,0.0,0.0,0.0
CN(CCC(=O)OCCCCCCCC\C=C/CC(CCCCCC)OC(=O)CC\C=C/C/C=C\C\C=C/C\C=C/C\C=C/C\C=C/CC)CCN(CCN(CCC(=O)OCCCCCCCC\C=C/CC(CCCCCC)OC(=O)CC\C=C/C/C=C\C\C=C/C\C=C/C\C=C/C\C=C/CC)C)CCN(CCC(=O)OCCCCCCCC\C=C/CC(CCCCCC)OC(=O)CC\C=C/C/C=C\C\C=C/C\C=C/C\C=C/C\C=C/CC)C,1.2915587436074183,,,,,,,,,,,,,,,,0.0,0.0,0.0,0.0
N(CCC(=O)OCCCCCCCC\C=C/CC(CCCCCC)OC(=O)CCC/C=C\C/C=C\C/C=C\C/C=C\C/C=C\CC)(CCC(=O)OCCCCCCCC\C=C/CC(CCCCCC)OC(=O)CCC/C=C\C/C=C\C/C=C\C/C=C\C/C=C\CC)CCCN(CCC(=O)OCCCCCCCC\C=C/CC(CCCCCC)OC(=O)CCC/C=C\C/C=C\C/C=C\C/C=C\C/C=C\CC)CCCN(C)C,-1.2575961921775995,,,,,,,,,,,,,,,,0.0,0.0,0.0,0.0
N(CCC(=O)OCCCCCCCC\C=C/CC(CCCCCC)OC(=O)CC\C=C/C/C=C\C\C=C/C\C=C/C\C=C/C\C=C/CC)(CCC(=O)OCCCCCCCC\C=C/CC(CCCCCC)OC(=O)CC\C=C/C/C=C\C\C=C/C\C=C/C\C=C/C\C=C/CC)CCCN(CCC(=O)OCCCCCCCC\C=C/CC(CCCCCC)OC(=O)CC\C=C/C/C=C\C\C=C/C\C=C/C\C=C/C\C=C/CC)CCCN(C)C,-1.0667179290537736,,,,,,,,,,,,,,,,0.0,0.0,0.0,0.0
CN(CCC(=O)OCCCCCCCC\C=C/CC(CCCCCC)OC(=O)CCCCCCCCC)CCN(CCN(CCC(=O)OCCCCCCCC\C=C/CC(CCCCCC)OC(=O)CCCCCCCCC)C)CCN(CCC(=O)OCCCCCCCC\C=C/CC(CCCCCC)OC(=O)CCCCCCCCC)C,0.5770200773563877,,,,,,,,,,,,,,,,0.0,0.0,0.0,0.0
CN(CCC(=O)OCCCCCCCC\C=C/CC(CCCCCC)OC(=O)CCCCCC)CCN(CCN(CCC(=O)OCCCCCCCC\C=C/CC(CCCCCC)OC(=O)CCCCCC)C)CCN(CCC(=O)OCCCCCCCC\C=C/CC(CCCCCC)OC(=O)CCCCCC)C,-0.3347195361609636,,,,,,,,,,,,,,,,0.0,0.0,0.0,0.0
CN(CCC(=O)OCCCCCCCC\C=C/CC(CCCCCC)OC(=O)CCCCCCCCCC)CCN(CCN(CCC(=O)OCCCCCCCC\C=C/CC(CCCCCC)OC(=O)CCCCCCCCCC)C)CCN(CCC(=O)OCCCCCCCC\C=C/CC(CCCCCC)OC(=O)CCCCCCCCCC)C,0.387846129444822,,,,,,,,,,,,,,,,0.0,0.0,0.0,0.0
CN(CCC(=O)OCCCCCCCC\C=C/CC(CCCCCC)OC(=O)CCCCCCCCCCCCC)CCN(CCN(CCC(=O)OCCCCCCCC\C=C/CC(CCCCCC)OC(=O)CCCCCCCCCCCCC)C)CCN(CCC(=O)OCCCCCCCC\C=C/CC(CCCCCC)OC(=O)CCCCCCCCCCCCC)C,-0.1705600946062739,,,,,,,,,,,,,,,,0.0,0.0,0.0,0.0
CN(CCC(=O)OCCCCCCCC\C=C/CC(CCCCCC)OC(=O)CCCCCCCCCCCCCCC)CCN(CCN(CCC(=O)OCCCCCCCC\C=C/CC(CCCCCC)OC(=O)CCCCCCCCCCCCCCC)C)CCN(CCC(=O)OCCCCCCCC\C=C/CC(CCCCCC)OC(=O)CCCCCCCCCCCCCCC)C,0.8477333174334546,,,,,,,,,,,,,,,,0.0,0.0,0.0,0.0
CN(CCC(=O)OCCCCCCCC\C=C/CC(CCCCCC)OC(=O)C)CCN(CCN(CCC(=O)OCCCCCCCC\C=C/CC(CCCCCC)OC(=O)C)C)CCN(CCC(=O)OCCCCCCCC\C=C/CC(CCCCCC)OC(=O)C)C,0.5563436584036143,,,,,,,,,,,,,,,,0.0,0.0,0.0,0.0
CN(CCC(=O)OCCCCCCCC\C=C/CC(CCCCCC)O)CCN(CCN(CCC(=O)OCCCCCCCC\C=C/CC(CCCCCC)O)C)CCN(CCC(=O)OCCCCCCCC\C=C/CC(CCCCCC)O)C,0.2727852662117308,,,,,,,,,,,,,,,,0.0,0.0,0.0,0.0
N(CCC(=O)OCCCCCCCC\C=C/CC(CCCCCC)OC(=O)CCCC\C=C/C\C=C/C\C=C/CCCCC)(CCC(=O)OCCCCCCCC\C=C/CC(CCCCCC)OC(=O)CCCC\C=C/C\C=C/C\C=C/CCCCC)CCN(C)C,1.5783108210926222,,,,,,,,,,,,,,,,0.0,0.0,0.0,0.0
N(CCC(=O)OCCCCCCCC\C=C/CC(CCCCCC)OC(=O)CCCC\C=C/C\C=C/C\C=C/CCCCC)(CCC(=O)OCCCCCCCC\C=C/CC(CCCCCC)OC(=O)CCCC\C=C/C\C=C/C\C=C/CCCCC)CCCN(C)CCCN(CCC(=O)OCCCCCCCC\C=C/CC(CCCCCC)OC(=O)CCCC\C=C/C\C=C/C\C=C/CCCCC)(CCC(=O)OCCCCCCCC\C=C/CC(CCCCCC)OC(=O)CCCC\C=C/C\C=C/C\C=C/CCCCC),-0.5923554539997614,,,,,,,,,,,,,,,,0.0,0.0,0.0,0.0
N(CCC(=O)OCCCCCCCC\C=C/CC(CCCCCC)OC(=O)CCCC\C=C/C\C=C/C\C=C/CCCCC)(CCC(=O)OCCCCCCCC\C=C/CC(CCCCCC)OC(=O)CCCC\C=C/C\C=C/C\C=C/CCCCC)CCCN(CCC(=O)OCCCCCCCC\C=C/CC(CCCCCC)OC(=O)CCCC\C=C/C\C=C/C\C=C/CCCCC)CCCN(C)C,-1.0194080585782088,,,,,,,,,,,,,,,,0.0,0.0,0.0,0.0
N(CCC(=O)OCCCCCCCC\C=C/CC(CCCCCC)OC(=O)CCCC\C=C/C\C=C/C\C=C/CCCCC)(CCC(=O)OCCCCCCCC\C=C/CC(CCCCCC)OC(=O)CCCC\C=C/C\C=C/C\C=C/CCCCC)CCCn1ccnc1,-0.5210514307185504,,,,,,,,,,,,,,,,0.0,0.0,0.0,0.0
N(C(CCCCCOC(=O)CCCCCCC/C=C\CCCCCCCC)C(=O)NCC(=O)OC(C)(C)C)(C(=O)CCCCCCC/C=C\CCCCCCCC)CCN1CCCCC1,1.872667789202108,,,,,,,,,,,,,,,,0.0,0.0,0.0,0.0
N(C(CCCCCOC(=O)CCCCCCC/C=C\C/C=C\CCCCC)C(=O)NCC(=O)OC(C)(C)C)(C(=O)CCCCC(=O)OC(CCCCCCCC)CCCCCCCC)CCN1CCCCC1,1.4489342919559958,,,,,,,,,,,,,,,,0.0,0.0,0.0,0.0
N(C(CCCCCOC(=O)CCCCCCC/C=C\CCCCCCCC)C(=O)NCC(=O)OC(C)(C)C)(C(=O)CCCCCCC/C=C\CCCCCCCC)CCN(CC1)CCS1(=O)=O,1.069978653317832,,,,,,,,,,,,,,,,0.0,0.0,0.0,0.0
N(C(CCCCCOC(=O)CCCCCCCCCC)C(=O)NC(C)(C)C)(C(=O)CCCCCCC/C=C\C/C=C\CCCCC)CCCN1CCN(CC1)CCCN,1.006545340173269,,,,,,,,,,,,,,,,0.0,0.0,0.0,0.0
N(C(CCCCCOC(=O)CCCCCCCCCC)C(=O)NCCCC)(C(=O)CCCCCCC/C=C\C/C=C\CCCCC)CCCN1CCN(CC1)CCCN,0.9617978344341004,,,,,,,,,,,,,,,,0.0,0.0,0.0,0.0
N(C(CCCCCOC(=O)CCCCCCC/C=C\C/C=C\CCCCC)C(=O)NCC(=O)OC(C)(C)C)(C(=O)CCCCC(=O)OC(CCCCCCCC)CCCCCCCC)CCN(CC1)CCS1(=O)=O,0.8631501440134223,,,,,,,,,,,,,,,,0.0,0.0,0.0,0.0
N(C(CCCCCOC(=O)CCCCCCCCCC)C(=O)NC2CCCCC2)(C(=O)CCCCCCC/C=C\CCCCCCCC)CCCN1CCN(CC1)CCCN,0.8539983053211547,,,,,,,,,,,,,,,,0.0,0.0,0.0,0.0
N(C(CCCCCOC(=O)CCCCCCC/C=C\CCCCCCCC)C(=O)NCC(=O)OC(C)(C)C)(C(=O)CCCCCCC/C=C\CCCCCCCC)CCN1CCOCC1,0.8036139187046318,,,,,,,,,,,,,,,,0.0,0.0,0.0,0.0
N(C(CCCCCOC(=O)CCCCCCC/C=C\C/C=C\CCCCC)C(=O)NCCCC)(C(=O)CCCCC(=O)OC(CCCCCCCC)CCCCCCCC)C1CCN(CC2=CC=CC=C2)CC1,0.5952387207398923,,,,,,,,,,,,,,,,0.0,0.0,0.0,0.0
N(C(CCCCCOC(=O)CCCCCCC/C=C\C/C=C\CCCCC)C(=O)NCC(=O)OC(C)(C)C)(C(=O)CCCCC(=O)OC(CCCCCCCC)CCCCCCCC)CCN1CCOCC1,0.5562106867344632,,,,,,,,,,,,,,,,0.0,0.0,0.0,0.0
N(C(CCCCCOC(=O)CCCCCCCCCC)C(=O)NCC(=O)OC(C)(C)C)(C(=O)CCCCCCC/C=C\CCCCCCCC)CCCN1CCN(CC1)CCCN,0.4157709443743131,,,,,,,,,,,,,,,,0.0,0.0,0.0,0.0
N(C(CCCCCOC(=O)CCCCCCCCCC)C(=O)NC2CCCCC2)(C(=O)CCCCCCC/C=C\CCCCCCCC)C1CCN(CC2=CC=CC=C2)CC1,0.3926044135619032,,,,,,,,,,,,,,,,0.0,0.0,0.0,0.0
N(C(CCCCCOC(=O)CCCCCCC/C=C\C/C=C\CCCCC)C(=O)NCCCC)(C(=O)CCCCC(=O)OC(CCCCCCCC)CCCCCCCC)CCN1CCCCC1,0.3079045401440974,,,,,,,,,,,,,,,,0.0,0.0,0.0,0.0
N(C(CCCCCOC(=O)CCCCCCC/C=C\C/C=C\CCCCC)C(=O)NCCCC)(C(=O)CCCCC(=O)OC(CCCCCCCC)CCCCCCCC)CCN1CCOCC1,0.1843048234560969,,,,,,,,,,,,,,,,0.0,0.0,0.0,0.0
N(C(CCCCCOC(=O)CCCCCCCCCC)C(=O)NCC(=O)OC(C)(C)C)(C(=O)CCCCCCC/C=C\CCCCCCCC)CCN1CCCCC1,-0.0004263805797436,,,,,,,,,,,,,,,,0.0,0.0,0.0,0.0
N(C(CCCCCOC(=O)CCCCCCCCCC)C(=O)NC2CCCCC2)(C(=O)CCCCCCC/C=C\CCCCCCCC)CCN1CCCCC1,-0.0389949189714679,,,,,,,,,,,,,,,,0.0,0.0,0.0,0.0
N(C(CCCCCOC(=O)CCCCCCC/C=C\CCCCCCCC)C(=O)NCC(=O)OC(C)(C)C)(C(=O)CCCCCCC/C=C\CCCCCCCC)C1CCN(CC2=CC=CC=C2)CC1,-0.1647277735969164,,,,,,,,,,,,,,,,0.0,0.0,0.0,0.0
N(C(CCCCCOC(=O)CCCCCCC/C=C\C/C=C\CCCCC)C(=O)NCCCC)(C(=O)CCCCC(=O)OC(CCCCCCCC)CCCCCCCC)CCN(CC1)CCS1(=O)=O,-0.2256592081880848,,,,,,,,,,,,,,,,0.0,0.0,0.0,0.0
N(C(CCCCCOC(=O)CCCCCCCCCC)C(=O)NCC(=O)OC(C)(C)C)(C(=O)CCCCCCC/C=C\C/C=C\CCCCC)CCN1CCCCC1,-0.2538752304794122,,,,,,,,,,,,,,,,0.0,0.0,0.0,0.0
N(C(CCCCCOC(=O)CCCCCCCCCC)C(=O)NCC(=O)OC(C)(C)C)(C(=O)CCCCCCC/C=C\CCCCCCCC)CCN1CCOCC1,-0.2635950169677573,,,,,,,,,,,,,,,,0.0,0.0,0.0,0.0
N(C(CCCCCOC(=O)CCCCCCCCCC)C(=O)NC(C)(C)C)(C(=O)CCCCCCC/C=C\C/C=C\CCCCC)CCN1CCCCC1,-0.3148066637389641,,,,,,,,,,,,,,,,0.0,0.0,0.0,0.0
N(C(CCCCCOC(=O)CCCCCCCCCC)C(=O)NCC(=O)OC(C)(C)C)(C(=O)CCCCCCC/C=C\CCCCCCCC)C1CCN(CC2=CC=CC=C2)CC1,-0.3535598787104796,,,,,,,,,,,,,,,,0.0,0.0,0.0,0.0
N(C(CCCCCOC(=O)CCCCCCCCCC)C(=O)NCC(=O)OC(C)(C)C)(C(=O)CCCCCCC/C=C\CCCCCCCC)CCN(CC1)CCS1(=O)=O,-0.382922212499007,,,,,,,,,,,,,,,,0.0,0.0,0.0,0.0
N(C(CCCCCOC(=O)CCCCCCC/C=C\CCCCCCCC)C(=O)NCC(=O)OC(C)(C)C)(C(=O)CCCCCCC/C=C\CCCCCCCC)CCCN1CCN(CC1)CCCN,-0.4601452517920707,,,,,,,,,,,,,,,,0.0,0.0,0.0,0.0
N(C(CCCCCOC(=O)CCCCCCCCCC)C(=O)NCC(=O)OC(C)(C)C)(C(=O)CCCCCCC/C=C\C/C=C\CCCCC)CCN1CCOCC1,-0.474081196101337,,,,,,,,,,,,,,,,0.0,0.0,0.0,0.0
N(C(CCCCCOC(=O)CCCCCCC/C=C\C/C=C\CCCCC)C(=O)NCC(=O)OC(C)(C)C)(C(=O)CCCCC(=O)OC(CCCCCCCC)CCCCCCCC)CCCN1CCN(CC1)CCCN,-0.474081196101337,,,,,,,,,,,,,,,,0.0,0.0,0.0,0.0
N(C(CCCCCOC(=O)CCCCCCCCCC)C(=O)NCCCC)(C(=O)CCCCCCC/C=C\C/C=C\CCCCC)CCN1CCCCC1,-0.488361274083398,,,,,,,,,,,,,,,,0.0,0.0,0.0,0.0
N(C(CCCCCOC(=O)CCCCCCCCCC)C(=O)NC2CCCCC2)(C(=O)CCCCCCC/C=C\CCCCCCCC)CCN1CCOCC1,-0.5334475044687313,,,,,,,,,,,,,,,,0.0,0.0,0.0,0.0
N(C(CCCCCOC(=O)CCCCCCCCCC)C(=O)NCC(=O)OC(C)(C)C)(C(=O)CCCCCCC/C=C\C/C=C\CCCCC)C1CCN(CC2=CC=CC=C2)CC1,-0.6174082561029929,,,,,,,,,,,,,,,,0.0,0.0,0.0,0.0
N(C(CCCCCOC(=O)CCCCCCCCCC)C(=O)NCCCC)(C(=O)CCCCCCC/C=C\C/C=C\CCCCC)C1CCN(CC2=CC=CC=C2)CC1,-0.6843953862980905,,,,,,,,,,,,,,,,0.0,0.0,0.0,0.0
N(C(CCCCCOC(=O)CCCCCCCCCC)C(=O)NC(C)(C)C)(C(=O)CCCCCCC/C=C\C/C=C\CCCCC)CCN(CC1)CCS1(=O)=O,-0.6946312953960563,,,,,,,,,,,,,,,,0.0,0.0,0.0,0.0
N(C(CCCCCOC(=O)CCCCCCCCCC)C(=O)NCC(=O)OC(C)(C)C)(C(=O)CCCCCCC/C=C\C/C=C\CCCCC)CCN(CC1)CCS1(=O)=O,-0.7264731205996989,,,,,,,,,,,,,,,,0.0,0.0,0.0,0.0
N(C(CCCCCOC(=O)CCCCCCCCCC)C(=O)NC(C)(C)C)(C(=O)CCCCCCC/C=C\C/C=C\CCCCC)CCN1CCOCC1,-0.748718700045064,,,,,,,,,,,,,,,,0.0,0.0,0.0,0.0
N(C(CCCCCOC(=O)CCCCCCCCCC)C(=O)NC2CCCCC2)(C(=O)CCCCCCC/C=C\CCCCCCCC)CCN(CC1)CCS1(=O)=O,-0.8473937804875878,,,,,,,,,,,,,,,,0.0,0.0,0.0,0.0
N(C(CCCCCOC(=O)CCCCCCCCCC)C(=O)NC(C)(C)C)(C(=O)CCCCCCC/C=C\C/C=C\CCCCC)C1CCN(CC2=CC=CC=C2)CC1,-0.8892178125313263,,,,,,,,,,,,,,,,0.0,0.0,0.0,0.0
N(C(CCCCCOC(=O)CCCCCCC/C=C\C/C=C\CCCCC)C(=O)NCCCC)(C(=O)CCCCC(=O)OC(CCCCCCCC)CCCCCCCC)CCCN1CCN(CC1)CCCN,-1.2349551658451987,,,,,,,,,,,,,,,,0.0,0.0,0.0,0.0
N(C(CCCCCOC(=O)CCCCCCCCCC)C(=O)NCCCC)(C(=O)CCCCCCC/C=C\C/C=C\CCCCC)CCN(CC1)CCS1(=O)=O,-1.2618583300195438,,,,,,,,,,,,,,,,0.0,0.0,0.0,0.0
N(C(CCCCCOC(=O)CCCCCCCCCC)C(=O)NCCCC)(C(=O)CCCCCCC/C=C\C/C=C\CCCCC)CCN1CCOCC1,-1.319737969681621,,,,,,,,,,,,,,,,0.0,0.0,0.0,0.0
N(C(CCCCCOC(=O)CCCCCCC/C=C\C/C=C\CCCCC)C(=O)NCC(=O)OC(C)(C)C)(C(=O)CCCCC(=O)OC(CCCCCCCC)CCCCCCCC)C1CCN(CC2=CC=CC=C2)CC1,-1.690930892090416,,,,,,,,,,,,,,,,0.0,0.0,0.0,0.0
N(C(CCCCCOC(=O)CCCCCCCCCC)C(=O)NCC(=O)OC(C)(C)C)(C(=O)CCCCCCC/C=C\C/C=C\CCCCC)CCCN1CCN(CC1)CCCN,-2.621690952337484,,,,,,,,,,,,,,,,0.0,0.0,0.0,0.0
N(C(CCCCCOC(=O)CCCCCCC/C=C\CCCCCCCC)C(=O)NCC(=O)OC(C)(C)C)(C(=O)CCCCCCC/C=C\CCCCCCCC)CCN1CCCCC1,1.5829964097833076,,,,,,,,,,,,,,,,0.0,0.0,0.0,0.0
N(C(CCCCCOC(=O)CCCCCCC/C=C\C/C=C\CCCCC)C(=O)NCC(=O)OC(C)(C)C)(C(=O)CCCCC(=O)OC(CCCCCCCC)CCCCCCCC)CCN1CCCCC1,1.2975956222217937,,,,,,,,,,,,,,,,0.0,0.0,0.0,0.0
N(C(CCCCCOC(=O)CCCCCCC/C=C\CCCCCCCC)C(=O)NCC(=O)OC(C)(C)C)(C(=O)CCCCCCC/C=C\CCCCCCCC)CCN(CC1)CCS1(=O)=O,0.1274799658586799,,,,,,,,,,,,,,,,0.0,0.0,0.0,0.0
N(C(CCCCCOC(=O)CCCCCCC/C=C\CCCCCCCC)C(=O)NCC(=O)OC(C)(C)C)(C(=O)CCCCCCC/C=C\CCCCCCCC)CCN1CCOCC1,0.1274799658586799,,,,,,,,,,,,,,,,0.0,0.0,0.0,0.0
N(C(CCCCCOC(=O)CCCCCCCCCC)C(=O)NC2CCCCC2)(C(=O)CCCCCCC/C=C\CCCCCCCC)CCCN1CCN(CC1)CCCN,-0.4281398757553232,,,,,,,,,,,,,,,,0.0,0.0,0.0,0.0
N(C(CCCCCOC(=O)CCCCCCCCCC)C(=O)NC(C)(C)C)(C(=O)CCCCCCC/C=C\C/C=C\CCCCC)CCCN1CCN(CC1)CCCN,-0.983757554841364,,,,,,,,,,,,,,,,0.0,0.0,0.0,0.0
N(C(CCCCCOC(=O)CCCCCCCCCC)C(=O)NCCCC)(C(=O)CCCCCCC/C=C\C/C=C\CCCCC)CCCN1CCN(CC1)CCCN,-0.983757554841364,,,,,,,,,,,,,,,,0.0,0.0,0.0,0.0
N(C(CCCCCOC(=O)CCCCCCC/C=C\C/C=C\CCCCC)C(=O)NCC(=O)OC(C)(C)C)(C(=O)CCCCC(=O)OC(CCCCCCCC)CCCCCCCC)CCN(CC1)CCS1(=O)=O,-0.983757554841364,,,,,,,,,,,,,,,,0.0,0.0,0.0,0.0
N(C(CCCCCOC(=O)CCCCCCC/C=C\C/C=C\CCCCC)C(=O)NCCCC)(C(=O)CCCCC(=O)OC(CCCCCCCC)CCCCCCCC)CCN(CC1)CCS1(=O)=O,-0.983757554841364,,,,,,,,,,,,,,,,0.0,0.0,0.0,0.0
N(CCOP(=O)([O-])OCCCCCCCCC)CCOCCOCCNCCOP(=O)([O-])OCCCCCCCCC,1.5815382588716866,,,,,,,,,,,,,,,,0.0,0.0,0.0,0.0
[N+](CCCCCCCCCC)(CCCCCCCCCC)(CCCCCCCCCC)CCOP(=O)([O-])OCCCCCCCCCC,1.5815382588716866,,,,,,,,,,,,,,,,0.0,0.0,0.0,0.0
N(CCCC)(CCCC)CCOP(=O)([O-])OCCCCCCCCCCC,1.5815382588716866,,,,,,,,,,,,,,,,0.0,0.0,0.0,0.0
N(CCOP(=O)([O-])OCCCC)CCCCCCCC,0.2108717678495582,,,,,,,,,,,,,,,,0.0,0.0,0.0,0.0
N(CCCC)(CCCC)CCOP(=O)([O-])OCCCC,0.2108717678495582,,,,,,,,,,,,,,,,0.0,0.0,0.0,0.0
[N+](CCCCCCCCCC)(CCCCCCCCCC)(CCCCCCCCCC)CCOP(=O)([O-])OCCCC,0.2108717678495582,,,,,,,,,,,,,,,,0.0,0.0,0.0,0.0
N(CCOP(=O)([O-])OCCCC)CCOCCOCCNCCOP(=O)([O-])OCCCC,0.2108717678495582,,,,,,,,,,,,,,,,0.0,0.0,0.0,0.0
C8CN(CCOP(=O)([O-])OCCCC)CCN8CCN(CCOP(=O)([O-])OCCCC)[H],0.2108717678495582,,,,,,,,,,,,,,,,0.0,0.0,0.0,0.0
C8CN(CCOP(=O)([O-])OCCCC)CCN8CCN(CCOP(=O)([O-])OCCCC)CCOP(=O)([O-])OCCCC,0.2108717678495582,,,,,,,,,,,,,,,,0.0,0.0,0.0,0.0
N(CCOP(=O)([O-])OCCCCC)CCCCCCCC,0.2108717678495582,,,,,,,,,,,,,,,,0.0,0.0,0.0,0.0
N(CCOP(=O)([O-])OCCCCC)CCCCCCCCCC,0.2108717678495582,,,,,,,,,,,,,,,,0.0,0.0,0.0,0.0
N(CCCC)(CCCC)CCOP(=O)([O-])OCCCCC,0.2108717678495582,,,,,,,,,,,,,,,,0.0,0.0,0.0,0.0
N(CCOP(=O)([O-])OCCCCCC)CCCCCCCC,0.2108717678495582,,,,,,,,,,,,,,,,0.0,0.0,0.0,0.0
N(CCOP(=O)([O-])OCCCCCC)CCCCCCCCCC,0.2108717678495582,,,,,,,,,,,,,,,,0.0,0.0,0.0,0.0
N(CCCC)(CCCC)CCOP(=O)([O-])OCCCCCC,0.2108717678495582,,,,,,,,,,,,,,,,0.0,0.0,0.0,0.0
N(CCOP(=O)([O-])OCCCCCC)CCOCCOCCNCCOP(=O)([O-])OCCCCCC,0.2108717678495582,,,,,,,,,,,,,,,,0.0,0.0,0.0,0.0
C8CN(CCOP(=O)([O-])OCCCCCC)CCN8CCN(CCOP(=O)([O-])OCCCCCC)[H],0.2108717678495582,,,,,,,,,,,,,,,,0.0,0.0,0.0,0.0
N(CCOP(=O)([O-])OCCCCCCC)CCCCCCCC,0.2108717678495582,,,,,,,,,,,,,,,,0.0,0.0,0.0,0.0
N(CCOP(=O)([O-])OCCCCCCC)CCCCCCCCCC,0.2108717678495582,,,,,,,,,,,,,,,,0.0,0.0,0.0,0.0
N(CCCC)(CCCC)CCOP(=O)([O-])OCCCCCCC,0.2108717678495582,,,,,,,,,,,,,,,,0.0,0.0,0.0,0.0
[N+](CCCCCCCCCC)(CCCCCCCCCC)(CCCCCCCCCC)CCOP(=O)([O-])OCCCCCCC,0.2108717678495582,,,,,,,,,,,,,,,,0.0,0.0,0.0,0.0
C8CN(CCOP(=O)([O-])OCCCCCCC)CCN8CCN(CCOP(=O)([O-])OCCCCCCC)[H],0.2108717678495582,,,,,,,,,,,,,,,,0.0,0.0,0.0,0.0
N(CCOP(=O)([O-])OCCCCCCCC)CCCCCCCC,0.2108717678495582,,,,,,,,,,,,,,,,0.0,0.0,0.0,0.0
N(CCOP(=O)([O-])OCCCCCCCC)CCCCCCCCCC,0.2108717678495582,,,,,,,,,,,,,,,,0.0,0.0,0.0,0.0
N(CCCC)(CCCC)CCOP(=O)([O-])OCCCCCCCC,0.2108717678495582,,,,,,,,,,,,,,,,0.0,0.0,0.0,0.0
[N+](CCCCCCCCCC)(CCCCCCCCCC)(CCCCCCCCCC)CCOP(=O)([O-])OCCCCCCCC,0.2108717678495582,,,,,,,,,,,,,,,,0.0,0.0,0.0,0.0
N(CCOP(=O)([O-])OCCCCCCCC)CCOCCOCCNCCOP(=O)([O-])OCCCCCCCC,0.2108717678495582,,,,,,,,,,,,,,,,0.0,0.0,0.0,0.0
N(CCOP(=O)([O-])OCCCCCCCCC)CCCCCCCC,0.2108717678495582,,,,,,,,,,,,,,,,0.0,0.0,0.0,0.0
N(CCOP(=O)([O-])OCCCCCCCCC)CCCCCCCCCC,0.2108717678495582,,,,,,,,,,,,,,,,0.0,0.0,0.0,0.0
N(CCCC)(CCCC)CCOP(=O)([O-])OCCCCCCCCC,0.2108717678495582,,,,,,,,,,,,,,,,0.0,0.0,0.0,0.0
[N+](CCCCCCCCCC)(CCCCCCCCCC)(CCCCCCCCCC)CCOP(=O)([O-])OCCCCCCCCC,0.2108717678495582,,,,,,,,,,,,,,,,0.0,0.0,0.0,0.0
C8CN(CCOP(=O)([O-])OCCCCCCCCC)CCN8CCN(CCOP(=O)([O-])OCCCCCCCCC)[H],0.2108717678495582,,,,,,,,,,,,,,,,0.0,0.0,0.0,0.0
C8CN(CCOP(=O)([O-])OCCCCCCCCC)CCN8CCN(CCOP(=O)([O-])OCCCCCCCCC)CCOP(=O)([O-])OCCCCCCCCC,0.2108717678495582,,,,,,,,,,,,,,,,0.0,0.0,0.0,0.0
N(CCOP(=O)([O-])OCCCCCCCCCC)CCCCCCCC,0.2108717678495582,,,,,,,,,,,,,,,,0.0,0.0,0.0,0.0
N(CCOP(=O)([O-])OCCCCCCCCCC)CCCCCCCCCC,0.2108717678495582,,,,,,,,,,,,,,,,0.0,0.0,0.0,0.0
N(CCCC)(CCCC)CCOP(=O)([O-])OCCCCCCCCCC,0.2108717678495582,,,,,,,,,,,,,,,,0.0,0.0,0.0,0.0
N(CCOP(=O)([O-])OCCCCCCCCCC)CCOCCOCCNCCOP(=O)([O-])OCCCCCCCCCC,0.2108717678495582,,,,,,,,,,,,,,,,0.0,0.0,0.0,0.0
C8CN(CCOP(=O)([O-])OCCCCCCCCCC)CCN8CCN(CCOP(=O)([O-])OCCCCCCCCCC)[H],0.2108717678495582,,,,,,,,,,,,,,,,0.0,0.0,0.0,0.0
N(CCOP(=O)([O-])OCCCCCCCCCCC)CCCCCCCC,0.2108717678495582,,,,,,,,,,,,,,,,0.0,0.0,0.0,0.0
N(CCOP(=O)([O-])OCCCCCCCCCCC)CCCCCCCCCC,0.2108717678495582,,,,,,,,,,,,,,,,0.0,0.0,0.0,0.0
[N+](CCCCCCCCCC)(CCCCCCCCCC)(CCCCCCCCCC)CCOP(=O)([O-])OCCCCCCCCCCC,0.2108717678495582,,,,,,,,,,,,,,,,0.0,0.0,0.0,0.0
N(CCOP(=O)([O-])OCCCCCCCCCCCC)CCCCCCCCCC,0.2108717678495582,,,,,,,,,,,,,,,,0.0,0.0,0.0,0.0
N(CCCC)(CCCC)CCOP(=O)([O-])OCCCCCCCCCCCC,0.2108717678495582,,,,,,,,,,,,,,,,0.0,0.0,0.0,0.0
[N+](CCCCCCCCCC)(CCCCCCCCCC)(CCCCCCCCCC)CCOP(=O)([O-])OCCCCCCCCCCCC,0.2108717678495582,,,,,,,,,,,,,,,,0.0,0.0,0.0,0.0
C8CN(CCOP(=O)([O-])OCCCCCCCCCCCC)CCN8CCN(CCOP(=O)([O-])OCCCCCCCCCCCC)[H],0.2108717678495582,,,,,,,,,,,,,,,,0.0,0.0,0.0,0.0
N(CCOP(=O)([O-])OCCCCCCCCCCCCC)CCCCCCCC,0.2108717678495582,,,,,,,,,,,,,,,,0.0,0.0,0.0,0.0
N(CCCC)(CCCC)CCOP(=O)([O-])OCCCCCCCCCCCCC,0.2108717678495582,,,,,,,,,,,,,,,,0.0,0.0,0.0,0.0
[N+](CCCCCCCCCC)(CCCCCCCCCC)(CCCCCCCCCC)CCOP(=O)([O-])OCCCCCCCCCCCCC,0.2108717678495582,,,,,,,,,,,,,,,,0.0,0.0,0.0,0.0
N(CCOP(=O)([O-])OCCCCCCCCCCCCC)CCOCCOCCNCCOP(=O)([O-])OCCCCCCCCCCCCC,0.2108717678495582,,,,,,,,,,,,,,,,0.0,0.0,0.0,0.0
C8CN(CCOP(=O)([O-])OCCCCCCCCCCCCC)CCN8CCN(CCOP(=O)([O-])OCCCCCCCCCCCCC)[H],0.2108717678495582,,,,,,,,,,,,,,,,0.0,0.0,0.0,0.0
N(CCOP(=O)([O-])OCCCCCCCCCCCCCC)CCCCCCCC,0.2108717678495582,,,,,,,,,,,,,,,,0.0,0.0,0.0,0.0
[N+](CCCCCCCCCC)(CCCCCCCCCC)(CCCCCCCCCC)CCOP(=O)([O-])OCCCCCCCCCCCCCC,0.2108717678495582,,,,,,,,,,,,,,,,0.0,0.0,0.0,0.0
N(CCOP(=O)([O-])OCCCCCCCCCCCCCC)CCOCCOCCNCCOP(=O)([O-])OCCCCCCCCCCCCCC,0.2108717678495582,,,,,,,,,,,,,,,,0.0,0.0,0.0,0.0
N(CCOP(=O)([O-])OCCCCCCCCCCCCCCC)CCCCCCCC,0.2108717678495582,,,,,,,,,,,,,,,,0.0,0.0,0.0,0.0
N(CCOP(=O)([O-])OCCCCCCCCCCCCCCC)CCCCCCCCCC,0.2108717678495582,,,,,,,,,,,,,,,,0.0,0.0,0.0,0.0
[N+](CCCCCCCCCC)(CCCCCCCCCC)(CCCCCCCCCC)CCOP(=O)([O-])OCCCCCCCCCCCCCCC,0.2108717678495582,,,,,,,,,,,,,,,,0.0,0.0,0.0,0.0
C8CN(CCOP(=O)([O-])OCCCCCCCCCCCCCCC)CCN8CCN(CCOP(=O)([O-])OCCCCCCCCCCCCCCC)[H],0.2108717678495582,,,,,,,,,,,,,,,,0.0,0.0,0.0,0.0
N(CCOP(=O)([O-])OCCCCCCCCCCCCCCCC)CCCCCCCC,0.2108717678495582,,,,,,,,,,,,,,,,0.0,0.0,0.0,0.0
N(CCCC)(CCCC)CCOP(=O)([O-])OCCCCCCCCCCCCCCCC,0.2108717678495582,,,,,,,,,,,,,,,,0.0,0.0,0.0,0.0
[N+](CCCCCCCCCC)(CCCCCCCCCC)(CCCCCCCCCC)CCOP(=O)([O-])OCCCCCCCCCCCCCCCC,0.2108717678495582,,,,,,,,,,,,,,,,0.0,0.0,0.0,0.0
N(CCOP(=O)([O-])OCCCC)CCCCCCCCCC,-1.1597947231725705,,,,,,,,,,,,,,,,0.0,0.0,0.0,0.0
[N+](CCCCCCCCCC)(CCCCCCCCCC)(CCCCCCCCCC)CCOP(=O)([O-])OCCCCC,-1.1597947231725705,,,,,,,,,,,,,,,,0.0,0.0,0.0,0.0
N(CCOP(=O)([O-])OCCCCC)CCOCCOCCNCCOP(=O)([O-])OCCCCC,-1.1597947231725705,,,,,,,,,,,,,,,,0.0,0.0,0.0,0.0
C8CN(CCOP(=O)([O-])OCCCCC)CCN8CCN(CCOP(=O)([O-])OCCCCC)[H],-1.1597947231725705,,,,,,,,,,,,,,,,0.0,0.0,0.0,0.0
C8CN(CCOP(=O)([O-])OCCCCC)CCN8CCN(CCOP(=O)([O-])OCCCCC)CCOP(=O)([O-])OCCCCC,-1.1597947231725705,,,,,,,,,,,,,,,,0.0,0.0,0.0,0.0
[N+](CCCCCCCCCC)(CCCCCCCCCC)(CCCCCCCCCC)CCOP(=O)([O-])OCCCCCC,-1.1597947231725705,,,,,,,,,,,,,,,,0.0,0.0,0.0,0.0
C8CN(CCOP(=O)([O-])OCCCCCC)CCN8CCN(CCOP(=O)([O-])OCCCCCC)CCOP(=O)([O-])OCCCCCC,-1.1597947231725705,,,,,,,,,,,,,,,,0.0,0.0,0.0,0.0
N(CCOP(=O)([O-])OCCCCCCC)CCOCCOCCNCCOP(=O)([O-])OCCCCCCC,-1.1597947231725705,,,,,,,,,,,,,,,,0.0,0.0,0.0,0.0
C8CN(CCOP(=O)([O-])OCCCCCCC)CCN8CCN(CCOP(=O)([O-])OCCCCCCC)CCOP(=O)([O-])OCCCCCCC,-1.1597947231725705,,,,,,,,,,,,,,,,0.0,0.0,0.0,0.0
C8CN(CCOP(=O)([O-])OCCCCCCCC)CCN8CCN(CCOP(=O)([O-])OCCCCCCCC)[H],-1.1597947231725705,,,,,,,,,,,,,,,,0.0,0.0,0.0,0.0
C8CN(CCOP(=O)([O-])OCCCCCCCC)CCN8CCN(CCOP(=O)([O-])OCCCCCCCC)CCOP(=O)([O-])OCCCCCCCC,-1.1597947231725705,,,,,,,,,,,,,,,,0.0,0.0,0.0,0.0
C8CN(CCOP(=O)([O-])OCCCCCCCCCC)CCN8CCN(CCOP(=O)([O-])OCCCCCCCCCC)CCOP(=O)([O-])OCCCCCCCCCC,-1.1597947231725705,,,,,,,,,,,,,,,,0.0,0.0,0.0,0.0
N(CCOP(=O)([O-])OCCCCCCCCCCC)CCOCCOCCNCCOP(=O)([O-])OCCCCCCCCCCC,-1.1597947231725705,,,,,,,,,,,,,,,,0.0,0.0,0.0,0.0
C8CN(CCOP(=O)([O-])OCCCCCCCCCCC)CCN8CCN(CCOP(=O)([O-])OCCCCCCCCCCC)[H],-1.1597947231725705,,,,,,,,,,,,,,,,0.0,0.0,0.0,0.0
C8CN(CCOP(=O)([O-])OCCCCCCCCCCC)CCN8CCN(CCOP(=O)([O-])OCCCCCCCCCCC)CCOP(=O)([O-])OCCCCCCCCCCC,-1.1597947231725705,,,,,,,,,,,,,,,,0.0,0.0,0.0,0.0
N(CCOP(=O)([O-])OCCCCCCCCCCCC)CCCCCCCC,-1.1597947231725705,,,,,,,,,,,,,,,,0.0,0.0,0.0,0.0
N(CCOP(=O)([O-])OCCCCCCCCCCCC)CCOCCOCCNCCOP(=O)([O-])OCCCCCCCCCCCC,-1.1597947231725705,,,,,,,,,,,,,,,,0.0,0.0,0.0,0.0
C8CN(CCOP(=O)([O-])OCCCCCCCCCCCC)CCN8CCN(CCOP(=O)([O-])OCCCCCCCCCCCC)CCOP(=O)([O-])OCCCCCCCCCCCC,-1.1597947231725705,,,,,,,,,,,,,,,,0.0,0.0,0.0,0.0
N(CCOP(=O)([O-])OCCCCCCCCCCCCC)CCCCCCCCCC,-1.1597947231725705,,,,,,,,,,,,,,,,0.0,0.0,0.0,0.0
C8CN(CCOP(=O)([O-])OCCCCCCCCCCCCC)CCN8CCN(CCOP(=O)([O-])OCCCCCCCCCCCCC)CCOP(=O)([O-])OCCCCCCCCCCCCC,-1.1597947231725705,,,,,,,,,,,,,,,,0.0,0.0,0.0,0.0
N(CCOP(=O)([O-])OCCCCCCCCCCCCCC)CCCCCCCCCC,-1.1597947231725705,,,,,,,,,,,,,,,,0.0,0.0,0.0,0.0
N(CCCC)(CCCC)CCOP(=O)([O-])OCCCCCCCCCCCCCC,-1.1597947231725705,,,,,,,,,,,,,,,,0.0,0.0,0.0,0.0
C8CN(CCOP(=O)([O-])OCCCCCCCCCCCCCC)CCN8CCN(CCOP(=O)([O-])OCCCCCCCCCCCCCC)[H],-1.1597947231725705,,,,,,,,,,,,,,,,0.0,0.0,0.0,0.0
C8CN(CCOP(=O)([O-])OCCCCCCCCCCCCCC)CCN8CCN(CCOP(=O)([O-])OCCCCCCCCCCCCCC)CCOP(=O)([O-])OCCCCCCCCCCCCCC,-1.1597947231725705,,,,,,,,,,,,,,,,0.0,0.0,0.0,0.0
N(CCCC)(CCCC)CCOP(=O)([O-])OCCCCCCCCCCCCCCC,-1.1597947231725705,,,,,,,,,,,,,,,,0.0,0.0,0.0,0.0
N(CCOP(=O)([O-])OCCCCCCCCCCCCCCC)CCOCCOCCNCCOP(=O)([O-])OCCCCCCCCCCCCCCC,-1.1597947231725705,,,,,,,,,,,,,,,,0.0,0.0,0.0,0.0
C8CN(CCOP(=O)([O-])OCCCCCCCCCCCCCCC)CCN8CCN(CCOP(=O)([O-])OCCCCCCCCCCCCCCC)CCOP(=O)([O-])OCCCCCCCCCCCCCCC,-1.1597947231725705,,,,,,,,,,,,,,,,0.0,0.0,0.0,0.0
N(CCOP(=O)([O-])OCCCCCCCCCCCCCCCC)CCCCCCCCCC,-1.1597947231725705,,,,,,,,,,,,,,,,0.0,0.0,0.0,0.0
N(CCOP(=O)([O-])OCCCCCCCCCCCCCCCC)CCOCCOCCNCCOP(=O)([O-])OCCCCCCCCCCCCCCCC,-1.1597947231725705,,,,,,,,,,,,,,,,0.0,0.0,0.0,0.0
C8CN(CCOP(=O)([O-])OCCCCCCCCCCCCCCCC)CCN8CCN(CCOP(=O)([O-])OCCCCCCCCCCCCCCCC)[H],-1.1597947231725705,,,,,,,,,,,,,,,,0.0,0.0,0.0,0.0
C8CN(CCOP(=O)([O-])OCCCCCCCCCCCCCCCC)CCN8CCN(CCOP(=O)([O-])OCCCCCCCCCCCCCCCC)CCOP(=O)([O-])OCCCCCCCCCCCCCCCC,-1.1597947231725705,,,,,,,,,,,,,,,,0.0,0.0,0.0,0.0
CN(C)CCCN(CCC(=O)OCCOC(=O)C(C)CSCCCCCC)CCCN(CCC(=O)OCCOC(=O)C(C)CSCCCCCC)CCC(=O)OCCOC(=O)C(C)CSCCCCCC,3.601853897883668,,,,,,,,,,,,,,,,0.0,0.0,0.0,0.0
CN(C)CCCN(CCC(=O)OCCOC(=O)C(C)CSCCCCCCC)CCCN(CCC(=O)OCCOC(=O)C(C)CSCCCCCCC)CCC(=O)OCCOC(=O)C(C)CSCCCCCCC,3.601853897883668,,,,,,,,,,,,,,,,0.0,0.0,0.0,0.0
CN(C)CCCN(CCC(=O)OCCOC(=O)C(C)CSCCCCCCCC)CCCN(CCC(=O)OCCOC(=O)C(C)CSCCCCCCCC)CCC(=O)OCCOC(=O)C(C)CSCCCCCCCC,3.601853897883668,,,,,,,,,,,,,,,,0.0,0.0,0.0,0.0
CN(C)CCCN(CCC(=O)OCCOC(=O)C(C)CSCCCCCCCCC)CCCN(CCC(=O)OCCOC(=O)C(C)CSCCCCCCCCC)CCC(=O)OCCOC(=O)C(C)CSCCCCCCCCC,3.601853897883668,,,,,,,,,,,,,,,,0.0,0.0,0.0,0.0
CN(C)CCCN(CCC(=O)OCCOC(=O)C(C)CSCCCCCCCCCC)CCCN(CCC(=O)OCCOC(=O)C(C)CSCCCCCCCCCC)CCC(=O)OCCOC(=O)C(C)CSCCCCCCCCCC,3.601853897883668,,,,,,,,,,,,,,,,0.0,0.0,0.0,0.0
CN(C)CCCN(CCC(=O)OCCOC(=O)C(C)CSCCCCCCCCCCC)CCCN(CCC(=O)OCCOC(=O)C(C)CSCCCCCCCCCCC)CCC(=O)OCCOC(=O)C(C)CSCCCCCCCCCCC,3.601853897883668,,,,,,,,,,,,,,,,0.0,0.0,0.0,0.0
CN(C)CCCN(CCC(=O)OCCOC(=O)C(C)CSCCCCCCCCCCCC)CCCN(CCC(=O)OCCOC(=O)C(C)CSCCCCCCCCCCCC)CCC(=O)OCCOC(=O)C(C)CSCCCCCCCCCCCC,3.601853897883668,,,,,,,,,,,,,,,,0.0,0.0,0.0,0.0
N(CCC(=O)OCCOC(=O)C(C)CSCCCCCCCCCCCCCC)(CCC(=O)OCCOC(=O)C(C)CSCCCCCCCCCCCCCC)CC1CCN(C)CC1,3.601853897883668,,,,,,,,,,,,,,,,0.0,0.0,0.0,0.0
CN(C)CCCN(CCC(=O)OCCOC(=O)C(C)CSCCCCCCCCCCCCCC)CCCN(CCC(=O)OCCOC(=O)C(C)CSCCCCCCCCCCCCCC)CCC(=O)OCCOC(=O)C(C)CSCCCCCCCCCCCCCC,3.601853897883668,,,,,,,,,,,,,,,,0.0,0.0,0.0,0.0
N(CCN(CCC(=O)OCCOC(=O)C(C)CSCC(C)C)(CCC(=O)OCCOC(=O)C(C)CSCC(C)C))(CCN(CCC(=O)OCCOC(=O)C(C)CSCC(C)C)(CCC(=O)OCCOC(=O)C(C)CSCC(C)C))CCN(CCC(=O)OCCOC(=O)C(C)CSCC(C)C)CCC(=O)OCCOC(=O)C(C)CSCC(C)C,2.185099711203099,,,,,,,,,,,,,,,,0.0,0.0,0.0,0.0
N(CCN(CCC(=O)OCCOC(=O)C(C)CSCCC(C)C)(CCC(=O)OCCOC(=O)C(C)CSCCC(C)C))(CCN(CCC(=O)OCCOC(=O)C(C)CSCCC(C)C)(CCC(=O)OCCOC(=O)C(C)CSCCC(C)C))CCN(CCC(=O)OCCOC(=O)C(C)CSCCC(C)C)CCC(=O)OCCOC(=O)C(C)CSCCC(C)C,2.185099711203099,,,,,,,,,,,,,,,,0.0,0.0,0.0,0.0
N(CCN(CCC(=O)OCCOC(=O)C(C)CSCCC(C)C)(CCC(=O)OCCOC(=O)C(C)CSCCC(C)C))(CCN(CCC(=O)OCCOC(=O)C(C)CSCCC(C)C)(CCC(=O)OCCOC(=O)C(C)CSCCC(C)C))CCN(CCC(=O)OCCOC(=O)C(C)CSCCC(C)C)CCC(=O)OCCOC(=O)C(C)CSCCC(C)C,2.185099711203099,,,,,,,,,,,,,,,,0.0,0.0,0.0,0.0
CN(C)CCCN(CCC(=O)OCCOC(=O)C(C)CSCCCC)CCCN(CCC(=O)OCCOC(=O)C(C)CSCCCC)CCC(=O)OCCOC(=O)C(C)CSCCCC,2.185099711203099,,,,,,,,,,,,,,,,0.0,0.0,0.0,0.0
N(CCN(CCC(=O)OCCOC(=O)C(C)CSCCCC)(CCC(=O)OCCOC(=O)C(C)CSCCCC))(CCN(CCC(=O)OCCOC(=O)C(C)CSCCCC)(CCC(=O)OCCOC(=O)C(C)CSCCCC))CCN(CCC(=O)OCCOC(=O)C(C)CSCCCC)CCC(=O)OCCOC(=O)C(C)CSCCCC,2.185099711203099,,,,,,,,,,,,,,,,0.0,0.0,0.0,0.0
N(CCC(=O)OCCOC(=O)C(C)CSCCCCC)(CCC(=O)OCCOC(=O)C(C)CSCCCCC)CCN1CCCCC1,2.185099711203099,,,,,,,,,,,,,,,,0.0,0.0,0.0,0.0
CN(C)CCCN(CCC(=O)OCCOC(=O)C(C)CSCCCCC)CCCN(CCC(=O)OCCOC(=O)C(C)CSCCCCC)CCC(=O)OCCOC(=O)C(C)CSCCCCC,2.185099711203099,,,,,,,,,,,,,,,,0.0,0.0,0.0,0.0
N(CCC(=O)OCCOC(=O)C(C)CSCCCCC)(CCC(=O)OCCOC(=O)C(C)CSCCCCC)CCCN(CCC(=O)OCCOC(=O)C(C)CSCCCCC)CCCN(CCC(=O)OCCOC(=O)C(C)CSCCCCC)CCC(=O)OCCOC(=O)C(C)CSCCCCC,2.185099711203099,,,,,,,,,,,,,,,,0.0,0.0,0.0,0.0
N(CCN(CCC(=O)OCCOC(=O)C(C)CSCCCCC)(CCC(=O)OCCOC(=O)C(C)CSCCCCC))(CCN(CCC(=O)OCCOC(=O)C(C)CSCCCCC)(CCC(=O)OCCOC(=O)C(C)CSCCCCC))CCNCCC(=O)OCCOC(=O)C(C)CSCCCCC,2.185099711203099,,,,,,,,,,,,,,,,0.0,0.0,0.0,0.0
N(CCN(CCC(=O)OCCOC(=O)C(C)CSCCCCC)(CCC(=O)OCCOC(=O)C(C)CSCCCCC))(CCN(CCC(=O)OCCOC(=O)C(C)CSCCCCC)(CCC(=O)OCCOC(=O)C(C)CSCCCCC))CCN(CCC(=O)OCCOC(=O)C(C)CSCCCCC)CCC(=O)OCCOC(=O)C(C)CSCCCCC,2.185099711203099,,,,,,,,,,,,,,,,0.0,0.0,0.0,0.0
N(CCN(CCC(=O)OCCOC(=O)C(C)CSCCCCCC)(CCC(=O)OCCOC(=O)C(C)CSCCCCCC))(CCN(CCC(=O)OCCOC(=O)C(C)CSCCCCCC)(CCC(=O)OCCOC(=O)C(C)CSCCCCCC))CCNCCC(=O)OCCOC(=O)C(C)CSCCCCCC,2.185099711203099,,,,,,,,,,,,,,,,0.0,0.0,0.0,0.0
N(CCN(CCC(=O)OCCOC(=O)C(C)CSCCCCCC)(CCC(=O)OCCOC(=O)C(C)CSCCCCCC))(CCN(CCC(=O)OCCOC(=O)C(C)CSCCCCCC)(CCC(=O)OCCOC(=O)C(C)CSCCCCCC))CCN(CCC(=O)OCCOC(=O)C(C)CSCCCCCC)CCC(=O)OCCOC(=O)C(C)CSCCCCCC,2.185099711203099,,,,,,,,,,,,,,,,0.0,0.0,0.0,0.0
N(CCC(=O)OCCOC(=O)C(C)CSCCCCCCC)(CCC(=O)OCCOC(=O)C(C)CSCCCCCCC)CCCN(CCC(=O)OCCOC(=O)C(C)CSCCCCCCC)CCCN(CCC(=O)OCCOC(=O)C(C)CSCCCCCCC)CCC(=O)OCCOC(=O)C(C)CSCCCCCCC,2.185099711203099,,,,,,,,,,,,,,,,0.0,0.0,0.0,0.0
N(CCN(CCC(=O)OCCOC(=O)C(C)CSCCCCCCC)(CCC(=O)OCCOC(=O)C(C)CSCCCCCCC))(CCN(CCC(=O)OCCOC(=O)C(C)CSCCCCCCC)(CCC(=O)OCCOC(=O)C(C)CSCCCCCCC))CCNCCC(=O)OCCOC(=O)C(C)CSCCCCCCC,2.185099711203099,,,,,,,,,,,,,,,,0.0,0.0,0.0,0.0
N(CCN(CCC(=O)OCCOC(=O)C(C)CSCCCCCCC)(CCC(=O)OCCOC(=O)C(C)CSCCCCCCC))(CCN(CCC(=O)OCCOC(=O)C(C)CSCCCCCCC)(CCC(=O)OCCOC(=O)C(C)CSCCCCCCC))CCN(CCC(=O)OCCOC(=O)C(C)CSCCCCCCC)CCC(=O)OCCOC(=O)C(C)CSCCCCCCC,2.185099711203099,,,,,,,,,,,,,,,,0.0,0.0,0.0,0.0
N(CCC(=O)OCCOC(=O)C(C)CSCCCCCCCC)(CCC(=O)OCCOC(=O)C(C)CSCCCCCCCC)CC1CCN(C)CC1,2.185099711203099,,,,,,,,,,,,,,,,0.0,0.0,0.0,0.0
N(CCC(=O)OCCOC(=O)C(C)CSCCCCCCCC)(CCC(=O)OCCOC(=O)C(C)CSCCCCCCCC)CCCN(CCC(=O)OCCOC(=O)C(C)CSCCCCCCCC)CCCN(CCC(=O)OCCOC(=O)C(C)CSCCCCCCCC)CCC(=O)OCCOC(=O)C(C)CSCCCCCCCC,2.185099711203099,,,,,,,,,,,,,,,,0.0,0.0,0.0,0.0
N(CCN(CCC(=O)OCCOC(=O)C(C)CSCCCCCCCC)(CCC(=O)OCCOC(=O)C(C)CSCCCCCCCC))(CCN(CCC(=O)OCCOC(=O)C(C)CSCCCCCCCC)(CCC(=O)OCCOC(=O)C(C)CSCCCCCCCC))CCNCCC(=O)OCCOC(=O)C(C)CSCCCCCCCC,2.185099711203099,,,,,,,,,,,,,,,,0.0,0.0,0.0,0.0
N(CCN(CCC(=O)OCCOC(=O)C(C)CSCCCCCCCC)(CCC(=O)OCCOC(=O)C(C)CSCCCCCCCC))(CCN(CCC(=O)OCCOC(=O)C(C)CSCCCCCCCC)(CCC(=O)OCCOC(=O)C(C)CSCCCCCCCC))CCN(CCC(=O)OCCOC(=O)C(C)CSCCCCCCCC)CCC(=O)OCCOC(=O)C(C)CSCCCCCCCC,2.185099711203099,,,,,,,,,,,,,,,,0.0,0.0,0.0,0.0
N(CCN(CCC(=O)OCCOC(=O)C(C)CSCCCCCCCCC)(CCC(=O)OCCOC(=O)C(C)CSCCCCCCCCC))(CCN(CCC(=O)OCCOC(=O)C(C)CSCCCCCCCCC)(CCC(=O)OCCOC(=O)C(C)CSCCCCCCCCC))CCNCCC(=O)OCCOC(=O)C(C)CSCCCCCCCCC,2.185099711203099,,,,,,,,,,,,,,,,0.0,0.0,0.0,0.0
N(CCN(CCC(=O)OCCOC(=O)C(C)CSCCCCCCCCC)(CCC(=O)OCCOC(=O)C(C)CSCCCCCCCCC))(CCN(CCC(=O)OCCOC(=O)C(C)CSCCCCCCCCC)(CCC(=O)OCCOC(=O)C(C)CSCCCCCCCCC))CCN(CCC(=O)OCCOC(=O)C(C)CSCCCCCCCCC)CCC(=O)OCCOC(=O)C(C)CSCCCCCCCCC,2.185099711203099,,,,,,,,,,,,,,,,0.0,0.0,0.0,0.0
N(CCC(=O)OCCOC(=O)C(C)CSCCCCCCCCCC)(CCC(=O)OCCOC(=O)C(C)CSCCCCCCCCCC)CCCN(CCC(=O)OCCOC(=O)C(C)CSCCCCCCCCCC)CCCN(CCC(=O)OCCOC(=O)C(C)CSCCCCCCCCCC)CCC(=O)OCCOC(=O)C(C)CSCCCCCCCCCC,2.185099711203099,,,,,,,,,,,,,,,,0.0,0.0,0.0,0.0
N(CCN(CCC(=O)OCCOC(=O)C(C)CSCCCCCCCCCC)(CCC(=O)OCCOC(=O)C(C)CSCCCCCCCCCC))(CCN(CCC(=O)OCCOC(=O)C(C)CSCCCCCCCCCC)(CCC(=O)OCCOC(=O)C(C)CSCCCCCCCCCC))CCNCCC(=O)OCCOC(=O)C(C)CSCCCCCCCCCC,2.185099711203099,,,,,,,,,,,,,,,,0.0,0.0,0.0,0.0
N(CCN(CCC(=O)OCCOC(=O)C(C)CSCCCCCCCCCC)(CCC(=O)OCCOC(=O)C(C)CSCCCCCCCCCC))(CCN(CCC(=O)OCCOC(=O)C(C)CSCCCCCCCCCC)(CCC(=O)OCCOC(=O)C(C)CSCCCCCCCCCC))CCN(CCC(=O)OCCOC(=O)C(C)CSCCCCCCCCCC)CCC(=O)OCCOC(=O)C(C)CSCCCCCCCCCC,2.185099711203099,,,,,,,,,,,,,,,,0.0,0.0,0.0,0.0
N(CCN(CCC(=O)OCCOC(=O)C(C)CSCCCCCCCCCCC)(CCC(=O)OCCOC(=O)C(C)CSCCCCCCCCCCC))(CCN(CCC(=O)OCCOC(=O)C(C)CSCCCCCCCCCCC)(CCC(=O)OCCOC(=O)C(C)CSCCCCCCCCCCC))CCN(CCC(=O)OCCOC(=O)C(C)CSCCCCCCCCCCC)CCC(=O)OCCOC(=O)C(C)CSCCCCCCCCCCC,2.185099711203099,,,,,,,,,,,,,,,,0.0,0.0,0.0,0.0
N(CCC(=O)OCCOC(=O)C(C)CSCCCCCCCCCCCC)(CCC(=O)OCCOC(=O)C(C)CSCCCCCCCCCCCC)CCCN(CCC(=O)OCCOC(=O)C(C)CSCCCCCCCCCCCC)CCCN(CCC(=O)OCCOC(=O)C(C)CSCCCCCCCCCCCC)CCC(=O)OCCOC(=O)C(C)CSCCCCCCCCCCCC,2.185099711203099,,,,,,,,,,,,,,,,0.0,0.0,0.0,0.0
N(CCN(CCC(=O)OCCOC(=O)C(C)CSCCCCCCCCCCCC)(CCC(=O)OCCOC(=O)C(C)CSCCCCCCCCCCCC))(CCN(CCC(=O)OCCOC(=O)C(C)CSCCCCCCCCCCCC)(CCC(=O)OCCOC(=O)C(C)CSCCCCCCCCCCCC))CCNCCC(=O)OCCOC(=O)C(C)CSCCCCCCCCCCCC,2.185099711203099,,,,,,,,,,,,,,,,0.0,0.0,0.0,0.0
N(CCN(CCC(=O)OCCOC(=O)C(C)CSCCCCCCCCCCCC)(CCC(=O)OCCOC(=O)C(C)CSCCCCCCCCCCCC))(CCN(CCC(=O)OCCOC(=O)C(C)CSCCCCCCCCCCCC)(CCC(=O)OCCOC(=O)C(C)CSCCCCCCCCCCCC))CCN(CCC(=O)OCCOC(=O)C(C)CSCCCCCCCCCCCC)CCC(=O)OCCOC(=O)C(C)CSCCCCCCCCCCCC,2.185099711203099,,,,,,,,,,,,,,,,0.0,0.0,0.0,0.0
N(CCC(=O)OCCOC(=O)C(C)CSCCCCCCCCCCCCCC)(CCC(=O)OCCOC(=O)C(C)CSCCCCCCCCCCCCCC)CCN1CCCCC1,2.185099711203099,,,,,,,,,,,,,,,,0.0,0.0,0.0,0.0
N(CCN(CCC(=O)OCCOC(=O)C(C)CSCCCCO)(CCC(=O)OCCOC(=O)C(C)CSCCCCO))(CCN(CCC(=O)OCCOC(=O)C(C)CSCCCCO)(CCC(=O)OCCOC(=O)C(C)CSCCCCO))CCN(CCC(=O)OCCOC(=O)C(C)CSCCCCO)CCC(=O)OCCOC(=O)C(C)CSCCCCO,2.185099711203099,,,,,,,,,,,,,,,,0.0,0.0,0.0,0.0
N(CCN(CCC(=O)OCCOC(=O)C(C)CSCCN(CCCC)CCCC)(CCC(=O)OCCOC(=O)C(C)CSCCN(CCCC)CCCC))(CCN(CCC(=O)OCCOC(=O)C(C)CSCCN(CCCC)CCCC)(CCC(=O)OCCOC(=O)C(C)CSCCN(CCCC)CCCC))CCNCCC(=O)OCCOC(=O)C(C)CSCCN(CCCC)CCCC,2.185099711203099,,,,,,,,,,,,,,,,0.0,0.0,0.0,0.0
N(CCN(CCC(=O)OCCOC(=O)C(C)CSCCN(CCCC)CCCC)(CCC(=O)OCCOC(=O)C(C)CSCCN(CCCC)CCCC))(CCN(CCC(=O)OCCOC(=O)C(C)CSCCN(CCCC)CCCC)(CCC(=O)OCCOC(=O)C(C)CSCCN(CCCC)CCCC))CCN(CCC(=O)OCCOC(=O)C(C)CSCCN(CCCC)CCCC)CCC(=O)OCCOC(=O)C(C)CSCCN(CCCC)CCCC,2.185099711203099,,,,,,,,,,,,,,,,0.0,0.0,0.0,0.0
N(CCC(=O)OCCOC(=O)C(C)CSCC(C)C)(CCC(=O)OCCOC(=O)C(C)CSCC(C)C)CC1CCN(C)CC1,0.7683455245225306,,,,,,,,,,,,,,,,0.0,0.0,0.0,0.0
N(CCC(=O)OCCOC(=O)C(C)CSCC(C)C)(CCC(=O)OCCOC(=O)C(C)CSCC(C)C)CCN1CCCCC1,0.7683455245225306,,,,,,,,,,,,,,,,0.0,0.0,0.0,0.0
CN(C)CCCN(CCC(=O)OCCOC(=O)C(C)CSCC(C)C)CCCN(CCC(=O)OCCOC(=O)C(C)CSCC(C)C)CCC(=O)OCCOC(=O)C(C)CSCC(C)C,0.7683455245225306,,,,,,,,,,,,,,,,0.0,0.0,0.0,0.0
N(CCC(=O)OCCOC(=O)C(C)CSCC(C)C)(CCC(=O)OCCOC(=O)C(C)CSCC(C)C)CCCN(CCC(=O)OCCOC(=O)C(C)CSCC(C)C)CCCN(CCC(=O)OCCOC(=O)C(C)CSCC(C)C)CCC(=O)OCCOC(=O)C(C)CSCC(C)C,0.7683455245225306,,,,,,,,,,,,,,,,0.0,0.0,0.0,0.0
N(CCN(CCC(=O)OCCOC(=O)C(C)CSCC(C)C)(CCC(=O)OCCOC(=O)C(C)CSCC(C)C))(CCN(CCC(=O)OCCOC(=O)C(C)CSCC(C)C)(CCC(=O)OCCOC(=O)C(C)CSCC(C)C))CCNCCC(=O)OCCOC(=O)C(C)CSCC(C)C,0.7683455245225306,,,,,,,,,,,,,,,,0.0,0.0,0.0,0.0
CCCCCCCCCCN(CCC(=O)OCCOC(=O)C(C)CSCC(C)C)CCC(=O)OCCOC(=O)C(C)CSCC(C)C,0.7683455245225306,,,,,,,,,,,,,,,,0.0,0.0,0.0,0.0
N(CCC(=O)OCCOC(=O)C(C)CSCCC(C)C)(CCC(=O)OCCOC(=O)C(C)CSCCC(C)C)CCN1CCCCC1,0.7683455245225306,,,,,,,,,,,,,,,,0.0,0.0,0.0,0.0
CN(C)CCCN(CCC(=O)OCCOC(=O)C(C)CSCCC(C)C)CCCN(CCC(=O)OCCOC(=O)C(C)CSCCC(C)C)CCC(=O)OCCOC(=O)C(C)CSCCC(C)C,0.7683455245225306,,,,,,,,,,,,,,,,0.0,0.0,0.0,0.0
N(CCN(CCC(=O)OCCOC(=O)C(C)CSCCC(C)C)(CCC(=O)OCCOC(=O)C(C)CSCCC(C)C))(CCN(CCC(=O)OCCOC(=O)C(C)CSCCC(C)C)(CCC(=O)OCCOC(=O)C(C)CSCCC(C)C))CCNCCC(=O)OCCOC(=O)C(C)CSCCC(C)C,0.7683455245225306,,,,,,,,,,,,,,,,0.0,0.0,0.0,0.0
CCCCCCCCCCN(CCC(=O)OCCOC(=O)C(C)CSCCC(C)C)CCC(=O)OCCOC(=O)C(C)CSCCC(C)C,0.7683455245225306,,,,,,,,,,,,,,,,0.0,0.0,0.0,0.0
N(CCC(=O)OCCOC(=O)C(C)CSCCC(C)C)(CCC(=O)OCCOC(=O)C(C)CSCCC(C)C)CCN1CCCCC1,0.7683455245225306,,,,,,,,,,,,,,,,0.0,0.0,0.0,0.0
N(CCN(CCC(=O)OCCOC(=O)C(C)CSCCC(C)C)(CCC(=O)OCCOC(=O)C(C)CSCCC(C)C))(CCN(CCC(=O)OCCOC(=O)C(C)CSCCC(C)C)(CCC(=O)OCCOC(=O)C(C)CSCCC(C)C))CCNCCC(=O)OCCOC(=O)C(C)CSCCC(C)C,0.7683455245225306,,,,,,,,,,,,,,,,0.0,0.0,0.0,0.0
CCCCCCCCCCN(CCC(=O)OCCOC(=O)C(C)CSCCC(C)C)CCC(=O)OCCOC(=O)C(C)CSCCC(C)C,0.7683455245225306,,,,,,,,,,,,,,,,0.0,0.0,0.0,0.0
N(CCC(=O)OCCOC(=O)C(C)CSCCCC)(CCC(=O)OCCOC(=O)C(C)CSCCCC)CC1CCN(C)CC1,0.7683455245225306,,,,,,,,,,,,,,,,0.0,0.0,0.0,0.0
N(CCC(=O)OCCOC(=O)C(C)CSCCCC)(CCC(=O)OCCOC(=O)C(C)CSCCCC)CCN1CCCCC1,0.7683455245225306,,,,,,,,,,,,,,,,0.0,0.0,0.0,0.0
N(CCC(=O)OCCOC(=O)C(C)CSCCCC)(CCC(=O)OCCOC(=O)C(C)CSCCCC)CCCN(CCC(=O)OCCOC(=O)C(C)CSCCCC)CCCN(CCC(=O)OCCOC(=O)C(C)CSCCCC)CCC(=O)OCCOC(=O)C(C)CSCCCC,0.7683455245225306,,,,,,,,,,,,,,,,0.0,0.0,0.0,0.0
N(CCN(CCC(=O)OCCOC(=O)C(C)CSCCCC)(CCC(=O)OCCOC(=O)C(C)CSCCCC))(CCN(CCC(=O)OCCOC(=O)C(C)CSCCCC)(CCC(=O)OCCOC(=O)C(C)CSCCCC))CCNCCC(=O)OCCOC(=O)C(C)CSCCCC,0.7683455245225306,,,,,,,,,,,,,,,,0.0,0.0,0.0,0.0
CCCCCCCCCCN(CCC(=O)OCCOC(=O)C(C)CSCCCC)CCC(=O)OCCOC(=O)C(C)CSCCCC,0.7683455245225306,,,,,,,,,,,,,,,,0.0,0.0,0.0,0.0
N(CCC(=O)OCCOC(=O)C(C)CSCCCCC)(CCC(=O)OCCOC(=O)C(C)CSCCCCC)CC1CCN(C)CC1,0.7683455245225306,,,,,,,,,,,,,,,,0.0,0.0,0.0,0.0
CCCCCCCCCCN(CCC(=O)OCCOC(=O)C(C)CSCCCCC)CCC(=O)OCCOC(=O)C(C)CSCCCCC,0.7683455245225306,,,,,,,,,,,,,,,,0.0,0.0,0.0,0.0
N(CCC(=O)OCCOC(=O)C(C)CSCCCCCC)(CCC(=O)OCCOC(=O)C(C)CSCCCCCC)CCN1CCCCC1,0.7683455245225306,,,,,,,,,,,,,,,,0.0,0.0,0.0,0.0
N(CCC(=O)OCCOC(=O)C(C)CSCCCCCC)(CCC(=O)OCCOC(=O)C(C)CSCCCCCC)CCCN(CCC(=O)OCCOC(=O)C(C)CSCCCCCC)CCCN(CCC(=O)OCCOC(=O)C(C)CSCCCCCC)CCC(=O)OCCOC(=O)C(C)CSCCCCCC,0.7683455245225306,,,,,,,,,,,,,,,,0.0,0.0,0.0,0.0
CCCCCCCCCCN(CCC(=O)OCCOC(=O)C(C)CSCCCCCC)CCC(=O)OCCOC(=O)C(C)CSCCCCCC,0.7683455245225306,,,,,,,,,,,,,,,,0.0,0.0,0.0,0.0
CCCCCCCCCCN(CCC(=O)OCCOC(=O)C(C)CSCCCCCCC)CCC(=O)OCCOC(=O)C(C)CSCCCCCCC,0.7683455245225306,,,,,,,,,,,,,,,,0.0,0.0,0.0,0.0
N(CCC(=O)OCCOC(=O)C(C)CSCCCCCCCC)(CCC(=O)OCCOC(=O)C(C)CSCCCCCCCC)CCN1CCCCC1,0.7683455245225306,,,,,,,,,,,,,,,,0.0,0.0,0.0,0.0
CCCCCCCCCCN(CCC(=O)OCCOC(=O)C(C)CSCCCCCCCC)CCC(=O)OCCOC(=O)C(C)CSCCCCCCCC,0.7683455245225306,,,,,,,,,,,,,,,,0.0,0.0,0.0,0.0
N(CCC(=O)OCCOC(=O)C(C)CSCCCCCCCCC)(CCC(=O)OCCOC(=O)C(C)CSCCCCCCCCC)CCCN(CCC(=O)OCCOC(=O)C(C)CSCCCCCCCCC)CCCN(CCC(=O)OCCOC(=O)C(C)CSCCCCCCCCC)CCC(=O)OCCOC(=O)C(C)CSCCCCCCCCC,0.7683455245225306,,,,,,,,,,,,,,,,0.0,0.0,0.0,0.0
CCCCCCCCCCN(CCC(=O)OCCOC(=O)C(C)CSCCCCCCCCC)CCC(=O)OCCOC(=O)C(C)CSCCCCCCCCC,0.7683455245225306,,,,,,,,,,,,,,,,0.0,0.0,0.0,0.0
N(CCC(=O)OCCOC(=O)C(C)CSCCCCCCCCCC)(CCC(=O)OCCOC(=O)C(C)CSCCCCCCCCCC)CCN1CCCCC1,0.7683455245225306,,,,,,,,,,,,,,,,0.0,0.0,0.0,0.0
CCCCCCCCCCN(CCC(=O)OCCOC(=O)C(C)CSCCCCCCCCCC)CCC(=O)OCCOC(=O)C(C)CSCCCCCCCCCC,0.7683455245225306,,,,,,,,,,,,,,,,0.0,0.0,0.0,0.0
N(CCC(=O)OCCOC(=O)C(C)CSCCCCCCCCCCC)(CCC(=O)OCCOC(=O)C(C)CSCCCCCCCCCCC)CCCN(CCC(=O)OCCOC(=O)C(C)CSCCCCCCCCCCC)CCCN(CCC(=O)OCCOC(=O)C(C)CSCCCCCCCCCCC)CCC(=O)OCCOC(=O)C(C)CSCCCCCCCCCCC,0.7683455245225306,,,,,,,,,,,,,,,,0.0,0.0,0.0,0.0
N(CCN(CCC(=O)OCCOC(=O)C(C)CSCCCCCCCCCCC)(CCC(=O)OCCOC(=O)C(C)CSCCCCCCCCCCC))(CCN(CCC(=O)OCCOC(=O)C(C)CSCCCCCCCCCCC)(CCC(=O)OCCOC(=O)C(C)CSCCCCCCCCCCC))CCNCCC(=O)OCCOC(=O)C(C)CSCCCCCCCCCCC,0.7683455245225306,,,,,,,,,,,,,,,,0.0,0.0,0.0,0.0
CCCCCCCCCCN(CCC(=O)OCCOC(=O)C(C)CSCCCCCCCCCCCC)CCC(=O)OCCOC(=O)C(C)CSCCCCCCCCCCCC,0.7683455245225306,,,,,,,,,,,,,,,,0.0,0.0,0.0,0.0
N(CCC(=O)OCCOC(=O)C(C)CSCCCCCCCCCCCCCCCC)(CCC(=O)OCCOC(=O)C(C)CSCCCCCCCCCCCCCCCC)CC1CCN(C)CC1,0.7683455245225306,,,,,,,,,,,,,,,,0.0,0.0,0.0,0.0
N(CCC(=O)OCCOC(=O)C(C)CSCCCCCCCCCCCCCCCC)(CCC(=O)OCCOC(=O)C(C)CSCCCCCCCCCCCCCCCC)CCN1CCCCC1,0.7683455245225306,,,,,,,,,,,,,,,,0.0,0.0,0.0,0.0
N(CCN(CCC(=O)OCCOC(=O)C(C)CSCCCCCCCCCCCCCCCC)(CCC(=O)OCCOC(=O)C(C)CSCCCCCCCCCCCCCCCC))(CCN(CCC(=O)OCCOC(=O)C(C)CSCCCCCCCCCCCCCCCC)(CCC(=O)OCCOC(=O)C(C)CSCCCCCCCCCCCCCCCC))CCNCCC(=O)OCCOC(=O)C(C)CSCCCCCCCCCCCCCCCC,0.7683455245225306,,,,,,,,,,,,,,,,0.0,0.0,0.0,0.0
CCCCCCCCCCN(CCC(=O)OCCOC(=O)C(C)CSCCCCCCCCCCCCCCCC)CCC(=O)OCCOC(=O)C(C)CSCCCCCCCCCCCCCCCC,0.7683455245225306,,,,,,,,,,,,,,,,0.0,0.0,0.0,0.0
N(CCN(CCC(=O)OCCOC(=O)C(C)CSCCCCCCCCCCCCCCCCCC)(CCC(=O)OCCOC(=O)C(C)CSCCCCCCCCCCCCCCCCCC))(CCN(CCC(=O)OCCOC(=O)C(C)CSCCCCCCCCCCCCCCCCCC)(CCC(=O)OCCOC(=O)C(C)CSCCCCCCCCCCCCCCCCCC))CCNCCC(=O)OCCOC(=O)C(C)CSCCCCCCCCCCCCCCCCCC,0.7683455245225306,,,,,,,,,,,,,,,,0.0,0.0,0.0,0.0
N(CCC(=O)OCCOC(=O)C(C)CSCCc5ccccc5)(CCC(=O)OCCOC(=O)C(C)CSCCc5ccccc5)CCCN(CCC(=O)OCCOC(=O)C(C)CSCCc5ccccc5)CCCN(CCC(=O)OCCOC(=O)C(C)CSCCc5ccccc5)CCC(=O)OCCOC(=O)C(C)CSCCc5ccccc5,0.7683455245225306,,,,,,,,,,,,,,,,0.0,0.0,0.0,0.0
N(CCN(CCC(=O)OCCOC(=O)C(C)CSCCc5ccccc5)(CCC(=O)OCCOC(=O)C(C)CSCCc5ccccc5))(CCN(CCC(=O)OCCOC(=O)C(C)CSCCc5ccccc5)(CCC(=O)OCCOC(=O)C(C)CSCCc5ccccc5))CCNCCC(=O)OCCOC(=O)C(C)CSCCc5ccccc5,0.7683455245225306,,,,,,,,,,,,,,,,0.0,0.0,0.0,0.0
N(CCC(=O)OCCOC(=O)C(C)CSCCCCCC(O)=O)(CCC(=O)OCCOC(=O)C(C)CSCCCCCC(O)=O)CCN1CCCCC1,0.7683455245225306,,,,,,,,,,,,,,,,0.0,0.0,0.0,0.0
N(CCC(=O)OCCOC(=O)C(C)CSCCCCCCCCCCC(O)=O)(CCC(=O)OCCOC(=O)C(C)CSCCCCCCCCCCC(O)=O)CCCN(CCC(=O)OCCOC(=O)C(C)CSCCCCCCCCCCC(O)=O)CCCN(CCC(=O)OCCOC(=O)C(C)CSCCCCCCCCCCC(O)=O)CCC(=O)OCCOC(=O)C(C)CSCCCCCCCCCCC(O)=O,0.7683455245225306,,,,,,,,,,,,,,,,0.0,0.0,0.0,0.0
N(CCN(CCC(=O)OCCOC(=O)C(C)CSCCO)(CCC(=O)OCCOC(=O)C(C)CSCCO))(CCN(CCC(=O)OCCOC(=O)C(C)CSCCO)(CCC(=O)OCCOC(=O)C(C)CSCCO))CCN(CCC(=O)OCCOC(=O)C(C)CSCCO)CCC(=O)OCCOC(=O)C(C)CSCCO,0.7683455245225306,,,,,,,,,,,,,,,,0.0,0.0,0.0,0.0
N(CCC(=O)OCCOC(=O)C(C)CSCC(O)CO)(CCC(=O)OCCOC(=O)C(C)CSCC(O)CO)CCN1CCCCC1,0.7683455245225306,,,,,,,,,,,,,,,,0.0,0.0,0.0,0.0
N(CCC(=O)OCCOC(=O)C(C)CSCCCO)(CCC(=O)OCCOC(=O)C(C)CSCCCO)CCN1CCCCC1,0.7683455245225306,,,,,,,,,,,,,,,,0.0,0.0,0.0,0.0
N(CCC(=O)OCCOC(=O)C(C)CSCCCO)(CCC(=O)OCCOC(=O)C(C)CSCCCO)CCCN1C=NC=C1,0.7683455245225306,,,,,,,,,,,,,,,,0.0,0.0,0.0,0.0
N(CCC(=O)OCCOC(=O)C(C)CSCCCO)(CCC(=O)OCCOC(=O)C(C)CSCCCO)CCCN(CCC(=O)OCCOC(=O)C(C)CSCCCO)CCCN(CCC(=O)OCCOC(=O)C(C)CSCCCO)CCC(=O)OCCOC(=O)C(C)CSCCCO,0.7683455245225306,,,,,,,,,,,,,,,,0.0,0.0,0.0,0.0
N(CCN(CCC(=O)OCCOC(=O)C(C)CSCCCO)(CCC(=O)OCCOC(=O)C(C)CSCCCO))(CCN(CCC(=O)OCCOC(=O)C(C)CSCCCO)(CCC(=O)OCCOC(=O)C(C)CSCCCO))CCNCCC(=O)OCCOC(=O)C(C)CSCCCO,0.7683455245225306,,,,,,,,,,,,,,,,0.0,0.0,0.0,0.0
N(CCN(CCC(=O)OCCOC(=O)C(C)CSCCCO)(CCC(=O)OCCOC(=O)C(C)CSCCCO))(CCN(CCC(=O)OCCOC(=O)C(C)CSCCCO)(CCC(=O)OCCOC(=O)C(C)CSCCCO))CCN(CCC(=O)OCCOC(=O)C(C)CSCCCO)CCC(=O)OCCOC(=O)C(C)CSCCCO,0.7683455245225306,,,,,,,,,,,,,,,,0.0,0.0,0.0,0.0
N(CCC(=O)OCCOC(=O)C(C)CSCCCCO)(CCC(=O)OCCOC(=O)C(C)CSCCCCO)CC1CCN(C)CC1,0.7683455245225306,,,,,,,,,,,,,,,,0.0,0.0,0.0,0.0
N(CCC(=O)OCCOC(=O)C(C)CSCCCCO)(CCC(=O)OCCOC(=O)C(C)CSCCCCO)CCN1CCCCC1,0.7683455245225306,,,,,,,,,,,,,,,,0.0,0.0,0.0,0.0
N(CCC(=O)OCCOC(=O)C(C)CSCCCCO)(CCC(=O)OCCOC(=O)C(C)CSCCCCO)CCCN(CCC(=O)OCCOC(=O)C(C)CSCCCCO)CCCN(CCC(=O)OCCOC(=O)C(C)CSCCCCO)CCC(=O)OCCOC(=O)C(C)CSCCCCO,0.7683455245225306,,,,,,,,,,,,,,,,0.0,0.0,0.0,0.0
N(CCN(CCC(=O)OCCOC(=O)C(C)CSCCCCO)(CCC(=O)OCCOC(=O)C(C)CSCCCCO))(CCN(CCC(=O)OCCOC(=O)C(C)CSCCCCO)(CCC(=O)OCCOC(=O)C(C)CSCCCCO))CCNCCC(=O)OCCOC(=O)C(C)CSCCCCO,0.7683455245225306,,,,,,,,,,,,,,,,0.0,0.0,0.0,0.0
CCCCCCCCCCN(CCC(=O)OCCOC(=O)C(C)CSCCCCO)CCC(=O)OCCOC(=O)C(C)CSCCCCO,0.7683455245225306,,,,,,,,,,,,,,,,0.0,0.0,0.0,0.0
N(CCC(=O)OCCOC(=O)C(C)CSCCCCCCCCCCCO)(CCC(=O)OCCOC(=O)C(C)CSCCCCCCCCCCCO)CCN1CCCCC1,0.7683455245225306,,,,,,,,,,,,,,,,0.0,0.0,0.0,0.0
CN(C)CCCN(CCC(=O)OCCOC(=O)C(C)CSCCCCCCCCCCCO)CCCN(CCC(=O)OCCOC(=O)C(C)CSCCCCCCCCCCCO)CCC(=O)OCCOC(=O)C(C)CSCCCCCCCCCCCO,0.7683455245225306,,,,,,,,,,,,,,,,0.0,0.0,0.0,0.0
N(CCC(=O)OCCOC(=O)C(C)CSCCNCCCC)(CCC(=O)OCCOC(=O)C(C)CSCCNCCCC)CC1CCN(C)CC1,0.7683455245225306,,,,,,,,,,,,,,,,0.0,0.0,0.0,0.0
N(CCC(=O)OCCOC(=O)C(C)CSCCNCCCC)(CCC(=O)OCCOC(=O)C(C)CSCCNCCCC)CCN1CCCCC1,0.7683455245225306,,,,,,,,,,,,,,,,0.0,0.0,0.0,0.0
N(CCN(CCC(=O)OCCOC(=O)C(C)CSCCNCCCC)(CCC(=O)OCCOC(=O)C(C)CSCCNCCCC))(CCN(CCC(=O)OCCOC(=O)C(C)CSCCNCCCC)(CCC(=O)OCCOC(=O)C(C)CSCCNCCCC))CCNCCC(=O)OCCOC(=O)C(C)CSCCNCCCC,0.7683455245225306,,,,,,,,,,,,,,,,0.0,0.0,0.0,0.0
CCCCCCCCCCN(CCC(=O)OCCOC(=O)C(C)CSCCNCCCC)CCC(=O)OCCOC(=O)C(C)CSCCNCCCC,0.7683455245225306,,,,,,,,,,,,,,,,0.0,0.0,0.0,0.0
N(CCC(=O)OCCOC(=O)C(C)CSCCN5CCCC5)(CCC(=O)OCCOC(=O)C(C)CSCCN5CCCC5)CCN1CCCCC1,0.7683455245225306,,,,,,,,,,,,,,,,0.0,0.0,0.0,0.0
CCCCCCCCCCN(CCC(=O)OCCOC(=O)C(C)CSCCN5CCCC5)CCC(=O)OCCOC(=O)C(C)CSCCN5CCCC5,0.7683455245225306,,,,,,,,,,,,,,,,0.0,0.0,0.0,0.0
N(CCC(=O)OCCOC(=O)C(C)CSCCN5CCCCC5)(CCC(=O)OCCOC(=O)C(C)CSCCN5CCCCC5)CCCN(CCC(=O)OCCOC(=O)C(C)CSCCN5CCCCC5)CCCN(CCC(=O)OCCOC(=O)C(C)CSCCN5CCCCC5)CCC(=O)OCCOC(=O)C(C)CSCCN5CCCCC5,0.7683455245225306,,,,,,,,,,,,,,,,0.0,0.0,0.0,0.0
N(CCN(CCC(=O)OCCOC(=O)C(C)CSCCN5CCCCC5)(CCC(=O)OCCOC(=O)C(C)CSCCN5CCCCC5))(CCN(CCC(=O)OCCOC(=O)C(C)CSCCN5CCCCC5)(CCC(=O)OCCOC(=O)C(C)CSCCN5CCCCC5))CCNCCC(=O)OCCOC(=O)C(C)CSCCN5CCCCC5,0.7683455245225306,,,,,,,,,,,,,,,,0.0,0.0,0.0,0.0
CCCCCCCCCCN(CCC(=O)OCCOC(=O)C(C)CSCCN5CCCCC5)CCC(=O)OCCOC(=O)C(C)CSCCN5CCCCC5,0.7683455245225306,,,,,,,,,,,,,,,,0.0,0.0,0.0,0.0
N(CCC(=O)OCCOC(=O)C(C)CSCCN5CCCCCC5)(CCC(=O)OCCOC(=O)C(C)CSCCN5CCCCCC5)CC1CCN(C)CC1,0.7683455245225306,,,,,,,,,,,,,,,,0.0,0.0,0.0,0.0
N(CCC(=O)OCCOC(=O)C(C)CSCCN5CCCCCC5)(CCC(=O)OCCOC(=O)C(C)CSCCN5CCCCCC5)CCN1CCCCC1,0.7683455245225306,,,,,,,,,,,,,,,,0.0,0.0,0.0,0.0
N(CCN(CCC(=O)OCCOC(=O)C(C)CSCCN5CCCCCC5)(CCC(=O)OCCOC(=O)C(C)CSCCN5CCCCCC5))(CCN(CCC(=O)OCCOC(=O)C(C)CSCCN5CCCCCC5)(CCC(=O)OCCOC(=O)C(C)CSCCN5CCCCCC5))CCNCCC(=O)OCCOC(=O)C(C)CSCCN5CCCCCC5,0.7683455245225306,,,,,,,,,,,,,,,,0.0,0.0,0.0,0.0
CCCCCCCCCCN(CCC(=O)OCCOC(=O)C(C)CSCCN5CCCCCC5)CCC(=O)OCCOC(=O)C(C)CSCCN5CCCCCC5,0.7683455245225306,,,,,,,,,,,,,,,,0.0,0.0,0.0,0.0
N(CCC(=O)OCCOC(=O)C(C)CSCCN(CCC)CCC)(CCC(=O)OCCOC(=O)C(C)CSCCN(CCC)CCC)CCCN(CCC(=O)OCCOC(=O)C(C)CSCCN(CCC)CCC)CCCN(CCC(=O)OCCOC(=O)C(C)CSCCN(CCC)CCC)CCC(=O)OCCOC(=O)C(C)CSCCN(CCC)CCC,0.7683455245225306,,,,,,,,,,,,,,,,0.0,0.0,0.0,0.0
N(CCN(CCC(=O)OCCOC(=O)C(C)CSCCN(CCC)CCC)(CCC(=O)OCCOC(=O)C(C)CSCCN(CCC)CCC))(CCN(CCC(=O)OCCOC(=O)C(C)CSCCN(CCC)CCC)(CCC(=O)OCCOC(=O)C(C)CSCCN(CCC)CCC))CCNCCC(=O)OCCOC(=O)C(C)CSCCN(CCC)CCC,0.7683455245225306,,,,,,,,,,,,,,,,0.0,0.0,0.0,0.0
N(CCC(=O)OCCOC(=O)C(C)CSCCN(CCCC)CCCC)(CCC(=O)OCCOC(=O)C(C)CSCCN(CCCC)CCCC)CCN1CCCCC1,0.7683455245225306,,,,,,,,,,,,,,,,0.0,0.0,0.0,0.0
N(CCC(=O)OCCOC(=O)C(C)CSCCCC(=O)N5CCN(CCO)CC5)(CCC(=O)OCCOC(=O)C(C)CSCCCC(=O)N5CCN(CCO)CC5)CCN1CCCCC1,0.7683455245225306,,,,,,,,,,,,,,,,0.0,0.0,0.0,0.0
N(CCN(CCC(=O)OCCOC(=O)C(C)CSCCCC(=O)N5CCN(CCO)CC5)(CCC(=O)OCCOC(=O)C(C)CSCCCC(=O)N5CCN(CCO)CC5))(CCN(CCC(=O)OCCOC(=O)C(C)CSCCCC(=O)N5CCN(CCO)CC5)(CCC(=O)OCCOC(=O)C(C)CSCCCC(=O)N5CCN(CCO)CC5))CCNCCC(=O)OCCOC(=O)C(C)CSCCCC(=O)N5CCN(CCO)CC5,0.7683455245225306,,,,,,,,,,,,,,,,0.0,0.0,0.0,0.0
N(CCC(=O)OCCOC(=O)C(C)CSCCCC(=O)N(C)CCCN(C)C)(CCC(=O)OCCOC(=O)C(C)CSCCCC(=O)N(C)CCCN(C)C)CC1CCN(C)CC1,0.7683455245225306,,,,,,,,,,,,,,,,0.0,0.0,0.0,0.0
N(CCC(=O)OCCOC(=O)C(C)CSCCCC(=O)N(C)CCCN(C)C)(CCC(=O)OCCOC(=O)C(C)CSCCCC(=O)N(C)CCCN(C)C)CCN1CCCCC1,0.7683455245225306,,,,,,,,,,,,,,,,0.0,0.0,0.0,0.0
N(CCN(CCC(=O)OCCOC(=O)C(C)CSCCCC(=O)N(C)CCCN(C)C)(CCC(=O)OCCOC(=O)C(C)CSCCCC(=O)N(C)CCCN(C)C))(CCN(CCC(=O)OCCOC(=O)C(C)CSCCCC(=O)N(C)CCCN(C)C)(CCC(=O)OCCOC(=O)C(C)CSCCCC(=O)N(C)CCCN(C)C))CCNCCC(=O)OCCOC(=O)C(C)CSCCCC(=O)N(C)CCCN(C)C,0.7683455245225306,,,,,,,,,,,,,,,,0.0,0.0,0.0,0.0
CCCCCCCCCCN(CCC(=O)OCCOC(=O)C(C)CSCCCC(=O)N(C)CCCN(C)C)CCC(=O)OCCOC(=O)C(C)CSCCCC(=O)N(C)CCCN(C)C,0.7683455245225306,,,,,,,,,,,,,,,,0.0,0.0,0.0,0.0
N(CCC(=O)OCCOC(=O)C(C)CSCCCC(=O)N(C)CCN5(CCCCC5))(CCC(=O)OCCOC(=O)C(C)CSCCCC(=O)N(C)CCN5(CCCCC5))CC1CCN(C)CC1,0.7683455245225306,,,,,,,,,,,,,,,,0.0,0.0,0.0,0.0
N(CCC(=O)OCCOC(=O)C(C)CSCCCC(=O)N(C)CCN5(CCCCC5))(CCC(=O)OCCOC(=O)C(C)CSCCCC(=O)N(C)CCN5(CCCCC5))CCN1CCCCC1,0.7683455245225306,,,,,,,,,,,,,,,,0.0,0.0,0.0,0.0
N(CCN(CCC(=O)OCCOC(=O)C(C)CSCCCC(=O)N(C)CCN5(CCCCC5))(CCC(=O)OCCOC(=O)C(C)CSCCCC(=O)N(C)CCN5(CCCCC5)))(CCN(CCC(=O)OCCOC(=O)C(C)CSCCCC(=O)N(C)CCN5(CCCCC5))(CCC(=O)OCCOC(=O)C(C)CSCCCC(=O)N(C)CCN5(CCCCC5)))CCNCCC(=O)OCCOC(=O)C(C)CSCCCC(=O)N(C)CCN5(CCCCC5),0.7683455245225306,,,,,,,,,,,,,,,,0.0,0.0,0.0,0.0
CCCCCCCCCCN(CCC(=O)OCCOC(=O)C(C)CSCCCC(=O)N(C)CCN5(CCCCC5))CCC(=O)OCCOC(=O)C(C)CSCCCC(=O)N(C)CCN5(CCCCC5),0.7683455245225306,,,,,,,,,,,,,,,,0.0,0.0,0.0,0.0
N(CCC(=O)OCCOC(=O)C(C)CSCC(C)C)(CCC(=O)OCCOC(=O)C(C)CSCC(C)C)CCCN1C=NC=C1,-0.6484086621580379,,,,,,,,,,,,,,,,0.0,0.0,0.0,0.0
N(CCC(=O)OCCOC(=O)C(C)CSCCC(C)C)(CCC(=O)OCCOC(=O)C(C)CSCCC(C)C)CC1CCN(C)CC1,-0.6484086621580379,,,,,,,,,,,,,,,,0.0,0.0,0.0,0.0
N(CCC(=O)OCCOC(=O)C(C)CSCCC(C)C)(CCC(=O)OCCOC(=O)C(C)CSCCC(C)C)CCCN1C=NC=C1,-0.6484086621580379,,,,,,,,,,,,,,,,0.0,0.0,0.0,0.0
N(CCC(=O)OCCOC(=O)C(C)CSCCC(C)C)(CCC(=O)OCCOC(=O)C(C)CSCCC(C)C)CCCN(CCC(=O)OCCOC(=O)C(C)CSCCC(C)C)CCCN(CCC(=O)OCCOC(=O)C(C)CSCCC(C)C)CCC(=O)OCCOC(=O)C(C)CSCCC(C)C,-0.6484086621580379,,,,,,,,,,,,,,,,0.0,0.0,0.0,0.0
N(CCC(=O)OCCOC(=O)C(C)CSCCC(C)C)(CCC(=O)OCCOC(=O)C(C)CSCCC(C)C)CC1CCN(C)CC1,-0.6484086621580379,,,,,,,,,,,,,,,,0.0,0.0,0.0,0.0
N(CCC(=O)OCCOC(=O)C(C)CSCCC(C)C)(CCC(=O)OCCOC(=O)C(C)CSCCC(C)C)CCCN1C=NC=C1,-0.6484086621580379,,,,,,,,,,,,,,,,0.0,0.0,0.0,0.0
CN(C)CCCN(CCC(=O)OCCOC(=O)C(C)CSCCC(C)C)CCCN(CCC(=O)OCCOC(=O)C(C)CSCCC(C)C)CCC(=O)OCCOC(=O)C(C)CSCCC(C)C,-0.6484086621580379,,,,,,,,,,,,,,,,0.0,0.0,0.0,0.0
N(CCC(=O)OCCOC(=O)C(C)CSCCC(C)C)(CCC(=O)OCCOC(=O)C(C)CSCCC(C)C)CCCN(CCC(=O)OCCOC(=O)C(C)CSCCC(C)C)CCCN(CCC(=O)OCCOC(=O)C(C)CSCCC(C)C)CCC(=O)OCCOC(=O)C(C)CSCCC(C)C,-0.6484086621580379,,,,,,,,,,,,,,,,0.0,0.0,0.0,0.0
N(CCC(=O)OCCOC(=O)C(C)CSCCCC)(CCC(=O)OCCOC(=O)C(C)CSCCCC)CCCN1C=NC=C1,-0.6484086621580379,,,,,,,,,,,,,,,,0.0,0.0,0.0,0.0
N(CCC(=O)OCCOC(=O)C(C)CSCCCCC)(CCC(=O)OCCOC(=O)C(C)CSCCCCC)CCCN1C=NC=C1,-0.6484086621580379,,,,,,,,,,,,,,,,0.0,0.0,0.0,0.0
N(CCC(=O)OCCOC(=O)C(C)CSCCCCCC)(CCC(=O)OCCOC(=O)C(C)CSCCCCCC)CC1CCN(C)CC1,-0.6484086621580379,,,,,,,,,,,,,,,,0.0,0.0,0.0,0.0
N(CCC(=O)OCCOC(=O)C(C)CSCCCCCC)(CCC(=O)OCCOC(=O)C(C)CSCCCCCC)CCCN1C=NC=C1,-0.6484086621580379,,,,,,,,,,,,,,,,0.0,0.0,0.0,0.0
N(CCC(=O)OCCOC(=O)C(C)CSCCCCCCC)(CCC(=O)OCCOC(=O)C(C)CSCCCCCCC)CC1CCN(C)CC1,-0.6484086621580379,,,,,,,,,,,,,,,,0.0,0.0,0.0,0.0
N(CCC(=O)OCCOC(=O)C(C)CSCCCCCCC)(CCC(=O)OCCOC(=O)C(C)CSCCCCCCC)CCN1CCCCC1,-0.6484086621580379,,,,,,,,,,,,,,,,0.0,0.0,0.0,0.0
N(CCC(=O)OCCOC(=O)C(C)CSCCCCCCC)(CCC(=O)OCCOC(=O)C(C)CSCCCCCCC)CCCN1C=NC=C1,-0.6484086621580379,,,,,,,,,,,,,,,,0.0,0.0,0.0,0.0
N(CCC(=O)OCCOC(=O)C(C)CSCCCCCCCC)(CCC(=O)OCCOC(=O)C(C)CSCCCCCCCC)CCCN1C=NC=C1,-0.6484086621580379,,,,,,,,,,,,,,,,0.0,0.0,0.0,0.0
N(CCC(=O)OCCOC(=O)C(C)CSCCCCCCCCC)(CCC(=O)OCCOC(=O)C(C)CSCCCCCCCCC)CC1CCN(C)CC1,-0.6484086621580379,,,,,,,,,,,,,,,,0.0,0.0,0.0,0.0
N(CCC(=O)OCCOC(=O)C(C)CSCCCCCCCCC)(CCC(=O)OCCOC(=O)C(C)CSCCCCCCCCC)CCN1CCCCC1,-0.6484086621580379,,,,,,,,,,,,,,,,0.0,0.0,0.0,0.0
N(CCC(=O)OCCOC(=O)C(C)CSCCCCCCCCC)(CCC(=O)OCCOC(=O)C(C)CSCCCCCCCCC)CCCN1C=NC=C1,-0.6484086621580379,,,,,,,,,,,,,,,,0.0,0.0,0.0,0.0
N(CCC(=O)OCCOC(=O)C(C)CSCCCCCCCCCC)(CCC(=O)OCCOC(=O)C(C)CSCCCCCCCCCC)CC1CCN(C)CC1,-0.6484086621580379,,,,,,,,,,,,,,,,0.0,0.0,0.0,0.0
N(CCC(=O)OCCOC(=O)C(C)CSCCCCCCCCCC)(CCC(=O)OCCOC(=O)C(C)CSCCCCCCCCCC)CCCN1C=NC=C1,-0.6484086621580379,,,,,,,,,,,,,,,,0.0,0.0,0.0,0.0
N(CCC(=O)OCCOC(=O)C(C)CSCCCCCCCCCCC)(CCC(=O)OCCOC(=O)C(C)CSCCCCCCCCCCC)CC1CCN(C)CC1,-0.6484086621580379,,,,,,,,,,,,,,,,0.0,0.0,0.0,0.0
N(CCC(=O)OCCOC(=O)C(C)CSCCCCCCCCCCC)(CCC(=O)OCCOC(=O)C(C)CSCCCCCCCCCCC)CCN1CCCCC1,-0.6484086621580379,,,,,,,,,,,,,,,,0.0,0.0,0.0,0.0
N(CCC(=O)OCCOC(=O)C(C)CSCCCCCCCCCCC)(CCC(=O)OCCOC(=O)C(C)CSCCCCCCCCCCC)CCCN1C=NC=C1,-0.6484086621580379,,,,,,,,,,,,,,,,0.0,0.0,0.0,0.0
CCCCCCCCCCN(CCC(=O)OCCOC(=O)C(C)CSCCCCCCCCCCC)CCC(=O)OCCOC(=O)C(C)CSCCCCCCCCCCC,-0.6484086621580379,,,,,,,,,,,,,,,,0.0,0.0,0.0,0.0
N(CCC(=O)OCCOC(=O)C(C)CSCCCCCCCCCCCC)(CCC(=O)OCCOC(=O)C(C)CSCCCCCCCCCCCC)CC1CCN(C)CC1,-0.6484086621580379,,,,,,,,,,,,,,,,0.0,0.0,0.0,0.0
N(CCC(=O)OCCOC(=O)C(C)CSCCCCCCCCCCCC)(CCC(=O)OCCOC(=O)C(C)CSCCCCCCCCCCCC)CCN1CCCCC1,-0.6484086621580379,,,,,,,,,,,,,,,,0.0,0.0,0.0,0.0
N(CCC(=O)OCCOC(=O)C(C)CSCCCCCCCCCCCC)(CCC(=O)OCCOC(=O)C(C)CSCCCCCCCCCCCC)CCCN1C=NC=C1,-0.6484086621580379,,,,,,,,,,,,,,,,0.0,0.0,0.0,0.0
N(CCC(=O)OCCOC(=O)C(C)CSCCCCCCCCCCCCCC)(CCC(=O)OCCOC(=O)C(C)CSCCCCCCCCCCCCCC)CCCN1C=NC=C1,-0.6484086621580379,,,,,,,,,,,,,,,,0.0,0.0,0.0,0.0
N(CCC(=O)OCCOC(=O)C(C)CSCCCCCCCCCCCCCC)(CCC(=O)OCCOC(=O)C(C)CSCCCCCCCCCCCCCC)CCCN(CCC(=O)OCCOC(=O)C(C)CSCCCCCCCCCCCCCC)CCCN(CCC(=O)OCCOC(=O)C(C)CSCCCCCCCCCCCCCC)CCC(=O)OCCOC(=O)C(C)CSCCCCCCCCCCCCCC,-0.6484086621580379,,,,,,,,,,,,,,,,0.0,0.0,0.0,0.0
N(CCN(CCC(=O)OCCOC(=O)C(C)CSCCCCCCCCCCCCCC)(CCC(=O)OCCOC(=O)C(C)CSCCCCCCCCCCCCCC))(CCN(CCC(=O)OCCOC(=O)C(C)CSCCCCCCCCCCCCCC)(CCC(=O)OCCOC(=O)C(C)CSCCCCCCCCCCCCCC))CCNCCC(=O)OCCOC(=O)C(C)CSCCCCCCCCCCCCCC,-0.6484086621580379,,,,,,,,,,,,,,,,0.0,0.0,0.0,0.0
N(CCN(CCC(=O)OCCOC(=O)C(C)CSCCCCCCCCCCCCCC)(CCC(=O)OCCOC(=O)C(C)CSCCCCCCCCCCCCCC))(CCN(CCC(=O)OCCOC(=O)C(C)CSCCCCCCCCCCCCCC)(CCC(=O)OCCOC(=O)C(C)CSCCCCCCCCCCCCCC))CCN(CCC(=O)OCCOC(=O)C(C)CSCCCCCCCCCCCCCC)CCC(=O)OCCOC(=O)C(C)CSCCCCCCCCCCCCCC,-0.6484086621580379,,,,,,,,,,,,,,,,0.0,0.0,0.0,0.0
CCCCCCCCCCN(CCC(=O)OCCOC(=O)C(C)CSCCCCCCCCCCCCCC)CCC(=O)OCCOC(=O)C(C)CSCCCCCCCCCCCCCC,-0.6484086621580379,,,,,,,,,,,,,,,,0.0,0.0,0.0,0.0
N(CCC(=O)OCCOC(=O)C(C)CSCCCCCCCCCCCCCCCC)(CCC(=O)OCCOC(=O)C(C)CSCCCCCCCCCCCCCCCC)CCCN1C=NC=C1,-0.6484086621580379,,,,,,,,,,,,,,,,0.0,0.0,0.0,0.0
CN(C)CCCN(CCC(=O)OCCOC(=O)C(C)CSCCCCCCCCCCCCCCCC)CCCN(CCC(=O)OCCOC(=O)C(C)CSCCCCCCCCCCCCCCCC)CCC(=O)OCCOC(=O)C(C)CSCCCCCCCCCCCCCCCC,-0.6484086621580379,,,,,,,,,,,,,,,,0.0,0.0,0.0,0.0
N(CCC(=O)OCCOC(=O)C(C)CSCCCCCCCCCCCCCCCC)(CCC(=O)OCCOC(=O)C(C)CSCCCCCCCCCCCCCCCC)CCCN(CCC(=O)OCCOC(=O)C(C)CSCCCCCCCCCCCCCCCC)CCCN(CCC(=O)OCCOC(=O)C(C)CSCCCCCCCCCCCCCCCC)CCC(=O)OCCOC(=O)C(C)CSCCCCCCCCCCCCCCCC,-0.6484086621580379,,,,,,,,,,,,,,,,0.0,0.0,0.0,0.0
N(CCN(CCC(=O)OCCOC(=O)C(C)CSCCCCCCCCCCCCCCCC)(CCC(=O)OCCOC(=O)C(C)CSCCCCCCCCCCCCCCCC))(CCN(CCC(=O)OCCOC(=O)C(C)CSCCCCCCCCCCCCCCCC)(CCC(=O)OCCOC(=O)C(C)CSCCCCCCCCCCCCCCCC))CCN(CCC(=O)OCCOC(=O)C(C)CSCCCCCCCCCCCCCCCC)CCC(=O)OCCOC(=O)C(C)CSCCCCCCCCCCCCCCCC,-0.6484086621580379,,,,,,,,,,,,,,,,0.0,0.0,0.0,0.0
N(CCC(=O)OCCOC(=O)C(C)CSCCCCCCCCCCCCCCCCCC)(CCC(=O)OCCOC(=O)C(C)CSCCCCCCCCCCCCCCCCCC)CC1CCN(C)CC1,-0.6484086621580379,,,,,,,,,,,,,,,,0.0,0.0,0.0,0.0
N(CCC(=O)OCCOC(=O)C(C)CSCCCCCCCCCCCCCCCCCC)(CCC(=O)OCCOC(=O)C(C)CSCCCCCCCCCCCCCCCCCC)CCN1CCCCC1,-0.6484086621580379,,,,,,,,,,,,,,,,0.0,0.0,0.0,0.0
N(CCC(=O)OCCOC(=O)C(C)CSCCCCCCCCCCCCCCCCCC)(CCC(=O)OCCOC(=O)C(C)CSCCCCCCCCCCCCCCCCCC)CCCN1C=NC=C1,-0.6484086621580379,,,,,,,,,,,,,,,,0.0,0.0,0.0,0.0
CN(C)CCCN(CCC(=O)OCCOC(=O)C(C)CSCCCCCCCCCCCCCCCCCC)CCCN(CCC(=O)OCCOC(=O)C(C)CSCCCCCCCCCCCCCCCCCC)CCC(=O)OCCOC(=O)C(C)CSCCCCCCCCCCCCCCCCCC,-0.6484086621580379,,,,,,,,,,,,,,,,0.0,0.0,0.0,0.0
N(CCC(=O)OCCOC(=O)C(C)CSCCCCCCCCCCCCCCCCCC)(CCC(=O)OCCOC(=O)C(C)CSCCCCCCCCCCCCCCCCCC)CCCN(CCC(=O)OCCOC(=O)C(C)CSCCCCCCCCCCCCCCCCCC)CCCN(CCC(=O)OCCOC(=O)C(C)CSCCCCCCCCCCCCCCCCCC)CCC(=O)OCCOC(=O)C(C)CSCCCCCCCCCCCCCCCCCC,-0.6484086621580379,,,,,,,,,,,,,,,,0.0,0.0,0.0,0.0
N(CCN(CCC(=O)OCCOC(=O)C(C)CSCCCCCCCCCCCCCCCCCC)(CCC(=O)OCCOC(=O)C(C)CSCCCCCCCCCCCCCCCCCC))(CCN(CCC(=O)OCCOC(=O)C(C)CSCCCCCCCCCCCCCCCCCC)(CCC(=O)OCCOC(=O)C(C)CSCCCCCCCCCCCCCCCCCC))CCN(CCC(=O)OCCOC(=O)C(C)CSCCCCCCCCCCCCCCCCCC)CCC(=O)OCCOC(=O)C(C)CSCCCCCCCCCCCCCCCCCC,-0.6484086621580379,,,,,,,,,,,,,,,,0.0,0.0,0.0,0.0
CCCCCCCCCCN(CCC(=O)OCCOC(=O)C(C)CSCCCCCCCCCCCCCCCCCC)CCC(=O)OCCOC(=O)C(C)CSCCCCCCCCCCCCCCCCCC,-0.6484086621580379,,,,,,,,,,,,,,,,0.0,0.0,0.0,0.0
N(CCC(=O)OCCOC(=O)C(C)CSCCc5ccccc5)(CCC(=O)OCCOC(=O)C(C)CSCCc5ccccc5)CC1CCN(C)CC1,-0.6484086621580379,,,,,,,,,,,,,,,,0.0,0.0,0.0,0.0
N(CCC(=O)OCCOC(=O)C(C)CSCCc5ccccc5)(CCC(=O)OCCOC(=O)C(C)CSCCc5ccccc5)CCN1CCCCC1,-0.6484086621580379,,,,,,,,,,,,,,,,0.0,0.0,0.0,0.0
N(CCC(=O)OCCOC(=O)C(C)CSCCc5ccccc5)(CCC(=O)OCCOC(=O)C(C)CSCCc5ccccc5)CCCN1C=NC=C1,-0.6484086621580379,,,,,,,,,,,,,,,,0.0,0.0,0.0,0.0
CN(C)CCCN(CCC(=O)OCCOC(=O)C(C)CSCCc5ccccc5)CCCN(CCC(=O)OCCOC(=O)C(C)CSCCc5ccccc5)CCC(=O)OCCOC(=O)C(C)CSCCc5ccccc5,-0.6484086621580379,,,,,,,,,,,,,,,,0.0,0.0,0.0,0.0
N(CCN(CCC(=O)OCCOC(=O)C(C)CSCCc5ccccc5)(CCC(=O)OCCOC(=O)C(C)CSCCc5ccccc5))(CCN(CCC(=O)OCCOC(=O)C(C)CSCCc5ccccc5)(CCC(=O)OCCOC(=O)C(C)CSCCc5ccccc5))CCN(CCC(=O)OCCOC(=O)C(C)CSCCc5ccccc5)CCC(=O)OCCOC(=O)C(C)CSCCc5ccccc5,-0.6484086621580379,,,,,,,,,,,,,,,,0.0,0.0,0.0,0.0
CCCCCCCCCCN(CCC(=O)OCCOC(=O)C(C)CSCCc5ccccc5)CCC(=O)OCCOC(=O)C(C)CSCCc5ccccc5,-0.6484086621580379,,,,,,,,,,,,,,,,0.0,0.0,0.0,0.0
N(CCC(=O)OCCOC(=O)C(C)CSCCC(O)=O)(CCC(=O)OCCOC(=O)C(C)CSCCC(O)=O)CC1CCN(C)CC1,-0.6484086621580379,,,,,,,,,,,,,,,,0.0,0.0,0.0,0.0
N(CCC(=O)OCCOC(=O)C(C)CSCCC(O)=O)(CCC(=O)OCCOC(=O)C(C)CSCCC(O)=O)CCN1CCCCC1,-0.6484086621580379,,,,,,,,,,,,,,,,0.0,0.0,0.0,0.0
N(CCC(=O)OCCOC(=O)C(C)CSCCC(O)=O)(CCC(=O)OCCOC(=O)C(C)CSCCC(O)=O)CCCN1C=NC=C1,-0.6484086621580379,,,,,,,,,,,,,,,,0.0,0.0,0.0,0.0
CN(C)CCCN(CCC(=O)OCCOC(=O)C(C)CSCCC(O)=O)CCCN(CCC(=O)OCCOC(=O)C(C)CSCCC(O)=O)CCC(=O)OCCOC(=O)C(C)CSCCC(O)=O,-0.6484086621580379,,,,,,,,,,,,,,,,0.0,0.0,0.0,0.0
N(CCC(=O)OCCOC(=O)C(C)CSCCC(O)=O)(CCC(=O)OCCOC(=O)C(C)CSCCC(O)=O)CCCN(CCC(=O)OCCOC(=O)C(C)CSCCC(O)=O)CCCN(CCC(=O)OCCOC(=O)C(C)CSCCC(O)=O)CCC(=O)OCCOC(=O)C(C)CSCCC(O)=O,-0.6484086621580379,,,,,,,,,,,,,,,,0.0,0.0,0.0,0.0
N(CCN(CCC(=O)OCCOC(=O)C(C)CSCCC(O)=O)(CCC(=O)OCCOC(=O)C(C)CSCCC(O)=O))(CCN(CCC(=O)OCCOC(=O)C(C)CSCCC(O)=O)(CCC(=O)OCCOC(=O)C(C)CSCCC(O)=O))CCNCCC(=O)OCCOC(=O)C(C)CSCCC(O)=O,-0.6484086621580379,,,,,,,,,,,,,,,,0.0,0.0,0.0,0.0
N(CCN(CCC(=O)OCCOC(=O)C(C)CSCCC(O)=O)(CCC(=O)OCCOC(=O)C(C)CSCCC(O)=O))(CCN(CCC(=O)OCCOC(=O)C(C)CSCCC(O)=O)(CCC(=O)OCCOC(=O)C(C)CSCCC(O)=O))CCN(CCC(=O)OCCOC(=O)C(C)CSCCC(O)=O)CCC(=O)OCCOC(=O)C(C)CSCCC(O)=O,-0.6484086621580379,,,,,,,,,,,,,,,,0.0,0.0,0.0,0.0
CCCCCCCCCCN(CCC(=O)OCCOC(=O)C(C)CSCCC(O)=O)CCC(=O)OCCOC(=O)C(C)CSCCC(O)=O,-0.6484086621580379,,,,,,,,,,,,,,,,0.0,0.0,0.0,0.0
N(CCC(=O)OCCOC(=O)C(C)CSCCCCCC(O)=O)(CCC(=O)OCCOC(=O)C(C)CSCCCCCC(O)=O)CC1CCN(C)CC1,-0.6484086621580379,,,,,,,,,,,,,,,,0.0,0.0,0.0,0.0
N(CCC(=O)OCCOC(=O)C(C)CSCCCCCC(O)=O)(CCC(=O)OCCOC(=O)C(C)CSCCCCCC(O)=O)CCCN1C=NC=C1,-0.6484086621580379,,,,,,,,,,,,,,,,0.0,0.0,0.0,0.0
CN(C)CCCN(CCC(=O)OCCOC(=O)C(C)CSCCCCCC(O)=O)CCCN(CCC(=O)OCCOC(=O)C(C)CSCCCCCC(O)=O)CCC(=O)OCCOC(=O)C(C)CSCCCCCC(O)=O,-0.6484086621580379,,,,,,,,,,,,,,,,0.0,0.0,0.0,0.0
N(CCC(=O)OCCOC(=O)C(C)CSCCCCCC(O)=O)(CCC(=O)OCCOC(=O)C(C)CSCCCCCC(O)=O)CCCN(CCC(=O)OCCOC(=O)C(C)CSCCCCCC(O)=O)CCCN(CCC(=O)OCCOC(=O)C(C)CSCCCCCC(O)=O)CCC(=O)OCCOC(=O)C(C)CSCCCCCC(O)=O,-0.6484086621580379,,,,,,,,,,,,,,,,0.0,0.0,0.0,0.0
N(CCN(CCC(=O)OCCOC(=O)C(C)CSCCCCCC(O)=O)(CCC(=O)OCCOC(=O)C(C)CSCCCCCC(O)=O))(CCN(CCC(=O)OCCOC(=O)C(C)CSCCCCCC(O)=O)(CCC(=O)OCCOC(=O)C(C)CSCCCCCC(O)=O))CCNCCC(=O)OCCOC(=O)C(C)CSCCCCCC(O)=O,-0.6484086621580379,,,,,,,,,,,,,,,,0.0,0.0,0.0,0.0
N(CCN(CCC(=O)OCCOC(=O)C(C)CSCCCCCC(O)=O)(CCC(=O)OCCOC(=O)C(C)CSCCCCCC(O)=O))(CCN(CCC(=O)OCCOC(=O)C(C)CSCCCCCC(O)=O)(CCC(=O)OCCOC(=O)C(C)CSCCCCCC(O)=O))CCN(CCC(=O)OCCOC(=O)C(C)CSCCCCCC(O)=O)CCC(=O)OCCOC(=O)C(C)CSCCCCCC(O)=O,-0.6484086621580379,,,,,,,,,,,,,,,,0.0,0.0,0.0,0.0
CCCCCCCCCCN(CCC(=O)OCCOC(=O)C(C)CSCCCCCC(O)=O)CCC(=O)OCCOC(=O)C(C)CSCCCCCC(O)=O,-0.6484086621580379,,,,,,,,,,,,,,,,0.0,0.0,0.0,0.0
N(CCC(=O)OCCOC(=O)C(C)CSCCCCCCCCCCC(O)=O)(CCC(=O)OCCOC(=O)C(C)CSCCCCCCCCCCC(O)=O)CC1CCN(C)CC1,-0.6484086621580379,,,,,,,,,,,,,,,,0.0,0.0,0.0,0.0
N(CCC(=O)OCCOC(=O)C(C)CSCCCCCCCCCCC(O)=O)(CCC(=O)OCCOC(=O)C(C)CSCCCCCCCCCCC(O)=O)CCN1CCCCC1,-0.6484086621580379,,,,,,,,,,,,,,,,0.0,0.0,0.0,0.0
N(CCC(=O)OCCOC(=O)C(C)CSCCCCCCCCCCC(O)=O)(CCC(=O)OCCOC(=O)C(C)CSCCCCCCCCCCC(O)=O)CCCN1C=NC=C1,-0.6484086621580379,,,,,,,,,,,,,,,,0.0,0.0,0.0,0.0
CN(C)CCCN(CCC(=O)OCCOC(=O)C(C)CSCCCCCCCCCCC(O)=O)CCCN(CCC(=O)OCCOC(=O)C(C)CSCCCCCCCCCCC(O)=O)CCC(=O)OCCOC(=O)C(C)CSCCCCCCCCCCC(O)=O,-0.6484086621580379,,,,,,,,,,,,,,,,0.0,0.0,0.0,0.0
N(CCN(CCC(=O)OCCOC(=O)C(C)CSCCCCCCCCCCC(O)=O)(CCC(=O)OCCOC(=O)C(C)CSCCCCCCCCCCC(O)=O))(CCN(CCC(=O)OCCOC(=O)C(C)CSCCCCCCCCCCC(O)=O)(CCC(=O)OCCOC(=O)C(C)CSCCCCCCCCCCC(O)=O))CCNCCC(=O)OCCOC(=O)C(C)CSCCCCCCCCCCC(O)=O,-0.6484086621580379,,,,,,,,,,,,,,,,0.0,0.0,0.0,0.0
N(CCN(CCC(=O)OCCOC(=O)C(C)CSCCCCCCCCCCC(O)=O)(CCC(=O)OCCOC(=O)C(C)CSCCCCCCCCCCC(O)=O))(CCN(CCC(=O)OCCOC(=O)C(C)CSCCCCCCCCCCC(O)=O)(CCC(=O)OCCOC(=O)C(C)CSCCCCCCCCCCC(O)=O))CCN(CCC(=O)OCCOC(=O)C(C)CSCCCCCCCCCCC(O)=O)CCC(=O)OCCOC(=O)C(C)CSCCCCCCCCCCC(O)=O,-0.6484086621580379,,,,,,,,,,,,,,,,0.0,0.0,0.0,0.0
CCCCCCCCCCN(CCC(=O)OCCOC(=O)C(C)CSCCCCCCCCCCC(O)=O)CCC(=O)OCCOC(=O)C(C)CSCCCCCCCCCCC(O)=O,-0.6484086621580379,,,,,,,,,,,,,,,,0.0,0.0,0.0,0.0
N(CCC(=O)OCCOC(=O)C(C)CSCCO)(CCC(=O)OCCOC(=O)C(C)CSCCO)CC1CCN(C)CC1,-0.6484086621580379,,,,,,,,,,,,,,,,0.0,0.0,0.0,0.0
N(CCC(=O)OCCOC(=O)C(C)CSCCO)(CCC(=O)OCCOC(=O)C(C)CSCCO)CCN1CCCCC1,-0.6484086621580379,,,,,,,,,,,,,,,,0.0,0.0,0.0,0.0
N(CCC(=O)OCCOC(=O)C(C)CSCCO)(CCC(=O)OCCOC(=O)C(C)CSCCO)CCCN1C=NC=C1,-0.6484086621580379,,,,,,,,,,,,,,,,0.0,0.0,0.0,0.0
CN(C)CCCN(CCC(=O)OCCOC(=O)C(C)CSCCO)CCCN(CCC(=O)OCCOC(=O)C(C)CSCCO)CCC(=O)OCCOC(=O)C(C)CSCCO,-0.6484086621580379,,,,,,,,,,,,,,,,0.0,0.0,0.0,0.0
N(CCC(=O)OCCOC(=O)C(C)CSCCO)(CCC(=O)OCCOC(=O)C(C)CSCCO)CCCN(CCC(=O)OCCOC(=O)C(C)CSCCO)CCCN(CCC(=O)OCCOC(=O)C(C)CSCCO)CCC(=O)OCCOC(=O)C(C)CSCCO,-0.6484086621580379,,,,,,,,,,,,,,,,0.0,0.0,0.0,0.0
N(CCN(CCC(=O)OCCOC(=O)C(C)CSCCO)(CCC(=O)OCCOC(=O)C(C)CSCCO))(CCN(CCC(=O)OCCOC(=O)C(C)CSCCO)(CCC(=O)OCCOC(=O)C(C)CSCCO))CCNCCC(=O)OCCOC(=O)C(C)CSCCO,-0.6484086621580379,,,,,,,,,,,,,,,,0.0,0.0,0.0,0.0
CCCCCCCCCCN(CCC(=O)OCCOC(=O)C(C)CSCCO)CCC(=O)OCCOC(=O)C(C)CSCCO,-0.6484086621580379,,,,,,,,,,,,,,,,0.0,0.0,0.0,0.0
N(CCC(=O)OCCOC(=O)C(C)CSCC(O)CO)(CCC(=O)OCCOC(=O)C(C)CSCC(O)CO)CC1CCN(C)CC1,-0.6484086621580379,,,,,,,,,,,,,,,,0.0,0.0,0.0,0.0
N(CCC(=O)OCCOC(=O)C(C)CSCC(O)CO)(CCC(=O)OCCOC(=O)C(C)CSCC(O)CO)CCCN1C=NC=C1,-0.6484086621580379,,,,,,,,,,,,,,,,0.0,0.0,0.0,0.0
CN(C)CCCN(CCC(=O)OCCOC(=O)C(C)CSCC(O)CO)CCCN(CCC(=O)OCCOC(=O)C(C)CSCC(O)CO)CCC(=O)OCCOC(=O)C(C)CSCC(O)CO,-0.6484086621580379,,,,,,,,,,,,,,,,0.0,0.0,0.0,0.0
N(CCC(=O)OCCOC(=O)C(C)CSCC(O)CO)(CCC(=O)OCCOC(=O)C(C)CSCC(O)CO)CCCN(CCC(=O)OCCOC(=O)C(C)CSCC(O)CO)CCCN(CCC(=O)OCCOC(=O)C(C)CSCC(O)CO)CCC(=O)OCCOC(=O)C(C)CSCC(O)CO,-0.6484086621580379,,,,,,,,,,,,,,,,0.0,0.0,0.0,0.0
N(CCN(CCC(=O)OCCOC(=O)C(C)CSCC(O)CO)(CCC(=O)OCCOC(=O)C(C)CSCC(O)CO))(CCN(CCC(=O)OCCOC(=O)C(C)CSCC(O)CO)(CCC(=O)OCCOC(=O)C(C)CSCC(O)CO))CCNCCC(=O)OCCOC(=O)C(C)CSCC(O)CO,-0.6484086621580379,,,,,,,,,,,,,,,,0.0,0.0,0.0,0.0
N(CCN(CCC(=O)OCCOC(=O)C(C)CSCC(O)CO)(CCC(=O)OCCOC(=O)C(C)CSCC(O)CO))(CCN(CCC(=O)OCCOC(=O)C(C)CSCC(O)CO)(CCC(=O)OCCOC(=O)C(C)CSCC(O)CO))CCN(CCC(=O)OCCOC(=O)C(C)CSCC(O)CO)CCC(=O)OCCOC(=O)C(C)CSCC(O)CO,-0.6484086621580379,,,,,,,,,,,,,,,,0.0,0.0,0.0,0.0
CCCCCCCCCCN(CCC(=O)OCCOC(=O)C(C)CSCC(O)CO)CCC(=O)OCCOC(=O)C(C)CSCC(O)CO,-0.6484086621580379,,,,,,,,,,,,,,,,0.0,0.0,0.0,0.0
N(CCC(=O)OCCOC(=O)C(C)CSCCCO)(CCC(=O)OCCOC(=O)C(C)CSCCCO)CC1CCN(C)CC1,-0.6484086621580379,,,,,,,,,,,,,,,,0.0,0.0,0.0,0.0
CN(C)CCCN(CCC(=O)OCCOC(=O)C(C)CSCCCO)CCCN(CCC(=O)OCCOC(=O)C(C)CSCCCO)CCC(=O)OCCOC(=O)C(C)CSCCCO,-0.6484086621580379,,,,,,,,,,,,,,,,0.0,0.0,0.0,0.0
CCCCCCCCCCN(CCC(=O)OCCOC(=O)C(C)CSCCCO)CCC(=O)OCCOC(=O)C(C)CSCCCO,-0.6484086621580379,,,,,,,,,,,,,,,,0.0,0.0,0.0,0.0
N(CCC(=O)OCCOC(=O)C(C)CSCCCCO)(CCC(=O)OCCOC(=O)C(C)CSCCCCO)CCCN1C=NC=C1,-0.6484086621580379,,,,,,,,,,,,,,,,0.0,0.0,0.0,0.0
CN(C)CCCN(CCC(=O)OCCOC(=O)C(C)CSCCCCO)CCCN(CCC(=O)OCCOC(=O)C(C)CSCCCCO)CCC(=O)OCCOC(=O)C(C)CSCCCCO,-0.6484086621580379,,,,,,,,,,,,,,,,0.0,0.0,0.0,0.0
N(CCC(=O)OCCOC(=O)C(C)CSCCCCCCO)(CCC(=O)OCCOC(=O)C(C)CSCCCCCCO)CC1CCN(C)CC1,-0.6484086621580379,,,,,,,,,,,,,,,,0.0,0.0,0.0,0.0
N(CCC(=O)OCCOC(=O)C(C)CSCCCCCCO)(CCC(=O)OCCOC(=O)C(C)CSCCCCCCO)CCN1CCCCC1,-0.6484086621580379,,,,,,,,,,,,,,,,0.0,0.0,0.0,0.0
N(CCC(=O)OCCOC(=O)C(C)CSCCCCCCO)(CCC(=O)OCCOC(=O)C(C)CSCCCCCCO)CCCN1C=NC=C1,-0.6484086621580379,,,,,,,,,,,,,,,,0.0,0.0,0.0,0.0
CN(C)CCCN(CCC(=O)OCCOC(=O)C(C)CSCCCCCCO)CCCN(CCC(=O)OCCOC(=O)C(C)CSCCCCCCO)CCC(=O)OCCOC(=O)C(C)CSCCCCCCO,-0.6484086621580379,,,,,,,,,,,,,,,,0.0,0.0,0.0,0.0
N(CCC(=O)OCCOC(=O)C(C)CSCCCCCCO)(CCC(=O)OCCOC(=O)C(C)CSCCCCCCO)CCCN(CCC(=O)OCCOC(=O)C(C)CSCCCCCCO)CCCN(CCC(=O)OCCOC(=O)C(C)CSCCCCCCO)CCC(=O)OCCOC(=O)C(C)CSCCCCCCO,-0.6484086621580379,,,,,,,,,,,,,,,,0.0,0.0,0.0,0.0
N(CCN(CCC(=O)OCCOC(=O)C(C)CSCCCCCCO)(CCC(=O)OCCOC(=O)C(C)CSCCCCCCO))(CCN(CCC(=O)OCCOC(=O)C(C)CSCCCCCCO)(CCC(=O)OCCOC(=O)C(C)CSCCCCCCO))CCNCCC(=O)OCCOC(=O)C(C)CSCCCCCCO,-0.6484086621580379,,,,,,,,,,,,,,,,0.0,0.0,0.0,0.0
N(CCN(CCC(=O)OCCOC(=O)C(C)CSCCCCCCO)(CCC(=O)OCCOC(=O)C(C)CSCCCCCCO))(CCN(CCC(=O)OCCOC(=O)C(C)CSCCCCCCO)(CCC(=O)OCCOC(=O)C(C)CSCCCCCCO))CCN(CCC(=O)OCCOC(=O)C(C)CSCCCCCCO)CCC(=O)OCCOC(=O)C(C)CSCCCCCCO,-0.6484086621580379,,,,,,,,,,,,,,,,0.0,0.0,0.0,0.0
CCCCCCCCCCN(CCC(=O)OCCOC(=O)C(C)CSCCCCCCO)CCC(=O)OCCOC(=O)C(C)CSCCCCCCO,-0.6484086621580379,,,,,,,,,,,,,,,,0.0,0.0,0.0,0.0
N(CCC(=O)OCCOC(=O)C(C)CSCCCCCCCCCCCO)(CCC(=O)OCCOC(=O)C(C)CSCCCCCCCCCCCO)CC1CCN(C)CC1,-0.6484086621580379,,,,,,,,,,,,,,,,0.0,0.0,0.0,0.0
N(CCC(=O)OCCOC(=O)C(C)CSCCCCCCCCCCCO)(CCC(=O)OCCOC(=O)C(C)CSCCCCCCCCCCCO)CCCN1C=NC=C1,-0.6484086621580379,,,,,,,,,,,,,,,,0.0,0.0,0.0,0.0
N(CCC(=O)OCCOC(=O)C(C)CSCCCCCCCCCCCO)(CCC(=O)OCCOC(=O)C(C)CSCCCCCCCCCCCO)CCCN(CCC(=O)OCCOC(=O)C(C)CSCCCCCCCCCCCO)CCCN(CCC(=O)OCCOC(=O)C(C)CSCCCCCCCCCCCO)CCC(=O)OCCOC(=O)C(C)CSCCCCCCCCCCCO,-0.6484086621580379,,,,,,,,,,,,,,,,0.0,0.0,0.0,0.0
N(CCN(CCC(=O)OCCOC(=O)C(C)CSCCCCCCCCCCCO)(CCC(=O)OCCOC(=O)C(C)CSCCCCCCCCCCCO))(CCN(CCC(=O)OCCOC(=O)C(C)CSCCCCCCCCCCCO)(CCC(=O)OCCOC(=O)C(C)CSCCCCCCCCCCCO))CCNCCC(=O)OCCOC(=O)C(C)CSCCCCCCCCCCCO,-0.6484086621580379,,,,,,,,,,,,,,,,0.0,0.0,0.0,0.0
N(CCN(CCC(=O)OCCOC(=O)C(C)CSCCCCCCCCCCCO)(CCC(=O)OCCOC(=O)C(C)CSCCCCCCCCCCCO))(CCN(CCC(=O)OCCOC(=O)C(C)CSCCCCCCCCCCCO)(CCC(=O)OCCOC(=O)C(C)CSCCCCCCCCCCCO))CCN(CCC(=O)OCCOC(=O)C(C)CSCCCCCCCCCCCO)CCC(=O)OCCOC(=O)C(C)CSCCCCCCCCCCCO,-0.6484086621580379,,,,,,,,,,,,,,,,0.0,0.0,0.0,0.0
CCCCCCCCCCN(CCC(=O)OCCOC(=O)C(C)CSCCCCCCCCCCCO)CCC(=O)OCCOC(=O)C(C)CSCCCCCCCCCCCO,-0.6484086621580379,,,,,,,,,,,,,,,,0.0,0.0,0.0,0.0
N(CCC(=O)OCCOC(=O)C(C)CSCCN(C)C)(CCC(=O)OCCOC(=O)C(C)CSCCN(C)C)CC1CCN(C)CC1,-0.6484086621580379,,,,,,,,,,,,,,,,0.0,0.0,0.0,0.0
N(CCC(=O)OCCOC(=O)C(C)CSCCN(C)C)(CCC(=O)OCCOC(=O)C(C)CSCCN(C)C)CCN1CCCCC1,-0.6484086621580379,,,,,,,,,,,,,,,,0.0,0.0,0.0,0.0
N(CCC(=O)OCCOC(=O)C(C)CSCCN(C)C)(CCC(=O)OCCOC(=O)C(C)CSCCN(C)C)CCCN1C=NC=C1,-0.6484086621580379,,,,,,,,,,,,,,,,0.0,0.0,0.0,0.0
CN(C)CCCN(CCC(=O)OCCOC(=O)C(C)CSCCN(C)C)CCCN(CCC(=O)OCCOC(=O)C(C)CSCCN(C)C)CCC(=O)OCCOC(=O)C(C)CSCCN(C)C,-0.6484086621580379,,,,,,,,,,,,,,,,0.0,0.0,0.0,0.0
N(CCC(=O)OCCOC(=O)C(C)CSCCN(C)C)(CCC(=O)OCCOC(=O)C(C)CSCCN(C)C)CCCN(CCC(=O)OCCOC(=O)C(C)CSCCN(C)C)CCCN(CCC(=O)OCCOC(=O)C(C)CSCCN(C)C)CCC(=O)OCCOC(=O)C(C)CSCCN(C)C,-0.6484086621580379,,,,,,,,,,,,,,,,0.0,0.0,0.0,0.0
N(CCN(CCC(=O)OCCOC(=O)C(C)CSCCN(C)C)(CCC(=O)OCCOC(=O)C(C)CSCCN(C)C))(CCN(CCC(=O)OCCOC(=O)C(C)CSCCN(C)C)(CCC(=O)OCCOC(=O)C(C)CSCCN(C)C))CCNCCC(=O)OCCOC(=O)C(C)CSCCN(C)C,-0.6484086621580379,,,,,,,,,,,,,,,,0.0,0.0,0.0,0.0
N(CCN(CCC(=O)OCCOC(=O)C(C)CSCCN(C)C)(CCC(=O)OCCOC(=O)C(C)CSCCN(C)C))(CCN(CCC(=O)OCCOC(=O)C(C)CSCCN(C)C)(CCC(=O)OCCOC(=O)C(C)CSCCN(C)C))CCN(CCC(=O)OCCOC(=O)C(C)CSCCN(C)C)CCC(=O)OCCOC(=O)C(C)CSCCN(C)C,-0.6484086621580379,,,,,,,,,,,,,,,,0.0,0.0,0.0,0.0
CCCCCCCCCCN(CCC(=O)OCCOC(=O)C(C)CSCCN(C)C)CCC(=O)OCCOC(=O)C(C)CSCCN(C)C,-0.6484086621580379,,,,,,,,,,,,,,,,0.0,0.0,0.0,0.0
N(CCC(=O)OCCOC(=O)C(C)CSCCNCCCC)(CCC(=O)OCCOC(=O)C(C)CSCCNCCCC)CCCN1C=NC=C1,-0.6484086621580379,,,,,,,,,,,,,,,,0.0,0.0,0.0,0.0
CN(C)CCCN(CCC(=O)OCCOC(=O)C(C)CSCCNCCCC)CCCN(CCC(=O)OCCOC(=O)C(C)CSCCNCCCC)CCC(=O)OCCOC(=O)C(C)CSCCNCCCC,-0.6484086621580379,,,,,,,,,,,,,,,,0.0,0.0,0.0,0.0
N(CCC(=O)OCCOC(=O)C(C)CSCCNCCCC)(CCC(=O)OCCOC(=O)C(C)CSCCNCCCC)CCCN(CCC(=O)OCCOC(=O)C(C)CSCCNCCCC)CCCN(CCC(=O)OCCOC(=O)C(C)CSCCNCCCC)CCC(=O)OCCOC(=O)C(C)CSCCNCCCC,-0.6484086621580379,,,,,,,,,,,,,,,,0.0,0.0,0.0,0.0
N(CCN(CCC(=O)OCCOC(=O)C(C)CSCCNCCCC)(CCC(=O)OCCOC(=O)C(C)CSCCNCCCC))(CCN(CCC(=O)OCCOC(=O)C(C)CSCCNCCCC)(CCC(=O)OCCOC(=O)C(C)CSCCNCCCC))CCN(CCC(=O)OCCOC(=O)C(C)CSCCNCCCC)CCC(=O)OCCOC(=O)C(C)CSCCNCCCC,-0.6484086621580379,,,,,,,,,,,,,,,,0.0,0.0,0.0,0.0
N(CCC(=O)OCCOC(=O)C(C)CSCCN(CC)CC)(CCC(=O)OCCOC(=O)C(C)CSCCN(CC)CC)CC1CCN(C)CC1,-0.6484086621580379,,,,,,,,,,,,,,,,0.0,0.0,0.0,0.0
N(CCC(=O)OCCOC(=O)C(C)CSCCN(CC)CC)(CCC(=O)OCCOC(=O)C(C)CSCCN(CC)CC)CCN1CCCCC1,-0.6484086621580379,,,,,,,,,,,,,,,,0.0,0.0,0.0,0.0
N(CCC(=O)OCCOC(=O)C(C)CSCCN(CC)CC)(CCC(=O)OCCOC(=O)C(C)CSCCN(CC)CC)CCCN1C=NC=C1,-0.6484086621580379,,,,,,,,,,,,,,,,0.0,0.0,0.0,0.0
CN(C)CCCN(CCC(=O)OCCOC(=O)C(C)CSCCN(CC)CC)CCCN(CCC(=O)OCCOC(=O)C(C)CSCCN(CC)CC)CCC(=O)OCCOC(=O)C(C)CSCCN(CC)CC,-0.6484086621580379,,,,,,,,,,,,,,,,0.0,0.0,0.0,0.0
N(CCC(=O)OCCOC(=O)C(C)CSCCN(CC)CC)(CCC(=O)OCCOC(=O)C(C)CSCCN(CC)CC)CCCN(CCC(=O)OCCOC(=O)C(C)CSCCN(CC)CC)CCCN(CCC(=O)OCCOC(=O)C(C)CSCCN(CC)CC)CCC(=O)OCCOC(=O)C(C)CSCCN(CC)CC,-0.6484086621580379,,,,,,,,,,,,,,,,0.0,0.0,0.0,0.0
N(CCN(CCC(=O)OCCOC(=O)C(C)CSCCN(CC)CC)(CCC(=O)OCCOC(=O)C(C)CSCCN(CC)CC))(CCN(CCC(=O)OCCOC(=O)C(C)CSCCN(CC)CC)(CCC(=O)OCCOC(=O)C(C)CSCCN(CC)CC))CCNCCC(=O)OCCOC(=O)C(C)CSCCN(CC)CC,-0.6484086621580379,,,,,,,,,,,,,,,,0.0,0.0,0.0,0.0
N(CCN(CCC(=O)OCCOC(=O)C(C)CSCCN(CC)CC)(CCC(=O)OCCOC(=O)C(C)CSCCN(CC)CC))(CCN(CCC(=O)OCCOC(=O)C(C)CSCCN(CC)CC)(CCC(=O)OCCOC(=O)C(C)CSCCN(CC)CC))CCN(CCC(=O)OCCOC(=O)C(C)CSCCN(CC)CC)CCC(=O)OCCOC(=O)C(C)CSCCN(CC)CC,-0.6484086621580379,,,,,,,,,,,,,,,,0.0,0.0,0.0,0.0
CCCCCCCCCCN(CCC(=O)OCCOC(=O)C(C)CSCCN(CC)CC)CCC(=O)OCCOC(=O)C(C)CSCCN(CC)CC,-0.6484086621580379,,,,,,,,,,,,,,,,0.0,0.0,0.0,0.0
N(CCC(=O)OCCOC(=O)C(C)CSCCN5CCCC5)(CCC(=O)OCCOC(=O)C(C)CSCCN5CCCC5)CC1CCN(C)CC1,-0.6484086621580379,,,,,,,,,,,,,,,,0.0,0.0,0.0,0.0
N(CCC(=O)OCCOC(=O)C(C)CSCCN5CCCC5)(CCC(=O)OCCOC(=O)C(C)CSCCN5CCCC5)CCCN1C=NC=C1,-0.6484086621580379,,,,,,,,,,,,,,,,0.0,0.0,0.0,0.0
CN(C)CCCN(CCC(=O)OCCOC(=O)C(C)CSCCN5CCCC5)CCCN(CCC(=O)OCCOC(=O)C(C)CSCCN5CCCC5)CCC(=O)OCCOC(=O)C(C)CSCCN5CCCC5,-0.6484086621580379,,,,,,,,,,,,,,,,0.0,0.0,0.0,0.0
N(CCC(=O)OCCOC(=O)C(C)CSCCN5CCCC5)(CCC(=O)OCCOC(=O)C(C)CSCCN5CCCC5)CCCN(CCC(=O)OCCOC(=O)C(C)CSCCN5CCCC5)CCCN(CCC(=O)OCCOC(=O)C(C)CSCCN5CCCC5)CCC(=O)OCCOC(=O)C(C)CSCCN5CCCC5,-0.6484086621580379,,,,,,,,,,,,,,,,0.0,0.0,0.0,0.0
N(CCN(CCC(=O)OCCOC(=O)C(C)CSCCN5CCCC5)(CCC(=O)OCCOC(=O)C(C)CSCCN5CCCC5))(CCN(CCC(=O)OCCOC(=O)C(C)CSCCN5CCCC5)(CCC(=O)OCCOC(=O)C(C)CSCCN5CCCC5))CCNCCC(=O)OCCOC(=O)C(C)CSCCN5CCCC5,-0.6484086621580379,,,,,,,,,,,,,,,,0.0,0.0,0.0,0.0
N(CCN(CCC(=O)OCCOC(=O)C(C)CSCCN5CCCC5)(CCC(=O)OCCOC(=O)C(C)CSCCN5CCCC5))(CCN(CCC(=O)OCCOC(=O)C(C)CSCCN5CCCC5)(CCC(=O)OCCOC(=O)C(C)CSCCN5CCCC5))CCN(CCC(=O)OCCOC(=O)C(C)CSCCN5CCCC5)CCC(=O)OCCOC(=O)C(C)CSCCN5CCCC5,-0.6484086621580379,,,,,,,,,,,,,,,,0.0,0.0,0.0,0.0
N(CCC(=O)OCCOC(=O)C(C)CSCCN5CCCCC5)(CCC(=O)OCCOC(=O)C(C)CSCCN5CCCCC5)CC1CCN(C)CC1,-0.6484086621580379,,,,,,,,,,,,,,,,0.0,0.0,0.0,0.0
N(CCC(=O)OCCOC(=O)C(C)CSCCN5CCCCC5)(CCC(=O)OCCOC(=O)C(C)CSCCN5CCCCC5)CCN1CCCCC1,-0.6484086621580379,,,,,,,,,,,,,,,,0.0,0.0,0.0,0.0
N(CCC(=O)OCCOC(=O)C(C)CSCCN5CCCCC5)(CCC(=O)OCCOC(=O)C(C)CSCCN5CCCCC5)CCCN1C=NC=C1,-0.6484086621580379,,,,,,,,,,,,,,,,0.0,0.0,0.0,0.0
CN(C)CCCN(CCC(=O)OCCOC(=O)C(C)CSCCN5CCCCC5)CCCN(CCC(=O)OCCOC(=O)C(C)CSCCN5CCCCC5)CCC(=O)OCCOC(=O)C(C)CSCCN5CCCCC5,-0.6484086621580379,,,,,,,,,,,,,,,,0.0,0.0,0.0,0.0
N(CCN(CCC(=O)OCCOC(=O)C(C)CSCCN5CCCCC5)(CCC(=O)OCCOC(=O)C(C)CSCCN5CCCCC5))(CCN(CCC(=O)OCCOC(=O)C(C)CSCCN5CCCCC5)(CCC(=O)OCCOC(=O)C(C)CSCCN5CCCCC5))CCN(CCC(=O)OCCOC(=O)C(C)CSCCN5CCCCC5)CCC(=O)OCCOC(=O)C(C)CSCCN5CCCCC5,-0.6484086621580379,,,,,,,,,,,,,,,,0.0,0.0,0.0,0.0
N(CCC(=O)OCCOC(=O)C(C)CSCCN5CCCCCC5)(CCC(=O)OCCOC(=O)C(C)CSCCN5CCCCCC5)CCCN1C=NC=C1,-0.6484086621580379,,,,,,,,,,,,,,,,0.0,0.0,0.0,0.0
CN(C)CCCN(CCC(=O)OCCOC(=O)C(C)CSCCN5CCCCCC5)CCCN(CCC(=O)OCCOC(=O)C(C)CSCCN5CCCCCC5)CCC(=O)OCCOC(=O)C(C)CSCCN5CCCCCC5,-0.6484086621580379,,,,,,,,,,,,,,,,0.0,0.0,0.0,0.0
N(CCC(=O)OCCOC(=O)C(C)CSCCN5CCCCCC5)(CCC(=O)OCCOC(=O)C(C)CSCCN5CCCCCC5)CCCN(CCC(=O)OCCOC(=O)C(C)CSCCN5CCCCCC5)CCCN(CCC(=O)OCCOC(=O)C(C)CSCCN5CCCCCC5)CCC(=O)OCCOC(=O)C(C)CSCCN5CCCCCC5,-0.6484086621580379,,,,,,,,,,,,,,,,0.0,0.0,0.0,0.0
N(CCN(CCC(=O)OCCOC(=O)C(C)CSCCN5CCCCCC5)(CCC(=O)OCCOC(=O)C(C)CSCCN5CCCCCC5))(CCN(CCC(=O)OCCOC(=O)C(C)CSCCN5CCCCCC5)(CCC(=O)OCCOC(=O)C(C)CSCCN5CCCCCC5))CCN(CCC(=O)OCCOC(=O)C(C)CSCCN5CCCCCC5)CCC(=O)OCCOC(=O)C(C)CSCCN5CCCCCC5,-0.6484086621580379,,,,,,,,,,,,,,,,0.0,0.0,0.0,0.0
N(CCC(=O)OCCOC(=O)C(C)CSCCN(CCC)CCC)(CCC(=O)OCCOC(=O)C(C)CSCCN(CCC)CCC)CC1CCN(C)CC1,-0.6484086621580379,,,,,,,,,,,,,,,,0.0,0.0,0.0,0.0
N(CCC(=O)OCCOC(=O)C(C)CSCCN(CCC)CCC)(CCC(=O)OCCOC(=O)C(C)CSCCN(CCC)CCC)CCN1CCCCC1,-0.6484086621580379,,,,,,,,,,,,,,,,0.0,0.0,0.0,0.0
N(CCC(=O)OCCOC(=O)C(C)CSCCN(CCC)CCC)(CCC(=O)OCCOC(=O)C(C)CSCCN(CCC)CCC)CCCN1C=NC=C1,-0.6484086621580379,,,,,,,,,,,,,,,,0.0,0.0,0.0,0.0
CN(C)CCCN(CCC(=O)OCCOC(=O)C(C)CSCCN(CCC)CCC)CCCN(CCC(=O)OCCOC(=O)C(C)CSCCN(CCC)CCC)CCC(=O)OCCOC(=O)C(C)CSCCN(CCC)CCC,-0.6484086621580379,,,,,,,,,,,,,,,,0.0,0.0,0.0,0.0
N(CCN(CCC(=O)OCCOC(=O)C(C)CSCCN(CCC)CCC)(CCC(=O)OCCOC(=O)C(C)CSCCN(CCC)CCC))(CCN(CCC(=O)OCCOC(=O)C(C)CSCCN(CCC)CCC)(CCC(=O)OCCOC(=O)C(C)CSCCN(CCC)CCC))CCN(CCC(=O)OCCOC(=O)C(C)CSCCN(CCC)CCC)CCC(=O)OCCOC(=O)C(C)CSCCN(CCC)CCC,-0.6484086621580379,,,,,,,,,,,,,,,,0.0,0.0,0.0,0.0
CCCCCCCCCCN(CCC(=O)OCCOC(=O)C(C)CSCCN(CCC)CCC)CCC(=O)OCCOC(=O)C(C)CSCCN(CCC)CCC,-0.6484086621580379,,,,,,,,,,,,,,,,0.0,0.0,0.0,0.0
N(CCC(=O)OCCOC(=O)C(C)CSCCN(CCCC)CCCC)(CCC(=O)OCCOC(=O)C(C)CSCCN(CCCC)CCCC)CC1CCN(C)CC1,-0.6484086621580379,,,,,,,,,,,,,,,,0.0,0.0,0.0,0.0
N(CCC(=O)OCCOC(=O)C(C)CSCCN(CCCC)CCCC)(CCC(=O)OCCOC(=O)C(C)CSCCN(CCCC)CCCC)CCCN1C=NC=C1,-0.6484086621580379,,,,,,,,,,,,,,,,0.0,0.0,0.0,0.0
CN(C)CCCN(CCC(=O)OCCOC(=O)C(C)CSCCN(CCCC)CCCC)CCCN(CCC(=O)OCCOC(=O)C(C)CSCCN(CCCC)CCCC)CCC(=O)OCCOC(=O)C(C)CSCCN(CCCC)CCCC,-0.6484086621580379,,,,,,,,,,,,,,,,0.0,0.0,0.0,0.0
N(CCC(=O)OCCOC(=O)C(C)CSCCN(CCCC)CCCC)(CCC(=O)OCCOC(=O)C(C)CSCCN(CCCC)CCCC)CCCN(CCC(=O)OCCOC(=O)C(C)CSCCN(CCCC)CCCC)CCCN(CCC(=O)OCCOC(=O)C(C)CSCCN(CCCC)CCCC)CCC(=O)OCCOC(=O)C(C)CSCCN(CCCC)CCCC,-0.6484086621580379,,,,,,,,,,,,,,,,0.0,0.0,0.0,0.0
CCCCCCCCCCN(CCC(=O)OCCOC(=O)C(C)CSCCN(CCCC)CCCC)CCC(=O)OCCOC(=O)C(C)CSCCN(CCCC)CCCC,-0.6484086621580379,,,,,,,,,,,,,,,,0.0,0.0,0.0,0.0
N(CCC(=O)OCCOC(=O)C(C)CSCCCC(=O)N5CCN(CCO)CC5)(CCC(=O)OCCOC(=O)C(C)CSCCCC(=O)N5CCN(CCO)CC5)CC1CCN(C)CC1,-0.6484086621580379,,,,,,,,,,,,,,,,0.0,0.0,0.0,0.0
N(CCC(=O)OCCOC(=O)C(C)CSCCCC(=O)N5CCN(CCO)CC5)(CCC(=O)OCCOC(=O)C(C)CSCCCC(=O)N5CCN(CCO)CC5)CCCN1C=NC=C1,-0.6484086621580379,,,,,,,,,,,,,,,,0.0,0.0,0.0,0.0
CN(C)CCCN(CCC(=O)OCCOC(=O)C(C)CSCCCC(=O)N5CCN(CCO)CC5)CCCN(CCC(=O)OCCOC(=O)C(C)CSCCCC(=O)N5CCN(CCO)CC5)CCC(=O)OCCOC(=O)C(C)CSCCCC(=O)N5CCN(CCO)CC5,-0.6484086621580379,,,,,,,,,,,,,,,,0.0,0.0,0.0,0.0
N(CCC(=O)OCCOC(=O)C(C)CSCCCC(=O)N5CCN(CCO)CC5)(CCC(=O)OCCOC(=O)C(C)CSCCCC(=O)N5CCN(CCO)CC5)CCCN(CCC(=O)OCCOC(=O)C(C)CSCCCC(=O)N5CCN(CCO)CC5)CCCN(CCC(=O)OCCOC(=O)C(C)CSCCCC(=O)N5CCN(CCO)CC5)CCC(=O)OCCOC(=O)C(C)CSCCCC(=O)N5CCN(CCO)CC5,-0.6484086621580379,,,,,,,,,,,,,,,,0.0,0.0,0.0,0.0
N(CCN(CCC(=O)OCCOC(=O)C(C)CSCCCC(=O)N5CCN(CCO)CC5)(CCC(=O)OCCOC(=O)C(C)CSCCCC(=O)N5CCN(CCO)CC5))(CCN(CCC(=O)OCCOC(=O)C(C)CSCCCC(=O)N5CCN(CCO)CC5)(CCC(=O)OCCOC(=O)C(C)CSCCCC(=O)N5CCN(CCO)CC5))CCN(CCC(=O)OCCOC(=O)C(C)CSCCCC(=O)N5CCN(CCO)CC5)CCC(=O)OCCOC(=O)C(C)CSCCCC(=O)N5CCN(CCO)CC5,-0.6484086621580379,,,,,,,,,,,,,,,,0.0,0.0,0.0,0.0
CCCCCCCCCCN(CCC(=O)OCCOC(=O)C(C)CSCCCC(=O)N5CCN(CCO)CC5)CCC(=O)OCCOC(=O)C(C)CSCCCC(=O)N5CCN(CCO)CC5,-0.6484086621580379,,,,,,,,,,,,,,,,0.0,0.0,0.0,0.0
N(CCC(=O)OCCOC(=O)C(C)CSCCCC(=O)N(C)CCCN(C)C)(CCC(=O)OCCOC(=O)C(C)CSCCCC(=O)N(C)CCCN(C)C)CCCN1C=NC=C1,-0.6484086621580379,,,,,,,,,,,,,,,,0.0,0.0,0.0,0.0
CN(C)CCCN(CCC(=O)OCCOC(=O)C(C)CSCCCC(=O)N(C)CCCN(C)C)CCCN(CCC(=O)OCCOC(=O)C(C)CSCCCC(=O)N(C)CCCN(C)C)CCC(=O)OCCOC(=O)C(C)CSCCCC(=O)N(C)CCCN(C)C,-0.6484086621580379,,,,,,,,,,,,,,,,0.0,0.0,0.0,0.0
N(CCC(=O)OCCOC(=O)C(C)CSCCCC(=O)N(C)CCCN(C)C)(CCC(=O)OCCOC(=O)C(C)CSCCCC(=O)N(C)CCCN(C)C)CCCN(CCC(=O)OCCOC(=O)C(C)CSCCCC(=O)N(C)CCCN(C)C)CCCN(CCC(=O)OCCOC(=O)C(C)CSCCCC(=O)N(C)CCCN(C)C)CCC(=O)OCCOC(=O)C(C)CSCCCC(=O)N(C)CCCN(C)C,-0.6484086621580379,,,,,,,,,,,,,,,,0.0,0.0,0.0,0.0
N(CCN(CCC(=O)OCCOC(=O)C(C)CSCCCC(=O)N(C)CCCN(C)C)(CCC(=O)OCCOC(=O)C(C)CSCCCC(=O)N(C)CCCN(C)C))(CCN(CCC(=O)OCCOC(=O)C(C)CSCCCC(=O)N(C)CCCN(C)C)(CCC(=O)OCCOC(=O)C(C)CSCCCC(=O)N(C)CCCN(C)C))CCN(CCC(=O)OCCOC(=O)C(C)CSCCCC(=O)N(C)CCCN(C)C)CCC(=O)OCCOC(=O)C(C)CSCCCC(=O)N(C)CCCN(C)C,-0.6484086621580379,,,,,,,,,,,,,,,,0.0,0.0,0.0,0.0
N(CCC(=O)OCCOC(=O)C(C)CSCCCC(=O)N(C)CCN5(CCCCC5))(CCC(=O)OCCOC(=O)C(C)CSCCCC(=O)N(C)CCN5(CCCCC5))CCCN1C=NC=C1,-0.6484086621580379,,,,,,,,,,,,,,,,0.0,0.0,0.0,0.0
CN(C)CCCN(CCC(=O)OCCOC(=O)C(C)CSCCCC(=O)N(C)CCN5(CCCCC5))CCCN(CCC(=O)OCCOC(=O)C(C)CSCCCC(=O)N(C)CCN5(CCCCC5))CCC(=O)OCCOC(=O)C(C)CSCCCC(=O)N(C)CCN5(CCCCC5),-0.6484086621580379,,,,,,,,,,,,,,,,0.0,0.0,0.0,0.0
N(CCC(=O)OCCOC(=O)C(C)CSCCCC(=O)N(C)CCN5(CCCCC5))(CCC(=O)OCCOC(=O)C(C)CSCCCC(=O)N(C)CCN5(CCCCC5))CCCN(CCC(=O)OCCOC(=O)C(C)CSCCCC(=O)N(C)CCN5(CCCCC5))CCCN(CCC(=O)OCCOC(=O)C(C)CSCCCC(=O)N(C)CCN5(CCCCC5))CCC(=O)OCCOC(=O)C(C)CSCCCC(=O)N(C)CCN5(CCCCC5),-0.6484086621580379,,,,,,,,,,,,,,,,0.0,0.0,0.0,0.0
N(CCN(CCC(=O)OCCOC(=O)C(C)CSCCCC(=O)N(C)CCN5(CCCCC5))(CCC(=O)OCCOC(=O)C(C)CSCCCC(=O)N(C)CCN5(CCCCC5)))(CCN(CCC(=O)OCCOC(=O)C(C)CSCCCC(=O)N(C)CCN5(CCCCC5))(CCC(=O)OCCOC(=O)C(C)CSCCCC(=O)N(C)CCN5(CCCCC5)))CCN(CCC(=O)OCCOC(=O)C(C)CSCCCC(=O)N(C)CCN5(CCCCC5))CCC(=O)OCCOC(=O)C(C)CSCCCC(=O)N(C)CCN5(CCCCC5),-0.6484086621580379,,,,,,,,,,,,,,,,0.0,0.0,0.0,0.0
CN(C)CCCN(CCC(=O)OCCOC(=O)C(C)CSCCCCCCCCCC)CCCN(CCC(=O)OCCOC(=O)C(C)CSCCCCCCCCCC)CCC(=O)OCCOC(=O)C(C)CSCCCCCCCCCC,-1.0896501184994567,,,,,,,,,,,,,,,,0.0,0.0,0.0,0.0
CN(C)CCCN(CCC(=O)OCCOC(=O)C(C)CSCCCCCCCCCCCCCC)CCCN(CCC(=O)OCCOC(=O)C(C)CSCCCCCCCCCCCCCC)CCC(=O)OCCOC(=O)C(C)CSCCCCCCCCCCCCCC,-1.0896501184994567,,,,,,,,,,,,,,,,0.0,0.0,0.0,0.0
N(CCC(=O)OCCOC(=O)C(C)CSCCCCCCCCCCCC)(CCC(=O)OCCOC(=O)C(C)CSCCCCCCCCCCCC)CCCN(CCC(=O)OCCOC(=O)C(C)CSCCCCCCCCCCCC)CCCN(CCC(=O)OCCOC(=O)C(C)CSCCCCCCCCCCCC)CCC(=O)OCCOC(=O)C(C)CSCCCCCCCCCCCC,-1.0896501184994567,,,,,,,,,,,,,,,,0.0,0.0,0.0,0.0
N(CCC(=O)OCCOC(=O)C(C)CSCCCCCCCC)(CCC(=O)OCCOC(=O)C(C)CSCCCCCCCC)CCCN(CCC(=O)OCCOC(=O)C(C)CSCCCCCCCC)CCCN(CCC(=O)OCCOC(=O)C(C)CSCCCCCCCC)CCC(=O)OCCOC(=O)C(C)CSCCCCCCCC,-1.0896501184994567,,,,,,,,,,,,,,,,0.0,0.0,0.0,0.0
N(CCN(CCC(=O)OCCOC(=O)C(C)CSCCCCCCCCCCCC)(CCC(=O)OCCOC(=O)C(C)CSCCCCCCCCCCCC))(CCN(CCC(=O)OCCOC(=O)C(C)CSCCCCCCCCCCCC)(CCC(=O)OCCOC(=O)C(C)CSCCCCCCCCCCCC))CCNCCC(=O)OCCOC(=O)C(C)CSCCCCCCCCCCCC,-0.3239500352295682,,,,,,,,,,,,,,,,0.0,0.0,0.0,0.0
N(CCN(CCC(=O)OCCOC(=O)C(C)CSCCCCCCCCCCCC)(CCC(=O)OCCOC(=O)C(C)CSCCCCCCCCCCCC))(CCN(CCC(=O)OCCOC(=O)C(C)CSCCCCCCCCCCCC)(CCC(=O)OCCOC(=O)C(C)CSCCCCCCCCCCCC))CCN(CCC(=O)OCCOC(=O)C(C)CSCCCCCCCCCCCC)CCC(=O)OCCOC(=O)C(C)CSCCCCCCCCCCCC,1.2074501313102086,,,,,,,,,,,,,,,,0.0,0.0,0.0,0.0
CN(C)CCCN(CCC(=O)OCCOC(=O)C(C)CSCCCCCCCC)CCCN(CCC(=O)OCCOC(=O)C(C)CSCCCCCCCC)CCC(=O)OCCOC(=O)C(C)CSCCCCCCCC,1.2074501313102086,,,,,,,,,,,,,,,,0.0,0.0,0.0,0.0
O=C(OC(CCCCCCCC)CCCCCCCC)CCCCCCCN(CCCCCC(OCCCCCCCCCCC)=O)CCO,0.368799050092095,0.0,0.0,1.0,,0.018637540697442,0.856266507625458,0.0685481607764484,0.037483843171047,0.0190639477296046,0.7745,1.0,1.0,0.0,0.0,101.6,1.0,0.0,0.0,0.0
O=C(OC(CCCCCCCC)CCCCCCCC)CCCCCCCN(CCCCCC(OCCCCCCCCCCC)=O)CCO,0.368799050092095,0.0,1.0,0.0,,0.0012881908164965,0.393692319023747,0.589452131076946,0.0101812483827002,0.0053861107001096,0.7745,1.0,1.0,0.0,0.0,166.1,1.0,0.0,0.0,0.0
O=C(OC(CCCCCCCC)CCCCCCCC)CCCCCCCN(CCCCCC(OCCCCCCCCCCC)=O)CCO,,0.0,0.0,1.0,,,,,,,,,1.0,0.0,0.0,108.5,1.0,0.0,0.0,0.0
O=C(NCCCN(CCCCCCCCCCCC)CCCCCCCCCCCC)[C@H]([C@H](O)C)N(CCCCCCCCCCCC)CCCCCCCCCCCC,-0.960352936148176,0.0,1.0,0.0,,0.0131160505661734,0.0817206877958181,0.209957462105326,0.0363069917919837,0.0161572104727098,0.642741597267989,0.0248953087459781,0.0,1.0,0.0,76.06,1.0,0.0,0.0,0.0
O=C(OC(CCCCCCCC)CCCCCCCC)CCCCCCCN(CCCCCC(OCCCCCCCCCCC)=O)CCO,0.368799050092095,0.0,0.0,1.0,,0.0023596176643782,0.513627015742916,0.0879412499947796,0.0017582283835455,0.0031125474981191,0.391201340716262,1.0,1.0,0.0,0.0,90.89,1.0,0.0,0.0,0.0
O=C(OC(CCCCCCCC)CCCCCCCC)CCCCCCCN(CCCCCC(OCCCCCCCCCCC)=O)CCO,0.368799050092095,0.0,0.0,1.0,,0.0002312984681692,0.195828728849491,0.0126185833117857,0.0005049221714932,0.0010931535206324,0.789723313678428,1.0,1.0,0.0,0.0,80.75,1.0,0.0,0.0,0.0
O=C(OC(CCCCCCCC)CCCCCCCC)CCCCCCCN(CCCCCC(OCCCCCCCCCCC)=O)CCO,1.8771193511746092,0.0,0.0,1.0,,0.005154479393153,0.962574355010024,0.0304157301451643,0.0009180388433166,0.0009373966083424,,1.0,1.0,0.0,0.0,80.75,1.0,0.0,0.0,0.0
O=C(OC(CCCCCCCC)CCCCCCCC)CCCCCCCN(CCCCCC(OCCCCCCCCCCC)=O)CCO,0.368799050092095,0.0,0.0,1.0,0.0465123735855303,0.0004989263329378,0.165458883776434,0.0565565738614754,0.0010629468099716,0.0024784064180894,0.727431889215561,1.0,1.0,0.0,0.0,96.59,0.0,1.0,0.0,0.0
O=C(OC(CCCCCCCC)CCCCCCCC)CCCCCCCN(CCCCCC(OCCCCCCCCCCC)=O)CCO,1.8771193511746092,0.0,0.0,1.0,,0.0016723619357439,0.848665421605967,0.144098339320739,0.0037084376236047,0.0018554395139452,,1.0,1.0,0.0,0.0,96.59,0.0,1.0,0.0,0.0
O=C(OC(CCCCCCCC)CCCCCCCC)CCCCCCCN(CCCCCC(OCCCCCCCCCCC)=O)CCO,0.368799050092095,0.0,0.0,1.0,0.0063183476389309,0.0005048196476162,0.140779687268235,0.0297514168337676,0.0006178921260065,0.0011394500617625,0.820888386423681,1.0,1.0,0.0,0.0,98.53,1.0,0.0,0.0,0.0
O=C(OC(CCCCCCCC)CCCCCCCC)CCCCCCCN(CCCCCC(OCCCCCCCCCCC)=O)CCO,1.8771193511746092,0.0,0.0,1.0,,0.002838731892274,0.901276452952094,0.0938738308613158,0.0014101997474114,0.0006007845469048,,1.0,1.0,0.0,0.0,98.53,1.0,0.0,0.0,0.0
O=C(OC(CCCCCCCC)CCCCCCCC)CCCCCCCN(CCCCCC(OCCCCCCCCCCC)=O)CCO,0.368799050092095,0.0,0.0,1.0,0.0030570409781513,0.001004917793202,0.0165773259574103,0.0117710271412967,0.002086971298565,0.0028725221743147,0.96263019465706,1.0,1.0,0.0,0.0,96.92,0.0,1.0,0.0,0.0
O=C(OC(CCCCCCCC)CCCCCCCC)CCCCCCCN(CCCCCC(OCCCCCCCCCCC)=O)CCO,1.8771193511746092,0.0,0.0,1.0,,0.0033004083261204,0.545398801975274,0.446192251044312,0.0032378252821489,0.0018707133721438,,1.0,1.0,0.0,0.0,96.92,0.0,1.0,0.0,0.0
O=C(OC(CCCCCCCC)CCCCCCCC)CCCCCCCN(CCCCCC(OCCCCCCCCCCC)=O)CCO,0.368799050092095,0.0,0.0,1.0,0.0390763854278316,0.0016499400984425,0.0661192424915616,0.0206209930549816,0.0019734769305423,0.0016045428524479,0.868955419144192,1.0,1.0,0.0,0.0,66.46,1.0,0.0,0.0,0.0
O=C(OC(CCCCCCCC)CCCCCCCC)CCCCCCCN(CCCCCC(OCCCCCCCCCCC)=O)CCO,1.8771193511746092,0.0,0.0,1.0,,0.0038431636349601,0.851255867494199,0.137210400166604,0.0070110909265964,0.0006794777776411,,1.0,1.0,0.0,0.0,66.46,1.0,0.0,0.0,0.0
OCCN(CCCCCCCC(OC(CCCCCCCC)CCCCCCCC)=O)CCCCCCCC(OCCCCCCCCC)=O,,1.0,0.0,0.0,,,,,,,,,0.0,0.0,0.0,104.3,1.0,0.0,0.0,0.0
OC(CC(NCCCCCCCCN(CCCCCCCCCCCC)CCCCCCCCCCCC)=O)(CC(NCCCCCCCCN(CCCCCCCCCCCC)CCCCCCCCCCCC)=O)C(NCCCCCCCCN(CCCCCCCCCCCC)CCCCCCCCCCCC)=O,4.522372778454544,0.0,0.0,1.0,0.0155523974922323,0.0012915251830505,0.446962380102849,0.0407067099579296,0.0017062557828434,0.0042183060734366,0.489562425407659,4.04718291807415,1.0,0.0,0.0,93.79,1.0,0.0,0.0,0.0
O=C(OC(CCCCCCCC)CCCCCCCC)CCCCCCCN(CCCCCC(OCCCCCCCCCCC)=O)CCO,0.368799050092095,0.0,0.0,1.0,0.0165979002447495,0.0036197014658513,0.310566371988181,0.0118953898978584,0.0072749796346181,0.006472223261143,0.643573433507598,1.0,1.0,0.0,0.0,79.83,1.0,0.0,0.0,0.0
O=C(OC(CCCCCCCC)CCCCCCCC)CCCCCCCN(CCCCCC(OCCCCCCCCCCC)=O)CCO,0.368799050092095,0.0,0.0,1.0,0.0281381236661192,0.0026879235225272,0.218417144486954,0.0369503427520482,0.0019955348800613,0.0028993774403257,0.708911553251965,1.0,1.0,0.0,0.0,80.01,1.0,0.0,0.0,0.0
O=C(OC(CCCCCCCC)CCCCCCCC)CCCCCCCN(CCCCCC(OCCCCCCCCCCC)=O)CCO,0.368799050092095,0.0,0.0,1.0,0.0791681309989092,0.004382362383997,0.207450725009039,0.0200057324176319,0.0043550169288623,0.0068758627744293,0.677762169487131,1.0,1.0,0.0,0.0,75.78,1.0,0.0,0.0,0.0
O=C(OC(CCCCCCCC)CCCCCCCC)CCCCCCCN(CCCCCC(OCCCCCCCCCCC)=O)CCO,0.368799050092095,0.0,0.0,1.0,0.0263012913083446,0.0010422191855283,0.17396331575752,0.0231252484593015,0.0021842122689119,0.0025049379718497,0.770878775048544,1.0,1.0,0.0,0.0,70.83,1.0,0.0,0.0,0.0
O=C(OC(CCCCCCCC)CCCCCCCC)CCCCCCCN(CCCCCC(OCCCCCCCCCCC)=O)CCO,0.368799050092095,0.0,0.0,1.0,0.142104027989206,0.0028771479926592,0.215134204863943,0.0243152184566193,0.00619704480449,0.0040545145723166,0.605317841320765,1.0,1.0,0.0,0.0,81.52,1.0,0.0,0.0,0.0
O=C(OC(CCCCCCCC)CCCCCCCC)CCCCCCCN(CCCCCC(OCCCCCCCCCCC)=O)CCO,4.46703986904353,0.0,0.0,1.0,0.235642631118293,0.0035768307188222,0.268183756367962,0.0537803810677977,0.0056567696761597,0.0055019188042819,0.427657712246684,4.00658908072073,1.0,0.0,0.0,91.73,1.0,0.0,0.0,0.0
O=C(OC(CCCCCCCC)CCCCCCCC)CCCCCCCN(CCCCCC(OCCCCCCCCCCC)=O)CCO,1.1136792793923294,0.0,0.0,1.0,0.0897266059620516,0.0013961348252726,0.256772056278909,0.191186512263101,0.0033816092552831,0.0029734439015677,0.454563637513815,1.5464658771399,1.0,0.0,0.0,119.0,1.0,0.0,0.0,0.0
O=C(OC(CCCCCCCC)CCCCCCCC)CCCCCCCN(CCCCCC(OCCCCCCCCCCC)=O)CCO,1.8771193511746092,0.0,1.0,0.0,,0.0020923124832915,0.858334702447977,0.133879376324869,0.0038743559198132,0.0018192528240494,,1.0,1.0,0.0,0.0,108.3,1.0,0.0,0.0,0.0
O=C(OC(CCCCCCCC)CCCCCCCC)CCCCCCCN(CCCCCC(OCCCCCCCCCCC)=O)CCO,-0.3194299002774148,0.0,0.0,1.0,0.0896852170263435,0.0031640281245044,0.145700011838927,0.0181473232698177,0.0048727657230144,0.0067678488925474,0.731662805124845,0.495095154572619,1.0,0.0,0.0,78.66,1.0,0.0,0.0,0.0
O=C(OC(CCCCCCCC)CCCCCCCC)CCCCCCCN(CCCCCC(OCCCCCCCCCCC)=O)CCO,0.368799050092095,0.0,0.0,1.0,0.18227458966528,0.0026005975237825,0.10140002712747,0.0194272464327483,0.0039499881185068,0.0070823432970709,0.683265207835141,1.0,1.0,0.0,0.0,86.58,1.0,0.0,0.0,0.0
O=C(OC(CCCCCCCC)CCCCCCCC)CCCCCCCN(CCCCCC(OCCCCCCCCCCC)=O)CCO,0.368799050092095,0.0,0.0,1.0,0.0291199872991734,0.000702410023626,0.0253755412996204,0.0176881988849176,0.0009624845156452,0.0012679937080773,0.92488338426894,1.0,1.0,0.0,0.0,73.23,1.0,0.0,0.0,0.0
O=C(OC(CCCCCCCC)CCCCCCCC)CCCCCCCN(CCCCCC(OCCCCCCCCCCC)=O)CCO,0.368799050092095,0.0,0.0,1.0,0.25310386523031,0.0005881560762597,0.140706646889545,0.17621759673582,0.0021833790034584,0.0008397317672093,0.426360624297398,1.0,1.0,0.0,0.0,77.34,0.0,1.0,0.0,0.0
O=C(OC(CCCCCCCC)CCCCCCCC)CCCCCCCN(CCCCCC(OCCCCCCCCCCC)=O)CCO,0.368799050092095,0.0,0.0,1.0,0.0013202532963125,0.0008606336202242,0.0050393132707677,0.0029913613071963,0.0027002818402927,0.0088532339643477,0.978234922700859,1.0,1.0,0.0,0.0,79.34,0.0,1.0,0.0,0.0
O=C(OC(CCCCCCCC)CCCCCCCC)CCCCCCCN(CCCCCC(OCCCCCCCCCCC)=O)CCO,0.368799050092095,0.0,0.0,1.0,0.0077018539958447,0.0024483371132222,0.0462111239750686,0.0198642411939162,0.003812269043503,0.0092204177438028,0.910741756934642,1.0,1.0,0.0,0.0,84.32,1.0,0.0,0.0,0.0
O=C(OC(CCCCCCCC)CCCCCCCC)CCCCCCCN(CCCCCC(OCCCCCCCCCCC)=O)CCO,0.368799050092095,0.0,0.0,1.0,0.0165979002447495,0.0036197014658513,0.310566371988181,0.0118953898978584,0.0072749796346181,0.006472223261143,0.643573433507598,1.0,1.0,0.0,0.0,79.83,1.0,0.0,0.0,0.0
O=C(OC(CCCCCCCC)CCCCCCCC)CCCCCCCN(CCCCCC(OCCCCCCCCCCC)=O)CCO,0.368799050092095,0.0,0.0,1.0,0.0122849683487715,0.0018769274786584,0.313004652084084,0.0267625511357853,0.0047800095187527,0.0040021403438305,0.637288751090117,1.0,1.0,0.0,0.0,74.64,1.0,0.0,0.0,0.0
O=C(OC(CCCCCCCC)CCCCCCCC)CCCCCCCN(CCCCCC(OCCCCCCCCCCC)=O)CCO,0.368799050092095,0.0,0.0,1.0,0.0163588203416613,0.0050349858804786,0.141665503002976,0.0268932928836599,0.0108166459136593,0.0084217898618725,0.790808962115693,1.0,1.0,0.0,0.0,73.52,1.0,0.0,0.0,0.0
O=C(OC(CCCCCCCC)CCCCCCCC)CCCCCCCN(CCCCCC(OCCCCCCCCCCC)=O)CCO,0.368799050092095,0.0,0.0,1.0,0.0412236553892641,0.0039066323147692,0.121517080143859,0.0188177267921366,0.0048233262065552,0.0073631886059774,0.802348390547439,1.0,1.0,0.0,0.0,85.13,1.0,0.0,0.0,0.0
O=C(OC(CCCCCCCC)CCCCCCCC)CCCCCCCN(CCCCCC(OCCCCCCCCCCC)=O)CCO,0.368799050092095,0.0,0.0,1.0,0.0575651939642587,0.0022432750414044,0.293214190330324,0.103801109257072,0.0031659688713468,0.0024340429640507,0.537576219571543,1.0,1.0,0.0,0.0,78.09,1.0,0.0,0.0,0.0
O=C(OC(CCCCCCCC)CCCCCCCC)CCCCCCCN(CCCCCC(OCCCCCCCCCCC)=O)CCO,0.368799050092095,0.0,0.0,1.0,0.0828383439279835,0.0056565368552458,0.157248489872984,0.0092847952193487,0.0068875209956175,0.0084192126972869,0.729665100431533,1.0,1.0,0.0,0.0,78.23,1.0,0.0,0.0,0.0
O=C(OC(CCCCCCCC)CCCCCCCC)CCCCCCCN(CCCCCC(OCCCCCCCCCCC)=O)CCO,0.368799050092095,0.0,0.0,1.0,0.235642631118293,0.0035768307188222,0.268183756367962,0.0537803810677977,0.0056567696761597,0.0055019188042819,0.427657712246684,1.0,1.0,0.0,0.0,94.47,1.0,0.0,0.0,0.0
OCCN(CCCCCCN(CCC(OCCCCCCCC)=O)CCC(OCCCCCCCC)=O)CCCCCCN(CCC(OCCCCCCCC)=O)CCC(OCCCCCCCC)=O,0.0819767246464072,0.0,0.0,1.0,0.0004,0.8627,0.0019,0.1335,0.0,0.0008,0.0007,0.33,1.0,0.0,0.0,133.3,1.0,0.0,0.0,0.0
OCCN(CCCCCCN(CCC(OCCCCCCCC)=O)CCC(OCCCCCCCC)=O)CCCCCCN(CCC(OCCCCCCCC)=O)CCC(OCCCCCCCC)=O,-0.5610594400801129,0.0,0.0,1.0,0.0015,0.585,0.0215,0.3856,0.0,0.0046,0.0017,0.09,1.0,0.0,0.0,139.2,1.0,0.0,0.0,0.0
OCCN(CCCCCCN(CCC(OCCCCCCCC)=O)CCC(OCCCCCCCC)=O)CCCCCCN(CCC(OCCCCCCCC)=O)CCC(OCCCCCCCC)=O,-0.1055754900654944,0.0,0.0,1.0,0.0008,0.9399,0.0012,0.0565,0.0,0.0006,0.0009,0.26,1.0,0.0,0.0,105.4,1.0,0.0,0.0,0.0
OCCN(CCCCCCN(CCC(OCCCCCCCC)=O)CCC(OCCCCCCCC)=O)CCCCCCN(CCC(OCCCCCCCC)=O)CCC(OCCCCCCCC)=O,0.0283903775858638,0.0,0.0,1.0,0.0009,0.8853,0.0021,0.11,0.0,0.0009,0.0008,0.31,1.0,0.0,0.0,104.8,1.0,0.0,0.0,0.0
OCCN(CCCCCCN(CCC(OCCCCCCCC)=O)CCC(OCCCCCCCC)=O)CCCCCCN(CCC(OCCCCCCCC)=O)CCC(OCCCCCCCC)=O,-0.4806799194892979,0.0,0.0,1.0,0.0008,0.7508,0.0048,0.2416,0.0,0.0008,0.0012,0.12,1.0,0.0,0.0,92.1,1.0,0.0,0.0,0.0
OCCN(CCCCCCN(CCC(OCCCCCCCC)=O)CCC(OCCCCCCCC)=O)CCCCCCN(CCC(OCCCCCCCC)=O)CCC(OCCCCCCCC)=O,0.4034948070096673,0.0,0.0,1.0,0.0003,0.8979,0.0022,0.0985,0.0,0.0005,0.0007,0.45,1.0,0.0,0.0,121.8,1.0,0.0,0.0,0.0
OCCN(CCCCCCN(CCC(OCCCCCCCC)=O)CCC(OCCCCCCCC)=O)CCCCCCN(CCC(OCCCCCCCC)=O)CCC(OCCCCCCCC)=O,0.0015972040555921,0.0,0.0,1.0,0.0003,0.9061,0.0024,0.0898,0.0,0.0005,0.0009,0.3,1.0,0.0,0.0,112.3,1.0,0.0,0.0,0.0
OCCN(CCCCCCN(CCC(OCCCCCCCC)=O)CCC(OCCCCCCCC)=O)CCCCCCN(CCC(OCCCCCCCC)=O)CCC(OCCCCCCCC)=O,0.1623562452372222,0.0,0.0,1.0,0.0006,0.8386,0.0028,0.1563,0.0,0.0007,0.0011,0.36,1.0,0.0,0.0,99.4,1.0,0.0,0.0,0.0
OCCN(CCCCCCN(CCC(OCCCCCCCC)=O)CCC(OCCCCCCCC)=O)CCCCCCN(CCC(OCCCCCCCC)=O)CCC(OCCCCCCCC)=O,-0.1591618371260378,0.0,0.0,1.0,0.0011,0.9163,0.0025,0.0784,0.0,0.0008,0.0009,0.24,1.0,0.0,0.0,93.6,1.0,0.0,0.0,0.0
OCCN(CCCCCCN(CCC(OCCCCCCCC)=O)CCC(OCCCCCCCC)=O)CCCCCCN(CCC(OCCCCCCCC)=O)CCC(OCCCCCCCC)=O,1.635980789402164,0.0,0.0,1.0,0.0007,0.9622,0.001,0.0349,0.0,0.0005,0.0007,0.91,1.0,0.0,0.0,99.7,1.0,0.0,0.0,0.0
OCCN(CCCCCCN(CCC(OCCCCCCCC)=O)CCC(OCCCCCCCC)=O)CCCCCCN(CCC(OCCCCCCCC)=O)CCC(OCCCCCCCC)=O,-0.5342662665498412,0.0,1.0,0.0,0.0013,0.7003,0.009,0.2848,0.0,0.0025,0.0022,0.1,1.0,0.0,0.0,90.6,1.0,0.0,0.0,0.0
OCCN(CCCCCCN(CCC(OCCCCCCCC)=O)CCC(OCCCCCCCC)=O)CCCCCCN(CCC(OCCCCCCCC)=O)CCC(OCCCCCCCC)=O,0.6982197158426557,0.0,0.0,1.0,0.0006,0.9464,0.0015,0.0496,0.0,0.0011,0.0008,0.56,1.0,0.0,0.0,94.0,1.0,0.0,0.0,0.0
OCCN(CCCCCCN(CCC(OCCCCCCCC)=O)CCC(OCCCCCCCC)=O)CCCCCCN(CCC(OCCCCCCCC)=O)CCC(OCCCCCCCC)=O,0.3767016334793956,0.0,0.0,1.0,0.0006,0.9277,0.0014,0.0684,0.0,0.0008,0.0011,0.44,1.0,0.0,0.0,99.5,1.0,0.0,0.0,0.0
OCCN(CCCCCCN(CCC(OCCCCCCCC)=O)CCC(OCCCCCCCC)=O)CCCCCCN(CCC(OCCCCCCCC)=O)CCC(OCCCCCCCC)=O,0.430287980539939,0.0,0.0,1.0,0.0005,0.9807,0.0015,0.0157,0.0,0.0006,0.001,0.46,1.0,0.0,0.0,79.9,1.0,0.0,0.0,0.0
OCCN(CCCCCCN(CCC(OCCCCCCCC)=O)CCC(OCCCCCCCC)=O)CCCCCCN(CCC(OCCCCCCCC)=O)CCC(OCCCCCCCC)=O,-0.4538867459590262,0.0,1.0,0.0,0.0013,0.7257,0.0061,0.2649,0.0,0.0009,0.001,0.13,1.0,0.0,0.0,89.2,1.0,0.0,0.0,0.0
OCCN(CCCCCCN(CCC(OCCCCCCCC)=O)CCC(OCCCCCCCC)=O)CCCCCCN(CCC(OCCCCCCCC)=O)CCC(OCCCCCCCC)=O,2.6809145570827595,0.0,0.0,1.0,0.0073,0.7768,0.0042,0.1461,0.0,0.0016,0.0639,1.3,1.0,0.0,0.0,102.3,1.0,0.0,0.0,0.0
OCCN(CCCCCCN(CCC(OCCCCCCCC)=O)CCC(OCCCCCCCC)=O)CCCCCCN(CCC(OCCCCCCCC)=O)CCC(OCCCCCCCC)=O,-0.1323686635957661,0.0,0.0,1.0,0.001,0.8647,0.0025,0.1302,0.0,0.0007,0.001,0.25,1.0,0.0,0.0,128.3,1.0,0.0,0.0,0.0
O=C(OC(CCCCCCCC)CCCCCCCC)CCCCCCCN(CCCCCC(OCCCCCCCCCCC)=O)CCO,1.8771193511746092,0.0,0.0,1.0,0.0009,0.9116,0.0018,0.0844,0.0,0.0006,0.0007,1.0,1.0,0.0,0.0,74.8,1.0,0.0,0.0,0.0
O=C(OC(CCCCCCCC)CCCCCCCC)CCCCCCCN(CCCCCC(OCCCCCCCCCCC)=O)CCO,1.8771193511746092,0.0,0.0,1.0,0.0019,0.9077,0.0033,0.0818,0.0,0.003,0.0023,1.0,1.0,0.0,0.0,79.5,1.0,0.0,0.0,0.0
O=C(OC(CCCCCCCC)CCCCCCCC)CCCCCCCN(CCCCCC(OCCCCCCCCCCC)=O)CCO,0.368799050092095,0.0,0.0,1.0,0.0455,0.324,0.0011,0.073,0.5551,0.0012,0.0,1.0,1.0,0.0,0.0,73.9,1.0,0.0,0.0,0.0
O=C(OCCCCCCCC)CCN(CCC(OCCCCCCCC)=O)CCCCN(CCNC([C@@H](N)CCC(N)=O)=O)CCCCN(CCC(OCCCCCCCC)=O)CCC(OCCCCCCCC)=O,-0.7680706153692587,0.0,0.0,1.0,0.0007149972592495,0.0006615521426571,0.125943320778554,0.801966162874089,0.0693146503097598,0.0013993166356897,,0.0127373438778132,0.0,1.0,0.0,96.79,1.0,0.0,0.0,0.0
O=C(OCCCCCCCC)CCN(CCC(OCCCCCCCC)=O)CCCCN(CCNC(CCCN)=O)CCCCN(CCC(OCCCCCCCC)=O)CCC(OCCCCCCCC)=O,-0.724528125109937,0.0,0.0,1.0,0.0006180252271285,0.002081914199617,0.0052010764999086,0.018780252186508,0.966671145724669,0.0066475861621693,,0.0289886812604962,0.0,0.0,1.0,77.59,1.0,0.0,0.0,0.0
O=C(OCCCCCCCC)CCN(CCC(OCCCCCCCC)=O)CCCCN(CCNC([C@@H](N)CCC(N)=O)=O)CCCCN(CCC(OCCCCCCCC)=O)CCC(OCCCCCCCC)=O,-0.9894383446519656,0.0,0.0,1.0,0.0204881792124896,0.0099607667757607,0.024515683125648,0.0206076067733214,0.0213656753332114,0.0146396167476402,0.888422472031929,0.0035574041476412,0.0,1.0,0.0,96.79,1.0,0.0,0.0,0.0
O=C(OCCCCCCCC)CCN(CCC(OCCCCCCCC)=O)CCCCN(CCNC(CCCN)=O)CCCCN(CCC(OCCCCCCCC)=O)CCC(OCCCCCCCC)=O,-0.99334457889466,0.0,0.0,1.0,0.0518701933925729,0.031230151711712,0.196119602463562,0.0891250765615729,0.225998436967717,0.183312147304902,0.222344391597961,0.0006916766953858,0.0,0.0,1.0,77.59,1.0,0.0,0.0,0.0
O=C(OCCCCCCCC)CCN(CCC(OCCCCCCCC)=O)CCCCN(CCO)CCCCN(CCC(OCCCCCCCC)=O)CCC(OCCCCCCCC)=O,1.25487440144346,0.0,0.0,1.0,0.0001361741321454,0.0021245268850723,0.811633900204502,0.179761878637886,0.003857515564583,0.0024860045758115,,0.767759892635294,1.0,0.0,0.0,89.03,1.0,0.0,0.0,0.0
O=C(OCCCCCCCC)CCN(CCC(OCCCCCCCC)=O)CCCCN(CCO)CCCCN(CCC(OCCCCCCCC)=O)CCC(OCCCCCCCC)=O,0.6432582406301273,0.0,0.0,1.0,0.0550309639531662,0.0023435383589685,0.320198252727196,0.282656133384496,0.0064798077198827,0.0020247621562164,0.331266541700075,1.20135127285815,1.0,0.0,0.0,89.03,1.0,0.0,0.0,0.0
O=C(OCCCCCCCC)CCN(CCC(OCCCCCCCC)=O)CCCCN(CCNC(CCCN)=O)CCCCN(CCC(OCCCCCCCC)=O)CCC(OCCCCCCCC)=O,-0.720267341287665,0.0,0.0,1.0,0.0006021901209873,0.0005765288819158,0.005661974231285,0.0161763859347042,0.971683265119797,0.0052996557113105,,0.0305789310371634,0.0,0.0,1.0,84.21,0.0,1.0,0.0,0.0
O=C(OCCCCCCCCCCCC)CCN(CCC(OCCCCCCCCCCCC)=O)CCCCN(CCNC(CCCN)=O)CCCCN(CCC(OCCCCCCCCCCCC)=O)CCC(OCCCCCCCCCCCC)=O,-0.7918152817539007,0.0,0.0,1.0,0.0018737805281951,0.0015765497565255,0.0163863796216318,0.0648246159165097,0.905280007427939,0.0100586667491993,,0.003875136361479,0.0,0.0,1.0,77.97,0.0,1.0,0.0,0.0
O=C(OCCCCCCCCCCCCCC)CCN(CCC(OCCCCCCCCCCCCCC)=O)CCCCN(CCNC(CCCN)=O)CCCCN(CCC(OCCCCCCCCCCCCCC)=O)CCC(OCCCCCCCCCCCCCC)=O,-0.7286771475885271,0.0,0.0,1.0,0.0030104990621773,,0.0038009682741477,0.0130323481002541,0.97657327492354,0.0034907504175281,,0.0274401441027376,0.0,0.0,1.0,84.84,1.0,0.0,0.0,0.0
O=C(OCCCCCCCCCCCCCC)CCN(CCC(OCCCCCCCCCCCCCC)=O)CCCCCCN(CCCCCCN(CCC(OCCCCCCCCCCCCCC)=O)CCC(OCCCCCCCCCCCCCC)=O)CCNC(CCCN)=O,-0.7803342640164957,0.0,0.0,1.0,0.0027398927409474,0.0016101839306142,0.0112824839963327,0.0583352940699212,0.919247401685963,0.0067847435762212,,0.0081601896883771,0.0,0.0,1.0,77.45,0.0,1.0,0.0,0.0
O=C(OCCCCCCCC/C=C\C/C=C\CCCCC)CCN(CCC(OCCCCCCCC/C=C\C/C=C\CCCCC)=O)CCCCN(CCCCN(CCC(OCCCCCCCC/C=C\C/C=C\CCCCC)=O)CCC(OCCCCCCCC/C=C\C/C=C\CCCCC)=O)CCNC(CCCN)=O,-0.7655537684399516,0.0,0.0,1.0,0.0034931545111892,0.0017129817839931,0.037797325974731,0.242816837972913,0.706569889763285,0.0076098099938879,,0.0136767051395404,0.0,0.0,1.0,105.93,1.0,0.0,0.0,0.0
O=C(NCCN(CCCCN(CCCCCCOC(CCCCCCCCCCC)=O)CCCCCCOC(CCCCCCCCCCC)=O)CCCCN(CCCCCCOC(CCCCCCCCCCC)=O)CCCCCCOC(CCCCCCCCCCC)=O)CCCN,,1.0,0.0,0.0,,,,,,,,,0.0,0.0,0.0,81.9,0.0,0.0,0.0,1.0
O=C(OCCCCCCCC)CCN(CCC(OCCCCCCCC)=O)CCCCCCN(CCCCCCN(CCC(OCCCCCCCC)=O)CCC(OCCCCCCCC)=O)CCNC(CCCN)=O,,0.0,0.0,1.0,,,,,,,,,0.0,1.0,0.0,123.36,1.0,0.0,0.0,0.0
CCCCCCCCCCCCCCOC(=O)CCN(C)CCN(C)CCC(=O)OCCCCCCCCCCCCCC,0.0163475110985566,,,,,,,,,,,,,,,,0.0,0.0,0.0,0.0
CCCCCCCCCCCCCCOC(=O)CCN(C)CCOCCN(C)CCC(=O)OCCCCCCCCCCCCCC,0.3690675354525705,,,,,,,,,,,,,,,,0.0,0.0,0.0,0.0
CCCCCCCCCCCCCCOC(=O)CCN(CCC(=O)OCCCCCCCCCCCCCC)C(=O)C1CCCN1C,-0.4870388932228141,,,,,,,,,,,,,,,,0.0,0.0,0.0,0.0
CCCCCCCCCCCCCCOC(=O)CCN(CCC(=O)OCCCCCCCCCCCCCC)C(C)(C)CC,-0.7392472257756013,,,,,,,,,,,,,,,,0.0,0.0,0.0,0.0
CCCCCCCCCCCCCCOC(=O)CCN(CCC(=O)OCCCCCCCCCCCCCC)C(c1ccccc1)c1ccccc1,0.1153577294347075,,,,,,,,,,,,,,,,0.0,0.0,0.0,0.0
CCCCCCCCCCCCCCOC(=O)CCN(CCC(=O)OCCCCCCCCCCCCCC)C(CO)C(C)(C)C,-0.2753480648368655,,,,,,,,,,,,,,,,0.0,0.0,0.0,0.0
CCCCCCCCCCCCCCOC(=O)CCN(CCC(=O)OCCCCCCCCCCCCCC)C[C@H]1CCCN1CC,0.3789468766247763,,,,,,,,,,,,,,,,0.0,0.0,0.0,0.0
CCCCCCCCCCCCCCOC(=O)CCN(CCC(=O)OCCCCCCCCCCCCCC)c1c(C)c(C)c(N(CCC(=O)OCCCCCCCCCCCCCC)CCC(=O)OCCCCCCCCCCCCCC)c(C)c1C,-0.7653965806457657,,,,,,,,,,,,,,,,0.0,0.0,0.0,0.0
CCCCCCCCCCCCCCOC(=O)CCN(CCC(=O)OCCCCCCCCCCCCCC)C1CC1,-0.1452148861220824,,,,,,,,,,,,,,,,0.0,0.0,0.0,0.0
CCCCCCCCCCCCCCOC(=O)CCN(CCC(=O)OCCCCCCCCCCCCCC)c1ccc(-c2ccc(N(CCC(=O)OCCCCCCCCCCCCCC)CCC(=O)OCCCCCCCCCCCCCC)c(C)c2)cc1C,-0.2988178936677553,,,,,,,,,,,,,,,,0.0,0.0,0.0,0.0
CCCCCCCCCCCCCCOC(=O)CCN(CCC(=O)OCCCCCCCCCCCCCC)c1ccc(C(C)(C)C)cc1,-0.1836299755951971,,,,,,,,,,,,,,,,0.0,0.0,0.0,0.0
CCCCCCCCCCCCCCOC(=O)CCN(CCC(=O)OCCCCCCCCCCCCCC)c1ccc(Oc2ccc(F)cc2)cc1,-0.1966648441252188,,,,,,,,,,,,,,,,0.0,0.0,0.0,0.0
CCCCCCCCCCCCCCOC(=O)CCN(CCC(=O)OCCCCCCCCCCCCCC)c1ccc2cc3ccccc3cc2c1,-1.2771475721062835,,,,,,,,,,,,,,,,0.0,0.0,0.0,0.0
CCCCCCCCCCCCCCOC(=O)CCN(CCC(=O)OCCCCCCCCCCCCCC)C1CCCC(N(CCC(=O)OCCCCCCCCCCCCCC)CCC(=O)OCCCCCCCCCCCCCC)C1,0.6892521540721785,,,,,,,,,,,,,,,,0.0,0.0,0.0,0.0
CCCCCCCCCCCCCCOC(=O)CCN(CCC(=O)OCCCCCCCCCCCCCC)c1ccccc1Cc1ccccc1,-0.575650182327586,,,,,,,,,,,,,,,,0.0,0.0,0.0,0.0
CCCCCCCCCCCCCCOC(=O)CCN(CCC(=O)OCCCCCCCCCCCCCC)CC(C)C,-0.3271491259924755,,,,,,,,,,,,,,,,0.0,0.0,0.0,0.0
CCCCCCCCCCCCCCOC(=O)CCN(CCC(=O)OCCCCCCCCCCCCCC)Cc1cccc(CN(CCC(=O)OCCCCCCCCCCCCCC)CCC(=O)OCCCCCCCCCCCCCC)c1,3.6672759008781495,,,,,,,,,,,,,,,,0.0,0.0,0.0,0.0
CCCCCCCCCCCCCCOC(=O)CCN(CCC(=O)OCCCCCCCCCCCCCC)CC1CCCCC1,-0.8512481772651952,,,,,,,,,,,,,,,,0.0,0.0,0.0,0.0
CCCCCCCCCCCCCCOC(=O)CCN(CCC(=O)OCCCCCCCCCCCCCC)Cc1ccccc1N(CCC(=O)OCCCCCCCCCCCCCC)CCC(=O)OCCCCCCCCCCCCCC,-1.2771475721062835,,,,,,,,,,,,,,,,0.0,0.0,0.0,0.0
CCCCCCCCCCCCCCOC(=O)CCN(CCC(=O)OCCCCCCCCCCCCCC)CC1CCCN1CCC(=O)OCCCCCCCCCCCCCC,-0.5859016596847196,,,,,,,,,,,,,,,,0.0,0.0,0.0,0.0
CCCCCCCCCCCCCCOC(=O)CCN(CCC(=O)OCCCCCCCCCCCCCC)Cc1nccn1C,0.3329796642525469,,,,,,,,,,,,,,,,0.0,0.0,0.0,0.0
CCCCCCCCCCCCCCOC(=O)CCN(CCC(=O)OCCCCCCCCCCCCCC)CCC(C)C,-0.5761416349041621,,,,,,,,,,,,,,,,0.0,0.0,0.0,0.0
CCCCCCCCCCCCCCOC(=O)CCN(CCC(=O)OCCCCCCCCCCCCCC)CCC1CCC(C)CC1,0.1576502319034739,,,,,,,,,,,,,,,,0.0,0.0,0.0,0.0
CCCCCCCCCCCCCCOC(=O)CCN(CCC(=O)OCCCCCCCCCCCCCC)CCc1ccc(OC)cc1,-0.6016767799045637,,,,,,,,,,,,,,,,0.0,0.0,0.0,0.0
CCCCCCCCCCCCCCOC(=O)CCN(CCC(=O)OCCCCCCCCCCCCCC)CCc1ccccc1F,-1.166544228948152,,,,,,,,,,,,,,,,0.0,0.0,0.0,0.0
CCCCCCCCCCCCCCOC(=O)CCN(CCC(=O)OCCCCCCCCCCCCCC)CCN(CCC(=O)OCCCCCCCCCCCCCC)CCC(=O)OCCCCCCCCCCCCCC,1.2324943300834157,,,,,,,,,,,,,,,,0.0,0.0,0.0,0.0
CCCCCCCCCCCCCCOC(=O)CCN(CCC(=O)OCCCCCCCCCCCCCC)CCN(CCC(=O)OCCCCCCCCCCCCCC)CCN(CCC(=O)OCCCCCCCCCCCCCC)CCC(=O)OCCCCCCCCCCCCCC,0.5779931909571382,,,,,,,,,,,,,,,,0.0,0.0,0.0,0.0
CCCCCCCCCCCCCCOC(=O)CCN(CCC(=O)OCCCCCCCCCCCCCC)CCN(CCC(=O)OCCCCCCCCCCCCCC)CCN(CCC(=O)OCCCCCCCCCCCCCC)CCN(CCC(=O)OCCCCCCCCCCCCCC)CCN(CCC(=O)OCCCCCCCCCCCCCC)CCC(=O)OCCCCCCCCCCCCCC,0.9715903622682512,,,,,,,,,,,,,,,,0.0,0.0,0.0,0.0
CCCCCCCCCCCCCCOC(=O)CCN(CCC(=O)OCCCCCCCCCCCCCC)CCN1CCCCC1,0.3812252722620003,,,,,,,,,,,,,,,,0.0,0.0,0.0,0.0
CCCCCCCCCCCCCCOC(=O)CCN(CCC)CCCN(CCC(=O)OCCCCCCCCCCCCCC)CCC(=O)OCCCCCCCCCCCCCC,-0.2391434415219033,,,,,,,,,,,,,,,,0.0,0.0,0.0,0.0
CCCCCCCCCCCCCCOC(=O)CCN(CCCCCCN(CCC(=O)OCCCCCCCCCCCCCC)CCC(=O)OCCCCCCCCCCCCCC)CCCCCCN(CCC(=O)OCCCCCCCCCCCCCC)CCC(=O)OCCCCCCCCCCCCCC,0.0256684362914563,,,,,,,,,,,,,,,,0.0,0.0,0.0,0.0
CCCCCCCCCCCCCCOC(=O)CCN(CCCN(C)C)CCC(=O)OCCCCCCCCCCCCCC,-0.6440780554132975,,,,,,,,,,,,,,,,0.0,0.0,0.0,0.0
CCCCCCCCCCCCCCOC(=O)CCN(CCCN(C)C)CCC(=O)OCCCCCCCCCCCCCC,-0.0190863085277553,,,,,,,,,,,,,,,,0.0,0.0,0.0,0.0
CCCCCCCCCCCCCCOC(=O)CCN(CCCN(C)CCCN(CCC(=O)OCCCCCCCCCCCCCC)CCC(=O)OCCCCCCCCCCCCCC)CCC(=O)OCCCCCCCCCCCCCC,4.181623818850717,,,,,,,,,,,,,,,,0.0,0.0,0.0,0.0
CCCCCCCCCCCCCCOC(=O)CCN(CCCN(CCC(=O)OCCCCCCCCCCCCCC)CCC(=O)OCCCCCCCCCCCCCC)CCCN(CCC(=O)OCCCCCCCCCCCCCC)CCC(=O)OCCCCCCCCCCCCCC,3.251894519086154,,,,,,,,,,,,,,,,0.0,0.0,0.0,0.0
CCCCCCCCCCCCCCOC(=O)CCN(CCCN(CCC(=O)OCCCCCCCCCCCCCC)CCN(CCC(=O)OCCCCCCCCCCCCCC)CCC(=O)OCCCCCCCCCCCCCC)CCN(CCC(=O)OCCCCCCCCCCCCCC)CCC(=O)OCCCCCCCCCCCCCC,-0.0644644230516747,,,,,,,,,,,,,,,,0.0,0.0,0.0,0.0
CCCCCCCCCCCCCCOC(=O)CCN(CCCn1ccnc1)CCC(=O)OCCCCCCCCCCCCCC,-0.4175512940244731,,,,,,,,,,,,,,,,0.0,0.0,0.0,0.0
CCCCCCCCCCCCCCOC(=O)CCN(CCN(CCC(=O)OCCCCCCCCCCCCCC)C(C)(C)C)C(C)(C)C,-0.3221761883886391,,,,,,,,,,,,,,,,0.0,0.0,0.0,0.0
CCCCCCCCCCCCCCOC(=O)CCN(CCN(CCC(=O)OCCCCCCCCCCCCCC)C(C)C)C(C)C,0.161324291792608,,,,,,,,,,,,,,,,0.0,0.0,0.0,0.0
CCCCCCCCCCCCCCOC(=O)CCN(CCO)CCN(CCC(=O)OCCCCCCCCCCCCCC)CCC(=O)OCCCCCCCCCCCCCC,1.9521333335327469,,,,,,,,,,,,,,,,0.0,0.0,0.0,0.0
CCCCCCCCCCCCCCOC(=O)CCN(CCO)CCN(CCO)CCC(=O)OCCCCCCCCCCCCCC,0.3026958008111232,,,,,,,,,,,,,,,,0.0,0.0,0.0,0.0
CCCCCCCCCCCCCCOC(=O)CCN(CCO)CCN(CCO)CCC(=O)OCCCCCCCCCCCCCC,-0.2098644227080859,,,,,,,,,,,,,,,,0.0,0.0,0.0,0.0
CCCCCCCCCCCCCCOC(=O)CCN(CCOCC)CCC(=O)OCCCCCCCCCCCCCC,-0.3832877685444546,,,,,,,,,,,,,,,,0.0,0.0,0.0,0.0
CCCCCCCCCCCCCCOC(=O)CCN(CCOCCO)CCC(=O)OCCCCCCCCCCCCCC,0.9976639397799254,,,,,,,,,,,,,,,,0.0,0.0,0.0,0.0
CCCCCCCCCCCCCCOC(=O)CCN1C(C)N(CCC(=O)OCCCCCCCCCCCCCC)C(C)N(CCC(=O)OCCCCCCCCCCCCCC)C1C,0.5301744336414779,,,,,,,,,,,,,,,,0.0,0.0,0.0,0.0
CCCCCCCCCCCCCCOC(=O)CCN1CCCCN(C)CCN(CCC(=O)OCCCCCCCCCCCCCC)CCCN(C)CC1,0.0766894504353925,,,,,,,,,,,,,,,,0.0,0.0,0.0,0.0
CCCCCCCCCCCCCCOC(=O)CCN1CCCN(CCC(=O)OCCCCCCCCCCCCCC)CCN(CCC(=O)OCCCCCCCCCCCCCC)CCN(CCC(=O)OCCCCCCCCCCCCCC)CC1,0.0442008874766965,,,,,,,,,,,,,,,,0.0,0.0,0.0,0.0
CCCCCCCCCCCCCOC(=O)CCN(C)CCN(C)CCC(=O)OCCCCCCCCCCCCC,-0.1013065315201167,,,,,,,,,,,,,,,,0.0,0.0,0.0,0.0
CCCCCCCCCCCCCOC(=O)CCN(C)CCOCCN(C)CCC(=O)OCCCCCCCCCCCCC,-0.0119995660708561,,,,,,,,,,,,,,,,0.0,0.0,0.0,0.0
CCCCCCCCCCCCCOC(=O)CCN(CCC(=O)OCCCCCCCCCCCCC)C(=O)C1CCCN1C,-0.040025416893181,,,,,,,,,,,,,,,,0.0,0.0,0.0,0.0
CCCCCCCCCCCCCOC(=O)CCN(CCC(=O)OCCCCCCCCCCCCC)C(C)(C)CC,-0.4830104562558257,,,,,,,,,,,,,,,,0.0,0.0,0.0,0.0
CCCCCCCCCCCCCOC(=O)CCN(CCC(=O)OCCCCCCCCCCCCC)C(c1ccccc1)c1ccccc1,-0.3422276813161339,,,,,,,,,,,,,,,,0.0,0.0,0.0,0.0
CCCCCCCCCCCCCOC(=O)CCN(CCC(=O)OCCCCCCCCCCCCC)C(CO)C(C)(C)C,-0.4876640937018237,,,,,,,,,,,,,,,,0.0,0.0,0.0,0.0
CCCCCCCCCCCCCOC(=O)CCN(CCC(=O)OCCCCCCCCCCCCC)C[C@H]1CCCN1CC,0.557472178964087,,,,,,,,,,,,,,,,0.0,0.0,0.0,0.0
CCCCCCCCCCCCCOC(=O)CCN(CCC(=O)OCCCCCCCCCCCCC)c1c(C)c(C)c(N(CCC(=O)OCCCCCCCCCCCCC)CCC(=O)OCCCCCCCCCCCCC)c(C)c1C,-0.767050658392243,,,,,,,,,,,,,,,,0.0,0.0,0.0,0.0
CCCCCCCCCCCCCOC(=O)CCN(CCC(=O)OCCCCCCCCCCCCC)C1CC1,-0.1560863340264247,,,,,,,,,,,,,,,,0.0,0.0,0.0,0.0
CCCCCCCCCCCCCOC(=O)CCN(CCC(=O)OCCCCCCCCCCCCC)c1ccc(-c2ccc(N(CCC(=O)OCCCCCCCCCCCCC)CCC(=O)OCCCCCCCCCCCCC)c(C)c2)cc1C,-0.3983865160563437,,,,,,,,,,,,,,,,0.0,0.0,0.0,0.0
CCCCCCCCCCCCCOC(=O)CCN(CCC(=O)OCCCCCCCCCCCCC)c1ccc(C(C)(C)C)cc1,-0.3913193455905177,,,,,,,,,,,,,,,,0.0,0.0,0.0,0.0
CCCCCCCCCCCCCOC(=O)CCN(CCC(=O)OCCCCCCCCCCCCC)c1ccc(Oc2ccc(F)cc2)cc1,-0.7553278944739984,,,,,,,,,,,,,,,,0.0,0.0,0.0,0.0
CCCCCCCCCCCCCOC(=O)CCN(CCC(=O)OCCCCCCCCCCCCC)c1ccc2cc3ccccc3cc2c1,-1.2771475721062835,,,,,,,,,,,,,,,,0.0,0.0,0.0,0.0
CCCCCCCCCCCCCOC(=O)CCN(CCC(=O)OCCCCCCCCCCCCC)C1CCCC(N(CCC(=O)OCCCCCCCCCCCCC)CCC(=O)OCCCCCCCCCCCCC)C1,0.7969638279824939,,,,,,,,,,,,,,,,0.0,0.0,0.0,0.0
CCCCCCCCCCCCCOC(=O)CCN(CCC(=O)OCCCCCCCCCCCCC)c1ccccc1Cc1ccccc1,-0.1402983089349528,,,,,,,,,,,,,,,,0.0,0.0,0.0,0.0
CCCCCCCCCCCCCOC(=O)CCN(CCC(=O)OCCCCCCCCCCCCC)CC(C)C,-0.2567154518106554,,,,,,,,,,,,,,,,0.0,0.0,0.0,0.0
CCCCCCCCCCCCCOC(=O)CCN(CCC(=O)OCCCCCCCCCCCCC)Cc1cccc(CN(CCC(=O)OCCCCCCCCCCCCC)CCC(=O)OCCCCCCCCCCCCC)c1,1.4166408489959603,,,,,,,,,,,,,,,,0.0,0.0,0.0,0.0
CCCCCCCCCCCCCOC(=O)CCN(CCC(=O)OCCCCCCCCCCCCC)CC1CCCCC1,-0.4998323321188951,,,,,,,,,,,,,,,,0.0,0.0,0.0,0.0
CCCCCCCCCCCCCOC(=O)CCN(CCC(=O)OCCCCCCCCCCCCC)Cc1ccccc1N(CCC(=O)OCCCCCCCCCCCCC)CCC(=O)OCCCCCCCCCCCCC,-1.0971955658400063,,,,,,,,,,,,,,,,0.0,0.0,0.0,0.0
CCCCCCCCCCCCCOC(=O)CCN(CCC(=O)OCCCCCCCCCCCCC)CC1CCCN1CCC(=O)OCCCCCCCCCCCCC,-0.5266923792608857,,,,,,,,,,,,,,,,0.0,0.0,0.0,0.0
CCCCCCCCCCCCCOC(=O)CCN(CCC(=O)OCCCCCCCCCCCCC)Cc1nccn1C,-0.0248263882716378,,,,,,,,,,,,,,,,0.0,0.0,0.0,0.0
CCCCCCCCCCCCCOC(=O)CCN(CCC(=O)OCCCCCCCCCCCCC)CCC(C)C,-0.6702510254829287,,,,,,,,,,,,,,,,0.0,0.0,0.0,0.0
CCCCCCCCCCCCCOC(=O)CCN(CCC(=O)OCCCCCCCCCCCCC)CCC1CCC(C)CC1,0.2451830995293722,,,,,,,,,,,,,,,,0.0,0.0,0.0,0.0
CCCCCCCCCCCCCOC(=O)CCN(CCC(=O)OCCCCCCCCCCCCC)CCc1ccc(OC)cc1,-0.812808506516272,,,,,,,,,,,,,,,,0.0,0.0,0.0,0.0
CCCCCCCCCCCCCOC(=O)CCN(CCC(=O)OCCCCCCCCCCCCC)CCc1ccccc1F,-0.8001525068883997,,,,,,,,,,,,,,,,0.0,0.0,0.0,0.0
CCCCCCCCCCCCCOC(=O)CCN(CCC(=O)OCCCCCCCCCCCCC)CCN(CCC(=O)OCCCCCCCCCCCCC)CCC(=O)OCCCCCCCCCCCCC,0.8326491971905989,,,,,,,,,,,,,,,,0.0,0.0,0.0,0.0
CCCCCCCCCCCCCOC(=O)CCN(CCC(=O)OCCCCCCCCCCCCC)CCN(CCC(=O)OCCCCCCCCCCCCC)CCN(CCC(=O)OCCCCCCCCCCCCC)CCC(=O)OCCCCCCCCCCCCC,0.7896300621903662,,,,,,,,,,,,,,,,0.0,0.0,0.0,0.0
CCCCCCCCCCCCCOC(=O)CCN(CCC(=O)OCCCCCCCCCCCCC)CCN(CCC(=O)OCCCCCCCCCCCCC)CCN(CCC(=O)OCCCCCCCCCCCCC)CCN(CCC(=O)OCCCCCCCCCCCCC)CCN(CCC(=O)OCCCCCCCCCCCCC)CCC(=O)OCCCCCCCCCCCCC,1.798042272567997,,,,,,,,,,,,,,,,0.0,0.0,0.0,0.0
CCCCCCCCCCCCCOC(=O)CCN(CCC(=O)OCCCCCCCCCCCCC)CCN1CCCCC1,0.3423323864766474,,,,,,,,,,,,,,,,0.0,0.0,0.0,0.0
CCCCCCCCCCCCCOC(=O)CCN(CCC)CCCN(CCC(=O)OCCCCCCCCCCCCC)CCC(=O)OCCCCCCCCCCCCC,-0.3410111347741174,,,,,,,,,,,,,,,,0.0,0.0,0.0,0.0
CCCCCCCCCCCCCOC(=O)CCN(CCCCCCN(CCC(=O)OCCCCCCCCCCCCC)CCC(=O)OCCCCCCCCCCCCC)CCCCCCN(CCC(=O)OCCCCCCCCCCCCC)CCC(=O)OCCCCCCCCCCCCC,-0.0410050004134791,,,,,,,,,,,,,,,,0.0,0.0,0.0,0.0
CCCCCCCCCCCCCOC(=O)CCN(CCCN(C)C)CCC(=O)OCCCCCCCCCCCCC,-0.6114347234465822,,,,,,,,,,,,,,,,0.0,0.0,0.0,0.0
CCCCCCCCCCCCCOC(=O)CCN(CCCN(C)C)CCC(=O)OCCCCCCCCCCCCC,0.7490592329948327,,,,,,,,,,,,,,,,0.0,0.0,0.0,0.0
CCCCCCCCCCCCCOC(=O)CCN(CCCN(C)CCCN(CCC(=O)OCCCCCCCCCCCCC)CCC(=O)OCCCCCCCCCCCCC)CCC(=O)OCCCCCCCCCCCCC,4.064084643901772,,,,,,,,,,,,,,,,0.0,0.0,0.0,0.0
CCCCCCCCCCCCCOC(=O)CCN(CCCN(CCC(=O)OCCCCCCCCCCCCC)CCC(=O)OCCCCCCCCCCCCC)CCCN(CCC(=O)OCCCCCCCCCCCCC)CCC(=O)OCCCCCCCCCCCCC,1.4197451921979627,,,,,,,,,,,,,,,,0.0,0.0,0.0,0.0
CCCCCCCCCCCCCOC(=O)CCN(CCCN(CCC(=O)OCCCCCCCCCCCCC)CCN(CCC(=O)OCCCCCCCCCCCCC)CCC(=O)OCCCCCCCCCCCCC)CCN(CCC(=O)OCCCCCCCCCCCCC)CCC(=O)OCCCCCCCCCCCCC,-0.3227030816547178,,,,,,,,,,,,,,,,0.0,0.0,0.0,0.0
CCCCCCCCCCCCCOC(=O)CCN(CCCn1ccnc1)CCC(=O)OCCCCCCCCCCCCC,-0.1028937532056797,,,,,,,,,,,,,,,,0.0,0.0,0.0,0.0
CCCCCCCCCCCCCOC(=O)CCN(CCN(CCC(=O)OCCCCCCCCCCCCC)C(C)(C)C)C(C)(C)C,-0.12844183289488,,,,,,,,,,,,,,,,0.0,0.0,0.0,0.0
CCCCCCCCCCCCCOC(=O)CCN(CCN(CCC(=O)OCCCCCCCCCCCCC)C(C)C)C(C)C,-0.6135713921064014,,,,,,,,,,,,,,,,0.0,0.0,0.0,0.0
CCCCCCCCCCCCCOC(=O)CCN(CCO)CCN(CCC(=O)OCCCCCCCCCCCCC)CCC(=O)OCCCCCCCCCCCCC,2.2086457985794268,,,,,,,,,,,,,,,,0.0,0.0,0.0,0.0
CCCCCCCCCCCCCOC(=O)CCN(CCO)CCN(CCO)CCC(=O)OCCCCCCCCCCCCC,0.4351345386059512,,,,,,,,,,,,,,,,0.0,0.0,0.0,0.0
CCCCCCCCCCCCCOC(=O)CCN(CCO)CCN(CCO)CCC(=O)OCCCCCCCCCCCCC,-0.7285285252750816,,,,,,,,,,,,,,,,0.0,0.0,0.0,0.0
CCCCCCCCCCCCCOC(=O)CCN(CCOCC)CCC(=O)OCCCCCCCCCCCCC,-0.446675716769863,,,,,,,,,,,,,,,,0.0,0.0,0.0,0.0
CCCCCCCCCCCCCOC(=O)CCN(CCOCCO)CCC(=O)OCCCCCCCCCCCCC,0.480249492741673,,,,,,,,,,,,,,,,0.0,0.0,0.0,0.0
CCCCCCCCCCCCCOC(=O)CCN1C(C)N(CCC(=O)OCCCCCCCCCCCCC)C(C)N(CCC(=O)OCCCCCCCCCCCCC)C1C,0.6091419193349865,,,,,,,,,,,,,,,,0.0,0.0,0.0,0.0
CCCCCCCCCCCCCOC(=O)CCN1CCCCN(C)CCN(CCC(=O)OCCCCCCCCCCCCC)CCCN(C)CC1,0.2163353562775309,,,,,,,,,,,,,,,,0.0,0.0,0.0,0.0
CCCCCCCCCCCCCOC(=O)CCN1CCCN(CCC(=O)OCCCCCCCCCCCCC)CCN(CCC(=O)OCCCCCCCCCCCCC)CCN(CCC(=O)OCCCCCCCCCCCCC)CC1,0.0758810234403194,,,,,,,,,,,,,,,,0.0,0.0,0.0,0.0
CCCCCCCCCCCCOC(=O)CCN(C)CCN(C)CCC(=O)OCCCCCCCCCCCC,-0.8034396174220315,,,,,,,,,,,,,,,,0.0,0.0,0.0,0.0
CCCCCCCCCCCCOC(=O)CCN(C)CCOCCN(C)CCC(=O)OCCCCCCCCCCCC,0.3144247786278135,,,,,,,,,,,,,,,,0.0,0.0,0.0,0.0
CCCCCCCCCCCCOC(=O)CCN(CCC(=O)OCCCCCCCCCCCC)C(=O)C1CCCN1C,-0.2003245023207388,,,,,,,,,,,,,,,,0.0,0.0,0.0,0.0
CCCCCCCCCCCCOC(=O)CCN(CCC(=O)OCCCCCCCCCCCC)C(C)(C)CC,-0.4125361412698731,,,,,,,,,,,,,,,,0.0,0.0,0.0,0.0
CCCCCCCCCCCCOC(=O)CCN(CCC(=O)OCCCCCCCCCCCC)C(c1ccccc1)c1ccccc1,-0.5348138908582508,,,,,,,,,,,,,,,,0.0,0.0,0.0,0.0
CCCCCCCCCCCCOC(=O)CCN(CCC(=O)OCCCCCCCCCCCC)C(CO)C(C)(C)C,-0.7807781619153068,,,,,,,,,,,,,,,,0.0,0.0,0.0,0.0
CCCCCCCCCCCCOC(=O)CCN(CCC(=O)OCCCCCCCCCCCC)C[C@H]1CCCN1CC,0.0656940764047585,,,,,,,,,,,,,,,,0.0,0.0,0.0,0.0
CCCCCCCCCCCCOC(=O)CCN(CCC(=O)OCCCCCCCCCCCC)c1c(C)c(C)c(N(CCC(=O)OCCCCCCCCCCCC)CCC(=O)OCCCCCCCCCCCC)c(C)c1C,-0.8656936782669907,,,,,,,,,,,,,,,,0.0,0.0,0.0,0.0
CCCCCCCCCCCCOC(=O)CCN(CCC(=O)OCCCCCCCCCCCC)C1CC1,-0.2698862448965969,,,,,,,,,,,,,,,,0.0,0.0,0.0,0.0
CCCCCCCCCCCCOC(=O)CCN(CCC(=O)OCCCCCCCCCCCC)c1ccc(-c2ccc(N(CCC(=O)OCCCCCCCCCCCC)CCC(=O)OCCCCCCCCCCCC)c(C)c2)cc1C,-0.4207480943104478,,,,,,,,,,,,,,,,0.0,0.0,0.0,0.0
CCCCCCCCCCCCOC(=O)CCN(CCC(=O)OCCCCCCCCCCCC)c1ccc(C(C)(C)C)cc1,-0.331617908904871,,,,,,,,,,,,,,,,0.0,0.0,0.0,0.0
CCCCCCCCCCCCOC(=O)CCN(CCC(=O)OCCCCCCCCCCCC)c1ccc(Oc2ccc(F)cc2)cc1,-1.2504308918861051,,,,,,,,,,,,,,,,0.0,0.0,0.0,0.0
CCCCCCCCCCCCOC(=O)CCN(CCC(=O)OCCCCCCCCCCCC)c1ccc2cc3ccccc3cc2c1,-1.2771475721062835,,,,,,,,,,,,,,,,0.0,0.0,0.0,0.0
CCCCCCCCCCCCOC(=O)CCN(CCC(=O)OCCCCCCCCCCCC)C1CCCC(N(CCC(=O)OCCCCCCCCCCCC)CCC(=O)OCCCCCCCCCCCC)C1,0.8888853538187593,,,,,,,,,,,,,,,,0.0,0.0,0.0,0.0
CCCCCCCCCCCCOC(=O)CCN(CCC(=O)OCCCCCCCCCCCC)c1ccccc1Cc1ccccc1,-0.0381712599655665,,,,,,,,,,,,,,,,0.0,0.0,0.0,0.0
CCCCCCCCCCCCOC(=O)CCN(CCC(=O)OCCCCCCCCCCCC)CC(C)C,-0.3091164105939274,,,,,,,,,,,,,,,,0.0,0.0,0.0,0.0
CCCCCCCCCCCCOC(=O)CCN(CCC(=O)OCCCCCCCCCCCC)Cc1cccc(CN(CCC(=O)OCCCCCCCCCCCC)CCC(=O)OCCCCCCCCCCCC)c1,3.6910883349677657,,,,,,,,,,,,,,,,0.0,0.0,0.0,0.0
CCCCCCCCCCCCOC(=O)CCN(CCC(=O)OCCCCCCCCCCCC)CC1CCCCC1,-0.1646737091041762,,,,,,,,,,,,,,,,0.0,0.0,0.0,0.0
CCCCCCCCCCCCOC(=O)CCN(CCC(=O)OCCCCCCCCCCCC)Cc1ccccc1N(CCC(=O)OCCCCCCCCCCCC)CCC(=O)OCCCCCCCCCCCC,-0.8401753620779264,,,,,,,,,,,,,,,,0.0,0.0,0.0,0.0
CCCCCCCCCCCCOC(=O)CCN(CCC(=O)OCCCCCCCCCCCC)CC1CCCN1CCC(=O)OCCCCCCCCCCCC,2.7368712660431846,,,,,,,,,,,,,,,,0.0,0.0,0.0,0.0
CCCCCCCCCCCCOC(=O)CCN(CCC(=O)OCCCCCCCCCCCC)Cc1nccn1C,-0.20372941453373,,,,,,,,,,,,,,,,0.0,0.0,0.0,0.0
CCCCCCCCCCCCOC(=O)CCN(CCC(=O)OCCCCCCCCCCCC)CCC(C)C,-0.9684185436255004,,,,,,,,,,,,,,,,0.0,0.0,0.0,0.0
CCCCCCCCCCCCOC(=O)CCN(CCC(=O)OCCCCCCCCCCCC)CCC1CCC(C)CC1,0.0140378014683025,,,,,,,,,,,,,,,,0.0,0.0,0.0,0.0
CCCCCCCCCCCCOC(=O)CCN(CCC(=O)OCCCCCCCCCCCC)CCc1ccc(OC)cc1,-0.9845661399460224,,,,,,,,,,,,,,,,0.0,0.0,0.0,0.0
CCCCCCCCCCCCOC(=O)CCN(CCC(=O)OCCCCCCCCCCCC)CCc1ccccc1F,-0.472915590607882,,,,,,,,,,,,,,,,0.0,0.0,0.0,0.0
CCCCCCCCCCCCOC(=O)CCN(CCC(=O)OCCCCCCCCCCCC)CCN(CCC(=O)OCCCCCCCCCCCC)CCC(=O)OCCCCCCCCCCCC,0.8800801702699679,,,,,,,,,,,,,,,,0.0,0.0,0.0,0.0
CCCCCCCCCCCCOC(=O)CCN(CCC(=O)OCCCCCCCCCCCC)CCN(CCC(=O)OCCCCCCCCCCCC)CCN(CCC(=O)OCCCCCCCCCCCC)CCC(=O)OCCCCCCCCCCCC,0.5961852970252176,,,,,,,,,,,,,,,,0.0,0.0,0.0,0.0
CCCCCCCCCCCCOC(=O)CCN(CCC(=O)OCCCCCCCCCCCC)CCN(CCC(=O)OCCCCCCCCCCCC)CCN(CCC(=O)OCCCCCCCCCCCC)CCN(CCC(=O)OCCCCCCCCCCCC)CCN(CCC(=O)OCCCCCCCCCCCC)CCC(=O)OCCCCCCCCCCCC,1.2251194881564578,,,,,,,,,,,,,,,,0.0,0.0,0.0,0.0
CCCCCCCCCCCCOC(=O)CCN(CCC(=O)OCCCCCCCCCCCC)CCN1CCCCC1,0.4735453701870406,,,,,,,,,,,,,,,,0.0,0.0,0.0,0.0
CCCCCCCCCCCCOC(=O)CCN(CCC)CCCN(CCC(=O)OCCCCCCCCCCCC)CCC(=O)OCCCCCCCCCCCC,-0.1886322234781693,,,,,,,,,,,,,,,,0.0,0.0,0.0,0.0
CCCCCCCCCCCCOC(=O)CCN(CCCCCCN(CCC(=O)OCCCCCCCCCCCC)CCC(=O)OCCCCCCCCCCCC)CCCCCCN(CCC(=O)OCCCCCCCCCCCC)CCC(=O)OCCCCCCCCCCCC,-0.0886879762956409,,,,,,,,,,,,,,,,0.0,0.0,0.0,0.0
CCCCCCCCCCCCOC(=O)CCN(CCCN(C)C)CCC(=O)OCCCCCCCCCCCC,-1.162746010358792,,,,,,,,,,,,,,,,0.0,0.0,0.0,0.0
CCCCCCCCCCCCOC(=O)CCN(CCCN(C)C)CCC(=O)OCCCCCCCCCCCC,0.0440532328456881,,,,,,,,,,,,,,,,0.0,0.0,0.0,0.0
CCCCCCCCCCCCOC(=O)CCN(CCCN(C)CCCN(CCC(=O)OCCCCCCCCCCCC)CCC(=O)OCCCCCCCCCCCC)CCC(=O)OCCCCCCCCCCCC,4.148872256516548,,,,,,,,,,,,,,,,0.0,0.0,0.0,0.0
CCCCCCCCCCCCOC(=O)CCN(CCCN(CCC(=O)OCCCCCCCCCCCC)CCC(=O)OCCCCCCCCCCCC)CCCN(CCC(=O)OCCCCCCCCCCCC)CCC(=O)OCCCCCCCCCCCC,0.5487493027342446,,,,,,,,,,,,,,,,0.0,0.0,0.0,0.0
CCCCCCCCCCCCOC(=O)CCN(CCCN(CCC(=O)OCCCCCCCCCCCC)CCN(CCC(=O)OCCCCCCCCCCCC)CCC(=O)OCCCCCCCCCCCC)CCN(CCC(=O)OCCCCCCCCCCCC)CCC(=O)OCCCCCCCCCCCC,-0.9629452261840776,,,,,,,,,,,,,,,,0.0,0.0,0.0,0.0
CCCCCCCCCCCCOC(=O)CCN(CCCn1ccnc1)CCC(=O)OCCCCCCCCCCCC,0.105870597366976,,,,,,,,,,,,,,,,0.0,0.0,0.0,0.0
CCCCCCCCCCCCOC(=O)CCN(CCN(CCC(=O)OCCCCCCCCCCCC)C(C)(C)C)C(C)(C)C,-0.3763090596616807,,,,,,,,,,,,,,,,0.0,0.0,0.0,0.0
CCCCCCCCCCCCOC(=O)CCN(CCN(CCC(=O)OCCCCCCCCCCCC)C(C)C)C(C)C,-0.6348900790226475,,,,,,,,,,,,,,,,0.0,0.0,0.0,0.0
CCCCCCCCCCCCOC(=O)CCN(CCO)CCN(CCC(=O)OCCCCCCCCCCCC)CCC(=O)OCCCCCCCCCCCC,1.6340077694767312,,,,,,,,,,,,,,,,0.0,0.0,0.0,0.0
CCCCCCCCCCCCOC(=O)CCN(CCO)CCN(CCO)CCC(=O)OCCCCCCCCCCCC,0.4945630110175611,,,,,,,,,,,,,,,,0.0,0.0,0.0,0.0
CCCCCCCCCCCCOC(=O)CCN(CCO)CCN(CCO)CCC(=O)OCCCCCCCCCCCC,-0.1267370361404575,,,,,,,,,,,,,,,,0.0,0.0,0.0,0.0
CCCCCCCCCCCCOC(=O)CCN(CCOCC)CCC(=O)OCCCCCCCCCCCC,-0.6505731774892165,,,,,,,,,,,,,,,,0.0,0.0,0.0,0.0
CCCCCCCCCCCCOC(=O)CCN(CCOCCO)CCC(=O)OCCCCCCCCCCCC,1.004559500499527,,,,,,,,,,,,,,,,0.0,0.0,0.0,0.0
CCCCCCCCCCCCOC(=O)CCN1C(C)N(CCC(=O)OCCCCCCCCCCCC)C(C)N(CCC(=O)OCCCCCCCCCCCC)C1C,0.8936890193425806,,,,,,,,,,,,,,,,0.0,0.0,0.0,0.0
CCCCCCCCCCCCOC(=O)CCN1CCCCN(C)CCN(CCC(=O)OCCCCCCCCCCCC)CCCN(C)CC1,-0.1960834450704723,,,,,,,,,,,,,,,,0.0,0.0,0.0,0.0
CCCCCCCCCCCCOC(=O)CCN1CCCN(CCC(=O)OCCCCCCCCCCCC)CCN(CCC(=O)OCCCCCCCCCCCC)CCN(CCC(=O)OCCCCCCCCCCCC)CC1,-0.3425713838467544,,,,,,,,,,,,,,,,0.0,0.0,0.0,0.0
CCCCCCCCCCCOC(=O)CCN(C)CCN(C)CCC(=O)OCCCCCCCCCCC,-0.7111348335960391,,,,,,,,,,,,,,,,0.0,0.0,0.0,0.0
CCCCCCCCCCCOC(=O)CCN(C)CCOCCN(C)CCC(=O)OCCCCCCCCCCC,0.8663276262866613,,,,,,,,,,,,,,,,0.0,0.0,0.0,0.0
CCCCCCCCCCCOC(=O)CCN(CCC(=O)OCCCCCCCCCCC)C(=O)C1CCCN1C,-0.2038629298622294,,,,,,,,,,,,,,,,0.0,0.0,0.0,0.0
CCCCCCCCCCCOC(=O)CCN(CCC(=O)OCCCCCCCCCCC)C(C)(C)CC,-0.2937676043587974,,,,,,,,,,,,,,,,0.0,0.0,0.0,0.0
CCCCCCCCCCCOC(=O)CCN(CCC(=O)OCCCCCCCCCCC)C(c1ccccc1)c1ccccc1,-1.0463311574418257,,,,,,,,,,,,,,,,0.0,0.0,0.0,0.0
CCCCCCCCCCCOC(=O)CCN(CCC(=O)OCCCCCCCCCCC)C(CO)C(C)(C)C,-1.1512526597545576,,,,,,,,,,,,,,,,0.0,0.0,0.0,0.0
CCCCCCCCCCCOC(=O)CCN(CCC(=O)OCCCCCCCCCCC)C[C@H]1CCCN1CC,0.1950611148364426,,,,,,,,,,,,,,,,0.0,0.0,0.0,0.0
CCCCCCCCCCCOC(=O)CCN(CCC(=O)OCCCCCCCCCCC)c1c(C)c(C)c(N(CCC(=O)OCCCCCCCCCCC)CCC(=O)OCCCCCCCCCCC)c(C)c1C,-1.0171066623069789,,,,,,,,,,,,,,,,0.0,0.0,0.0,0.0
CCCCCCCCCCCOC(=O)CCN(CCC(=O)OCCCCCCCCCCC)C1CC1,-0.2984898928594064,,,,,,,,,,,,,,,,0.0,0.0,0.0,0.0
CCCCCCCCCCCOC(=O)CCN(CCC(=O)OCCCCCCCCCCC)c1ccc(-c2ccc(N(CCC(=O)OCCCCCCCCCCC)CCC(=O)OCCCCCCCCCCC)c(C)c2)cc1C,-0.7067458712505276,,,,,,,,,,,,,,,,0.0,0.0,0.0,0.0
CCCCCCCCCCCOC(=O)CCN(CCC(=O)OCCCCCCCCCCC)c1ccc(C(C)(C)C)cc1,-0.5975602749411808,,,,,,,,,,,,,,,,0.0,0.0,0.0,0.0
CCCCCCCCCCCOC(=O)CCN(CCC(=O)OCCCCCCCCCCC)c1ccc(Oc2ccc(F)cc2)cc1,-1.0170488289220223,,,,,,,,,,,,,,,,0.0,0.0,0.0,0.0
CCCCCCCCCCCOC(=O)CCN(CCC(=O)OCCCCCCCCCCC)c1ccc2cc3ccccc3cc2c1,-1.2771475721062835,,,,,,,,,,,,,,,,0.0,0.0,0.0,0.0
CCCCCCCCCCCOC(=O)CCN(CCC(=O)OCCCCCCCCCCC)C1CCCC(N(CCC(=O)OCCCCCCCCCCC)CCC(=O)OCCCCCCCCCCC)C1,0.9334711426199692,,,,,,,,,,,,,,,,0.0,0.0,0.0,0.0
CCCCCCCCCCCOC(=O)CCN(CCC(=O)OCCCCCCCCCCC)c1ccccc1Cc1ccccc1,0.6035869207352064,,,,,,,,,,,,,,,,0.0,0.0,0.0,0.0
CCCCCCCCCCCOC(=O)CCN(CCC(=O)OCCCCCCCCCCC)CC(C)C,-0.4120277167595389,,,,,,,,,,,,,,,,0.0,0.0,0.0,0.0
CCCCCCCCCCCOC(=O)CCN(CCC(=O)OCCCCCCCCCCC)Cc1cccc(CN(CCC(=O)OCCCCCCCCCCC)CCC(=O)OCCCCCCCCCCC)c1,1.2926168985294488,,,,,,,,,,,,,,,,0.0,0.0,0.0,0.0
CCCCCCCCCCCOC(=O)CCN(CCC(=O)OCCCCCCCCCCC)CC1CCCCC1,-0.2563193485836427,,,,,,,,,,,,,,,,0.0,0.0,0.0,0.0
CCCCCCCCCCCOC(=O)CCN(CCC(=O)OCCCCCCCCCCC)Cc1ccccc1N(CCC(=O)OCCCCCCCCCCC)CCC(=O)OCCCCCCCCCCC,-0.9769135928148324,,,,,,,,,,,,,,,,0.0,0.0,0.0,0.0
CCCCCCCCCCCOC(=O)CCN(CCC(=O)OCCCCCCCCCCC)CC1CCCN1CCC(=O)OCCCCCCCCCCC,0.3994948075598455,,,,,,,,,,,,,,,,0.0,0.0,0.0,0.0
CCCCCCCCCCCOC(=O)CCN(CCC(=O)OCCCCCCCCCCC)Cc1nccn1C,-0.20372941453373,,,,,,,,,,,,,,,,0.0,0.0,0.0,0.0
CCCCCCCCCCCOC(=O)CCN(CCC(=O)OCCCCCCCCCCC)CCC(C)C,-0.7960942467869336,,,,,,,,,,,,,,,,0.0,0.0,0.0,0.0
CCCCCCCCCCCOC(=O)CCN(CCC(=O)OCCCCCCCCCCC)CCC1CCC(C)CC1,-0.0820626784143794,,,,,,,,,,,,,,,,0.0,0.0,0.0,0.0
CCCCCCCCCCCOC(=O)CCN(CCC(=O)OCCCCCCCCCCC)CCc1ccc(OC)cc1,-1.2771475721062835,,,,,,,,,,,,,,,,0.0,0.0,0.0,0.0
CCCCCCCCCCCOC(=O)CCN(CCC(=O)OCCCCCCCCCCC)CCc1ccccc1F,0.0741503573082993,,,,,,,,,,,,,,,,0.0,0.0,0.0,0.0
CCCCCCCCCCCOC(=O)CCN(CCC(=O)OCCCCCCCCCCC)CCN(CCC(=O)OCCCCCCCCCCC)CCC(=O)OCCCCCCCCCCC,2.437550205041011,,,,,,,,,,,,,,,,0.0,0.0,0.0,0.0
CCCCCCCCCCCOC(=O)CCN(CCC(=O)OCCCCCCCCCCC)CCN(CCC(=O)OCCCCCCCCCCC)CCN(CCC(=O)OCCCCCCCCCCC)CCC(=O)OCCCCCCCCCCC,0.3075725780383436,,,,,,,,,,,,,,,,0.0,0.0,0.0,0.0
CCCCCCCCCCCOC(=O)CCN(CCC(=O)OCCCCCCCCCCC)CCN(CCC(=O)OCCCCCCCCCCC)CCN(CCC(=O)OCCCCCCCCCCC)CCN(CCC(=O)OCCCCCCCCCCC)CCN(CCC(=O)OCCCCCCCCCCC)CCC(=O)OCCCCCCCCCCC,0.9804727484363088,,,,,,,,,,,,,,,,0.0,0.0,0.0,0.0
CCCCCCCCCCCOC(=O)CCN(CCC(=O)OCCCCCCCCCCC)CCN1CCCCC1,0.4790620179414243,,,,,,,,,,,,,,,,0.0,0.0,0.0,0.0
CCCCCCCCCCCOC(=O)CCN(CCC)CCCN(CCC(=O)OCCCCCCCCCCC)CCC(=O)OCCCCCCCCCCC,-0.0437549247935879,,,,,,,,,,,,,,,,0.0,0.0,0.0,0.0
CCCCCCCCCCCOC(=O)CCN(CCCCCCN(CCC(=O)OCCCCCCCCCCC)CCC(=O)OCCCCCCCCCCC)CCCCCCN(CCC(=O)OCCCCCCCCCCC)CCC(=O)OCCCCCCCCCCC,0.2109553308008694,,,,,,,,,,,,,,,,0.0,0.0,0.0,0.0
CCCCCCCCCCCOC(=O)CCN(CCCN(C)C)CCC(=O)OCCCCCCCCCCC,-0.5279899152028912,,,,,,,,,,,,,,,,0.0,0.0,0.0,0.0
CCCCCCCCCCCOC(=O)CCN(CCCN(C)C)CCC(=O)OCCCCCCCCCCC,0.2392835217741431,,,,,,,,,,,,,,,,0.0,0.0,0.0,0.0
CCCCCCCCCCCOC(=O)CCN(CCCN(C)CCCN(CCC(=O)OCCCCCCCCCCC)CCC(=O)OCCCCCCCCCCC)CCC(=O)OCCCCCCCCCCC,3.877054094900633,,,,,,,,,,,,,,,,0.0,0.0,0.0,0.0
CCCCCCCCCCCOC(=O)CCN(CCCN(CCC(=O)OCCCCCCCCCCC)CCC(=O)OCCCCCCCCCCC)CCCN(CCC(=O)OCCCCCCCCCCC)CCC(=O)OCCCCCCCCCCC,1.8563479674770889,,,,,,,,,,,,,,,,0.0,0.0,0.0,0.0
CCCCCCCCCCCOC(=O)CCN(CCCN(CCC(=O)OCCCCCCCCCCC)CCN(CCC(=O)OCCCCCCCCCCC)CCC(=O)OCCCCCCCCCCC)CCN(CCC(=O)OCCCCCCCCCCC)CCC(=O)OCCCCCCCCCCC,-0.0789633922045861,,,,,,,,,,,,,,,,0.0,0.0,0.0,0.0
CCCCCCCCCCCOC(=O)CCN(CCCn1ccnc1)CCC(=O)OCCCCCCCCCCC,-0.1963988332154697,,,,,,,,,,,,,,,,0.0,0.0,0.0,0.0
CCCCCCCCCCCOC(=O)CCN(CCN(CCC(=O)OCCCCCCCCCCC)C(C)(C)C)C(C)(C)C,-0.2402450488329805,,,,,,,,,,,,,,,,0.0,0.0,0.0,0.0
CCCCCCCCCCCOC(=O)CCN(CCN(CCC(=O)OCCCCCCCCCCC)C(C)C)C(C)C,-0.2189365414989288,,,,,,,,,,,,,,,,0.0,0.0,0.0,0.0
CCCCCCCCCCCOC(=O)CCN(CCO)CCN(CCC(=O)OCCCCCCCCCCC)CCC(=O)OCCCCCCCCCCC,0.8686634736490524,,,,,,,,,,,,,,,,0.0,0.0,0.0,0.0
CCCCCCCCCCCOC(=O)CCN(CCO)CCN(CCO)CCC(=O)OCCCCCCCCCCC,0.7856591425463212,,,,,,,,,,,,,,,,0.0,0.0,0.0,0.0
CCCCCCCCCCCOC(=O)CCN(CCO)CCN(CCO)CCC(=O)OCCCCCCCCCCC,0.3289816765806282,,,,,,,,,,,,,,,,0.0,0.0,0.0,0.0
CCCCCCCCCCCOC(=O)CCN(CCOCC)CCC(=O)OCCCCCCCCCCC,-0.4880522476710361,,,,,,,,,,,,,,,,0.0,0.0,0.0,0.0
CCCCCCCCCCCOC(=O)CCN(CCOCCO)CCC(=O)OCCCCCCCCCCC,0.8530891899664903,,,,,,,,,,,,,,,,0.0,0.0,0.0,0.0
CCCCCCCCCCCOC(=O)CCN1C(C)N(CCC(=O)OCCCCCCCCCCC)C(C)N(CCC(=O)OCCCCCCCCCCC)C1C,0.7488246136027586,,,,,,,,,,,,,,,,0.0,0.0,0.0,0.0
CCCCCCCCCCCOC(=O)CCN1CCCCN(C)CCN(CCC(=O)OCCCCCCCCCCC)CCCN(C)CC1,-0.2222885282333175,,,,,,,,,,,,,,,,0.0,0.0,0.0,0.0
CCCCCCCCCCCOC(=O)CCN1CCCN(CCC(=O)OCCCCCCCCCCC)CCN(CCC(=O)OCCCCCCCCCCC)CCN(CCC(=O)OCCCCCCCCCCC)CC1,0.6331580583737388,,,,,,,,,,,,,,,,0.0,0.0,0.0,0.0
CCCCCCCCCCOC(=O)CCN(C)CCN(C)CCC(=O)OCCCCCCCCCC,-0.5065384226068166,,,,,,,,,,,,,,,,0.0,0.0,0.0,0.0
CCCCCCCCCCOC(=O)CCN(C)CCOCCN(C)CCC(=O)OCCCCCCCCCC,0.6820734852769516,,,,,,,,,,,,,,,,0.0,0.0,0.0,0.0
CCCCCCCCCCOC(=O)CCN(CCC(=O)OCCCCCCCCCC)C(=O)C1CCCN1C,-0.2349288917366945,,,,,,,,,,,,,,,,0.0,0.0,0.0,0.0
CCCCCCCCCCOC(=O)CCN(CCC(=O)OCCCCCCCCCC)C(C)(C)CC,-0.2410672513610759,,,,,,,,,,,,,,,,0.0,0.0,0.0,0.0
CCCCCCCCCCOC(=O)CCN(CCC(=O)OCCCCCCCCCC)C(C)(C)CC,-0.647755210324786,,,,,,,,,,,,,,,,0.0,0.0,0.0,0.0
CCCCCCCCCCOC(=O)CCN(CCC(=O)OCCCCCCCCCC)C(c1ccccc1)c1ccccc1,-1.2771475721062835,,,,,,,,,,,,,,,,0.0,0.0,0.0,0.0
CCCCCCCCCCOC(=O)CCN(CCC(=O)OCCCCCCCCCC)C(CO)C(C)(C)C,-1.2417675545834028,,,,,,,,,,,,,,,,0.0,0.0,0.0,0.0
CCCCCCCCCCOC(=O)CCN(CCC(=O)OCCCCCCCCCC)C[C@H]1CCCN1CC,-0.2814106292124537,,,,,,,,,,,,,,,,0.0,0.0,0.0,0.0
CCCCCCCCCCOC(=O)CCN(CCC(=O)OCCCCCCCCCC)c1c(C)c(C)c(N(CCC(=O)OCCCCCCCCCC)CCC(=O)OCCCCCCCCCC)c(C)c1C,-1.0104137688989616,,,,,,,,,,,,,,,,0.0,0.0,0.0,0.0
CCCCCCCCCCOC(=O)CCN(CCC(=O)OCCCCCCCCCC)C1CC1,-0.1835888040454199,,,,,,,,,,,,,,,,0.0,0.0,0.0,0.0
CCCCCCCCCCOC(=O)CCN(CCC(=O)OCCCCCCCCCC)c1ccc(-c2ccc(N(CCC(=O)OCCCCCCCCCC)CCC(=O)OCCCCCCCCCC)c(C)c2)cc1C,-0.6343146732192806,,,,,,,,,,,,,,,,0.0,0.0,0.0,0.0
CCCCCCCCCCOC(=O)CCN(CCC(=O)OCCCCCCCCCC)c1ccc(C(C)(C)C)cc1,-0.8185205879365445,,,,,,,,,,,,,,,,0.0,0.0,0.0,0.0
CCCCCCCCCCOC(=O)CCN(CCC(=O)OCCCCCCCCCC)c1ccc(Oc2ccc(F)cc2)cc1,-0.5726596631943257,,,,,,,,,,,,,,,,0.0,0.0,0.0,0.0
CCCCCCCCCCOC(=O)CCN(CCC(=O)OCCCCCCCCCC)c1ccc2cc3ccccc3cc2c1,-1.2771475721062835,,,,,,,,,,,,,,,,0.0,0.0,0.0,0.0
CCCCCCCCCCOC(=O)CCN(CCC(=O)OCCCCCCCCCC)C1CCCC(N(CCC(=O)OCCCCCCCCCC)CCC(=O)OCCCCCCCCCC)C1,1.3152618711040205,,,,,,,,,,,,,,,,0.0,0.0,0.0,0.0
CCCCCCCCCCOC(=O)CCN(CCC(=O)OCCCCCCCCCC)c1ccccc1Cc1ccccc1,0.3226958412282649,,,,,,,,,,,,,,,,0.0,0.0,0.0,0.0
CCCCCCCCCCOC(=O)CCN(CCC(=O)OCCCCCCCCCC)CC(C)C,-0.5982566430440376,,,,,,,,,,,,,,,,0.0,0.0,0.0,0.0
CCCCCCCCCCOC(=O)CCN(CCC(=O)OCCCCCCCCCC)Cc1cccc(CN(CCC(=O)OCCCCCCCCCC)CCC(=O)OCCCCCCCCCC)c1,0.6022780602316389,,,,,,,,,,,,,,,,0.0,0.0,0.0,0.0
CCCCCCCCCCOC(=O)CCN(CCC(=O)OCCCCCCCCCC)CC1CCCCC1,-0.3294840967300378,,,,,,,,,,,,,,,,0.0,0.0,0.0,0.0
CCCCCCCCCCOC(=O)CCN(CCC(=O)OCCCCCCCCCC)Cc1ccccc1N(CCC(=O)OCCCCCCCCCC)CCC(=O)OCCCCCCCCCC,-0.4227608487708437,,,,,,,,,,,,,,,,0.0,0.0,0.0,0.0
CCCCCCCCCCOC(=O)CCN(CCC(=O)OCCCCCCCCCC)CC1CCCN1CCC(=O)OCCCCCCCCCC,0.2912167385952527,,,,,,,,,,,,,,,,0.0,0.0,0.0,0.0
CCCCCCCCCCOC(=O)CCN(CCC(=O)OCCCCCCCCCC)Cc1nccn1C,-0.9789758616694632,,,,,,,,,,,,,,,,0.0,0.0,0.0,0.0
CCCCCCCCCCOC(=O)CCN(CCC(=O)OCCCCCCCCCC)CCC1CCC(C)CC1,-0.0305205734258496,,,,,,,,,,,,,,,,0.0,0.0,0.0,0.0
CCCCCCCCCCOC(=O)CCN(CCC(=O)OCCCCCCCCCC)CCc1ccc(OC)cc1,-1.2771475721062835,,,,,,,,,,,,,,,,0.0,0.0,0.0,0.0
CCCCCCCCCCOC(=O)CCN(CCC(=O)OCCCCCCCCCC)CCc1ccccc1F,0.1462761619102825,,,,,,,,,,,,,,,,0.0,0.0,0.0,0.0
CCCCCCCCCCOC(=O)CCN(CCC(=O)OCCCCCCCCCC)CCN(CCC(=O)OCCCCCCCCCC)CCC(=O)OCCCCCCCCCC,0.6946204256200145,,,,,,,,,,,,,,,,0.0,0.0,0.0,0.0
CCCCCCCCCCOC(=O)CCN(CCC(=O)OCCCCCCCCCC)CCN(CCC(=O)OCCCCCCCCCC)CCN(CCC(=O)OCCCCCCCCCC)CCC(=O)OCCCCCCCCCC,0.4871232272920705,,,,,,,,,,,,,,,,0.0,0.0,0.0,0.0
CCCCCCCCCCOC(=O)CCN(CCC(=O)OCCCCCCCCCC)CCN(CCC(=O)OCCCCCCCCCC)CCN(CCC(=O)OCCCCCCCCCC)CCN(CCC(=O)OCCCCCCCCCC)CCN(CCC(=O)OCCCCCCCCCC)CCC(=O)OCCCCCCCCCC,0.9370530853408806,,,,,,,,,,,,,,,,0.0,0.0,0.0,0.0
CCCCCCCCCCOC(=O)CCN(CCC(=O)OCCCCCCCCCC)CCN1CCCCC1,0.2371868916116014,,,,,,,,,,,,,,,,0.0,0.0,0.0,0.0
CCCCCCCCCCOC(=O)CCN(CCC)CCCN(CCC(=O)OCCCCCCCCCC)CCC(=O)OCCCCCCCCCC,-0.2544555786000836,,,,,,,,,,,,,,,,0.0,0.0,0.0,0.0
CCCCCCCCCCOC(=O)CCN(CCCCCCN(CCC(=O)OCCCCCCCCCC)CCC(=O)OCCCCCCCCCC)CCCCCCN(CCC(=O)OCCCCCCCCCC)CCC(=O)OCCCCCCCCCC,-0.0244546635636704,,,,,,,,,,,,,,,,0.0,0.0,0.0,0.0
CCCCCCCCCCOC(=O)CCN(CCCN(C)C)CCC(=O)OCCCCCCCCCC,-0.1649076427013165,,,,,,,,,,,,,,,,0.0,0.0,0.0,0.0
CCCCCCCCCCOC(=O)CCN(CCCN(C)C)CCC(=O)OCCCCCCCCCC,0.1068819182841329,,,,,,,,,,,,,,,,0.0,0.0,0.0,0.0
CCCCCCCCCCOC(=O)CCN(CCCN(C)CCCN(CCC(=O)OCCCCCCCCCC)CCC(=O)OCCCCCCCCCC)CCC(=O)OCCCCCCCCCC,3.8911005467389166,,,,,,,,,,,,,,,,0.0,0.0,0.0,0.0
CCCCCCCCCCOC(=O)CCN(CCCN(CCC(=O)OCCCCCCCCCC)CCC(=O)OCCCCCCCCCC)CCCN(CCC(=O)OCCCCCCCCCC)CCC(=O)OCCCCCCCCCC,2.3123013771148937,,,,,,,,,,,,,,,,0.0,0.0,0.0,0.0
CCCCCCCCCCOC(=O)CCN(CCCN(CCC(=O)OCCCCCCCCCC)CCN(CCC(=O)OCCCCCCCCCC)CCC(=O)OCCCCCCCCCC)CCN(CCC(=O)OCCCCCCCCCC)CCC(=O)OCCCCCCCCCC,0.4554365017336469,,,,,,,,,,,,,,,,0.0,0.0,0.0,0.0
CCCCCCCCCCOC(=O)CCN(CCCn1ccnc1)CCC(=O)OCCCCCCCCCC,-0.1638946639494495,,,,,,,,,,,,,,,,0.0,0.0,0.0,0.0
CCCCCCCCCCOC(=O)CCN(CCN(CCC(=O)OCCCCCCCCCC)C(C)(C)C)C(C)(C)C,-0.3897261008364037,,,,,,,,,,,,,,,,0.0,0.0,0.0,0.0
CCCCCCCCCCOC(=O)CCN(CCN(CCC(=O)OCCCCCCCCCC)C(C)C)C(C)C,-0.0263480658518126,,,,,,,,,,,,,,,,0.0,0.0,0.0,0.0
CCCCCCCCCCOC(=O)CCN(CCO)CCN(CCC(=O)OCCCCCCCCCC)CCC(=O)OCCCCCCCCCC,0.970742797254466,,,,,,,,,,,,,,,,0.0,0.0,0.0,0.0
CCCCCCCCCCOC(=O)CCN(CCO)CCN(CCO)CCC(=O)OCCCCCCCCCC,1.1264540636593878,,,,,,,,,,,,,,,,0.0,0.0,0.0,0.0
CCCCCCCCCCOC(=O)CCN(CCO)CCN(CCO)CCC(=O)OCCCCCCCCCC,0.5102394364012507,,,,,,,,,,,,,,,,0.0,0.0,0.0,0.0
CCCCCCCCCCOC(=O)CCN(CCOCC)CCC(=O)OCCCCCCCCCC,-0.3583955234957943,,,,,,,,,,,,,,,,0.0,0.0,0.0,0.0
CCCCCCCCCCOC(=O)CCN(CCOCCO)CCC(=O)OCCCCCCCCCC,0.0024622747406715,,,,,,,,,,,,,,,,0.0,0.0,0.0,0.0
CCCCCCCCCCOC(=O)CCN1C(C)N(CCC(=O)OCCCCCCCCCC)C(C)N(CCC(=O)OCCCCCCCCCC)C1C,-0.0218048354267551,,,,,,,,,,,,,,,,0.0,0.0,0.0,0.0
CCCCCCCCCCOC(=O)CCN1CCCCN(C)CCN(CCC(=O)OCCCCCCCCCC)CCCN(C)CC1,-0.8480727022199508,,,,,,,,,,,,,,,,0.0,0.0,0.0,0.0
CCCCCCCCCCOC(=O)CCN1CCCN(CCC(=O)OCCCCCCCCCC)CCN(CCC(=O)OCCCCCCCCCC)CCN(CCC(=O)OCCCCCCCCCC)CC1,0.0156065663249896,,,,,,,,,,,,,,,,0.0,0.0,0.0,0.0
CCCCCCCCCCOC(=O)CCN(C)CCOCCN(C)CCC(=O)OCCCCCCCCCC,-0.9036949108695278,,,,,,,,,,,,,,,,0.0,0.0,0.0,0.0
CCCCCCCCCCCOC(=O)CCN(C)CCOCCN(C)CCC(=O)OCCCCCCCCCCC,-1.423253081102549,,,,,,,,,,,,,,,,0.0,0.0,0.0,0.0
CCCCCCCCCCCCCOC(=O)CCN(CCCN(C)C)CCC(=O)OCCCCCCCCCCCCC,-0.4597564446209741,,,,,,,,,,,,,,,,0.0,0.0,0.0,0.0
CCCCCCCCCCCOC(=O)CCN(CCC(=O)OCCCCCCCCCCC)CCN(CCC(=O)OCCCCCCCCCCC)CCC(=O)OCCCCCCCCCCC,-0.0701870730558723,,,,,,,,,,,,,,,,0.0,0.0,0.0,0.0
CCCCCCCCCCCOC(=O)CCN(CCO)CCN(CCC(=O)OCCCCCCCCCCC)CCC(=O)OCCCCCCCCCCC,-0.9233384721164444,,,,,,,,,,,,,,,,0.0,0.0,0.0,0.0
CCCCCCCCCCCCOC(=O)CCN(CCO)CCN(CCC(=O)OCCCCCCCCCCCC)CCC(=O)OCCCCCCCCCCCC,-0.9868875904574442,,,,,,,,,,,,,,,,0.0,0.0,0.0,0.0
CCCCCCCCCCCCCOC(=O)CCN(CCO)CCN(CCC(=O)OCCCCCCCCCCCCC)CCC(=O)OCCCCCCCCCCCCC,-0.2145990043651244,,,,,,,,,,,,,,,,0.0,0.0,0.0,0.0
CCCCCCCCCCCCOC(=O)CCN(CCC(=O)OCCCCCCCCCCCC)CC1CCCN1CCC(=O)OCCCCCCCCCCCC,-0.922405564163292,,,,,,,,,,,,,,,,0.0,0.0,0.0,0.0
CCCCCCCCCCCCCCOC(=O)CCN(CCOCCO)CCC(=O)OCCCCCCCCCCCCCC,-1.070606114747828,,,,,,,,,,,,,,,,0.0,0.0,0.0,0.0
CCCCCCCCCCOC(=O)CCN(CCCN(C)CCCN(CCC(=O)OCCCCCCCCCC)CCC(=O)OCCCCCCCCCC)CCC(=O)OCCCCCCCCCC,1.3368205728273057,,,,,,,,,,,,,,,,0.0,0.0,0.0,0.0
CCCCCCCCCCCOC(=O)CCN(CCCN(C)CCCN(CCC(=O)OCCCCCCCCCCC)CCC(=O)OCCCCCCCCCCC)CCC(=O)OCCCCCCCCCCC,1.2955434332486473,,,,,,,,,,,,,,,,0.0,0.0,0.0,0.0
CCCCCCCCCCCCOC(=O)CCN(CCCN(C)CCCN(CCC(=O)OCCCCCCCCCCCC)CCC(=O)OCCCCCCCCCCCC)CCC(=O)OCCCCCCCCCCCC,1.3291929152872295,,,,,,,,,,,,,,,,0.0,0.0,0.0,0.0
CCCCCCCCCCCCCOC(=O)CCN(CCCN(C)CCCN(CCC(=O)OCCCCCCCCCCCCC)CCC(=O)OCCCCCCCCCCCCC)CCC(=O)OCCCCCCCCCCCCC,1.3455989154726795,,,,,,,,,,,,,,,,0.0,0.0,0.0,0.0
CCCCCCCCCCCCCCOC(=O)CCN(CCCN(C)CCCN(CCC(=O)OCCCCCCCCCCCCCC)CCC(=O)OCCCCCCCCCCCCCC)CCC(=O)OCCCCCCCCCCCCCC,-0.4064721280595083,,,,,,,,,,,,,,,,0.0,0.0,0.0,0.0
CCCCCCCCCCOC(=O)CCN(CCC(=O)OCCCCCCCCCC)Cc1cccc(CN(CCC(=O)OCCCCCCCCCC)CCC(=O)OCCCCCCCCCC)c1,-1.127691587719257,,,,,,,,,,,,,,,,0.0,0.0,0.0,0.0
CCCCCCCCCCCOC(=O)CCN(CCC(=O)OCCCCCCCCCCC)Cc1cccc(CN(CCC(=O)OCCCCCCCCCCC)CCC(=O)OCCCCCCCCCCC)c1,-0.9355419106860092,,,,,,,,,,,,,,,,0.0,0.0,0.0,0.0
CCCCCCCCCCCCOC(=O)CCN(CCC(=O)OCCCCCCCCCCCC)Cc1cccc(CN(CCC(=O)OCCCCCCCCCCCC)CCC(=O)OCCCCCCCCCCCC)c1,0.927918171077763,,,,,,,,,,,,,,,,0.0,0.0,0.0,0.0
CCCCCCCCCCCCCOC(=O)CCN(CCC(=O)OCCCCCCCCCCCCC)Cc1cccc(CN(CCC(=O)OCCCCCCCCCCCCC)CCC(=O)OCCCCCCCCCCCCC)c1,-0.4410445327938267,,,,,,,,,,,,,,,,0.0,0.0,0.0,0.0
CCCCCCCCCCCCCOC(=O)CCN(CCC(=O)OCCCCCCCCCCCCC)CCN(C)CCN(CCC)CCN(CCC(=O)OCCCCCCCCCCCCC)CCC(=O)OCCCCCCCCCCCCC,1.3017828829458191,,,,,,,,,,,,,,,,0.0,0.0,0.0,0.0
CCCCCCCCCCCCCOC(=O)CCN(CCC(=O)OCCCCCCCCCCCCC)CCN(CCN(CCN(CCC(=O)OCCCCCCCCCCCCC)CCC(=O)OCCCCCCCCCCCCC)C1CCCCC1)C(C)CC,-1.039713369752859,,,,,,,,,,,,,,,,0.0,0.0,0.0,0.0
CCCCCCCCCCCCCOC(=O)CCN(CCC(=O)OCCCCCCCCCCCCC)CCN(C)CCN(CCN(C)CCN(CCC(=O)OCCCCCCCCCCCCC)CCC(=O)OCCCCCCCCCCCCC)CCN(C)CCN(CCC(=O)OCCCCCCCCCCCCC)CCC(=O)OCCCCCCCCCCCCC,1.3039268320520427,,,,,,,,,,,,,,,,0.0,0.0,0.0,0.0
C1(C(=O)OCC)N=CC(CCCCCCC/C=C\CCCCCCCC)(CCCCCCC/C=C\CCCCCCCC)N1(CCN(CC)CC),3.1578511401240577,,,,,,,,,,,,,,,,0.0,0.0,0.0,0.0
N(CC(=O)OCC)C(=O)C(CCCCCCC/C=C\CCCCCCCC)(CCCCCCC/C=C\CCCCCCCC)N(C)CCCN(C)C,-0.4447941022570071,,,,,,,,,,,,,,,,0.0,0.0,0.0,0.0
C1(C(=O)OC(C)(C)C)N=CC(CCCCCCC/C=C\CCCCCCCC)(CCCCCCC/C=C\CCCCCCCC)N1(CCN(CC)CC),3.844042837340338,,,,,,,,,,,,,,,,0.0,0.0,0.0,0.0
N(CS(=O)(=O)c3ccc(C)cc3)C(=O)C(CCCCCCC/C=C\CCCCCCCC)(CCCCCCC/C=C\CCCCCCCC)NCCN(CC)CC,3.737306235953092,,,,,,,,,,,,,,,,0.0,0.0,0.0,0.0
N(CS(=O)(=O)c3ccc(C)cc3)C(=O)C(CCCCCCC/C=C\CCCCCCCC)(CCCCCCC/C=C\CCCCCCCC)N(C)CCCN(C)C,1.6371113973818932,,,,,,,,,,,,,,,,0.0,0.0,0.0,0.0
N(CC(=O)OC(C)(C)C)C(=O)C(CCCCCCC/C=C\CCCCCCCC)(CCCCCCC/C=C\CCCCCCCC)N(C)CCCN(C)C,0.3741998321533903,,,,,,,,,,,,,,,,0.0,0.0,0.0,0.0
N(C(C)(C)C)C(=O)C(CCCCCCC/C=C\CCCCCCCC)(CCCCCCC/C=C\CCCCCCCC)NCCN(CC)CC,-0.1776085883375013,,,,,,,,,,,,,,,,0.0,0.0,0.0,0.0
N(CCCC)C(=O)C(CCCCCCC/C=C\CCCCCCCC)(CCCCCCC/C=C\CCCCCCCC)NCCN(CC)CC,-0.4887161307401817,,,,,,,,,,,,,,,,0.0,0.0,0.0,0.0
N(CCCCC)C(=O)C(CCCCCCC/C=C\CCCCCCCC)(CCCCCCC/C=C\CCCCCCCC)NCCN(CC)CC,-0.3798215432006214,,,,,,,,,,,,,,,,0.0,0.0,0.0,0.0
C1(C(=O)OC)N=CC(CCCCCCC/C=C\CCCCCCCC)(CCCCCCC/C=C\CCCCCCCC)N1(CCN(CC)CC),0.7495681917267364,,,,,,,,,,,,,,,,0.0,0.0,0.0,0.0
C1(C)(C(=O)OC(C)(C)C)N=CC(CCCCCCC/C=C\CCCCCCCC)(CCCCCCC/C=C\CCCCCCCC)N1(CCN(CC)CC),1.4804710156188126,,,,,,,,,,,,,,,,0.0,0.0,0.0,0.0
C1(CC(=O)OCC)N=CC(CCCCCCC/C=C\CCCCCCCC)(CCCCCCC/C=C\CCCCCCCC)N1(CCN(CC)CC),0.1774430839853988,,,,,,,,,,,,,,,,0.0,0.0,0.0,0.0
N(C3CCCCC3)C(=O)C(CCCCCCC/C=C\CCCCCCCC)(CCCCCCC/C=C\CCCCCCCC)NCCN(CC)CC,-0.7751666233287845,,,,,,,,,,,,,,,,0.0,0.0,0.0,0.0
N(C(C)(C)C)C(=O)C(CCCCCCCCCC)(CCCCCCCCCC)NCCN(CC)CC,1.474084304449384,,,,,,,,,,,,,,,,0.0,0.0,0.0,0.0
N(CCCC)C(=O)C(CCCCCCCCCC)(CCCCCCCCCC)NCCN(CC)CC,1.336896755906818,,,,,,,,,,,,,,,,0.0,0.0,0.0,0.0
N(CCCCC)C(=O)C(CCCCCCCCCC)(CCCCCCCCCC)NCCN(CC)CC,1.0150417332373491,,,,,,,,,,,,,,,,0.0,0.0,0.0,0.0
C1(C(=O)OC)N=CC(CCCCCCCCCC)(CCCCCCCCCC)N1(CCN(CC)CC),-0.3897872988066925,,,,,,,,,,,,,,,,0.0,0.0,0.0,0.0
C1(C(=O)OCC)N=CC(CCCCCCCCCC)(CCCCCCCCCC)N1(CCN(CC)CC),1.8567638689543249,,,,,,,,,,,,,,,,0.0,0.0,0.0,0.0
C1(C(=O)OC(C)(C)C)N=CC(CCCCCCCCCC)(CCCCCCCCCC)N1(CCN(CC)CC),3.323535608995649,,,,,,,,,,,,,,,,0.0,0.0,0.0,0.0
C1(C)(C(=O)OC(C)(C)C)N=CC(CCCCCCCCCC)(CCCCCCCCCC)N1(CCN(CC)CC),-0.9342693598612196,,,,,,,,,,,,,,,,0.0,0.0,0.0,0.0
C1(CC(=O)OCC)N=CC(CCCCCCCCCC)(CCCCCCCCCC)N1(CCN(CC)CC),-0.6508203430701963,,,,,,,,,,,,,,,,0.0,0.0,0.0,0.0
N(CS(=O)(=O)c3ccc(C)cc3)C(=O)C(CCCCCCCCCC)(CCCCCCCCCC)NCCN(CC)CC,3.159151031341425,,,,,,,,,,,,,,,,0.0,0.0,0.0,0.0
N(C3CCCCC3)C(=O)C(CCCCCCCCCC)(CCCCCCCCCC)NCCN(CC)CC,0.3483228657798617,,,,,,,,,,,,,,,,0.0,0.0,0.0,0.0
N(C(C)(C)C)C(=O)C(CCCCCCCCC)(CCCCCCCCC)NCCN(CC)CC,-1.2506025740088431,,,,,,,,,,,,,,,,0.0,0.0,0.0,0.0
N(CCCC)C(=O)C(CCCCCCCCC)(CCCCCCCCC)NCCN(CC)CC,-1.3005246330292424,,,,,,,,,,,,,,,,0.0,0.0,0.0,0.0
N(CCCCC)C(=O)C(CCCCCCCCC)(CCCCCCCCC)NCCN(CC)CC,-1.327223209851517,,,,,,,,,,,,,,,,0.0,0.0,0.0,0.0
C1(C(=O)OC)N=CC(CCCCCCCCC)(CCCCCCCCC)N1(CCN(CC)CC),1.80329897026696,,,,,,,,,,,,,,,,0.0,0.0,0.0,0.0
C1(C(=O)OCC)N=CC(CCCCCCCCC)(CCCCCCCCC)N1(CCN(CC)CC),1.4299559486290805,,,,,,,,,,,,,,,,0.0,0.0,0.0,0.0
C1(C(=O)OC(C)(C)C)N=CC(CCCCCCCCC)(CCCCCCCCC)N1(CCN(CC)CC),-0.3559113147896271,,,,,,,,,,,,,,,,0.0,0.0,0.0,0.0
C1(C)(C(=O)OC(C)(C)C)N=CC(CCCCCCCCC)(CCCCCCCCC)N1(CCN(CC)CC),-0.7429067545286199,,,,,,,,,,,,,,,,0.0,0.0,0.0,0.0
C1(CC(=O)OCC)N=CC(CCCCCCCCC)(CCCCCCCCC)N1(CCN(CC)CC),-0.6471892458153993,,,,,,,,,,,,,,,,0.0,0.0,0.0,0.0
N(CS(=O)(=O)c3ccc(C)cc3)C(=O)C(CCCCCCCCC)(CCCCCCCCC)NCCN(CC)CC,-0.3061684084545685,,,,,,,,,,,,,,,,0.0,0.0,0.0,0.0
N(C3CCCCC3)C(=O)C(CCCCCCCCC)(CCCCCCCCC)NCCN(CC)CC,-1.091537081923024,,,,,,,,,,,,,,,,0.0,0.0,0.0,0.0
N(C(C)(C)C)C(=O)C(CCCCCCCC)(CCCCCCCC)NCCN(CC)CC,-0.9787010305719374,,,,,,,,,,,,,,,,0.0,0.0,0.0,0.0
N(CCCC)C(=O)C(CCCCCCCC)(CCCCCCCC)NCCN(CC)CC,-1.3268044793256606,,,,,,,,,,,,,,,,0.0,0.0,0.0,0.0
N(CCCCC)C(=O)C(CCCCCCCC)(CCCCCCCC)NCCN(CC)CC,-0.4099476947692596,,,,,,,,,,,,,,,,0.0,0.0,0.0,0.0
C1(C(=O)OC)N=CC(CCCCCCCC)(CCCCCCCC)N1(CCN(CC)CC),0.027442699896375,,,,,,,,,,,,,,,,0.0,0.0,0.0,0.0
C1(C(=O)OCC)N=CC(CCCCCCCC)(CCCCCCCC)N1(CCN(CC)CC),1.619136637358345,,,,,,,,,,,,,,,,0.0,0.0,0.0,0.0
C1(C(=O)OC(C)(C)C)N=CC(CCCCCCCC)(CCCCCCCC)N1(CCN(CC)CC),1.40919347881645,,,,,,,,,,,,,,,,0.0,0.0,0.0,0.0
C1(C)(C(=O)OC(C)(C)C)N=CC(CCCCCCCC)(CCCCCCCC)N1(CCN(CC)CC),-0.7115995261253979,,,,,,,,,,,,,,,,0.0,0.0,0.0,0.0
C1(CC(=O)OCC)N=CC(CCCCCCCC)(CCCCCCCC)N1(CCN(CC)CC),-0.8267128838003619,,,,,,,,,,,,,,,,0.0,0.0,0.0,0.0
N(CS(=O)(=O)c3ccc(C)cc3)C(=O)C(CCCCCCCC)(CCCCCCCC)NCCN(CC)CC,2.316975098353674,,,,,,,,,,,,,,,,0.0,0.0,0.0,0.0
N(C3CCCCC3)C(=O)C(CCCCCCCC)(CCCCCCCC)NCCN(CC)CC,-0.8655355165831433,,,,,,,,,,,,,,,,0.0,0.0,0.0,0.0
N(C(C)(C)C)C(=O)C(CCCCCCC)(CCCCCCC)NCCN(CC)CC,-1.0542979869615543,,,,,,,,,,,,,,,,0.0,0.0,0.0,0.0
N(CCCC)C(=O)C(CCCCCCC)(CCCCCCC)NCCN(CC)CC,0.8622160334524629,,,,,,,,,,,,,,,,0.0,0.0,0.0,0.0
N(CCCCC)C(=O)C(CCCCCCC)(CCCCCCC)NCCN(CC)CC,0.6077233975628958,,,,,,,,,,,,,,,,0.0,0.0,0.0,0.0
C1(C(=O)OC)N=CC(CCCCCCC)(CCCCCCC)N1(CCN(CC)CC),-1.0116740155727937,,,,,,,,,,,,,,,,0.0,0.0,0.0,0.0
C1(C(=O)OCC)N=CC(CCCCCCC)(CCCCCCC)N1(CCN(CC)CC),-0.8778064045595242,,,,,,,,,,,,,,,,0.0,0.0,0.0,0.0
C1(C(=O)OC(C)(C)C)N=CC(CCCCCCC)(CCCCCCC)N1(CCN(CC)CC),-0.5054083585749617,,,,,,,,,,,,,,,,0.0,0.0,0.0,0.0
C1(C)(C(=O)OC(C)(C)C)N=CC(CCCCCCC)(CCCCCCC)N1(CCN(CC)CC),-0.662476420515388,,,,,,,,,,,,,,,,0.0,0.0,0.0,0.0
C1(CC(=O)OCC)N=CC(CCCCCCC)(CCCCCCC)N1(CCN(CC)CC),-0.2743304581822749,,,,,,,,,,,,,,,,0.0,0.0,0.0,0.0
N(CS(=O)(=O)c3ccc(C)cc3)C(=O)C(CCCCCCC)(CCCCCCC)NCCN(CC)CC,-0.445092538073824,,,,,,,,,,,,,,,,0.0,0.0,0.0,0.0
N(C3CCCCC3)C(=O)C(CCCCCCC)(CCCCCCC)NCCN(CC)CC,-1.2038822614302245,,,,,,,,,,,,,,,,0.0,0.0,0.0,0.0
N(C(C)(C)C)C(=O)C(CCCCCC)(CCCCCC)NCCN(CC)CC,-0.1035736507555966,,,,,,,,,,,,,,,,0.0,0.0,0.0,0.0
N(CCCC)C(=O)C(CCCCCC)(CCCCCC)NCCN(CC)CC,-1.281441554398183,,,,,,,,,,,,,,,,0.0,0.0,0.0,0.0
N(CCCCC)C(=O)C(CCCCCC)(CCCCCC)NCCN(CC)CC,-1.3325923225284622,,,,,,,,,,,,,,,,0.0,0.0,0.0,0.0
C1(C(=O)OC)N=CC(CCCCCC)(CCCCCC)N1(CCN(CC)CC),-0.4868195492578844,,,,,,,,,,,,,,,,0.0,0.0,0.0,0.0
C1(C(=O)OCC)N=CC(CCCCCC)(CCCCCC)N1(CCN(CC)CC),-0.6935385125104783,,,,,,,,,,,,,,,,0.0,0.0,0.0,0.0
C1(C(=O)OC(C)(C)C)N=CC(CCCCCC)(CCCCCC)N1(CCN(CC)CC),-0.400341463025024,,,,,,,,,,,,,,,,0.0,0.0,0.0,0.0
C1(C)(C(=O)OC(C)(C)C)N=CC(CCCCCC)(CCCCCC)N1(CCN(CC)CC),-0.9342693598612196,,,,,,,,,,,,,,,,0.0,0.0,0.0,0.0
C1(CC(=O)OCC)N=CC(CCCCCC)(CCCCCC)N1(CCN(CC)CC),0.3446501431301675,,,,,,,,,,,,,,,,0.0,0.0,0.0,0.0
N(CS(=O)(=O)c3ccc(C)cc3)C(=O)C(CCCCCC)(CCCCCC)NCCN(CC)CC,-0.002697875593238,,,,,,,,,,,,,,,,0.0,0.0,0.0,0.0
N(C3CCCCC3)C(=O)C(CCCCCC)(CCCCCC)NCCN(CC)CC,-0.8393772818347369,,,,,,,,,,,,,,,,0.0,0.0,0.0,0.0
N(C(C)(C)C)C(=O)C5(CCCCCCCCCCCCCC5)NCCN(CC)CC,1.0505345132425783,,,,,,,,,,,,,,,,0.0,0.0,0.0,0.0
N(CCCC)C(=O)C5(CCCCCCCCCCCCCC5)NCCN(CC)CC,-1.312093408265412,,,,,,,,,,,,,,,,0.0,0.0,0.0,0.0
N(CCCCC)C(=O)C5(CCCCCCCCCCCCCC5)NCCN(CC)CC,-0.3871244843609681,,,,,,,,,,,,,,,,0.0,0.0,0.0,0.0
C1(C(=O)OC)N=CC5(CCCCCCCCCCCCCC5)N1(CCN(CC)CC),0.7124830379234551,,,,,,,,,,,,,,,,0.0,0.0,0.0,0.0
C1(C(=O)OCC)N=CC5(CCCCCCCCCCCCCC5)N1(CCN(CC)CC),0.167355043723518,,,,,,,,,,,,,,,,0.0,0.0,0.0,0.0
C1(C(=O)OC(C)(C)C)N=CC5(CCCCCCCCCCCCCC5)N1(CCN(CC)CC),-0.7312895065903405,,,,,,,,,,,,,,,,0.0,0.0,0.0,0.0
C1(C)(C(=O)OC(C)(C)C)N=CC5(CCCCCCCCCCCCCC5)N1(CCN(CC)CC),-1.1768221529179217,,,,,,,,,,,,,,,,0.0,0.0,0.0,0.0
C1(CC(=O)OCC)N=CC5(CCCCCCCCCCCCCC5)N1(CCN(CC)CC),0.6751156194946669,,,,,,,,,,,,,,,,0.0,0.0,0.0,0.0
N(CS(=O)(=O)c3ccc(C)cc3)C(=O)C5(CCCCCCCCCCCCCC5)NCCN(CC)CC,-0.8031423117146077,,,,,,,,,,,,,,,,0.0,0.0,0.0,0.0
N(C3CCCCC3)C(=O)C5(CCCCCCCCCCCCCC5)NCCN(CC)CC,-0.1263156348064633,,,,,,,,,,,,,,,,0.0,0.0,0.0,0.0
N(C(C)(C)C)C(=O)C5(CCCCCCCCCCC5)NCCN(CC)CC,0.0143028885070507,,,,,,,,,,,,,,,,0.0,0.0,0.0,0.0
N(CCCC)C(=O)C5(CCCCCCCCCCC5)NCCN(CC)CC,-0.7980025206056715,,,,,,,,,,,,,,,,0.0,0.0,0.0,0.0
N(CCCCC)C(=O)C5(CCCCCCCCCCC5)NCCN(CC)CC,-0.6362129676508043,,,,,,,,,,,,,,,,0.0,0.0,0.0,0.0
C1(C(=O)OC)N=CC5(CCCCCCCCCCC5)N1(CCN(CC)CC),-1.33602950215269,,,,,,,,,,,,,,,,0.0,0.0,0.0,0.0
C1(C(=O)OCC)N=CC5(CCCCCCCCCCC5)N1(CCN(CC)CC),-0.5405216884285198,,,,,,,,,,,,,,,,0.0,0.0,0.0,0.0
C1(C(=O)OC(C)(C)C)N=CC5(CCCCCCCCCCC5)N1(CCN(CC)CC),0.5841893878752489,,,,,,,,,,,,,,,,0.0,0.0,0.0,0.0
C1(C)(C(=O)OC(C)(C)C)N=CC5(CCCCCCCCCCC5)N1(CCN(CC)CC),0.1414849974601317,,,,,,,,,,,,,,,,0.0,0.0,0.0,0.0
C1(CC(=O)OCC)N=CC5(CCCCCCCCCCC5)N1(CCN(CC)CC),-0.4147067176103056,,,,,,,,,,,,,,,,0.0,0.0,0.0,0.0
N(CS(=O)(=O)c3ccc(C)cc3)C(=O)C5(CCCCCCCCCCC5)NCCN(CC)CC,-1.157246598224014,,,,,,,,,,,,,,,,0.0,0.0,0.0,0.0
N(C3CCCCC3)C(=O)C5(CCCCCCCCCCC5)NCCN(CC)CC,-0.8175034152555989,,,,,,,,,,,,,,,,0.0,0.0,0.0,0.0
N(C(C)(C)C)C(=O)C(CCCCC)(CCCCC)NCCN(CC)CC,-1.3055649727804526,,,,,,,,,,,,,,,,0.0,0.0,0.0,0.0
N(CCCC)C(=O)C(CCCCC)(CCCCC)NCCN(CC)CC,-1.3540288325267025,,,,,,,,,,,,,,,,0.0,0.0,0.0,0.0
N(CCCCC)C(=O)C(CCCCC)(CCCCC)NCCN(CC)CC,-1.3104523497426823,,,,,,,,,,,,,,,,0.0,0.0,0.0,0.0
C1(C(=O)OC)N=CC(CCCCC)(CCCCC)N1(CCN(CC)CC),-0.5585427089668817,,,,,,,,,,,,,,,,0.0,0.0,0.0,0.0
C1(C(=O)OCC)N=CC(CCCCC)(CCCCC)N1(CCN(CC)CC),-0.924077082406858,,,,,,,,,,,,,,,,0.0,0.0,0.0,0.0
C1(C(=O)OC(C)(C)C)N=CC(CCCCC)(CCCCC)N1(CCN(CC)CC),-1.0487914364012745,,,,,,,,,,,,,,,,0.0,0.0,0.0,0.0
C1(C)(C(=O)OC(C)(C)C)N=CC(CCCCC)(CCCCC)N1(CCN(CC)CC),0.1094800640871126,,,,,,,,,,,,,,,,0.0,0.0,0.0,0.0
C1(CC(=O)OCC)N=CC(CCCCC)(CCCCC)N1(CCN(CC)CC),-0.3871244843609681,,,,,,,,,,,,,,,,0.0,0.0,0.0,0.0
N(CS(=O)(=O)c3ccc(C)cc3)C(=O)C(CCCCC)(CCCCC)NCCN(CC)CC,-0.805556451785221,,,,,,,,,,,,,,,,0.0,0.0,0.0,0.0
N(C3CCCCC3)C(=O)C(CCCCC)(CCCCC)NCCN(CC)CC,-1.3223222391771707,,,,,,,,,,,,,,,,0.0,0.0,0.0,0.0
N(C(C)(C)C)C(=O)C(CCCCCCC/C=C\CCCCCCCC)(CCCCCCC/C=C\CCCCCCCC)N(C)CCCN(C)C,-0.2628572680850404,,,,,,,,,,,,,,,,0.0,0.0,0.0,0.0
N(CCCC)C(=O)C(CCCCCCC/C=C\CCCCCCCC)(CCCCCCC/C=C\CCCCCCCC)N(C)CCCN(C)C,-0.5778754901547918,,,,,,,,,,,,,,,,0.0,0.0,0.0,0.0
N(CCCCC)C(=O)C(CCCCCCC/C=C\CCCCCCCC)(CCCCCCC/C=C\CCCCCCCC)N(C)CCCN(C)C,-0.3140153854795797,,,,,,,,,,,,,,,,0.0,0.0,0.0,0.0
N(CC(=O)OC)C(=O)C(CCCCCCC/C=C\CCCCCCCC)(CCCCCCC/C=C\CCCCCCCC)N(C)CCCN(C)C,0.2881240332020198,,,,,,,,,,,,,,,,0.0,0.0,0.0,0.0
N(C(C)C(=O)OC(C)(C)C)C(=O)C(CCCCCCC/C=C\CCCCCCCC)(CCCCCCC/C=C\CCCCCCCC)N(C)CCCN(C)C,-0.6763884359856958,,,,,,,,,,,,,,,,0.0,0.0,0.0,0.0
N(CCC(=O)OCC)C(=O)C(CCCCCCC/C=C\CCCCCCCC)(CCCCCCC/C=C\CCCCCCCC)N(C)CCCN(C)C,-0.3100876916398968,,,,,,,,,,,,,,,,0.0,0.0,0.0,0.0
N(C3CCCCC3)C(=O)C(CCCCCCC/C=C\CCCCCCCC)(CCCCCCC/C=C\CCCCCCCC)N(C)CCCN(C)C,0.2611663315909773,,,,,,,,,,,,,,,,0.0,0.0,0.0,0.0
N(C(C)(C)C)C(=O)C(CCCCCCCCCC)(CCCCCCCCCC)N(C)CCCN(C)C,0.9368352988507797,,,,,,,,,,,,,,,,0.0,0.0,0.0,0.0
N(CCCC)C(=O)C(CCCCCCCCCC)(CCCCCCCCCC)N(C)CCCN(C)C,-0.9928252359311576,,,,,,,,,,,,,,,,0.0,0.0,0.0,0.0
N(CCCCC)C(=O)C(CCCCCCCCCC)(CCCCCCCCCC)N(C)CCCN(C)C,0.9373577939886896,,,,,,,,,,,,,,,,0.0,0.0,0.0,0.0
N(CC(=O)OC)C(=O)C(CCCCCCCCCC)(CCCCCCCCCC)N(C)CCCN(C)C,-0.7684015259522674,,,,,,,,,,,,,,,,0.0,0.0,0.0,0.0
N(CC(=O)OCC)C(=O)C(CCCCCCCCCC)(CCCCCCCCCC)N(C)CCCN(C)C,1.1886488252106056,,,,,,,,,,,,,,,,0.0,0.0,0.0,0.0
N(CC(=O)OC(C)(C)C)C(=O)C(CCCCCCCCCC)(CCCCCCCCCC)N(C)CCCN(C)C,-0.1902101127391915,,,,,,,,,,,,,,,,0.0,0.0,0.0,0.0
N(C(C)C(=O)OC(C)(C)C)C(=O)C(CCCCCCCCCC)(CCCCCCCCCC)N(C)CCCN(C)C,0.5499838901306994,,,,,,,,,,,,,,,,0.0,0.0,0.0,0.0
N(CCC(=O)OCC)C(=O)C(CCCCCCCCCC)(CCCCCCCCCC)N(C)CCCN(C)C,-0.4175553059763244,,,,,,,,,,,,,,,,0.0,0.0,0.0,0.0
N(CS(=O)(=O)c3ccc(C)cc3)C(=O)C(CCCCCCCCCC)(CCCCCCCCCC)N(C)CCCN(C)C,0.1684964761692644,,,,,,,,,,,,,,,,0.0,0.0,0.0,0.0
N(C3CCCCC3)C(=O)C(CCCCCCCCCC)(CCCCCCCCCC)N(C)CCCN(C)C,-1.0144948404773555,,,,,,,,,,,,,,,,0.0,0.0,0.0,0.0
N(C(C)(C)C)C(=O)C(CCCCCCCCC)(CCCCCCCCC)N(C)CCCN(C)C,0.1949663508870637,,,,,,,,,,,,,,,,0.0,0.0,0.0,0.0
N(CCCC)C(=O)C(CCCCCCCCC)(CCCCCCCCC)N(C)CCCN(C)C,0.4453037620655841,,,,,,,,,,,,,,,,0.0,0.0,0.0,0.0
N(CCCCC)C(=O)C(CCCCCCCCC)(CCCCCCCCC)N(C)CCCN(C)C,1.4372608937858853,,,,,,,,,,,,,,,,0.0,0.0,0.0,0.0
N(CC(=O)OC)C(=O)C(CCCCCCCCC)(CCCCCCCCC)N(C)CCCN(C)C,0.2765391021014725,,,,,,,,,,,,,,,,0.0,0.0,0.0,0.0
N(CC(=O)OCC)C(=O)C(CCCCCCCCC)(CCCCCCCCC)N(C)CCCN(C)C,1.3404574859360532,,,,,,,,,,,,,,,,0.0,0.0,0.0,0.0
N(CC(=O)OC(C)(C)C)C(=O)C(CCCCCCCCC)(CCCCCCCCC)N(C)CCCN(C)C,-0.4826221971948925,,,,,,,,,,,,,,,,0.0,0.0,0.0,0.0
N(C(C)C(=O)OC(C)(C)C)C(=O)C(CCCCCCCCC)(CCCCCCCCC)N(C)CCCN(C)C,-0.3641490685696225,,,,,,,,,,,,,,,,0.0,0.0,0.0,0.0
N(CCC(=O)OCC)C(=O)C(CCCCCCCCC)(CCCCCCCCC)N(C)CCCN(C)C,-0.2549293725185041,,,,,,,,,,,,,,,,0.0,0.0,0.0,0.0
N(CS(=O)(=O)c3ccc(C)cc3)C(=O)C(CCCCCCCCC)(CCCCCCCCC)N(C)CCCN(C)C,-0.4011391021509283,,,,,,,,,,,,,,,,0.0,0.0,0.0,0.0
N(C3CCCCC3)C(=O)C(CCCCCCCCC)(CCCCCCCCC)N(C)CCCN(C)C,0.4903771267475597,,,,,,,,,,,,,,,,0.0,0.0,0.0,0.0
N(C(C)(C)C)C(=O)C(CCCCCCCC)(CCCCCCCC)N(C)CCCN(C)C,-0.0498400926500401,,,,,,,,,,,,,,,,0.0,0.0,0.0,0.0
N(CCCC)C(=O)C(CCCCCCCC)(CCCCCCCC)N(C)CCCN(C)C,0.0139238649550069,,,,,,,,,,,,,,,,0.0,0.0,0.0,0.0
N(CCCCC)C(=O)C(CCCCCCCC)(CCCCCCCC)N(C)CCCN(C)C,-0.624490127363739,,,,,,,,,,,,,,,,0.0,0.0,0.0,0.0
N(CC(=O)OC)C(=O)C(CCCCCCCC)(CCCCCCCC)N(C)CCCN(C)C,-0.7695415432112218,,,,,,,,,,,,,,,,0.0,0.0,0.0,0.0
N(CC(=O)OCC)C(=O)C(CCCCCCCC)(CCCCCCCC)N(C)CCCN(C)C,0.9167889148320638,,,,,,,,,,,,,,,,0.0,0.0,0.0,0.0
N(CC(=O)OC(C)(C)C)C(=O)C(CCCCCCCC)(CCCCCCCC)N(C)CCCN(C)C,-0.3370656784464526,,,,,,,,,,,,,,,,0.0,0.0,0.0,0.0
N(C(C)C(=O)OC(C)(C)C)C(=O)C(CCCCCCCC)(CCCCCCCC)N(C)CCCN(C)C,-1.2235935476089526,,,,,,,,,,,,,,,,0.0,0.0,0.0,0.0
N(CCC(=O)OCC)C(=O)C(CCCCCCCC)(CCCCCCCC)N(C)CCCN(C)C,0.0676956969661624,,,,,,,,,,,,,,,,0.0,0.0,0.0,0.0
N(CS(=O)(=O)c3ccc(C)cc3)C(=O)C(CCCCCCCC)(CCCCCCCC)N(C)CCCN(C)C,-0.591070207726253,,,,,,,,,,,,,,,,0.0,0.0,0.0,0.0
N(C3CCCCC3)C(=O)C(CCCCCCCC)(CCCCCCCC)N(C)CCCN(C)C,1.2980936572998445,,,,,,,,,,,,,,,,0.0,0.0,0.0,0.0
N(C(C)(C)C)C(=O)C(CCCCCCC)(CCCCCCC)N(C)CCCN(C)C,0.2698044810535112,,,,,,,,,,,,,,,,0.0,0.0,0.0,0.0
N(CCCC)C(=O)C(CCCCCCC)(CCCCCCC)N(C)CCCN(C)C,-0.0943291857143567,,,,,,,,,,,,,,,,0.0,0.0,0.0,0.0
N(CCCCC)C(=O)C(CCCCCCC)(CCCCCCC)N(C)CCCN(C)C,-0.228284327563394,,,,,,,,,,,,,,,,0.0,0.0,0.0,0.0
N(CC(=O)OC)C(=O)C(CCCCCCC)(CCCCCCC)N(C)CCCN(C)C,1.036284830116556,,,,,,,,,,,,,,,,0.0,0.0,0.0,0.0
N(CC(=O)OCC)C(=O)C(CCCCCCC)(CCCCCCC)N(C)CCCN(C)C,1.0061666715433548,,,,,,,,,,,,,,,,0.0,0.0,0.0,0.0
N(CC(=O)OC(C)(C)C)C(=O)C(CCCCCCC)(CCCCCCC)N(C)CCCN(C)C,-0.2129847916921319,,,,,,,,,,,,,,,,0.0,0.0,0.0,0.0
N(C(C)C(=O)OC(C)(C)C)C(=O)C(CCCCCCC)(CCCCCCC)N(C)CCCN(C)C,-0.94783219204033,,,,,,,,,,,,,,,,0.0,0.0,0.0,0.0
N(CCC(=O)OCC)C(=O)C(CCCCCCC)(CCCCCCC)N(C)CCCN(C)C,-0.7617052069092819,,,,,,,,,,,,,,,,0.0,0.0,0.0,0.0
N(CS(=O)(=O)c3ccc(C)cc3)C(=O)C(CCCCCCC)(CCCCCCC)N(C)CCCN(C)C,-0.652524554942134,,,,,,,,,,,,,,,,0.0,0.0,0.0,0.0
N(C3CCCCC3)C(=O)C(CCCCCCC)(CCCCCCC)N(C)CCCN(C)C,1.1597694621462862,,,,,,,,,,,,,,,,0.0,0.0,0.0,0.0
N(C(C)(C)C)C(=O)C(CCCCCC)(CCCCCC)N(C)CCCN(C)C,0.3437116686508314,,,,,,,,,,,,,,,,0.0,0.0,0.0,0.0
N(CCCC)C(=O)C(CCCCCC)(CCCCCC)N(C)CCCN(C)C,0.3021030375864601,,,,,,,,,,,,,,,,0.0,0.0,0.0,0.0
N(CCCCC)C(=O)C(CCCCCC)(CCCCCC)N(C)CCCN(C)C,1.2236187741626492,,,,,,,,,,,,,,,,0.0,0.0,0.0,0.0
N(CC(=O)OC)C(=O)C(CCCCCC)(CCCCCC)N(C)CCCN(C)C,0.3408771823401995,,,,,,,,,,,,,,,,0.0,0.0,0.0,0.0
N(CC(=O)OCC)C(=O)C(CCCCCC)(CCCCCC)N(C)CCCN(C)C,-0.5772062396356701,,,,,,,,,,,,,,,,0.0,0.0,0.0,0.0
N(CC(=O)OC(C)(C)C)C(=O)C(CCCCCC)(CCCCCC)N(C)CCCN(C)C,-0.8507508149378982,,,,,,,,,,,,,,,,0.0,0.0,0.0,0.0
N(C(C)C(=O)OC(C)(C)C)C(=O)C(CCCCCC)(CCCCCC)N(C)CCCN(C)C,-1.1682515543570544,,,,,,,,,,,,,,,,0.0,0.0,0.0,0.0
N(CCC(=O)OCC)C(=O)C(CCCCCC)(CCCCCC)N(C)CCCN(C)C,-0.5362912876667566,,,,,,,,,,,,,,,,0.0,0.0,0.0,0.0
N(CS(=O)(=O)c3ccc(C)cc3)C(=O)C(CCCCCC)(CCCCCC)N(C)CCCN(C)C,-0.1902101127391915,,,,,,,,,,,,,,,,0.0,0.0,0.0,0.0
N(C3CCCCC3)C(=O)C(CCCCCC)(CCCCCC)N(C)CCCN(C)C,0.6242276073589764,,,,,,,,,,,,,,,,0.0,0.0,0.0,0.0
N(C(C)(C)C)C(=O)C5(CCCCCCCCCCCCCC5)N(C)CCCN(C)C,-1.3251280487966015,,,,,,,,,,,,,,,,0.0,0.0,0.0,0.0
N(CCCC)C(=O)C5(CCCCCCCCCCCCCC5)N(C)CCCN(C)C,-1.256345883531255,,,,,,,,,,,,,,,,0.0,0.0,0.0,0.0
N(CCCCC)C(=O)C5(CCCCCCCCCCCCCC5)N(C)CCCN(C)C,-1.0433660828217988,,,,,,,,,,,,,,,,0.0,0.0,0.0,0.0
N(CC(=O)OC)C(=O)C5(CCCCCCCCCCCCCC5)N(C)CCCN(C)C,0.2071269092151908,,,,,,,,,,,,,,,,0.0,0.0,0.0,0.0
N(CC(=O)OCC)C(=O)C5(CCCCCCCCCCCCCC5)N(C)CCCN(C)C,0.5205753557720069,,,,,,,,,,,,,,,,0.0,0.0,0.0,0.0
N(CC(=O)OC(C)(C)C)C(=O)C5(CCCCCCCCCCCCCC5)N(C)CCCN(C)C,1.4642513541612217,,,,,,,,,,,,,,,,0.0,0.0,0.0,0.0
N(C(C)C(=O)OC(C)(C)C)C(=O)C5(CCCCCCCCCCCCCC5)N(C)CCCN(C)C,-1.388948184719205,,,,,,,,,,,,,,,,0.0,0.0,0.0,0.0
N(CCC(=O)OCC)C(=O)C5(CCCCCCCCCCCCCC5)N(C)CCCN(C)C,-0.2689058722266818,,,,,,,,,,,,,,,,0.0,0.0,0.0,0.0
N(CS(=O)(=O)c3ccc(C)cc3)C(=O)C5(CCCCCCCCCCCCCC5)N(C)CCCN(C)C,-0.9003589375034781,,,,,,,,,,,,,,,,0.0,0.0,0.0,0.0
N(C3CCCCC3)C(=O)C5(CCCCCCCCCCCCCC5)N(C)CCCN(C)C,0.3849504237875307,,,,,,,,,,,,,,,,0.0,0.0,0.0,0.0
N(C(C)(C)C)C(=O)C5(CCCCCCCCCCC5)N(C)CCCN(C)C,0.9690808714544092,,,,,,,,,,,,,,,,0.0,0.0,0.0,0.0
N(CCCC)C(=O)C5(CCCCCCCCCCC5)N(C)CCCN(C)C,0.5819809441830334,,,,,,,,,,,,,,,,0.0,0.0,0.0,0.0
N(CCCCC)C(=O)C5(CCCCCCCCCCC5)N(C)CCCN(C)C,0.1681933452020443,,,,,,,,,,,,,,,,0.0,0.0,0.0,0.0
N(CC(=O)OC)C(=O)C5(CCCCCCCCCCC5)N(C)CCCN(C)C,-1.3080619114963434,,,,,,,,,,,,,,,,0.0,0.0,0.0,0.0
N(CC(=O)OCC)C(=O)C5(CCCCCCCCCCC5)N(C)CCCN(C)C,0.149290319713625,,,,,,,,,,,,,,,,0.0,0.0,0.0,0.0
N(CC(=O)OC(C)(C)C)C(=O)C5(CCCCCCCCCCC5)N(C)CCCN(C)C,-0.4402754938515572,,,,,,,,,,,,,,,,0.0,0.0,0.0,0.0
N(C(C)C(=O)OC(C)(C)C)C(=O)C5(CCCCCCCCCCC5)N(C)CCCN(C)C,-1.5993578261232255,,,,,,,,,,,,,,,,0.0,0.0,0.0,0.0
N(CCC(=O)OCC)C(=O)C5(CCCCCCCCCCC5)N(C)CCCN(C)C,-1.0066996480491748,,,,,,,,,,,,,,,,0.0,0.0,0.0,0.0
N(CS(=O)(=O)c3ccc(C)cc3)C(=O)C5(CCCCCCCCCCC5)N(C)CCCN(C)C,-0.4211776426118027,,,,,,,,,,,,,,,,0.0,0.0,0.0,0.0
N(C3CCCCC3)C(=O)C5(CCCCCCCCCCC5)N(C)CCCN(C)C,1.2625862668959562,,,,,,,,,,,,,,,,0.0,0.0,0.0,0.0
N(C(C)(C)C)C(=O)C(CCCCC)(CCCCC)N(C)CCCN(C)C,0.7660927697392143,,,,,,,,,,,,,,,,0.0,0.0,0.0,0.0
N(CCCC)C(=O)C(CCCCC)(CCCCC)N(C)CCCN(C)C,-1.3314697447645034,,,,,,,,,,,,,,,,0.0,0.0,0.0,0.0
N(CCCCC)C(=O)C(CCCCC)(CCCCC)N(C)CCCN(C)C,0.1680586942659831,,,,,,,,,,,,,,,,0.0,0.0,0.0,0.0
N(CC(=O)OC)C(=O)C(CCCCC)(CCCCC)N(C)CCCN(C)C,-1.2999424394882175,,,,,,,,,,,,,,,,0.0,0.0,0.0,0.0
N(CC(=O)OCC)C(=O)C(CCCCC)(CCCCC)N(C)CCCN(C)C,1.147439635727207,,,,,,,,,,,,,,,,0.0,0.0,0.0,0.0
N(CC(=O)OC(C)(C)C)C(=O)C(CCCCC)(CCCCC)N(C)CCCN(C)C,1.2067523736184322,,,,,,,,,,,,,,,,0.0,0.0,0.0,0.0
N(C(C)C(=O)OC(C)(C)C)C(=O)C(CCCCC)(CCCCC)N(C)CCCN(C)C,-1.1079140130377023,,,,,,,,,,,,,,,,0.0,0.0,0.0,0.0
N(CCC(=O)OCC)C(=O)C(CCCCC)(CCCCC)N(C)CCCN(C)C,-1.0433660828217988,,,,,,,,,,,,,,,,0.0,0.0,0.0,0.0
N(CS(=O)(=O)c3ccc(C)cc3)C(=O)C(CCCCC)(CCCCC)N(C)CCCN(C)C,-0.715296309505042,,,,,,,,,,,,,,,,0.0,0.0,0.0,0.0
N(C3CCCCC3)C(=O)C(CCCCC)(CCCCC)N(C)CCCN(C)C,1.1756717551933642,,,,,,,,,,,,,,,,0.0,0.0,0.0,0.0
C1(C(=O)OCC)N=CC(CCCCCCC/C=C\CCCCCCCC)(CCCCCCC/C=C\CCCCCCCC)N1(CCN(CC)CC),-0.1184217061953968,,,,,,,,,,,,,,,,0.0,0.0,0.0,0.0
N(CC(=O)OCC)C(=O)C(CCCCCCC/C=C\CCCCCCCC)(CCCCCCC/C=C\CCCCCCCC)N(C)CCCN(C)C,-0.506299189317896,,,,,,,,,,,,,,,,0.0,0.0,0.0,0.0
C1(C(=O)OC(C)(C)C)N=CC(CCCCCCC/C=C\CCCCCCCC)(CCCCCCC/C=C\CCCCCCCC)N1(CCN(CC)CC),0.6476598996636136,,,,,,,,,,,,,,,,0.0,0.0,0.0,0.0
N(CS(=O)(=O)c3ccc(C)cc3)C(=O)C(CCCCCCC/C=C\CCCCCCCC)(CCCCCCC/C=C\CCCCCCCC)NCCN(CC)CC,0.4279842637183103,,,,,,,,,,,,,,,,0.0,0.0,0.0,0.0
N(CS(=O)(=O)c3ccc(C)cc3)C(=O)C(CCCCCCC/C=C\CCCCCCCC)(CCCCCCC/C=C\CCCCCCCC)N(C)CCCN(C)C,-0.4886263028246966,,,,,,,,,,,,,,,,0.0,0.0,0.0,0.0
N(CC(=O)OC(C)(C)C)C(=O)C(CCCCCCC/C=C\CCCCCCCC)(CCCCCCC/C=C\CCCCCCCC)N(C)CCCN(C)C,-0.743910904777054,,,,,,,,,,,,,,,,0.0,0.0,0.0,0.0
C1(C(=O)OCC)N=CC(CCCCCCC/C=C\CCCCCCCC)(CCCCCCC/C=C\CCCCCCCC)N1(CCN(CC)CC),0.1119741110822137,,,,,,,,,,,,,,,,0.0,0.0,0.0,0.0
N(CC(=O)OCC)C(=O)C(CCCCCCC/C=C\CCCCCCCC)(CCCCCCC/C=C\CCCCCCCC)N(C)CCCN(C)C,-0.6256674002490298,,,,,,,,,,,,,,,,0.0,0.0,0.0,0.0
 N(CCC(=O)OCCCCCCCC/C=C\CC(CCCCCC)OC(OCCCCCCCCCCCCCCCCCC)=O)(CCC(=O)OCCCCCCCC/C=C\CC(CCCCCC)OC(OCCCCCCCCCCCCCCCCCC)=O)CCCN1CCN(CCCN(CCC(=O)OCCCCCCCC/C=C\CC(CCCCCC)OC(OCCCCCCCCCCCCCCCCCC)=O)(CCC(=O)OCCCCCCCC/C=C\CC(CCCCCC)OC(OCCCCCCCCCCCCCCCCCC)=O))CC1,2.22699860334878,,,,,,,,,,,,,,,,0.0,0.0,0.0,0.0
 N(CCC(=O)OCCCCCCCC/C=C\CC(CCCCCC)OC(OCCCCCCCCCCCCCCCCCC)=O)(CCC(=O)OCCCCCCCC/C=C\CC(CCCCCC)OC(OCCCCCCCCCCCCCCCCCC)=O)CCC1=NC=CC=C1,2.166059015288717,,,,,,,,,,,,,,,,0.0,0.0,0.0,0.0
 N(CCC(=O)OCCCCCCCC/C=C\CC(CCCCCC)OC(OCCCCCCCC/C=C\CCCCCCCC)=O)(CCC(=O)OCCCCCCCC/C=C\CC(CCCCCC)OC(OCCCCCCCC/C=C\CCCCCCCC)=O)CCCN(C)C,2.0155636485454727,,,,,,,,,,,,,,,,0.0,0.0,0.0,0.0
 N(CCC(=O)OCCCCCCCC/C=C\CC(CCCCCC)OC(OCCCCCCCCCCCCCCCCCC)=O)(CCC(=O)OCCCCCCCC/C=C\CC(CCCCCC)OC(OCCCCCCCCCCCCCCCCCC)=O)CCCN(C)C,1.990669819946856,,,,,,,,,,,,,,,,0.0,0.0,0.0,0.0
 N(CCC(=O)OCCCCCCCC/C=C\CC(CCCCCC)OC(OCCCCCCCC/C=C\CCCCCCCC)=O)(CCC(=O)OCCCCCCCC/C=C\CC(CCCCCC)OC(OCCCCCCCC/C=C\CCCCCCCC)=O)CCC1=NC=CC=C1,1.8963781485745492,,,,,,,,,,,,,,,,0.0,0.0,0.0,0.0
 N(CCC(=O)OCCCCCCCC/C=C\CC(CCCCCC)OC(OCCCCCCCC/C=C\CCCCCCCC)=O)(CCC(=O)OCCCCCCCC/C=C\CC(CCCCCC)OC(OCCCCCCCC/C=C\CCCCCCCC)=O)CCCN1CCCCC1,1.809339901792693,,,,,,,,,,,,,,,,0.0,0.0,0.0,0.0
 N(CCC(=O)OCCCCCCCC/C=C\CC(CCCCCC)OC(OCCCCCCCCCCCCCCCCCC)=O)(CCC(=O)OCCCCCCCC/C=C\CC(CCCCCC)OC(OCCCCCCCCCCCCCCCCCC)=O)CCCN1CCCCC1,1.7869947254068308,,,,,,,,,,,,,,,,0.0,0.0,0.0,0.0
 N(CCC(=O)OCCCCCCCC/C=C\CC(CCCCCC)OC(OCCCCCCCC/C=C\C/C=C\CCCCC)=O)(CCC(=O)OCCCCCCCC/C=C\CC(CCCCCC)OC(OCCCCCCCC/C=C\C/C=C\CCCCC)=O)CCCN1CCCCC1,1.7586692020514143,,,,,,,,,,,,,,,,0.0,0.0,0.0,0.0
 OCC1CCN(CCC(=O)OCCCCCCCC/C=C\CC(CCCCCC)OC(OCCCCCCCC/C=C\C/C=C\CCCCC)=O)CC1,1.7501519154766043,,,,,,,,,,,,,,,,0.0,0.0,0.0,0.0
 N(CCC(=O)OCCCCCCCC/C=C\CC(CCCCCC)OC(OCCCCCCCC/C=C\C/C=C\CCCCC)=O)(CCC(=O)OCCCCCCCC/C=C\CC(CCCCCC)OC(OCCCCCCCC/C=C\C/C=C\CCCCC)=O)CCCN1CCN(CCCN(CCC(=O)OCCCCCCCC/C=C\CC(CCCCCC)OC(OCCCCCCCC/C=C\C/C=C\CCCCC)=O)(CCC(=O)OCCCCCCCC/C=C\CC(CCCCCC)OC(OCCCCCCCC/C=C\C/C=C\CCCCC)=O))CC1,1.7277847579896042,,,,,,,,,,,,,,,,0.0,0.0,0.0,0.0
 N(CCC(=O)OCCCCCCCC/C=C\CC(CCCCCC)OC(OCCCCCCCC/C=C\C/C=C\CCCCC)=O)(CCC(=O)OCCCCCCCC/C=C\CC(CCCCCC)OC(OCCCCCCCC/C=C\C/C=C\CCCCC)=O)CCCN(C)C,1.7104978014184875,,,,,,,,,,,,,,,,0.0,0.0,0.0,0.0
 N(CCC(=O)OCCCCCCCC/C=C\CC(CCCCCC)OC(OCCCCCCCC/C=C\CCCCCCCC)=O)(CCC(=O)OCCCCCCCC/C=C\CC(CCCCCC)OC(OCCCCCCCC/C=C\CCCCCCCC)=O)CCCN1CCN(CCCN(CCC(=O)OCCCCCCCC/C=C\CC(CCCCCC)OC(OCCCCCCCC/C=C\CCCCCCCC)=O)(CCC(=O)OCCCCCCCC/C=C\CC(CCCCCC)OC(OCCCCCCCC/C=C\CCCCCCCC)=O))CC1,1.6802356620638284,,,,,,,,,,,,,,,,0.0,0.0,0.0,0.0
 N(CCC(=O)OCCCCCCCC/C=C\CC(CCCCCC)OC(OCCCCCCCCCCCCCCCCCC)=O)(CCC(=O)OCCCCCCCC/C=C\CC(CCCCCC)OC(OCCCCCCCCCCCCCCCCCC)=O)CCCN(CCC(=O)OCCCCCCCC/C=C\CC(CCCCCC)OC(OCCCCCCCCCCCCCCCCCC)=O)CCCN(CCC(=O)OCCCCCCCC/C=C\CC(CCCCCC)OC(OCCCCCCCCCCCCCCCCCC)=O)(CCC(=O)OCCCCCCCC/C=C\CC(CCCCCC)OC(OCCCCCCCCCCCCCCCCCC)=O),1.474834987205835,,,,,,,,,,,,,,,,0.0,0.0,0.0,0.0
 OCC1CCN(CCC(=O)OCCCCCCCC/C=C\CC(CCCCCC)OC(OCCCCCCCCCCCCCCCCCC)=O)CC1,1.4245558579104851,,,,,,,,,,,,,,,,0.0,0.0,0.0,0.0
 OCC1CCN(CCC(=O)OCCCCCCCC/C=C\CC(CCCCCC)OC(OCCC#CCCCC)=O)CC1,1.3959614578932331,,,,,,,,,,,,,,,,0.0,0.0,0.0,0.0
 N(CCC(=O)OCCCCCCCC/C=C\CC(CCCCCC)OC(OCCCCCCCC/C=C\CCCCCCCC)=O)(CCC(=O)OCCCCCCCC/C=C\CC(CCCCCC)OC(OCCCCCCCC/C=C\CCCCCCCC)=O)CCN1CCOCC1,1.378500698911325,,,,,,,,,,,,,,,,0.0,0.0,0.0,0.0
 N(CCC(=O)OCCCCCCCC/C=C\CC(CCCCCC)OC(OCCCCCCCC/C=C\C/C=C\CCCCC)=O)(CCC(=O)OCCCCCCCC/C=C\CC(CCCCCC)OC(OCCCCCCCC/C=C\C/C=C\CCCCC)=O)CCCN(CCC(=O)OCCCCCCCC/C=C\CC(CCCCCC)OC(OCCCCCCCC/C=C\C/C=C\CCCCC)=O)CCCN(CCC(=O)OCCCCCCCC/C=C\CC(CCCCCC)OC(OCCCCCCCC/C=C\C/C=C\CCCCC)=O)(CCC(=O)OCCCCCCCC/C=C\CC(CCCCCC)OC(OCCCCCCCC/C=C\C/C=C\CCCCC)=O),1.371802708343438,,,,,,,,,,,,,,,,0.0,0.0,0.0,0.0
 N(CCC(=O)OCCCCCCCC/C=C\CC(CCCCCC)OC(OCC#CCCCC)=O)(CCC(=O)OCCCCCCCC/C=C\CC(CCCCCC)OC(OCC#CCCCC)=O)CCCN(CCC(=O)OCCCCCCCC/C=C\CC(CCCCCC)OC(OCC#CCCCC)=O)CCCN(CCC(=O)OCCCCCCCC/C=C\CC(CCCCCC)OC(OCC#CCCCC)=O)(CCC(=O)OCCCCCCCC/C=C\CC(CCCCCC)OC(OCC#CCCCC)=O),1.342181879876892,,,,,,,,,,,,,,,,0.0,0.0,0.0,0.0
 N(CCC(=O)OCCCCCCCC/C=C\CC(CCCCCC)OC(OCC#CCCCCC)=O)(CCC(=O)OCCCCCCCC/C=C\CC(CCCCCC)OC(OCC#CCCCCC)=O)CCN1CCCCC1,1.2872215950548036,,,,,,,,,,,,,,,,0.0,0.0,0.0,0.0
 CN(CCC(=O)OCCCCCCCC/C=C\CC(CCCCCC)OC(OCCCCCCCC/C=C\CCCCCCCC)=O)CCCCCCN(CCC(=O)OCCCCCCCC/C=C\CC(CCCCCC)OC(OCCCCCCCC/C=C\CCCCCCCC)=O)C,1.2764779628604348,,,,,,,,,,,,,,,,0.0,0.0,0.0,0.0
 N(CCC(=O)OCCCCCCCC/C=C\CC(CCCCCC)OC(OCCC#CCCCCCC)=O)(CCC(=O)OCCCCCCCC/C=C\CC(CCCCCC)OC(OCCC#CCCCCCC)=O)CCN1CCCCCC1,1.2665213795627253,,,,,,,,,,,,,,,,0.0,0.0,0.0,0.0
 N(CCC(=O)OCCCCCCCC/C=C\CC(CCCCCC)OC(OCCCCCCCCCCCCCCCCCC)=O)(CCC(=O)OCCCCCCCC/C=C\CC(CCCCCC)OC(OCCCCCCCCCCCCCCCCCC)=O)CCN1CCOCC1,1.2452886145758997,,,,,,,,,,,,,,,,0.0,0.0,0.0,0.0
 N(CCC(=O)OCCCCCCCC/C=C\CC(CCCCCC)OC(OCCCCCCCC/C=C\C/C=C\CCCCC)=O)(CCC(=O)OCCCCCCCC/C=C\CC(CCCCCC)OC(OCCCCCCCC/C=C\C/C=C\CCCCC)=O)CCC1=NC=CC=C1,1.1951291094671772,,,,,,,,,,,,,,,,0.0,0.0,0.0,0.0
 N(CCC(=O)OCCCCCCCC/C=C\CC(CCCCCC)OC(OCC#CCCC)=O)(CCC(=O)OCCCCCCCC/C=C\CC(CCCCCC)OC(OCC#CCCC)=O)CCCN(CCC(=O)OCCCCCCCC/C=C\CC(CCCCCC)OC(OCC#CCCC)=O)CCCN(CCC(=O)OCCCCCCCC/C=C\CC(CCCCCC)OC(OCC#CCCC)=O)(CCC(=O)OCCCCCCCC/C=C\CC(CCCCCC)OC(OCC#CCCC)=O),1.1918063551921143,,,,,,,,,,,,,,,,0.0,0.0,0.0,0.0
 N(CCC(=O)OCCCCCCCC/C=C\CC(CCCCCC)OC(OCCCCCCCC/C=C\C/C=C\CCCCC)=O)(CCC(=O)OCCCCCCCC/C=C\CC(CCCCCC)OC(OCCCCCCCC/C=C\C/C=C\CCCCC)=O)CCN1CCCCC1,1.1888406392470094,,,,,,,,,,,,,,,,0.0,0.0,0.0,0.0
 CN(CCC(=O)OCCCCCCCC/C=C\CC(CCCCCC)OC(OCCCCCCCCCCCCCCCCCC)=O)CCCCCCN(CCC(=O)OCCCCCCCC/C=C\CC(CCCCCC)OC(OCCCCCCCCCCCCCCCCCC)=O)C,1.1190028698862675,,,,,,,,,,,,,,,,0.0,0.0,0.0,0.0
 N(CCC(=O)OCCCCCCCC/C=C\CC(CCCCCC)OC(OCC#CCCCCC)=O)(CCC(=O)OCCCCCCCC/C=C\CC(CCCCCC)OC(OCC#CCCCCC)=O)CCCN(CCC(=O)OCCCCCCCC/C=C\CC(CCCCCC)OC(OCC#CCCCCC)=O)CCCN(CCC(=O)OCCCCCCCC/C=C\CC(CCCCCC)OC(OCC#CCCCCC)=O)(CCC(=O)OCCCCCCCC/C=C\CC(CCCCCC)OC(OCC#CCCCCC)=O),1.0651574637762282,,,,,,,,,,,,,,,,0.0,0.0,0.0,0.0
 N(CCC(=O)OCCCCCCCC/C=C\CC(CCCCCC)OC(OCC#CCCCCCC)=O)(CCC(=O)OCCCCCCCC/C=C\CC(CCCCCC)OC(OCC#CCCCCCC)=O)CCC1=NC=CC=C1,1.06226965127182,,,,,,,,,,,,,,,,0.0,0.0,0.0,0.0
 CN(CCC(=O)OCCCCCCCC/C=C\CC(CCCCCC)OC(OCC#CCCCCC)=O)CCCCCCN(CCC(=O)OCCCCCCCC/C=C\CC(CCCCCC)OC(OCC#CCCCCC)=O)C,1.0617726000576857,,,,,,,,,,,,,,,,0.0,0.0,0.0,0.0
 CN(CC1)CCC1CN2CCN(CCC(=O)OCCCCCCCC/C=C\CC(CCCCCC)OC(OCCCCCCCC/C=C\C/C=C\CCCCC)=O)CC2,1.023979421763416,,,,,,,,,,,,,,,,0.0,0.0,0.0,0.0
 CN(CCC(=O)OCCCCCCCC/C=C\CC(CCCCCC)OC(OCC#CCCCCCC)=O)CCCCCCN(CCC(=O)OCCCCCCCC/C=C\CC(CCCCCC)OC(OCC#CCCCCCC)=O)C,1.0137296673829026,,,,,,,,,,,,,,,,0.0,0.0,0.0,0.0
 CN(CCC(=O)OCCCCCCCC/C=C\CC(CCCCCC)OC(OCCC#CCCCCCC)=O)CCCCCCN(CCC(=O)OCCCCCCCC/C=C\CC(CCCCCC)OC(OCCC#CCCCCCC)=O)C,0.9900298209431752,,,,,,,,,,,,,,,,0.0,0.0,0.0,0.0
 N(CCC(=O)OCCCCCCCC/C=C\CC(CCCCCC)OC(OCC#CCCCCCC)=O)(CCC(=O)OCCCCCCCC/C=C\CC(CCCCCC)OC(OCC#CCCCCCC)=O)CCCN(C)C,0.9882369718397236,,,,,,,,,,,,,,,,0.0,0.0,0.0,0.0
 N(CCC(=O)OCCCCCCCC/C=C\CC(CCCCCC)OC(OCCCCCCCCCCCCCCCCCC)=O)(CCC(=O)OCCCCCCCC/C=C\CC(CCCCCC)OC(OCCCCCCCCCCCCCCCCCC)=O)CCN1CCCCC1,0.9264967640910848,,,,,,,,,,,,,,,,0.0,0.0,0.0,0.0
 CN(CC1)CCC1CN2CCN(CCC(=O)OCCCCCCCC/C=C\CC(CCCCCC)OC(OCCCCCCCC/C=C\CCCCCCCC)=O)CC2,0.9110531606842864,,,,,,,,,,,,,,,,0.0,0.0,0.0,0.0
 N(CCC(=O)OCCCCCCCC/C=C\CC(CCCCCC)OC(OCC#CCC)=O)(CCC(=O)OCCCCCCCC/C=C\CC(CCCCCC)OC(OCC#CCC)=O)CCN1CCCCCC1,0.8644862560991778,,,,,,,,,,,,,,,,0.0,0.0,0.0,0.0
 N(CCC(=O)OCCCCCCCC/C=C\CC(CCCCCC)OC(OCC#CCCCC)=O)(CCC(=O)OCCCCCCCC/C=C\CC(CCCCCC)OC(OCC#CCCCC)=O)CCN1CCCCC1,0.8513940134006911,,,,,,,,,,,,,,,,0.0,0.0,0.0,0.0
 OCC1CCN(CCC(=O)OCCCCCCCC/C=C\CC(CCCCCC)OC(OCCCCCCCC/C=C\CCCCCCCC)=O)CC1,0.8460750283724837,,,,,,,,,,,,,,,,0.0,0.0,0.0,0.0
 N(CCC(=O)OCCCCCCCC/C=C\CC(CCCCCC)OC(OCC#CCCCCCC)=O)(CCC(=O)OCCCCCCCC/C=C\CC(CCCCCC)OC(OCC#CCCCCCC)=O)CCCN(CCC(=O)OCCCCCCCC/C=C\CC(CCCCCC)OC(OCC#CCCCCCC)=O)CCCN(CCC(=O)OCCCCCCCC/C=C\CC(CCCCCC)OC(OCC#CCCCCCC)=O)(CCC(=O)OCCCCCCCC/C=C\CC(CCCCCC)OC(OCC#CCCCCCC)=O),0.8337224788148844,,,,,,,,,,,,,,,,0.0,0.0,0.0,0.0
 CN(CCC(=O)OCCCCCCCC/C=C\CC(CCCCCC)OC(OCCC#CCCCC)=O)CCCCCCN(CCC(=O)OCCCCCCCC/C=C\CC(CCCCCC)OC(OCCC#CCCCC)=O)C,0.7984787010261736,,,,,,,,,,,,,,,,0.0,0.0,0.0,0.0
 CN(CCC(=O)OCCCCCCCC/C=C\CC(CCCCCC)OC(OCC#CCCC)=O)CCCCCCN(CCC(=O)OCCCCCCCC/C=C\CC(CCCCCC)OC(OCC#CCCC)=O)C,0.7582419691561204,,,,,,,,,,,,,,,,0.0,0.0,0.0,0.0
 CN(CCC(=O)OCCCCCCCC/C=C\CC(CCCCCC)OC(OCCCCCCCC/C=C\C/C=C\CCCCC)=O)CCCCCCN(CCC(=O)OCCCCCCCC/C=C\CC(CCCCCC)OC(OCCCCCCCC/C=C\C/C=C\CCCCC)=O)C,0.7281827700040253,,,,,,,,,,,,,,,,0.0,0.0,0.0,0.0
 N(CCC(=O)OCCCCCCCC/C=C\CC(CCCCCC)OC(OCC#CCC)=O)(CCC(=O)OCCCCCCCC/C=C\CC(CCCCCC)OC(OCC#CCC)=O)CCN1CCCCC1,0.714787109402211,,,,,,,,,,,,,,,,0.0,0.0,0.0,0.0
 N(CCC(=O)OCCCCCCCC/C=C\CC(CCCCCC)OC(OCC#CCCCCC)=O)(CCC(=O)OCCCCCCCC/C=C\CC(CCCCCC)OC(OCC#CCCCCC)=O)CCN1CCOCC1,0.71399778140643,,,,,,,,,,,,,,,,0.0,0.0,0.0,0.0
 N(CCC(=O)OCCCCCCCC/C=C\CC(CCCCCC)OC(OCCCCCCCCCCCCCCCCCC)=O)(CCC(=O)OCCCCCCCC/C=C\CC(CCCCCC)OC(OCCCCCCCCCCCCCCCCCC)=O)CCCN1CCCCCC1,0.6970656604923984,,,,,,,,,,,,,,,,0.0,0.0,0.0,0.0
 N(CCC(=O)OCCCCCCCC/C=C\CC(CCCCCC)OC(OCCCCCCCC/C=C\CCCCCCCC)=O)(CCC(=O)OCCCCCCCC/C=C\CC(CCCCCC)OC(OCCCCCCCC/C=C\CCCCCCCC)=O)CCN1CCCCC1,0.6948514666460844,,,,,,,,,,,,,,,,0.0,0.0,0.0,0.0
 N(CCC(=O)OCCCCCCCC/C=C\CC(CCCCCC)OC(OCCCCCCCC/C=C\CCCCCCCC)=O)(CCC(=O)OCCCCCCCC/C=C\CC(CCCCCC)OC(OCCCCCCCC/C=C\CCCCCCCC)=O)CCCN(CCC(=O)OCCCCCCCC/C=C\CC(CCCCCC)OC(OCCCCCCCC/C=C\CCCCCCCC)=O)CCCN(CCC(=O)OCCCCCCCC/C=C\CC(CCCCCC)OC(OCCCCCCCC/C=C\CCCCCCCC)=O)(CCC(=O)OCCCCCCCC/C=C\CC(CCCCCC)OC(OCCCCCCCC/C=C\CCCCCCCC)=O),0.6837279298449838,,,,,,,,,,,,,,,,0.0,0.0,0.0,0.0
 N(CCC(=O)OCCCCCCCC/C=C\CC(CCCCCC)OC(OCCC#CCCCC)=O)(CCC(=O)OCCCCCCCC/C=C\CC(CCCCCC)OC(OCCC#CCCCC)=O)CCN1CCCCCC1,0.6605041310897987,,,,,,,,,,,,,,,,0.0,0.0,0.0,0.0
 N(CCC(=O)OCCCCCCCC/C=C\CC(CCCCCC)OC(OCC#CCCCCC)=O)(CCC(=O)OCCCCCCCC/C=C\CC(CCCCCC)OC(OCC#CCCCCC)=O)CCCN(C)C,0.6357796083010039,,,,,,,,,,,,,,,,0.0,0.0,0.0,0.0
 N(CCC(=O)OCCCCCCCC/C=C\CC(CCCCCC)OC(OCC#CCCCC)=O)(CCC(=O)OCCCCCCCC/C=C\CC(CCCCCC)OC(OCC#CCCCC)=O)CCCN1CCN(CCCN(CCC(=O)OCCCCCCCC/C=C\CC(CCCCCC)OC(OCC#CCCCC)=O)(CCC(=O)OCCCCCCCC/C=C\CC(CCCCCC)OC(OCC#CCCCC)=O))CC1,0.6013138417200921,,,,,,,,,,,,,,,,0.0,0.0,0.0,0.0
 CN(CCC(=O)OCCCCCCCC/C=C\CC(CCCCCC)OC(OCC#CCCCC)=O)CCCCCCN(CCC(=O)OCCCCCCCC/C=C\CC(CCCCCC)OC(OCC#CCCCC)=O)C,0.5942683307417004,,,,,,,,,,,,,,,,0.0,0.0,0.0,0.0
 N(CCC(=O)OCCCCCCCC/C=C\CC(CCCCCC)OC(OCCCCCCCC/C=C\CCCCCCCC)=O)(CCC(=O)OCCCCCCCC/C=C\CC(CCCCCC)OC(OCCCCCCCC/C=C\CCCCCCCC)=O)CCCN1CCCCCC1,0.5722730793413915,,,,,,,,,,,,,,,,0.0,0.0,0.0,0.0
 N(CCC(=O)OCCCCCCCC/C=C\CC(CCCCCC)OC(OCC#CCCCCCC)=O)(CCC(=O)OCCCCCCCC/C=C\CC(CCCCCC)OC(OCC#CCCCCCC)=O)CCN1CCCCC1,0.51577611250691,,,,,,,,,,,,,,,,0.0,0.0,0.0,0.0
 N(CCC(=O)OCCCCCCCC/C=C\CC(CCCCCC)OC(OCC#CCCCC)=O)(CCC(=O)OCCCCCCCC/C=C\CC(CCCCCC)OC(OCC#CCCCC)=O)CCCN1CCCCC1,0.5104919858320852,,,,,,,,,,,,,,,,0.0,0.0,0.0,0.0
 N(CCC(=O)OCCCCCCCC/C=C\CC(CCCCCC)OC(OCCC#CCCCCCC)=O)(CCC(=O)OCCCCCCCC/C=C\CC(CCCCCC)OC(OCCC#CCCCCCC)=O)CCCN1CCCCCC1,0.5030744854966132,,,,,,,,,,,,,,,,0.0,0.0,0.0,0.0
 CN(CCC(=O)OCCCCCCCC/C=C\CC(CCCCCC)OC(OCC#CCC)=O)CCCCCCN(CCC(=O)OCCCCCCCC/C=C\CC(CCCCCC)OC(OCC#CCC)=O)C,0.4930937229876513,,,,,,,,,,,,,,,,0.0,0.0,0.0,0.0
 N(CCC(=O)OCCCCCCCC/C=C\CC(CCCCCC)OC(OCC#CCCC)=O)(CCC(=O)OCCCCCCCC/C=C\CC(CCCCCC)OC(OCC#CCCC)=O)CCN1CCOCC1,0.4790233338361279,,,,,,,,,,,,,,,,0.0,0.0,0.0,0.0
 N(CCC(=O)OCCCCCCCC/C=C\CC(CCCCCC)OC(OCC#CCCCCCC)=O)(CCC(=O)OCCCCCCCC/C=C\CC(CCCCCC)OC(OCC#CCCCCCC)=O)CCN1CCOCC1,0.4233586089053618,,,,,,,,,,,,,,,,0.0,0.0,0.0,0.0
 N(CCC(=O)OCCCCCCCC/C=C\CC(CCCCCC)OC(OCC#CCCC)=O)(CCC(=O)OCCCCCCCC/C=C\CC(CCCCCC)OC(OCC#CCCC)=O)CCN1CCCCC1,0.4191178430859165,,,,,,,,,,,,,,,,0.0,0.0,0.0,0.0
 N(CCC(=O)OCCCCCCCC/C=C\CC(CCCCCC)OC(OCCCCCCCC/C=C\C/C=C\CCCCC)=O)(CCC(=O)OCCCCCCCC/C=C\CC(CCCCCC)OC(OCCCCCCCC/C=C\C/C=C\CCCCC)=O)CCN1CCOCC1,0.4033034959557916,,,,,,,,,,,,,,,,0.0,0.0,0.0,0.0
 N(CCC(=O)OCCCCCCCC/C=C\CC(CCCCCC)OC(OCC#CCCCCC)=O)(CCC(=O)OCCCCCCCC/C=C\CC(CCCCCC)OC(OCC#CCCCCC)=O)CCC1=NC=CC=C1,0.4024499858823455,,,,,,,,,,,,,,,,0.0,0.0,0.0,0.0
 N(CCC(=O)OCCCCCCCC/C=C\CC(CCCCCC)OC(OCC#CCCC)=O)(CCC(=O)OCCCCCCCC/C=C\CC(CCCCCC)OC(OCC#CCCC)=O)CCCN1CCN(CCCN(CCC(=O)OCCCCCCCC/C=C\CC(CCCCCC)OC(OCC#CCCC)=O)(CCC(=O)OCCCCCCCC/C=C\CC(CCCCCC)OC(OCC#CCCC)=O))CC1,0.3241363130484109,,,,,,,,,,,,,,,,0.0,0.0,0.0,0.0
 N(CCC(=O)OCCCCCCCC/C=C\CC(CCCCCC)OC(OCC#CCCCC)=O)(CCC(=O)OCCCCCCCC/C=C\CC(CCCCCC)OC(OCC#CCCCC)=O)CCN1CCOCC1,0.2704764219566606,,,,,,,,,,,,,,,,0.0,0.0,0.0,0.0
 N(CCC(=O)OCCCCCCCC/C=C\CC(CCCCCC)OC(OCCC#CCCCC)=O)(CCC(=O)OCCCCCCCC/C=C\CC(CCCCCC)OC(OCCC#CCCCC)=O)CCCN1CCN(CCCN(CCC(=O)OCCCCCCCC/C=C\CC(CCCCCC)OC(OCCC#CCCCC)=O)(CCC(=O)OCCCCCCCC/C=C\CC(CCCCCC)OC(OCCC#CCCCC)=O))CC1,0.2562493361853504,,,,,,,,,,,,,,,,0.0,0.0,0.0,0.0
 OCC1CCN(CCC(=O)OCCCCCCCC/C=C\CC(CCCCCC)OC(OCC#CCCCC)=O)CC1,0.2336336553726643,,,,,,,,,,,,,,,,0.0,0.0,0.0,0.0
 N(CCC(=O)OCCCCCCCC/C=C\CC(CCCCCC)OC(OCC#CCC)=O)(CCC(=O)OCCCCCCCC/C=C\CC(CCCCCC)OC(OCC#CCC)=O)CCCN(CCC(=O)OCCCCCCCC/C=C\CC(CCCCCC)OC(OCC#CCC)=O)CCCN(CCC(=O)OCCCCCCCC/C=C\CC(CCCCCC)OC(OCC#CCC)=O)(CCC(=O)OCCCCCCCC/C=C\CC(CCCCCC)OC(OCC#CCC)=O),0.220897362785637,,,,,,,,,,,,,,,,0.0,0.0,0.0,0.0
 N(CCC(=O)OCCCCCCCC/C=C\CC(CCCCCC)OC(OCCC#CCCCCCC)=O)(CCC(=O)OCCCCCCCC/C=C\CC(CCCCCC)OC(OCCC#CCCCCCC)=O)CCCN1CCCCC1,0.2090689615390856,,,,,,,,,,,,,,,,0.0,0.0,0.0,0.0
 CN(CC1)CCC1CN2CCN(CCC(=O)OCCCCCCCC/C=C\CC(CCCCCC)OC(OCC#CCCCCC)=O)CC2,0.1776014753285652,,,,,,,,,,,,,,,,0.0,0.0,0.0,0.0
 CN(CC1)CCC1CN2CCN(CCC(=O)OCCCCCCCC/C=C\CC(CCCCCC)OC(OCC#CCCC)=O)CC2,0.1587983862799293,,,,,,,,,,,,,,,,0.0,0.0,0.0,0.0
 N(CCC(=O)OCCCCCCCC/C=C\CC(CCCCCC)OC(OCCC#CCCCC)=O)(CCC(=O)OCCCCCCCC/C=C\CC(CCCCCC)OC(OCCC#CCCCC)=O)CCCN1CCCCCC1,0.0288112180760434,,,,,,,,,,,,,,,,0.0,0.0,0.0,0.0
 N(CCC(=O)OCCCCCCCC/C=C\CC(CCCCCC)OC(OCCC#CCCCC)=O)(CCC(=O)OCCCCCCCC/C=C\CC(CCCCCC)OC(OCCC#CCCCC)=O)CCCN1CCCCC1,0.0163692897338222,,,,,,,,,,,,,,,,0.0,0.0,0.0,0.0
 N(CCC(=O)OCCCCCCCC/C=C\CC(CCCCCC)OC(OCCC#CCCCCCC)=O)(CCC(=O)OCCCCCCCC/C=C\CC(CCCCCC)OC(OCCC#CCCCCCC)=O)CCN1CCOCC1,0.0134216274933216,,,,,,,,,,,,,,,,0.0,0.0,0.0,0.0
 CN(CC1)CCC1CN2CCN(CCC(=O)OCCCCCCCC/C=C\CC(CCCCCC)OC(OCC#CCCCC)=O)CC2,-0.0054932206826615,,,,,,,,,,,,,,,,0.0,0.0,0.0,0.0
 N(CCC(=O)OCCCCCCCC/C=C\CC(CCCCCC)OC(OCC#CCCCC)=O)(CCC(=O)OCCCCCCCC/C=C\CC(CCCCCC)OC(OCC#CCCCC)=O)CCCN(C)C,-0.0181213313469689,,,,,,,,,,,,,,,,0.0,0.0,0.0,0.0
 N(CCC(=O)OCCCCCCCC/C=C\CC(CCCCCC)OC(OCC#CCCCCC)=O)(CCC(=O)OCCCCCCCC/C=C\CC(CCCCCC)OC(OCC#CCCCCC)=O)CCCN1CCN(CCCN(CCC(=O)OCCCCCCCC/C=C\CC(CCCCCC)OC(OCC#CCCCCC)=O)(CCC(=O)OCCCCCCCC/C=C\CC(CCCCCC)OC(OCC#CCCCCC)=O))CC1,-0.0224452204056986,,,,,,,,,,,,,,,,0.0,0.0,0.0,0.0
 N(CCC(=O)OCCCCCCCC/C=C\CC(CCCCCC)OC(OCC#CCC)=O)(CCC(=O)OCCCCCCCC/C=C\CC(CCCCCC)OC(OCC#CCC)=O)CCCN1CCN(CCCN(CCC(=O)OCCCCCCCC/C=C\CC(CCCCCC)OC(OCC#CCC)=O)(CCC(=O)OCCCCCCCC/C=C\CC(CCCCCC)OC(OCC#CCC)=O))CC1,-0.0627829546940307,,,,,,,,,,,,,,,,0.0,0.0,0.0,0.0
 N(CCC(=O)OCCCCCCCC/C=C\CC(CCCCCC)OC(OCC#CCCC)=O)(CCC(=O)OCCCCCCCC/C=C\CC(CCCCCC)OC(OCC#CCCC)=O)CCCN(C)C,-0.0909122473869391,,,,,,,,,,,,,,,,0.0,0.0,0.0,0.0
 N(CCC(=O)OCCCCCCCC/C=C\CC(CCCCCC)OC(OCC#CCC)=O)(CCC(=O)OCCCCCCCC/C=C\CC(CCCCCC)OC(OCC#CCC)=O)CCCN(C)C,-0.0958509913047903,,,,,,,,,,,,,,,,0.0,0.0,0.0,0.0
 N(CCC(=O)OCCCCCCCC/C=C\CC(CCCCCC)OC(OCC#CCCCC)=O)(CCC(=O)OCCCCCCCC/C=C\CC(CCCCCC)OC(OCC#CCCCC)=O)CCC1=NC=CC=C1,-0.1003236218094963,,,,,,,,,,,,,,,,0.0,0.0,0.0,0.0
 N(CCC(=O)OCCCCCCCC/C=C\CC(CCCCCC)OC(OCCCCCCCC/C=C\C/C=C\CCCCC)=O)(CCC(=O)OCCCCCCCC/C=C\CC(CCCCCC)OC(OCCCCCCCC/C=C\C/C=C\CCCCC)=O)CCCN1CCCCCC1,-0.1034638405492061,,,,,,,,,,,,,,,,0.0,0.0,0.0,0.0
 N(CCC(=O)OCCCCCCCC/C=C\CC(CCCCCC)OC(OCCC#CCCCC)=O)(CCC(=O)OCCCCCCCC/C=C\CC(CCCCCC)OC(OCCC#CCCCC)=O)CCC1=NC=CC=C1,-0.1458450370112167,,,,,,,,,,,,,,,,0.0,0.0,0.0,0.0
 N(CCC(=O)OCCCCCCCC/C=C\CC(CCCCCC)OC(OCC#CCC)=O)(CCC(=O)OCCCCCCCC/C=C\CC(CCCCCC)OC(OCC#CCC)=O)CCN1CCOCC1,-0.1555477927735724,,,,,,,,,,,,,,,,0.0,0.0,0.0,0.0
 OCC1CCN(CCC(=O)OCCCCCCCC/C=C\CC(CCCCCC)OC(OCC#CCCCCC)=O)CC1,-0.1734040803965811,,,,,,,,,,,,,,,,0.0,0.0,0.0,0.0
 OCC1CCN(CCC(=O)OCCCCCCCC/C=C\CC(CCCCCC)OC(OCCC#CCCCCCC)=O)CC1,-0.1916623643744134,,,,,,,,,,,,,,,,0.0,0.0,0.0,0.0
 N(CCC(=O)OCCCCCCCC/C=C\CC(CCCCCC)OC(OCC#CCCCCCC)=O)(CCC(=O)OCCCCCCCC/C=C\CC(CCCCCC)OC(OCC#CCCCCCC)=O)CCCN1CCN(CCCN(CCC(=O)OCCCCCCCC/C=C\CC(CCCCCC)OC(OCC#CCCCCCC)=O)(CCC(=O)OCCCCCCCC/C=C\CC(CCCCCC)OC(OCC#CCCCCCC)=O))CC1,-0.2090116528236085,,,,,,,,,,,,,,,,0.0,0.0,0.0,0.0
 N(CCC(=O)OCCCCCCCC/C=C\CC(CCCCCC)OC(OCC#CCCCCCC)=O)(CCC(=O)OCCCCCCCC/C=C\CC(CCCCCC)OC(OCC#CCCCCCC)=O)CCN1CCCCCC1,-0.2246185175225891,,,,,,,,,,,,,,,,0.0,0.0,0.0,0.0
 N(CCC(=O)OCCCCCCCC/C=C\CC(CCCCCC)OC(OCC#CCC)=O)(CCC(=O)OCCCCCCCC/C=C\CC(CCCCCC)OC(OCC#CCC)=O)CCCN1CCCCC1,-0.2603310870651549,,,,,,,,,,,,,,,,0.0,0.0,0.0,0.0
 N(CCC(=O)OCCCCCCCC/C=C\CC(CCCCCC)OC(OCCC#CCCCC)=O)(CCC(=O)OCCCCCCCC/C=C\CC(CCCCCC)OC(OCCC#CCCCC)=O)CCN1CCCC1,-0.2634437433063286,,,,,,,,,,,,,,,,0.0,0.0,0.0,0.0
 OCC1CCN(CCC(=O)OCCCCCCCC/C=C\CC(CCCCCC)OC(OCC#CCCCCCC)=O)CC1,-0.2924286666158601,,,,,,,,,,,,,,,,0.0,0.0,0.0,0.0
 N(CCC(=O)OCCCCCCCC/C=C\CC(CCCCCC)OC(OCC#CCCC)=O)(CCC(=O)OCCCCCCCC/C=C\CC(CCCCCC)OC(OCC#CCCC)=O)CCCN1CCCCC1,-0.3189601191885652,,,,,,,,,,,,,,,,0.0,0.0,0.0,0.0
 N(CCC(=O)OCCCCCCCC/C=C\CC(CCCCCC)OC(OCCC#CCCCCCC)=O)(CCC(=O)OCCCCCCCC/C=C\CC(CCCCCC)OC(OCCC#CCCCCCC)=O)CCCN1CCN(CCCN(CCC(=O)OCCCCCCCC/C=C\CC(CCCCCC)OC(OCCC#CCCCCCC)=O)(CCC(=O)OCCCCCCCC/C=C\CC(CCCCCC)OC(OCCC#CCCCCCC)=O))CC1,-0.3495446974564891,,,,,,,,,,,,,,,,0.0,0.0,0.0,0.0
 N(CCC(=O)OCCCCCCCC/C=C\CC(CCCCCC)OC(OCCC#CCCCCCC)=O)(CCC(=O)OCCCCCCCC/C=C\CC(CCCCCC)OC(OCCC#CCCCCCC)=O)CCC1=NC=CC=C1,-0.3769658747367314,,,,,,,,,,,,,,,,0.0,0.0,0.0,0.0
 N(CCC(=O)OCCCCCCCC/C=C\CC(CCCCCC)OC(OCC#CCCCCC)=O)(CCC(=O)OCCCCCCCC/C=C\CC(CCCCCC)OC(OCC#CCCCCC)=O)CCCN1CCCCC1,-0.378448612366462,,,,,,,,,,,,,,,,0.0,0.0,0.0,0.0
 N(CCC(=O)OCCCCCCCC/C=C\CC(CCCCCC)OC(OCCC#CCCCC)=O)(CCC(=O)OCCCCCCCC/C=C\CC(CCCCCC)OC(OCCC#CCCCC)=O)CCCN(CCC(=O)OCCCCCCCC/C=C\CC(CCCCCC)OC(OCCC#CCCCC)=O)CCCN(CCC(=O)OCCCCCCCC/C=C\CC(CCCCCC)OC(OCCC#CCCCC)=O)(CCC(=O)OCCCCCCCC/C=C\CC(CCCCCC)OC(OCCC#CCCCC)=O),-0.4701793748092677,,,,,,,,,,,,,,,,0.0,0.0,0.0,0.0
 N(CCC(=O)OCCCCCCCC/C=C\CC(CCCCCC)OC(OCCCCCCCC/C=C\C/C=C\CCCCC)=O)(CCC(=O)OCCCCCCCC/C=C\CC(CCCCCC)OC(OCCCCCCCC/C=C\C/C=C\CCCCC)=O)CCCN(CCC(=O)OCCCCCCCC/C=C\CC(CCCCCC)OC(OCCCCCCCC/C=C\C/C=C\CCCCC)=O)(CCC(=O)OCCCCCCCC/C=C\CC(CCCCCC)OC(OCCCCCCCC/C=C\C/C=C\CCCCC)=O),-0.4736098889516573,,,,,,,,,,,,,,,,0.0,0.0,0.0,0.0
 OCC1CCN(CCC(=O)OCCCCCCCC/C=C\CC(CCCCCC)OC(OCC#CCCC)=O)CC1,-0.5004554009270432,,,,,,,,,,,,,,,,0.0,0.0,0.0,0.0
 N(CCC(=O)OCCCCCCCC/C=C\CC(CCCCCC)OC(OCCC#CCCCCCC)=O)(CCC(=O)OCCCCCCCC/C=C\CC(CCCCCC)OC(OCCC#CCCCCCC)=O)CCCN(CCC(=O)OCCCCCCCC/C=C\CC(CCCCCC)OC(OCCC#CCCCCCC)=O)CCCN(CCC(=O)OCCCCCCCC/C=C\CC(CCCCCC)OC(OCCC#CCCCCCC)=O)(CCC(=O)OCCCCCCCC/C=C\CC(CCCCCC)OC(OCCC#CCCCCCC)=O),-0.5249191220002889,,,,,,,,,,,,,,,,0.0,0.0,0.0,0.0
 N(CCC(=O)OCCCCCCCC/C=C\CC(CCCCCC)OC(OCC#CCCC)=O)(CCC(=O)OCCCCCCCC/C=C\CC(CCCCCC)OC(OCC#CCCC)=O)CCCN(CCC(=O)OCCCCCCCC/C=C\CC(CCCCCC)OC(OCC#CCCC)=O)(CCC(=O)OCCCCCCCC/C=C\CC(CCCCCC)OC(OCC#CCCC)=O),-0.5342921030703758,,,,,,,,,,,,,,,,0.0,0.0,0.0,0.0
 N(CCC(=O)OCCCCCCCC/C=C\CC(CCCCCC)OC(OCCC#CCCCC)=O)(CCC(=O)OCCCCCCCC/C=C\CC(CCCCCC)OC(OCCC#CCCCC)=O)CCCN(CCC(=O)OCCCCCCCC/C=C\CC(CCCCCC)OC(OCCC#CCCCC)=O)(CCC(=O)OCCCCCCCC/C=C\CC(CCCCCC)OC(OCCC#CCCCC)=O),-0.5475560162295742,,,,,,,,,,,,,,,,0.0,0.0,0.0,0.0
 N(CCC(=O)OCCCCCCCC/C=C\CC(CCCCCC)OC(OCC#CCCC)=O)(CCC(=O)OCCCCCCCC/C=C\CC(CCCCCC)OC(OCC#CCCC)=O)CCN1CCCCCC1,-0.5494671617562017,,,,,,,,,,,,,,,,0.0,0.0,0.0,0.0
 N(CCC(=O)OCCCCCCCC/C=C\CC(CCCCCC)OC(OCCC#CCCCCCC)=O)(CCC(=O)OCCCCCCCC/C=C\CC(CCCCCC)OC(OCCC#CCCCCCC)=O)CCN1CCCC1,-0.5807042581939561,,,,,,,,,,,,,,,,0.0,0.0,0.0,0.0
 N(CCC(=O)OCCCCCCCC/C=C\CC(CCCCCC)OC(OCCC#CCCCCCC)=O)(CCC(=O)OCCCCCCCC/C=C\CC(CCCCCC)OC(OCCC#CCCCCCC)=O)CCCN(C)C,-0.5873526492683477,,,,,,,,,,,,,,,,0.0,0.0,0.0,0.0
 N(CCC(=O)OCCCCCCCC/C=C\CC(CCCCCC)OC(OCCC#CCCCCCC)=O)(CCC(=O)OCCCCCCCC/C=C\CC(CCCCCC)OC(OCCC#CCCCCCC)=O)CCN1CCCCC1,-0.5912063492276649,,,,,,,,,,,,,,,,0.0,0.0,0.0,0.0
 N(CCC(=O)OCCCCCCCC/C=C\CC(CCCCCC)OC(OCCC#CCCCC)=O)(CCC(=O)OCCCCCCCC/C=C\CC(CCCCCC)OC(OCCC#CCCCC)=O)CCN1CCCCC1,-0.600619847615469,,,,,,,,,,,,,,,,0.0,0.0,0.0,0.0
 N(CCC(=O)OCCCCCCCC/C=C\CC(CCCCCC)OC(OCC#CCCCCCC)=O)(CCC(=O)OCCCCCCCC/C=C\CC(CCCCCC)OC(OCC#CCCCCCC)=O)CCCN1CCCCC1,-0.6089802904214503,,,,,,,,,,,,,,,,0.0,0.0,0.0,0.0
 N(CCC(=O)OCCCCCCCC/C=C\CC(CCCCCC)OC(OCC#CCCC)=O)(CCC(=O)OCCCCCCCC/C=C\CC(CCCCCC)OC(OCC#CCCC)=O)CCC1=NC=CC=C1,-0.6325649796175725,,,,,,,,,,,,,,,,0.0,0.0,0.0,0.0
 CN(CC1)CCC1CN2CCN(CCC(=O)OCCCCCCCC/C=C\CC(CCCCCC)OC(OCC#CCCCCCC)=O)CC2,-0.6380953356899896,,,,,,,,,,,,,,,,0.0,0.0,0.0,0.0
 CN(CC1)CCC1CN2CCN(CCC(=O)OCCCCCCCC/C=C\CC(CCCCCC)OC(OCCC#CCCCC)=O)CC2,-0.6455665112052248,,,,,,,,,,,,,,,,0.0,0.0,0.0,0.0
 N(CCC(=O)OCCCCCCCC/C=C\CC(CCCCCC)OC(OCC#CCCCC)=O)(CCC(=O)OCCCCCCCC/C=C\CC(CCCCCC)OC(OCC#CCCCC)=O)CCN1CCCCCC1,-0.6713558432481895,,,,,,,,,,,,,,,,0.0,0.0,0.0,0.0
 OCC1CCN(CCC(=O)OCCCCCCCC/C=C\CC(CCCCCC)OC(OCC#CCC)=O)CC1,-0.701155823962804,,,,,,,,,,,,,,,,0.0,0.0,0.0,0.0
 N(CCC(=O)OCCCCCCCC/C=C\CC(CCCCCC)OC(OCC#CCCC)=O)(CCC(=O)OCCCCCCCC/C=C\CC(CCCCCC)OC(OCC#CCCC)=O)CCCN1CCCCCC1,-0.7261753429388035,,,,,,,,,,,,,,,,0.0,0.0,0.0,0.0
 N(CCC(=O)OCCCCCCCC/C=C\CC(CCCCCC)OC(OCC#CCC)=O)(CCC(=O)OCCCCCCCC/C=C\CC(CCCCCC)OC(OCC#CCC)=O)CCC1=NC=CC=C1,-0.7581908578107769,,,,,,,,,,,,,,,,0.0,0.0,0.0,0.0
 N(CCC(=O)OCCCCCCCC/C=C\CC(CCCCCC)OC(OCCC#CCCCC)=O)(CCC(=O)OCCCCCCCC/C=C\CC(CCCCCC)OC(OCCC#CCCCC)=O)CCN1CCOCC1,-0.7718568357662144,,,,,,,,,,,,,,,,0.0,0.0,0.0,0.0
 N(CCC(=O)OCCCCCCCC/C=C\CC(CCCCCC)OC(OCCC#CCCCCCC)=O)(CCC(=O)OCCCCCCCC/C=C\CC(CCCCCC)OC(OCCC#CCCCCCC)=O)CCCN(CCC(=O)OCCCCCCCC/C=C\CC(CCCCCC)OC(OCCC#CCCCCCC)=O)(CCC(=O)OCCCCCCCC/C=C\CC(CCCCCC)OC(OCCC#CCCCCCC)=O),-0.7915266418000243,,,,,,,,,,,,,,,,0.0,0.0,0.0,0.0
 N(CCC(=O)OCCCCCCCC/C=C\CC(CCCCCC)OC(OCC#CCCCCCC)=O)(CCC(=O)OCCCCCCCC/C=C\CC(CCCCCC)OC(OCC#CCCCCCC)=O)CCCN1CCCCCC1,-0.8840824518131319,,,,,,,,,,,,,,,,0.0,0.0,0.0,0.0
 N(CCC(=O)OCCCCCCCC/C=C\CC(CCCCCC)OC(OCC#CCC)=O)(CCC(=O)OCCCCCCCC/C=C\CC(CCCCCC)OC(OCC#CCC)=O)CCCN1CCCCCC1,-0.9155173348148964,,,,,,,,,,,,,,,,0.0,0.0,0.0,0.0
 N(CCC(=O)OCCCCCCCC/C=C\CC(CCCCCC)OC(OCCC#CCCCC)=O)(CCC(=O)OCCCCCCCC/C=C\CC(CCCCCC)OC(OCCC#CCCCC)=O)CCCN(C)C,-0.9320158690982914,,,,,,,,,,,,,,,,0.0,0.0,0.0,0.0
 CN(CC1)CCC1CN2CCN(CCC(=O)OCCCCCCCC/C=C\CC(CCCCCC)OC(OCCC#CCCCCCC)=O)CC2,-0.9579459999610144,,,,,,,,,,,,,,,,0.0,0.0,0.0,0.0
 N(CCC(=O)OCCCCCCCC/C=C\CC(CCCCCC)OC(OCC#CCCCCC)=O)(CCC(=O)OCCCCCCCC/C=C\CC(CCCCCC)OC(OCC#CCCCCC)=O)CCCN1CCCCCC1,-0.9811502872094552,,,,,,,,,,,,,,,,0.0,0.0,0.0,0.0
 N(CCC(=O)OCCCCCCCC/C=C\CC(CCCCCC)OC(OCCCCCCCCCCCCCCCCCC)=O)(CCC(=O)OCCCCCCCC/C=C\CC(CCCCCC)OC(OCCCCCCCCCCCCCCCCCC)=O)CCCN(CCC(=O)OCCCCCCCC/C=C\CC(CCCCCC)OC(OCCCCCCCCCCCCCCCCCC)=O)(CCC(=O)OCCCCCCCC/C=C\CC(CCCCCC)OC(OCCCCCCCCCCCCCCCCCC)=O),-1.0475191319649846,,,,,,,,,,,,,,,,0.0,0.0,0.0,0.0
 N(CCC(=O)OCCCCCCCC/C=C\CC(CCCCCC)OC(OCC#CCCCC)=O)(CCC(=O)OCCCCCCCC/C=C\CC(CCCCCC)OC(OCC#CCCCC)=O)CCCN1CCCCCC1,-1.0754541799371125,,,,,,,,,,,,,,,,0.0,0.0,0.0,0.0
 N(CCC(=O)OCCCCCCCC/C=C\CC(CCCCCC)OC(OCCCCCCCCCCCCCCCCCC)=O)(CCC(=O)OCCCCCCCC/C=C\CC(CCCCCC)OC(OCCCCCCCCCCCCCCCCCC)=O)CCN1CCCCCC1,-1.122723144010345,,,,,,,,,,,,,,,,0.0,0.0,0.0,0.0
 N(CCC(=O)OCCCCCCCC/C=C\CC(CCCCCC)OC(OCCCCCCCC/C=C\CCCCCCCC)=O)(CCC(=O)OCCCCCCCC/C=C\CC(CCCCCC)OC(OCCCCCCCC/C=C\CCCCCCCC)=O)CCN1CCCCCC1,-1.1591236421702042,,,,,,,,,,,,,,,,0.0,0.0,0.0,0.0
 N(CCC(=O)OCCCCCCCC/C=C\CC(CCCCCC)OC(OCC#CCC)=O)(CCC(=O)OCCCCCCCC/C=C\CC(CCCCCC)OC(OCC#CCC)=O)CCCN(CCC(=O)OCCCCCCCC/C=C\CC(CCCCCC)OC(OCC#CCC)=O)(CCC(=O)OCCCCCCCC/C=C\CC(CCCCCC)OC(OCC#CCC)=O),-1.195380374574963,,,,,,,,,,,,,,,,0.0,0.0,0.0,0.0
 CN(CC1)CCC1CN2CCN(CCC(=O)OCCCCCCCC/C=C\CC(CCCCCC)OC(OCC#CCC)=O)CC2,-1.197062534518524,,,,,,,,,,,,,,,,0.0,0.0,0.0,0.0
 N(CCC(=O)OCCCCCCCC/C=C\CC(CCCCCC)OC(OCCCCCCCC/C=C\C/C=C\CCCCC)=O)(CCC(=O)OCCCCCCCC/C=C\CC(CCCCCC)OC(OCCCCCCCC/C=C\C/C=C\CCCCC)=O)CCN1CCCCCC1,-1.2319639694897797,,,,,,,,,,,,,,,,0.0,0.0,0.0,0.0
 N(CCC(=O)OCCCCCCCC/C=C\CC(CCCCCC)OC(OCC#CCCCCC)=O)(CCC(=O)OCCCCCCCC/C=C\CC(CCCCCC)OC(OCC#CCCCCC)=O)CCCN(CCC(=O)OCCCCCCCC/C=C\CC(CCCCCC)OC(OCC#CCCCCC)=O)(CCC(=O)OCCCCCCCC/C=C\CC(CCCCCC)OC(OCC#CCCCCC)=O),-1.232325704041503,,,,,,,,,,,,,,,,0.0,0.0,0.0,0.0
 N(CCC(=O)OCCCCCCCC/C=C\CC(CCCCCC)OC(OCC#CCCCC)=O)(CCC(=O)OCCCCCCCC/C=C\CC(CCCCCC)OC(OCC#CCCCC)=O)CCCN(CCC(=O)OCCCCCCCC/C=C\CC(CCCCCC)OC(OCC#CCCCC)=O)(CCC(=O)OCCCCCCCC/C=C\CC(CCCCCC)OC(OCC#CCCCC)=O),-1.244413587224983,,,,,,,,,,,,,,,,0.0,0.0,0.0,0.0
 N(CCC(=O)OCCCCCCCC/C=C\CC(CCCCCC)OC(OCCCCCCCC/C=C\CCCCCCCC)=O)(CCC(=O)OCCCCCCCC/C=C\CC(CCCCCC)OC(OCCCCCCCC/C=C\CCCCCCCC)=O)CCCN(CCC(=O)OCCCCCCCC/C=C\CC(CCCCCC)OC(OCCCCCCCC/C=C\CCCCCCCC)=O)(CCC(=O)OCCCCCCCC/C=C\CC(CCCCCC)OC(OCCCCCCCC/C=C\CCCCCCCC)=O),-1.251885756281427,,,,,,,,,,,,,,,,0.0,0.0,0.0,0.0
 N(CCC(=O)OCCCCCCCC/C=C\CC(CCCCCC)OC(OCC#CCCCCC)=O)(CCC(=O)OCCCCCCCC/C=C\CC(CCCCCC)OC(OCC#CCCCCC)=O)CCN1CCCCCC1,-1.2633096790311684,,,,,,,,,,,,,,,,0.0,0.0,0.0,0.0
 N(CCC(=O)OCCCCCCCC/C=C\CC(CCCCCC)OC(OCC#CCCCCCC)=O)(CCC(=O)OCCCCCCCC/C=C\CC(CCCCCC)OC(OCC#CCCCCCC)=O)CCN1CCCC1,-1.34431959570806,,,,,,,,,,,,,,,,0.0,0.0,0.0,0.0
 N(CCC(=O)OCCCCCCCC/C=C\CC(CCCCCC)OC(OCC#CCCCCCC)=O)(CCC(=O)OCCCCCCCC/C=C\CC(CCCCCC)OC(OCC#CCCCCCC)=O)CCCN(CCC(=O)OCCCCCCCC/C=C\CC(CCCCCC)OC(OCC#CCCCCCC)=O)(CCC(=O)OCCCCCCCC/C=C\CC(CCCCCC)OC(OCC#CCCCCCC)=O),-1.5492850265124818,,,,,,,,,,,,,,,,0.0,0.0,0.0,0.0
 N(CCC(=O)OCCCCCCCC/C=C\CC(CCCCCC)OC(OCC#CCC)=O)(CCC(=O)OCCCCCCCC/C=C\CC(CCCCCC)OC(OCC#CCC)=O)CCN1CCCC1,-1.584837974705457,,,,,,,,,,,,,,,,0.0,0.0,0.0,0.0
 N(CCC(=O)OCCCCCCCC/C=C\CC(CCCCCC)OC(OCC#CCCCC)=O)(CCC(=O)OCCCCCCCC/C=C\CC(CCCCCC)OC(OCC#CCCCC)=O)CCN1CCCC1,-1.6005661358429737,,,,,,,,,,,,,,,,0.0,0.0,0.0,0.0
 CN(CC1)CCC1CN2CCN(CCC(=O)OCCCCCCCC/C=C\CC(CCCCCC)OC(OCCCCCCCCCCCCCCCCCC)=O)CC2,-1.6043857040685994,,,,,,,,,,,,,,,,0.0,0.0,0.0,0.0
 N(CCC(=O)OCCCCCCCC/C=C\CC(CCCCCC)OC(OCC#CCCCCC)=O)(CCC(=O)OCCCCCCCC/C=C\CC(CCCCCC)OC(OCC#CCCCCC)=O)CCN1CCCC1,-1.732293551360074,,,,,,,,,,,,,,,,0.0,0.0,0.0,0.0
 N(CCC(=O)OCCCCCCCC/C=C\CC(CCCCCC)OC(OCCCCCCCC/C=C\CCCCCCCC)=O)(CCC(=O)OCCCCCCCC/C=C\CC(CCCCCC)OC(OCCCCCCCC/C=C\CCCCCCCC)=O)CCN1CCCC1,-1.7588025140837895,,,,,,,,,,,,,,,,0.0,0.0,0.0,0.0
 N(CCC(=O)OCCCCCCCC/C=C\CC(CCCCCC)OC(OCC#CCCC)=O)(CCC(=O)OCCCCCCCC/C=C\CC(CCCCCC)OC(OCC#CCCC)=O)CCN1CCCC1,-1.884500962990766,,,,,,,,,,,,,,,,0.0,0.0,0.0,0.0
 N(CCC(=O)OCCCCCCCC/C=C\CC(CCCCCC)OC(OCCCCCCCC/C=C\C/C=C\CCCCC)=O)(CCC(=O)OCCCCCCCC/C=C\CC(CCCCCC)OC(OCCCCCCCC/C=C\C/C=C\CCCCC)=O)CCN1CCCC1,-1.9094143658340907,,,,,,,,,,,,,,,,0.0,0.0,0.0,0.0
 N(CCC(=O)OCCCCCCCC/C=C\CC(CCCCCC)OC(OCCCCCCCCCCCCCCCCCC)=O)(CCC(=O)OCCCCCCCC/C=C\CC(CCCCCC)OC(OCCCCCCCCCCCCCCCCCC)=O)CCN1CCCC1,-2.161057629928465,,,,,,,,,,,,,,,,0.0,0.0,0.0,0.0
CCCCCCCC/C=C\CCCCCCCC(OCCCCCC(C(CNCCCN(CCO)CCO)CCCCOC(CCCCCCC/C=C\CCCCCCCC)=O)O)=O,-0.116456362177684,,,,,,,,,,,,,,,,0.0,0.0,0.0,0.0
CCCCCCCC/C=C\CCCCCCCC(OCCCCCC(C(CNCCCN(CCO)CCO)CCCCOC(CCCCCCC/C=C\CCCCCCCC)=O)O)=O,-0.5247390843707089,,,,,,,,,,,,,,,,0.0,0.0,0.0,0.0
CCCCCCCC/C=C\CCCCCCCC(OCCCCCC(C(CNCCCN(CCO)CCO)CCCCOC(CCCCCCC/C=C\CCCCCCCC)=O)O)=O,-0.5165734299268485,,,,,,,,,,,,,,,,0.0,0.0,0.0,0.0
CCCCCCCC/C=C\CCCCCCCC(OCCCCCC(C(CNCCCN(CCO)CCO)CCCCOC(CCCCCCC/C=C\CCCCCCCC)=O)O)=O,0.6184525377697606,,,,,,,,,,,,,,,,0.0,0.0,0.0,0.0
CCCCCCCC/C=C\CCCCCCCC(OCCCCCC(C(CNCCCN(CCO)CCO)CCCCOC(CCCCCCC/C=C\CCCCCCCC)=O)O)=O,0.4469737944486902,,,,,,,,,,,,,,,,0.0,0.0,0.0,0.0
CCCCCCCC/C=C\CCCCCCCC(OCCCCCC(C(CNCCCN(CCO)CCO)CCCCOC(CCCCCCC/C=C\CCCCCCCC)=O)O)=O,-0.753377408798803,,,,,,,,,,,,,,,,0.0,0.0,0.0,0.0
CCCCCCCC/C=C\CCCCCCCC(OCCCCCC(C(CNCCCN(CCO)CCO)CCCCOC(CCCCCCC/C=C\CCCCCCCC)=O)O)=O,1.043066568850506,,,,,,,,,,,,,,,,0.0,0.0,0.0,0.0
CCCCCCCC/C=C\CCCCCCCC(OCCCCCC(C(CNCCCN(CCO)CCO)CCCCOC(CCCCCCC/C=C\CCCCCCCC)=O)O)=O,0.9614100244119014,,,,,,,,,,,,,,,,0.0,0.0,0.0,0.0
CCCCCCCC/C=C\CCCCCCCC(OCCCCCC(C(CNCCCN(CCO)CCO)CCCCOC(CCCCCCC/C=C\CCCCCCCC)=O)O)=O,0.8797534799732967,,,,,,,,,,,,,,,,0.0,0.0,0.0,0.0
CCCCCCCC/C=C\CCCCCCCC(OCCCCCC(C(CNCCCN(CCO)CCO)CCCCOC(CCCCCCC/C=C\CCCCCCCC)=O)O)=O,0.1775071978012937,,,,,,,,,,,,,,,,0.0,0.0,0.0,0.0
CCCCCCCC/C=C\CCCCCCCC(OCCCCCC(C(CNCCCN(CCO)CCO)CCCCOC(CCCCCCC/C=C\CCCCCCCC)=O)O)=O,0.4143111766732482,,,,,,,,,,,,,,,,0.0,0.0,0.0,0.0
CCCCCCCC/C=C\CCCCCCCC(OCCCCCC(C(CNCCCN(CCO)CCO)CCCCOC(CCCCCCC/C=C\CCCCCCCC)=O)O)=O,1.173717039952274,,,,,,,,,,,,,,,,0.0,0.0,0.0,0.0
CCCCCCCC/C=C\CCCCCCCC(OCCCCCC(C(CNCCCN(CCO)CCO)CCCCOC(CCCCCCC/C=C\CCCCCCCC)=O)O)=O,1.018569605518925,,,,,,,,,,,,,,,,0.0,0.0,0.0,0.0
CCCCCCCC/C=C\CCCCCCCC(OCCCCCC(C(CNCCCN(CCO)CCO)CCCCOC(CCCCCCC/C=C\CCCCCCCC)=O)O)=O,-0.6145612832531746,,,,,,,,,,,,,,,,0.0,0.0,0.0,0.0
CCCCCCCC/C=C\CCCCCCCC(OCCCCCC(C(CNCCCN(CCO)CCO)CCCCOC(CCCCCCC/C=C\CCCCCCCC)=O)O)=O,0.9369130610803196,,,,,,,,,,,,,,,,0.0,0.0,0.0,0.0
CCCCCCCC/C=C\CCCCCCCC(OCCCCCC(C(CNCCCN1C(CC)CCCC1)CCCCOC(CCCCCCC/C=C\CCCCCCCC)=O)O)=O,-0.6472239010286166,,,,,,,,,,,,,,,,0.0,0.0,0.0,0.0
CCCCCCCC/C=C\CCCCCCCC(OCCCCCC(C(CNCCCN1C(CC)CCCC1)CCCCOC(CCCCCCC/C=C\CCCCCCCC)=O)O)=O,-1.0718379321093623,,,,,,,,,,,,,,,,0.0,0.0,0.0,0.0
CCCCCCCC/C=C\CCCCCCCC(OCCCCCC(C(CNCCCN1C(CC)CCCC1)CCCCOC(CCCCCCC/C=C\CCCCCCCC)=O)O)=O,0.5449616477750162,,,,,,,,,,,,,,,,0.0,0.0,0.0,0.0
CCCCCCCC/C=C\CCCCCCCC(OCCCCCC(C(CNCCCN1C(CC)CCCC1)CCCCOC(CCCCCCC/C=C\CCCCCCCC)=O)O)=O,-0.0021371999636373,,,,,,,,,,,,,,,,0.0,0.0,0.0,0.0
CCCCCCCC/C=C\CCCCCCCC(OCCCCCC(C(CNCCCN1C(CC)CCCC1)CCCCOC(CCCCCCC/C=C\CCCCCCCC)=O)O)=O,0.9940726421873434,,,,,,,,,,,,,,,,0.0,0.0,0.0,0.0
CCCCCCCC/C=C\CCCCCCCC(OCCCCCC(C(CNCCCN1C(CC)CCCC1)CCCCOC(CCCCCCC/C=C\CCCCCCCC)=O)O)=O,0.1938385066890144,,,,,,,,,,,,,,,,0.0,0.0,0.0,0.0
CCCCCCCC/C=C\CCCCCCCC(OCCCCCC(C(CNCCCN1C(CC)CCCC1)CCCCOC(CCCCCCC/C=C\CCCCCCCC)=O)O)=O,0.2836607055714801,,,,,,,,,,,,,,,,0.0,0.0,0.0,0.0
CCCCCCCC/C=C\CCCCCCCC(OCCCCCC(C(CNCCCN1C(CC)CCCC1)CCCCOC(CCCCCCC/C=C\CCCCCCCC)=O)O)=O,0.8062625899785516,,,,,,,,,,,,,,,,0.0,0.0,0.0,0.0
CCCCCCCC/C=C\CCCCCCCC(OCCCCCC(C(CNCCCN1C(CC)CCCC1)CCCCOC(CCCCCCC/C=C\CCCCCCCC)=O)O)=O,0.5939555744381789,,,,,,,,,,,,,,,,0.0,0.0,0.0,0.0
CCCCCCCC/C=C\CCCCCCCC(OCCCCCC(C(CNCCCN1C(CC)CCCC1)CCCCOC(CCCCCCC/C=C\CCCCCCCC)=O)O)=O,-0.6553895554724769,,,,,,,,,,,,,,,,0.0,0.0,0.0,0.0
CCCCCCCC/C=C\CCCCCCCC(OCCCCCC(C(CNCCCN1C(CC)CCCC1)CCCCOC(CCCCCCC/C=C\CCCCCCCC)=O)O)=O,1.173717039952274,,,,,,,,,,,,,,,,0.0,0.0,0.0,0.0
CCCCCCCC/C=C\CCCCCCCC(OCCCCCC(C(CNCCCN1C(CC)CCCC1)CCCCOC(CCCCCCC/C=C\CCCCCCCC)=O)O)=O,0.1775071978012937,,,,,,,,,,,,,,,,0.0,0.0,0.0,0.0
CCCCCCCC/C=C\CCCCCCCC(OCCCCCC(C(CNCCCN1C(CC)CCCC1)CCCCOC(CCCCCCC/C=C\CCCCCCCC)=O)O)=O,-0.0184685088513583,,,,,,,,,,,,,,,,0.0,0.0,0.0,0.0
CCCCCCCC/C=C\CCCCCCCC(OCCCCCC(C(CNCCO)CCCCOC(CCCCCCC/C=C\CCCCCCCC)=O)O)=O,0.2346667789083174,,,,,,,,,,,,,,,,0.0,0.0,0.0,0.0
CCCCCCCC/C=C\CCCCCCCC(OCCCCCC(C(CNCCO)CCCCOC(CCCCCCC/C=C\CCCCCCCC)=O)O)=O,1.1492200766206933,,,,,,,,,,,,,,,,0.0,0.0,0.0,0.0
CCCCCCCC/C=C\CCCCCCCC(OCCCCCC(C(CNCCO)CCCCOC(CCCCCCC/C=C\CCCCCCCC)=O)O)=O,0.757268663315389,,,,,,,,,,,,,,,,0.0,0.0,0.0,0.0
CCCCCCCC/C=C\CCCCCCCC(OCCCCCC(C(CNCCO)CCCCOC(CCCCCCC/C=C\CCCCCCCC)=O)O)=O,0.3898142133416665,,,,,,,,,,,,,,,,0.0,0.0,0.0,0.0
CCCCCCCC/C=C\CCCCCCCC(OCCCCCC(C(CNCCO)CCCCOC(CCCCCCC/C=C\CCCCCCCC)=O)O)=O,1.3696927466049262,,,,,,,,,,,,,,,,0.0,0.0,0.0,0.0
CCCCCCCC/C=C\CCCCCCCC(OCCCCCC(C(CNCCO)CCCCOC(CCCCCCC/C=C\CCCCCCCC)=O)O)=O,0.7164403910960866,,,,,,,,,,,,,,,,0.0,0.0,0.0,0.0
CCCCCCCC/C=C\CCCCCCCC(OCCCCCC(C(CNCCO)CCCCOC(CCCCCCC/C=C\CCCCCCCC)=O)O)=O,0.3489859411223641,,,,,,,,,,,,,,,,0.0,0.0,0.0,0.0
CCCCCCCC/C=C\CCCCCCCC(OCCCCCC(C(CNCCO)CCCCOC(CCCCCCC/C=C\CCCCCCCC)=O)O)=O,0.4633051033364108,,,,,,,,,,,,,,,,0.0,0.0,0.0,0.0
CCCCCCCC/C=C\CCCCCCCC(OCCCCCC(C(CNCCO)CCCCOC(CCCCCCC/C=C\CCCCCCCC)=O)O)=O,1.337030128829484,,,,,,,,,,,,,,,,0.0,0.0,0.0,0.0
CCCCCCCC/C=C\CCCCCCCC(OCCCCCC(C(CNCCN1CCOCC1)CCCCOC(CCCCCCC/C=C\CCCCCCCC)=O)O)=O,1.1492200766206933,,,,,,,,,,,,,,,,0.0,0.0,0.0,0.0
CCCCCCCC/C=C\CCCCCCCC(OCCCCCC(C(CNCCN1CCOCC1)CCCCOC(CCCCCCC/C=C\CCCCCCCC)=O)O)=O,1.3043675110540425,,,,,,,,,,,,,,,,0.0,0.0,0.0,0.0
CCCCCCCC/C=C\CCCCCCCC(OCCCCCC(C(CNCCN1CCOCC1)CCCCOC(CCCCCCC/C=C\CCCCCCCC)=O)O)=O,0.6347838466574812,,,,,,,,,,,,,,,,0.0,0.0,0.0,0.0
CCCCCCCC/C=C\CCCCCCCC(OCCCCCC(C(CNCCN1CCOCC1)CCCCOC(CCCCCCC/C=C\CCCCCCCC)=O)O)=O,0.6102868833259003,,,,,,,,,,,,,,,,0.0,0.0,0.0,0.0
CCCCCCCC/C=C\CCCCCCCC(OCCCCCC(C(CNCCN1CCOCC1)CCCCOC(CCCCCCC/C=C\CCCCCCCC)=O)O)=O,1.2880362021663216,,,,,,,,,,,,,,,,0.0,0.0,0.0,0.0
CCCCCCCC/C=C\CCCCCCCC(OCCCCCC(C(CNCCN1CCOCC1)CCCCOC(CCCCCCC/C=C\CCCCCCCC)=O)O)=O,0.7817656266469707,,,,,,,,,,,,,,,,0.0,0.0,0.0,0.0
CCCCCCCC/C=C\CCCCCCCC(OCCCCCC(C(CNCCN1CCOCC1)CCCCOC(CCCCCCC/C=C\CCCCCCCC)=O)O)=O,-0.4022542677128015,,,,,,,,,,,,,,,,0.0,0.0,0.0,0.0
CCCCCCCC/C=C\CCCCCCCC(OCCCCCC(C(CNCCN1CCOCC1)CCCCOC(CCCCCCC/C=C\CCCCCCCC)=O)O)=O,1.1247231132891116,,,,,,,,,,,,,,,,0.0,0.0,0.0,0.0
CCCCCCCC/C=C\CCCCCCCC(OCCCCCC(C(CNCCN1CCOCC1)CCCCOC(CCCCCCC/C=C\CCCCCCCC)=O)O)=O,1.459514945487392,,,,,,,,,,,,,,,,0.0,0.0,0.0,0.0
OC(C(CNCCN1CCOCC1)CCCCOC(CCCCCCC/C=C\C/C=C\CCCCC)=O)CCCCCOC(CCCCCCC/C=C\C/C=C\CCCCC)=O,-0.4839108121514065,,,,,,,,,,,,,,,,0.0,0.0,0.0,0.0
OC(C(CNCCN1CCOCC1)CCCCOC(CCCCCCC/C=C\C/C=C\CCCCC)=O)CCCCCOC(CCCCCCC/C=C\C/C=C\CCCCC)=O,1.2553735843908795,,,,,,,,,,,,,,,,0.0,0.0,0.0,0.0
OC(C(CNCCN(C)CCNCC(CCCCOC(CCCCCCC/C=C\C/C=C\CCCCC)=O)C(O)CCCCCOC(CCCCCCC/C=C\C/C=C\CCCCC)=O)CCCCOC(CCCCCCC/C=C\C/C=C\CCCCC)=O)CCCCCOC(CCCCCCC/C=C\C/C=C\CCCCC)=O,1.018569605518925,,,,,,,,,,,,,,,,0.0,0.0,0.0,0.0
OC(C(CNCCN(C)CCNCC(CCCCOC(CCCCCCC/C=C\C/C=C\CCCCC)=O)C(O)CCCCCOC(CCCCCCC/C=C\C/C=C\CCCCC)=O)CCCCOC(CCCCCCC/C=C\C/C=C\CCCCC)=O)CCCCCOC(CCCCCCC/C=C\C/C=C\CCCCC)=O,1.516674526594415,,,,,,,,,,,,,,,,0.0,0.0,0.0,0.0
OC(C(CNCCCN1CCCCC1CC)CCCCOC(CCCCCCC/C=C\C/C=C\CCCCC)=O)CCCCCOC(CCCCCCC/C=C\C/C=C\CCCCC)=O,-0.3859229588250805,,,,,,,,,,,,,,,,0.0,0.0,0.0,0.0
OC(C(CNCCCN1CCCCC1CC)CCCCOC(CCCCCCC/C=C\C/C=C\CCCCC)=O)CCCCCOC(CCCCCCC/C=C\C/C=C\CCCCC)=O,0.0468567266995256,,,,,,,,,,,,,,,,0.0,0.0,0.0,0.0
OCCN(CCCNCC(CCCCOC(CCCCCCC/C=C\C/C=C\CCCCC)=O)C(O)CCCCCOC(CCCCCCC/C=C\C/C=C\CCCCC)=O)CCO,0.2020041611328754,,,,,,,,,,,,,,,,0.0,0.0,0.0,0.0
OCCN(CCCNCC(CCCCOC(CCCCCCC/C=C\C/C=C\CCCCC)=O)C(O)CCCCCOC(CCCCCCC/C=C\C/C=C\CCCCC)=O)CCO,0.1285132711381307,,,,,,,,,,,,,,,,0.0,0.0,0.0,0.0
OC(C(CNCCCNCC(CCCCOC(CCCCCCC/C=C\C/C=C\CCCCC)=O)C(O)CCCCCOC(CCCCCCC/C=C\C/C=C\CCCCC)=O)CCCCOC(CCCCCCC/C=C\C/C=C\CCCCC)=O)CCCCCOC(CCCCCCC/C=C\C/C=C\CCCCC)=O,0.2999920144592015,,,,,,,,,,,,,,,,0.0,0.0,0.0,0.0
OC(C(CNCCCNCC(CCCCOC(CCCCCCC/C=C\C/C=C\CCCCC)=O)C(O)CCCCCOC(CCCCCCC/C=C\C/C=C\CCCCC)=O)CCCCOC(CCCCCCC/C=C\C/C=C\CCCCC)=O)CCCCCOC(CCCCCCC/C=C\C/C=C\CCCCC)=O,0.7817656266469707,,,,,,,,,,,,,,,,0.0,0.0,0.0,0.0
CN(CCNCC(CCCCOC(CCCCCCC/C=C\CCCCCCCC)=O)C(O)CCCCCOC(CCCCCCC/C=C\CCCCCCCC)=O)CCNCC(CCCCOC(CCCCCCC/C=C\CCCCCCCC)=O)C(O)CCCCCOC(CCCCCCC/C=C\CCCCCCCC)=O,1.622828034364601,,,,,,,,,,,,,,,,0.0,0.0,0.0,0.0
CN(CCNCC(CCCCOC(CCCCCCC/C=C\CCCCCCCC)=O)C(O)CCCCCOC(CCCCCCC/C=C\CCCCCCCC)=O)CCNCC(CCCCOC(CCCCCCC/C=C\CCCCCCCC)=O)C(O)CCCCCOC(CCCCCCC/C=C\CCCCCCCC)=O,1.5901654165891592,,,,,,,,,,,,,,,,0.0,0.0,0.0,0.0
CCCCCCCC/C=C\CCCCCCCC(OCCCCCC(C(CNCCCN(CCO)CCO)CCCCOC(CCCCCCC/C=C\CCCCCCCC)=O)O)=O,-0.0429654721829396,,,,,,,,,,,,,,,,0.0,0.0,0.0,0.0
CCCCCCCC/C=C\CCCCCCCC(OCCCCCC(C(CNCCCN(CCO)CCO)CCCCOC(CCCCCCC/C=C\CCCCCCCC)=O)O)=O,0.5122990299995742,,,,,,,,,,,,,,,,0.0,0.0,0.0,0.0
O=C(CCN(CCC(OCCCCCCCC/C=C\CC(CCCCCC)OC(C(CCCCCCCC)CCCCCC)=O)=O)CCCN1CCN(C)CC1)OCCCCCCCC/C=C\CC(CCCCCC)OC(C(CCCCCCCC)CCCCCC)=O,-1.6995071102681796,,,,,,,,,,,,,,,,0.0,0.0,0.0,0.0
O=C(CCN(CCC(OCCCCCCCC/C=C\CC(CCCCCC)OC(C(CCCCCCCC)CCCCCC)=O)=O)CCCN1CCN(C)CC1)OCCCCCCCC/C=C\CC(CCCCCC)OC(C(CCCCCCCC)CCCCCC)=O,-0.7910247888891069,,,,,,,,,,,,,,,,0.0,0.0,0.0,0.0
O=C(CCN(CCC(OCCCCCCCC/C=C\CC(CCCCCC)OC(C(CCCCCCCC)CCCCCC)=O)=O)CCCN1CCN(C)CC1)OCCCCCCCC/C=C\CC(CCCCCC)OC(C(CCCCCCCC)CCCCCC)=O,-0.188368199459425,,,,,,,,,,,,,,,,0.0,0.0,0.0,0.0
O=C(CCN(CCC(OCCCCCCCC/C=C\CC(CCCCCC)OC(C(CCCCCCCC)CCCCCC)=O)=O)CCCN1CCN(C)CC1)OCCCCCCCC/C=C\CC(CCCCCC)OC(C(CCCCCCCC)CCCCCC)=O,-1.0968505208384975,,,,,,,,,,,,,,,,0.0,0.0,0.0,0.0
O=C(CCN(CCC(OCCCCCCCC/C=C\CC(CCCCCC)OC(C(CCCCCCCC)CCCCCC)=O)=O)CCCN1CCN(C)CC1)OCCCCCCCC/C=C\CC(CCCCCC)OC(C(CCCCCCCC)CCCCCC)=O,-0.5481631782234142,,,,,,,,,,,,,,,,0.0,0.0,0.0,0.0
O=C(CCN(CCC(OCCCCCCCC/C=C\CC(CCCCCC)OC(C(CCCCCCCC)CCCCCC)=O)=O)CCCN1CCN(C)CC1)OCCCCCCCC/C=C\CC(CCCCCC)OC(C(CCCCCCCC)CCCCCC)=O,-0.4042451867178183,,,,,,,,,,,,,,,,0.0,0.0,0.0,0.0
O=C(CCN(CCC(OCCCCCCCC/C=C\CC(CCCCCC)OC(C(CCCCCCCC)CCCCCC)=O)=O)CCCN1CCN(C)CC1)OCCCCCCCC/C=C\CC(CCCCCC)OC(C(CCCCCCCC)CCCCCC)=O,0.0275087877989686,,,,,,,,,,,,,,,,0.0,0.0,0.0,0.0
O=C(CCN(CCC(OCCCCCCCC/C=C\CC(CCCCCC)OC(C(CCCCCCCC)CCCCCC)=O)=O)CCCN1CCN(C)CC1)OCCCCCCCC/C=C\CC(CCCCCC)OC(C(CCCCCCCC)CCCCCC)=O,-0.3682656888414198,,,,,,,,,,,,,,,,0.0,0.0,0.0,0.0
O=C(CCN(CCC(OCCCCCCCC/C=C\CC(CCCCCC)OC(C(CCCCCCCC)CCCCCC)=O)=O)CCCN1CCN(C)CC1)OCCCCCCCC/C=C\CC(CCCCCC)OC(C(CCCCCCCC)CCCCCC)=O,1.043929602807238,,,,,,,,,,,,,,,,0.0,0.0,0.0,0.0
O=C(CCN(CCC(OCCCCCCCC/C=C\CC(CCCCCC)OC(C(CCCCCCCC)CCCCCC)=O)=O)CCCN1CCN(C)CC1)OCCCCCCCC/C=C\CC(CCCCCC)OC(C(CCCCCCCC)CCCCCC)=O,-0.6650965463217106,,,,,,,,,,,,,,,,0.0,0.0,0.0,0.0
O=C(CCN(CCC(OCCCCCCCC/C=C\CC(CCCCCC)OC(C(CCCCCCCC)CCCCCC)=O)=O)CCCN1CCN(C)CC1)OCCCCCCCC/C=C\CC(CCCCCC)OC(C(CCCCCCCC)CCCCCC)=O,1.3677450836948286,,,,,,,,,,,,,,,,0.0,0.0,0.0,0.0
O=C(CCN(CCC(OCCCCCCCC/C=C\CC(CCCCCC)OC(C(CCCCCCCC)CCCCCC)=O)=O)CCCN1CCN(C)CC1)OCCCCCCCC/C=C\CC(CCCCCC)OC(C(CCCCCCCC)CCCCCC)=O,-1.114840269776697,,,,,,,,,,,,,,,,0.0,0.0,0.0,0.0
O=C(CCN(CCC(OCCCCCCCC/C=C\CC(CCCCCC)OC(C(CCCCCCCC)CCCCCC)=O)=O)CCCN1CCN(C)CC1)OCCCCCCCC/C=C\CC(CCCCCC)OC(C(CCCCCCCC)CCCCCC)=O,-1.4566454996024871,,,,,,,,,,,,,,,,0.0,0.0,0.0,0.0
O=C(CCN(CCC(OCCCCCCCC/C=C\CC(CCCCCC)OC(C(CCCCCCCC)CCCCCC)=O)=O)CCCN1CCN(C)CC1)OCCCCCCCC/C=C\CC(CCCCCC)OC(C(CCCCCCCC)CCCCCC)=O,-0.5031888058779157,,,,,,,,,,,,,,,,0.0,0.0,0.0,0.0
O=C(CCN(CCC(OCCCCCCCC/C=C\CC(CCCCCC)OC(C(CCCCCCCC)CCCCCC)=O)=O)CCCN1CCN(C)CC1)OCCCCCCCC/C=C\CC(CCCCCC)OC(C(CCCCCCCC)CCCCCC)=O,-0.3952503122487188,,,,,,,,,,,,,,,,0.0,0.0,0.0,0.0
O=C(CCN(CCC(OCCCCCCCC/C=C\CC(CCCCCC)OC(C(CCCCCCCC)CCCCCC)=O)=O)CCCN1CCN(C)CC1)OCCCCCCCC/C=C\CC(CCCCCC)OC(C(CCCCCCCC)CCCCCC)=O,-0.5661529271616136,,,,,,,,,,,,,,,,0.0,0.0,0.0,0.0
O=C(CCN(CCC(OCCCCCCCC/C=C\CC(CCCCCC)OC(C(CCCCCCCC)CCCCCC)=O)=O)CCCN1CCN(C)CC1)OCCCCCCCC/C=C\CC(CCCCCC)OC(C(CCCCCCCC)CCCCCC)=O,0.0634882856753676,,,,,,,,,,,,,,,,0.0,0.0,0.0,0.0
O=C(CCN(CCC(OCCCCCCCC/C=C\CC(CCCCCC)OC(C(CCCCCCCC)CCCCCC)=O)=O)CCCN1CCN(C)CC1)OCCCCCCCC/C=C\CC(CCCCCC)OC(C(CCCCCCCC)CCCCCC)=O,1.079909100683637,,,,,,,,,,,,,,,,0.0,0.0,0.0,0.0
O=C(CCN(CCC(OCCCCCCCC/C=C\CC(CCCCCC)OC(C(CCCCCCCC)CCCCCC)=O)=O)CCCN1CCN(C)CC1)OCCCCCCCC/C=C\CC(CCCCCC)OC(C(CCCCCCCC)CCCCCC)=O,1.0169449793999386,,,,,,,,,,,,,,,,0.0,0.0,0.0,0.0
O=C(CCN(CCC(OCCCCCCCC/C=C\CC(CCCCCC)OC(C(CCCCCCCC)CCCCCC)=O)=O)CCCN1CCN(C)CC1)OCCCCCCCC/C=C\CC(CCCCCC)OC(C(CCCCCCCC)CCCCCC)=O,0.4772525112539551,,,,,,,,,,,,,,,,0.0,0.0,0.0,0.0
O=C(CCN(CCC(OCCCCCCCC/C=C\CC(CCCCCC)OC(C(CCCCCCCC)CCCCCC)=O)=O)CCCN1CCN(C)CC1)OCCCCCCCC/C=C\CC(CCCCCC)OC(C(CCCCCCCC)CCCCCC)=O,-0.5391683037543146,,,,,,,,,,,,,,,,0.0,0.0,0.0,0.0
O=C(CCN(CCC(OCCCCCCCC/C=C\CC(CCCCCC)OC(C(CCCCCCCC)CCCCCC)=O)=O)CCCN1CCN(C)CC1)OCCCCCCCC/C=C\CC(CCCCCC)OC(C(CCCCCCCC)CCCCCC)=O,0.0005241643916692,,,,,,,,,,,,,,,,0.0,0.0,0.0,0.0
O=C(OCCCCCCCC/C=C\CC(CCCCCC)OC(C(CCCCCCCC)CCCCCC)=O)CCN(C)CCCCCCN(CCC(OCCCCCCCC/C=C\CC(CCCCC)OC(C(CCCCCCCC)CCCCCC)=O)=O)C,-1.1418248931839965,,,,,,,,,,,,,,,,0.0,0.0,0.0,0.0
O=C(OCCCCCCCC/C=C\CC(CCCCCC)OC(C(CCCCCCCC)CCCCCC)=O)CCN(C)CCCCCCN(CCC(OCCCCCCCC/C=C\CC(CCCCC)OC(C(CCCCCCCC)CCCCCC)=O)=O)C,-1.078860771900298,,,,,,,,,,,,,,,,0.0,0.0,0.0,0.0
O=C(OCCCCCCCC/C=C\CC(CCCCCC)OC(C(CCCCCCCC)CCCCCC)=O)CCN(C)CCCCCCN(CCC(OCCCCCCCC/C=C\CC(CCCCC)OC(C(CCCCCCCC)CCCCCC)=O)=O)C,-0.5121836803470152,,,,,,,,,,,,,,,,0.0,0.0,0.0,0.0
O=C(OCCCCCCCC/C=C\CC(CCCCCC)OC(C(CCCCCCCC)CCCCCC)=O)CCN(C)CCCCCCN(CCC(OCCCCCCCC/C=C\CC(CCCCC)OC(C(CCCCCCCC)CCCCCC)=O)=O)C,-1.0698658974311983,,,,,,,,,,,,,,,,0.0,0.0,0.0,0.0
O=C(OCCCCCCCC/C=C\CC(CCCCCC)OC(C(CCCCCCCC)CCCCCC)=O)CCN(C)CCCCCCN(CCC(OCCCCCCCC/C=C\CC(CCCCC)OC(C(CCCCCCCC)CCCCCC)=O)=O)C,-0.6291170484453116,,,,,,,,,,,,,,,,0.0,0.0,0.0,0.0
O=C(OCCCCCCCC/C=C\CC(CCCCCC)OC(C(CCCCCCCC)CCCCCC)=O)CCN(C)CCCCCCN(CCC(OCCCCCCCC/C=C\CC(CCCCC)OC(C(CCCCCCCC)CCCCCC)=O)=O)C,-2.0053328422175705,,,,,,,,,,,,,,,,0.0,0.0,0.0,0.0
O=C(OCCCCCCCC/C=C\CC(CCCCCC)OC(C(CCCCCCCC)CCCCCC)=O)CCN(C)CCCCCCN(CCC(OCCCCCCCC/C=C\CC(CCCCC)OC(C(CCCCCCCC)CCCCCC)=O)=O)C,0.4682576367848556,,,,,,,,,,,,,,,,0.0,0.0,0.0,0.0
O=C(OCCCCCCCC/C=C\CC(CCCCCC)OC(C(CCCCCCCC)CCCCCC)=O)CCN(C)CCCCCCN(CCC(OCCCCCCCC/C=C\CC(CCCCC)OC(C(CCCCCCCC)CCCCCC)=O)=O)C,-1.7354866081445786,,,,,,,,,,,,,,,,0.0,0.0,0.0,0.0
O=C(OCCCCCCCC/C=C\CC(CCCCCC)OC(C(CCCCCCCC)CCCCCC)=O)CCN(C)CCCCCCN(CCC(OCCCCCCCC/C=C\CC(CCCCC)OC(C(CCCCCCCC)CCCCCC)=O)=O)C,-0.593137550568913,,,,,,,,,,,,,,,,0.0,0.0,0.0,0.0
O=C(OCCCCCCCC/C=C\CC(CCCCCC)OC(C(CCCCCCCC)CCCCCC)=O)CCN(C)CCCCCCN(CCC(OCCCCCCCC/C=C\CC(CCCCC)OC(C(CCCCCCCC)CCCCCC)=O)=O)C,-0.5841426760998131,,,,,,,,,,,,,,,,0.0,0.0,0.0,0.0
O=C(OCCCCCCCC/C=C\CC(CCCCCC)OC(C(CCCCCCCC)CCCCCC)=O)CCN(C)CCCCCCN(CCC(OCCCCCCCC/C=C\CC(CCCCC)OC(C(CCCCCCCC)CCCCCC)=O)=O)C,-0.0804297058302282,,,,,,,,,,,,,,,,0.0,0.0,0.0,0.0
O=C(OCCCCCCCC/C=C\CC(CCCCCC)OC(C(CCCCCCCC)CCCCCC)=O)CCN(C)CCCCCCN(CCC(OCCCCCCCC/C=C\CC(CCCCC)OC(C(CCCCCCCC)CCCCCC)=O)=O)C,-1.4296608761951877,,,,,,,,,,,,,,,,0.0,0.0,0.0,0.0
O=C(OCCCCCCCC/C=C\CC(CCCCCC)OC(C(CCCCCCCC)CCCCCC)=O)CCN(C)CCCCCCN(CCC(OCCCCCCCC/C=C\CC(CCCCC)OC(C(CCCCCCCC)CCCCCC)=O)=O)C,-0.5841426760998131,,,,,,,,,,,,,,,,0.0,0.0,0.0,0.0
O=C(OCCCCCCCC/C=C\CC(CCCCCC)OC(C(CCCCCCCC)CCCCCC)=O)CCN(C)CCCCCCN(CCC(OCCCCCCCC/C=C\CC(CCCCC)OC(C(CCCCCCCC)CCCCCC)=O)=O)C,-0.0894245802993281,,,,,,,,,,,,,,,,0.0,0.0,0.0,0.0
O=C(CCN(CCC(OCCCCCCCC/C=C\CC(CCCCCC)OC(CC/C=C\CCCCC)=O)=O)CCCN1CCN(C)CC1)OCCCCCCCC/C=C\CC(CCCCCC)OC(CC/C=C\CCCCC)=O,-0.3322861909650209,,,,,,,,,,,,,,,,0.0,0.0,0.0,0.0
O=C(CCN(CCC(OCCCCCCCC/C=C\CC(CCCCCC)OC(CC/C=C\CCCCC)=O)=O)CCCN1CCN(C)CC1)OCCCCCCCC/C=C\CC(CCCCCC)OC(CC/C=C\CCCCC)=O,0.0994677835517661,,,,,,,,,,,,,,,,0.0,0.0,0.0,0.0
O=C(CCN(CCC(OCCCCCCCC/C=C\CC(CCCCCC)OC(CC/C=C\CCCCC)=O)=O)CCCN1CCN(C)CC1)OCCCCCCCC/C=C\CC(CCCCCC)OC(CC/C=C\CCCCC)=O,0.2164011516500629,,,,,,,,,,,,,,,,0.0,0.0,0.0,0.0
O=C(CCN(CCC(OCCCCCCCC/C=C\CC(CCCCCC)OC(CC/C=C\CCCCC)=O)=O)CCCN1CCN(C)CC1)OCCCCCCCC/C=C\CC(CCCCCC)OC(CC/C=C\CCCCC)=O,0.5582063814758526,,,,,,,,,,,,,,,,0.0,0.0,0.0,0.0
O=C(CCN(CCC(OCCCCCCCC/C=C\CC(CCCCCC)OC(CC/C=C\CCCCC)=O)=O)CCCN1CCN(C)CC1)OCCCCCCCC/C=C\CC(CCCCCC)OC(CC/C=C\CCCCC)=O,-0.0894245802993281,,,,,,,,,,,,,,,,0.0,0.0,0.0,0.0
O=C(CCN(CCC(OCCCCCCCC/C=C\CC(CCCCCC)OC(CC/C=C\CCCCC)=O)=O)CCCN1CCN(C)CC1)OCCCCCCCC/C=C\CC(CCCCCC)OC(CC/C=C\CCCCC)=O,-0.656101671852611,,,,,,,,,,,,,,,,0.0,0.0,0.0,0.0
O=C(CCN(CCC(OCCCCCCCC/C=C\CC(CCCCCC)OC(CC/C=C\CCCCC)=O)=O)CCCN1CCN(C)CC1)OCCCCCCCC/C=C\CC(CCCCCC)OC(CC/C=C\CCCCC)=O,0.2793652729337609,,,,,,,,,,,,,,,,0.0,0.0,0.0,0.0
O=C(CCN(CCC(OCCCCCCCC/C=C\CC(CCCCCC)OC(CC/C=C\CCCCC)=O)=O)CCCN1CCN(C)CC1)OCCCCCCCC/C=C\CC(CCCCCC)OC(CC/C=C\CCCCC)=O,-0.988912027209301,,,,,,,,,,,,,,,,0.0,0.0,0.0,0.0
O=C(CCN(CCC(OCCCCCCCC/C=C\CC(CCCCCC)OC(CC/C=C\CCCCC)=O)=O)CCCN1CCN(C)CC1)OCCCCCCCC/C=C\CC(CCCCCC)OC(CC/C=C\CCCCC)=O,1.5656323220150223,,,,,,,,,,,,,,,,0.0,0.0,0.0,0.0
O=C(CCN(CCC(OCCCCCCCC/C=C\CC(CCCCCC)OC(CC/C=C\CCCCC)=O)=O)CCCN1CCN(C)CC1)OCCCCCCCC/C=C\CC(CCCCCC)OC(CC/C=C\CCCCC)=O,-0.9079581569874032,,,,,,,,,,,,,,,,0.0,0.0,0.0,0.0
O=C(CCN(CCC(OCCCCCCCC/C=C\CC(CCCCCC)OC(CC/C=C\CCCCC)=O)=O)CCCN1CCN(C)CC1)OCCCCCCCC/C=C\CC(CCCCCC)OC(CC/C=C\CCCCC)=O,1.3227707113493292,,,,,,,,,,,,,,,,0.0,0.0,0.0,0.0
O=C(CCN(CCC(OCCCCCCCC/C=C\CC(CCCCCC)OC(CC/C=C\CCCCC)=O)=O)CCCN1CCN(C)CC1)OCCCCCCCC/C=C\CC(CCCCCC)OC(CC/C=C\CCCCC)=O,0.1894165282427635,,,,,,,,,,,,,,,,0.0,0.0,0.0,0.0
O=C(CCN(CCC(OCCCCCCCC/C=C\CC(CCCCCC)OC(CC/C=C\CCCCC)=O)=O)CCCN1CCN(C)CC1)OCCCCCCCC/C=C\CC(CCCCCC)OC(CC/C=C\CCCCC)=O,-0.5841426760998131,,,,,,,,,,,,,,,,0.0,0.0,0.0,0.0
O=C(CCN(CCC(OCCCCCCCC/C=C\CC(CCCCCC)OC(CC/C=C\CCCCC)=O)=O)CCCN1CCN(C)CC1)OCCCCCCCC/C=C\CC(CCCCCC)OC(CC/C=C\CCCCC)=O,-0.3772605633105193,,,,,,,,,,,,,,,,0.0,0.0,0.0,0.0
O=C(CCN(CCC(OCCCCCCCC/C=C\CC(CCCCCC)OC(CC/C=C\CCCCC)=O)=O)CCCN1CCN(C)CC1)OCCCCCCCC/C=C\CC(CCCCCC)OC(CC/C=C\CCCCC)=O,0.0005241643916692,,,,,,,,,,,,,,,,0.0,0.0,0.0,0.0
O=C(CCN(CCC(OCCCCCCCC/C=C\CC(CCCCCC)OC(CC/C=C\CCCCC)=O)=O)CCCN1CCN(C)CC1)OCCCCCCCC/C=C\CC(CCCCCC)OC(CC/C=C\CCCCC)=O,0.0544934112062676,,,,,,,,,,,,,,,,0.0,0.0,0.0,0.0
O=C(CCN(CCC(OCCCCCCCC/C=C\CC(CCCCCC)OC(CC/C=C\CCCCC)=O)=O)CCCN1CCN(C)CC1)OCCCCCCCC/C=C\CC(CCCCCC)OC(CC/C=C\CCCCC)=O,-0.1343989526448266,,,,,,,,,,,,,,,,0.0,0.0,0.0,0.0
O=C(CCN(CCC(OCCCCCCCC/C=C\CC(CCCCCC)OC(CC/C=C\CCCCC)=O)=O)CCCN1CCN(C)CC1)OCCCCCCCC/C=C\CC(CCCCCC)OC(CC/C=C\CCCCC)=O,0.2343909005882624,,,,,,,,,,,,,,,,0.0,0.0,0.0,0.0
O=C(CCN(CCC(OCCCCCCCC/C=C\CC(CCCCCC)OC(CC/C=C\CCCCC)=O)=O)CCCN1CCN(C)CC1)OCCCCCCCC/C=C\CC(CCCCCC)OC(CC/C=C\CCCCC)=O,1.1788527198437342,,,,,,,,,,,,,,,,0.0,0.0,0.0,0.0
O=C(CCN(CCC(OCCCCCCCC/C=C\CC(CCCCCC)OC(CC/C=C\CCCCC)=O)=O)CCCN1CCN(C)CC1)OCCCCCCCC/C=C\CC(CCCCCC)OC(CC/C=C\CCCCC)=O,1.5476425730768224,,,,,,,,,,,,,,,,0.0,0.0,0.0,0.0
O=C(CCN(CCC(OCCCCCCCC/C=C\CC(CCCCCC)OC(CC/C=C\CCCCC)=O)=O)CCCN1CCN(C)CC1)OCCCCCCCC/C=C\CC(CCCCCC)OC(CC/C=C\CCCCC)=O,1.007950104930839,,,,,,,,,,,,,,,,0.0,0.0,0.0,0.0
O=C(CCN(CCC(OCCCCCCCC/C=C\CC(CCCCCC)OC(CC/C=C\CCCCC)=O)=O)CCCN1CCN(C)CC1)OCCCCCCCC/C=C\CC(CCCCCC)OC(CC/C=C\CCCCC)=O,0.8280526155488442,,,,,,,,,,,,,,,,0.0,0.0,0.0,0.0
O=C(CCN(CCC(OCCCCCCCC/C=C\CC(CCCCCC)OC(CC/C=C\CCCCC)=O)=O)CCCN1CCN(C)CC1)OCCCCCCCC/C=C\CC(CCCCCC)OC(CC/C=C\CCCCC)=O,0.0634882856753676,,,,,,,,,,,,,,,,0.0,0.0,0.0,0.0
O=C(CCN(CCC(OCCCCCCCC/C=C\CC(CCCCCC)OC(CC/C=C\CCCCC)=O)=O)CCCN1CCN(C)CC1)OCCCCCCCC/C=C\CC(CCCCCC)OC(CC/C=C\CCCCC)=O,0.7740833687342462,,,,,,,,,,,,,,,,0.0,0.0,0.0,0.0
CN(CCC(OCCCCCCCC/C=C\CC(CCCCCC)OC(CC/C=C\CCCCC)=O)=O)CCCCCCN(C)CCC(OCCCCCCCC/C=C\CC(CCCCCC)OC(CC/C=C\CCCCC)=O)=O,-0.7820299144200074,,,,,,,,,,,,,,,,0.0,0.0,0.0,0.0
CN(CCC(OCCCCCCCC/C=C\CC(CCCCCC)OC(CC/C=C\CCCCC)=O)=O)CCCCCCN(C)CCC(OCCCCCCCC/C=C\CC(CCCCCC)OC(CC/C=C\CCCCC)=O)=O,-0.5661529271616136,,,,,,,,,,,,,,,,0.0,0.0,0.0,0.0
CN(CCC(OCCCCCCCC/C=C\CC(CCCCCC)OC(CC/C=C\CCCCC)=O)=O)CCCCCCN(C)CCC(OCCCCCCCC/C=C\CC(CCCCCC)OC(CC/C=C\CCCCC)=O)=O,-0.5301734292852147,,,,,,,,,,,,,,,,0.0,0.0,0.0,0.0
CN(CCC(OCCCCCCCC/C=C\CC(CCCCCC)OC(CC/C=C\CCCCC)=O)=O)CCCCCCN(C)CCC(OCCCCCCCC/C=C\CC(CCCCCC)OC(CC/C=C\CCCCC)=O)=O,-1.4026762527878889,,,,,,,,,,,,,,,,0.0,0.0,0.0,0.0
CN(CCC(OCCCCCCCC/C=C\CC(CCCCCC)OC(CC/C=C\CCCCC)=O)=O)CCCCCCN(C)CCC(OCCCCCCCC/C=C\CC(CCCCCC)OC(CC/C=C\CCCCC)=O)=O,-0.3502759399032203,,,,,,,,,,,,,,,,0.0,0.0,0.0,0.0
CN(CCC(OCCCCCCCC/C=C\CC(CCCCCC)OC(CC/C=C\CCCCC)=O)=O)CCCCCCN(C)CCC(OCCCCCCCC/C=C\CC(CCCCCC)OC(CC/C=C\CCCCC)=O)=O,-1.0069017761475003,,,,,,,,,,,,,,,,0.0,0.0,0.0,0.0
CN(CCC(OCCCCCCCC/C=C\CC(CCCCCC)OC(CC/C=C\CCCCC)=O)=O)CCCCCCN(C)CCC(OCCCCCCCC/C=C\CC(CCCCCC)OC(CC/C=C\CCCCC)=O)=O,0.3603191431556587,,,,,,,,,,,,,,,,0.0,0.0,0.0,0.0
CN(CCC(OCCCCCCCC/C=C\CC(CCCCCC)OC(CC/C=C\CCCCC)=O)=O)CCCCCCN(C)CCC(OCCCCCCCC/C=C\CC(CCCCCC)OC(CC/C=C\CCCCC)=O)=O,-1.0608710229620986,,,,,,,,,,,,,,,,0.0,0.0,0.0,0.0
CN(CCC(OCCCCCCCC/C=C\CC(CCCCCC)OC(CC/C=C\CCCCC)=O)=O)CCCCCCN(C)CCC(OCCCCCCCC/C=C\CC(CCCCCC)OC(CC/C=C\CCCCC)=O)=O,0.585191004883152,,,,,,,,,,,,,,,,0.0,0.0,0.0,0.0
CN(CCC(OCCCCCCCC/C=C\CC(CCCCCC)OC(CC/C=C\CCCCC)=O)=O)CCCCCCN(C)CCC(OCCCCCCCC/C=C\CC(CCCCCC)OC(CC/C=C\CCCCC)=O)=O,0.0005241643916692,,,,,,,,,,,,,,,,0.0,0.0,0.0,0.0
CN(CCC(OCCCCCCCC/C=C\CC(CCCCCC)OC(CC/C=C\CCCCC)=O)=O)CCCCCCN(C)CCC(OCCCCCCCC/C=C\CC(CCCCCC)OC(CC/C=C\CCCCC)=O)=O,0.7021243729814484,,,,,,,,,,,,,,,,0.0,0.0,0.0,0.0
CN(CCC(OCCCCCCCC/C=C\CC(CCCCCC)OC(CC/C=C\CCCCC)=O)=O)CCCCCCN(C)CCC(OCCCCCCCC/C=C\CC(CCCCCC)OC(CC/C=C\CCCCC)=O)=O,-0.5751478016307136,,,,,,,,,,,,,,,,0.0,0.0,0.0,0.0
CN(CCC(OCCCCCCCC/C=C\CC(CCCCCC)OC(CC/C=C\CCCCC)=O)=O)CCCCCCN(C)CCC(OCCCCCCCC/C=C\CC(CCCCCC)OC(CC/C=C\CCCCC)=O)=O,-0.251332320743123,,,,,,,,,,,,,,,,0.0,0.0,0.0,0.0
CN(CCC(OCCCCCCCC/C=C\CC(CCCCCC)OC(CC/C=C\CCCCC)=O)=O)CCCCCCN(C)CCC(OCCCCCCCC/C=C\CC(CCCCCC)OC(CC/C=C\CCCCC)=O)=O,-0.0984194547684276,,,,,,,,,,,,,,,,0.0,0.0,0.0,0.0
CN(CCC(OCCCCCCCC/C=C\CC(CCCCCC)OC(CC/C=C\CCCCC)=O)=O)CCCCCCN(C)CCC(OCCCCCCCC/C=C\CC(CCCCCC)OC(CC/C=C\CCCCC)=O)=O,-0.3322861909650209,,,,,,,,,,,,,,,,0.0,0.0,0.0,0.0
CN(CCC(OCCCCCCCC/C=C\CC(CCCCCC)OC(CC/C=C\CCCCC)=O)=O)CCCCCCN(C)CCC(OCCCCCCCC/C=C\CC(CCCCCC)OC(CC/C=C\CCCCC)=O)=O,-0.4312298101251178,,,,,,,,,,,,,,,,0.0,0.0,0.0,0.0
CN(CCC(OCCCCCCCC/C=C\CC(CCCCCC)OC(CC/C=C\CCCCC)=O)=O)CCCCCCN(C)CCC(OCCCCCCCC/C=C\CC(CCCCCC)OC(CC/C=C\CCCCC)=O)=O,0.5941858793522515,,,,,,,,,,,,,,,,0.0,0.0,0.0,0.0
CN(CCC(OCCCCCCCC/C=C\CC(CCCCCC)OC(CC/C=C\CCCCC)=O)=O)CCCCCCN(C)CCC(OCCCCCCCC/C=C\CC(CCCCCC)OC(CC/C=C\CCCCC)=O)=O,1.1428732219673352,,,,,,,,,,,,,,,,0.0,0.0,0.0,0.0
CN(CCC(OCCCCCCCC/C=C\CC(CCCCCC)OC(CC/C=C\CCCCC)=O)=O)CCCCCCN(C)CCC(OCCCCCCCC/C=C\CC(CCCCCC)OC(CC/C=C\CCCCC)=O)=O,-0.4312298101251178,,,,,,,,,,,,,,,,0.0,0.0,0.0,0.0
CN(CCC(OCCCCCCCC/C=C\CC(CCCCCC)OC(CC/C=C\CCCCC)=O)=O)CCCCCCN(C)CCC(OCCCCCCCC/C=C\CC(CCCCCC)OC(CC/C=C\CCCCC)=O)=O,0.6121756282904506,,,,,,,,,,,,,,,,0.0,0.0,0.0,0.0
CN(CCC(OCCCCCCCC/C=C\CC(CCCCCC)OC(CC/C=C\CCCCC)=O)=O)CCCCCCN(C)CCC(OCCCCCCCC/C=C\CC(CCCCCC)OC(CC/C=C\CCCCC)=O)=O,-0.3682656888414198,,,,,,,,,,,,,,,,0.0,0.0,0.0,0.0
CN(CCC(OCCCCCCCC/C=C\CC(CCCCCC)OC(CC/C=C\CCCCC)=O)=O)CCCCCCN(C)CCC(OCCCCCCCC/C=C\CC(CCCCCC)OC(CC/C=C\CCCCC)=O)=O,0.0724831601444671,,,,,,,,,,,,,,,,0.0,0.0,0.0,0.0
O=C(CCN(CCC(OCCCCCCCC/C=C\CC(CCCCCC)OC(CC/C=C\CCCCC)=O)=O)CCN(CCCC)CCCC)OCCCCCCCC/C=C\CC(CCCCCC)OC(CC/C=C\CCCCC)=O,-0.0534450824229291,,,,,,,,,,,,,,,,0.0,0.0,0.0,0.0
O=C(CCN(CCC(OCCCCCCCC/C=C\CC(CCCCCC)OC(CC/C=C\CCCCC)=O)=O)CCN(CCCC)CCCC)OCCCCCCCC/C=C\CC(CCCCCC)OC(CC/C=C\CCCCC)=O,-2.67994842740005,,,,,,,,,,,,,,,,0.0,0.0,0.0,0.0
O=C(CCN(CCC(OCCCCCCCC/C=C\CC(CCCCCC)OC(CC/C=C\CCCCC)=O)=O)CCN(CCCC)CCCC)OCCCCCCCC/C=C\CC(CCCCCC)OC(CC/C=C\CCCCC)=O,-0.656101671852611,,,,,,,,,,,,,,,,0.0,0.0,0.0,0.0
O=C(CCN(CCC(OCCCCCCCC/C=C\CC(CCCCCC)OC(CC/C=C\CCCCC)=O)=O)CCN(CCCC)CCCC)OCCCCCCCC/C=C\CC(CCCCCC)OC(CC/C=C\CCCCC)=O,-1.4746352485406866,,,,,,,,,,,,,,,,0.0,0.0,0.0,0.0
O=C(CCN(CCC(OCCCCCCCC/C=C\CC(CCCCCC)OC(CC/C=C\CCCCC)=O)=O)CCN(CCCC)CCCC)OCCCCCCCC/C=C\CC(CCCCCC)OC(CC/C=C\CCCCC)=O,-0.0804297058302282,,,,,,,,,,,,,,,,0.0,0.0,0.0,0.0
O=C(CCN(CCC(OCCCCCCCC/C=C\CC(CCCCCC)OC(CC/C=C\CCCCC)=O)=O)CCN(CCCC)CCCC)OCCCCCCCC/C=C\CC(CCCCCC)OC(CC/C=C\CCCCC)=O,-1.1418248931839965,,,,,,,,,,,,,,,,0.0,0.0,0.0,0.0
O=C(CCN(CCC(OCCCCCCCC/C=C\CC(CCCCCC)OC(CC/C=C\CCCCC)=O)=O)CCN(CCCC)CCCC)OCCCCCCCC/C=C\CC(CCCCCC)OC(CC/C=C\CCCCC)=O,-1.7804609804900773,,,,,,,,,,,,,,,,0.0,0.0,0.0,0.0
O=C(CCN(CCC(OCCCCCCCC/C=C\CC(CCCCCC)OC(CC/C=C\CCCCC)=O)=O)CCN(CCCC)CCCC)OCCCCCCCC/C=C\CC(CCCCCC)OC(CC/C=C\CCCCC)=O,-0.8270042867655059,,,,,,,,,,,,,,,,0.0,0.0,0.0,0.0
CCCCN(CCCC)CCN(CCC(=O)OCCCCCCCC\C=C/CC(CCCCCC)OC(=O)CC/C=C\CCCCC)(CCC(=O)OCCCCCCCC\C=C/CC(CCCCCC)OC(=O)CC/C=C\CCCCC),0.0724831601444671,,,,,,,,,,,,,,,,0.0,0.0,0.0,0.0
N(CCC(=O)OCCCCCCCC\C=C/CC(CCCCCC)OC(=O)CC/C=C\CC)(CCC(=O)OCCCCCCCC\C=C/CC(CCCCCC)OC(=O)CC/C=C\CC)CCN(CC)CC,-0.3045035837749413,,,,,,,,,,,,,,,,0.0,0.0,0.0,0.0
N(CCC(=O)OCCCCCCCC\C=C/CC(CCCCCC)OC(=O)CCCCCCCCCCC)(CCC(=O)OCCCCCCCC\C=C/CC(CCCCCC)OC(=O)CCCCCCCCCCC)CCN(CC)CC,-0.3045035837749413,,,,,,,,,,,,,,,,0.0,0.0,0.0,0.0
N(CCC(=O)OCCCCCCCC\C=C/CC(CCCCCC)OC(=O)CCCCCCCCCCCCC)(CCC(=O)OCCCCCCCC\C=C/CC(CCCCCC)OC(=O)CCCCCCCCCCCCC)CCN(CC)CC,-0.3045035837749413,,,,,,,,,,,,,,,,0.0,0.0,0.0,0.0
N(CCC(=O)OCCCCCCCC\C=C/CC(CCCCCC)OC(=O)CCCCCCCCCCCCCCC)(CCC(=O)OCCCCCCCC\C=C/CC(CCCCCC)OC(=O)CCCCCCCCCCCCCCC)CCN(CC)CC,1.0940518871045868,,,,,,,,,,,,,,,,0.0,0.0,0.0,0.0
N(CCC(=O)OCCCCCCCC\C=C/CC(CCCCCC)OC(=O)C(CCCCCC)CCCCCCCC)(CCC(=O)OCCCCCCCC\C=C/CC(CCCCCC)OC(=O)C(CCCCCC)CCCCCCCC)CCN(CC)CC,-0.3045035837749413,,,,,,,,,,,,,,,,0.0,0.0,0.0,0.0
N(CCC(=O)OCCCCCCCC\C=C/CC(CCCCCC)OC(=O)CC/C=C\CCCCC)(CCC(=O)OCCCCCCCC\C=C/CC(CCCCCC)OC(=O)CC/C=C\CCCCC)CCN(CC)CC,-0.3045035837749413,,,,,,,,,,,,,,,,0.0,0.0,0.0,0.0
N(CCC(=O)OCCCCCCCC\C=C/CC(CCCCCC)OC(=O)CCC/C=C\C/C=C\C/C=C\C/C=C\CCCCC)(CCC(=O)OCCCCCCCC\C=C/CC(CCCCCC)OC(=O)CCC/C=C\C/C=C\C/C=C\C/C=C\CCCCC)CCN(CC)CC,-0.3045035837749413,,,,,,,,,,,,,,,,0.0,0.0,0.0,0.0
N(CCC(=O)OCCCCCCCC\C=C/CC(CCCCCC)OC(=O)CC\C=C/C/C=C\C\C=C/C\C=C/C\C=C/C\C=C/CC)(CCC(=O)OCCCCCCCC\C=C/CC(CCCCCC)OC(=O)CC\C=C/C/C=C\C\C=C/C\C=C/C\C=C/C\C=C/CC)CCN(CC)CC,2.574656919761138,,,,,,,,,,,,,,,,0.0,0.0,0.0,0.0
N(CCC(=O)OCCCCCCCC\C=C/CC(CCCCCC)OC(=O)CCCCC)(CCC(=O)OCCCCCCCC\C=C/CC(CCCCCC)OC(=O)CCCCC)CCN(CC)CC,-0.3045035837749413,,,,,,,,,,,,,,,,0.0,0.0,0.0,0.0
N(CCC(=O)OCCCCCCCC\C=C/CC(CCCCCC)OC(=O)CCCCCC)(CCC(=O)OCCCCCCCC\C=C/CC(CCCCCC)OC(=O)CCCCCC)CCN(CC)CC,-0.3045035837749413,,,,,,,,,,,,,,,,0.0,0.0,0.0,0.0
N(CCC(=O)OCCCCCCCC\C=C/CC(CCCCCC)OC(=O)CCCCCCC)(CCC(=O)OCCCCCCCC\C=C/CC(CCCCCC)OC(=O)CCCCCCC)CCN(CC)CC,-0.3045035837749413,,,,,,,,,,,,,,,,0.0,0.0,0.0,0.0
N(CCC(=O)OCCCCCCCC\C=C/CC(CCCCCC)OC(=O)CCCCCCCCCCCCCCCCC)(CCC(=O)OCCCCCCCC\C=C/CC(CCCCCC)OC(=O)CCCCCCCCCCCCCCCCC)CCN(CC)CC,0.9061381893683296,,,,,,,,,,,,,,,,0.0,0.0,0.0,0.0
N(CCC(=O)OCCCCCCCC\C=C/CC(CCCCCC)OC(=O)CCCCCCC/C=C\CCCCCCCC)(CCC(=O)OCCCCCCCC\C=C/CC(CCCCCC)OC(=O)CCCCCCC/C=C\CCCCCCCC)CCN(CC)CC,-0.3045035837749413,,,,,,,,,,,,,,,,0.0,0.0,0.0,0.0
N(CCC(=O)OCCCCCCCC\C=C/CC(CCCCCC)OC(=O)CCCCCCC/C=C\C/C=C\CCCCC)(CCC(=O)OCCCCCCCC\C=C/CC(CCCCCC)OC(=O)CCCCCCC/C=C\C/C=C\CCCCC)CCN(CC)CC,-0.3045035837749413,,,,,,,,,,,,,,,,0.0,0.0,0.0,0.0
N(CCC(=O)OCCCCCCCC\C=C/CC(CCCCCC)OC(=O)CCC/C=C\C/C=C\C/C=C\C/C=C\C/C=C\CC)(CCC(=O)OCCCCCCCC\C=C/CC(CCCCCC)OC(=O)CCC/C=C\C/C=C\C/C=C\C/C=C\C/C=C\CC)CCN(CC)CC,-0.3045035837749413,,,,,,,,,,,,,,,,0.0,0.0,0.0,0.0
N(CCC(=O)OCCCCCCCC\C=C/CC(CCCCCC)OC(=O)CCCCCCCCCC)(CCC(=O)OCCCCCCCC\C=C/CC(CCCCCC)OC(=O)CCCCCCCCCC)CCN(CC)CC,-0.3045035837749413,,,,,,,,,,,,,,,,0.0,0.0,0.0,0.0
N(CCC(=O)OCCCCCCCC\C=C/CC(CCCCCC)OC(=O)CC/C=C\CC)(CCC(=O)OCCCCCCCC\C=C/CC(CCCCCC)OC(=O)CC/C=C\CC)CCCN1CCCCCC1,-0.3045035837749413,,,,,,,,,,,,,,,,0.0,0.0,0.0,0.0
N(CCC(=O)OCCCCCCCC\C=C/CC(CCCCCC)OC(=O)CCCCCCCCCCC)(CCC(=O)OCCCCCCCC\C=C/CC(CCCCCC)OC(=O)CCCCCCCCCCC)CCCN1CCCCCC1,-0.3045035837749413,,,,,,,,,,,,,,,,0.0,0.0,0.0,0.0
N(CCC(=O)OCCCCCCCC\C=C/CC(CCCCCC)OC(=O)CCCCCCCCCCCCC)(CCC(=O)OCCCCCCCC\C=C/CC(CCCCCC)OC(=O)CCCCCCCCCCCCC)CCCN1CCCCCC1,-0.3045035837749413,,,,,,,,,,,,,,,,0.0,0.0,0.0,0.0
N(CCC(=O)OCCCCCCCC\C=C/CC(CCCCCC)OC(=O)CCCCCCCCCCCCCCC)(CCC(=O)OCCCCCCCC\C=C/CC(CCCCCC)OC(=O)CCCCCCCCCCCCCCC)CCCN1CCCCCC1,-0.3045035837749413,,,,,,,,,,,,,,,,0.0,0.0,0.0,0.0
N(CCC(=O)OCCCCCCCC\C=C/CC(CCCCCC)OC(=O)C(CCCCCC)CCCCCCCC)(CCC(=O)OCCCCCCCC\C=C/CC(CCCCCC)OC(=O)C(CCCCCC)CCCCCCCC)CCCN1CCCCCC1,-0.3045035837749413,,,,,,,,,,,,,,,,0.0,0.0,0.0,0.0
N(CCC(=O)OCCCCCCCC\C=C/CC(CCCCCC)OC(=O)CC/C=C\CCCCC)(CCC(=O)OCCCCCCCC\C=C/CC(CCCCCC)OC(=O)CC/C=C\CCCCC)CCCN1CCCCCC1,-0.3045035837749413,,,,,,,,,,,,,,,,0.0,0.0,0.0,0.0
N(CCC(=O)OCCCCCCCC\C=C/CC(CCCCCC)OC(=O)CCC/C=C\C/C=C\C/C=C\C/C=C\CCCCC)(CCC(=O)OCCCCCCCC\C=C/CC(CCCCCC)OC(=O)CCC/C=C\C/C=C\C/C=C\C/C=C\CCCCC)CCCN1CCCCCC1,-0.3045035837749413,,,,,,,,,,,,,,,,0.0,0.0,0.0,0.0
N(CCC(=O)OCCCCCCCC\C=C/CC(CCCCCC)OC(=O)CC\C=C/C/C=C\C\C=C/C\C=C/C\C=C/C\C=C/CC)(CCC(=O)OCCCCCCCC\C=C/CC(CCCCCC)OC(=O)CC\C=C/C/C=C\C\C=C/C\C=C/C\C=C/C\C=C/CC)CCCN1CCCCCC1,0.6460265852896324,,,,,,,,,,,,,,,,0.0,0.0,0.0,0.0
N(CCC(=O)OCCCCCCCC\C=C/CC(CCCCCC)OC(=O)CCCCC)(CCC(=O)OCCCCCCCC\C=C/CC(CCCCCC)OC(=O)CCCCC)CCCN1CCCCCC1,-0.3045035837749413,,,,,,,,,,,,,,,,0.0,0.0,0.0,0.0
N(CCC(=O)OCCCCCCCC\C=C/CC(CCCCCC)OC(=O)CCCCCC)(CCC(=O)OCCCCCCCC\C=C/CC(CCCCCC)OC(=O)CCCCCC)CCCN1CCCCCC1,-0.3045035837749413,,,,,,,,,,,,,,,,0.0,0.0,0.0,0.0
N(CCC(=O)OCCCCCCCC\C=C/CC(CCCCCC)OC(=O)CCCCCCC)(CCC(=O)OCCCCCCCC\C=C/CC(CCCCCC)OC(=O)CCCCCCC)CCCN1CCCCCC1,-0.3045035837749413,,,,,,,,,,,,,,,,0.0,0.0,0.0,0.0
N(CCC(=O)OCCCCCCCC\C=C/CC(CCCCCC)OC(=O)CCCCCCCCCCCCCCCCC)(CCC(=O)OCCCCCCCC\C=C/CC(CCCCCC)OC(=O)CCCCCCCCCCCCCCCCC)CCCN1CCCCCC1,-0.3045035837749413,,,,,,,,,,,,,,,,0.0,0.0,0.0,0.0
N(CCC(=O)OCCCCCCCC\C=C/CC(CCCCCC)OC(=O)CCCCCCC/C=C\CCCCCCCC)(CCC(=O)OCCCCCCCC\C=C/CC(CCCCCC)OC(=O)CCCCCCC/C=C\CCCCCCCC)CCCN1CCCCCC1,-0.3045035837749413,,,,,,,,,,,,,,,,0.0,0.0,0.0,0.0
N(CCC(=O)OCCCCCCCC\C=C/CC(CCCCCC)OC(=O)CCCCCCC/C=C\C/C=C\CCCCC)(CCC(=O)OCCCCCCCC\C=C/CC(CCCCCC)OC(=O)CCCCCCC/C=C\C/C=C\CCCCC)CCCN1CCCCCC1,-0.3045035837749413,,,,,,,,,,,,,,,,0.0,0.0,0.0,0.0
N(CCC(=O)OCCCCCCCC\C=C/CC(CCCCCC)OC(=O)CCC/C=C\C/C=C\C/C=C\C/C=C\C/C=C\CC)(CCC(=O)OCCCCCCCC\C=C/CC(CCCCCC)OC(=O)CCC/C=C\C/C=C\C/C=C\C/C=C\C/C=C\CC)CCCN1CCCCCC1,3.588153592390824,,,,,,,,,,,,,,,,0.0,0.0,0.0,0.0
N(CCC(=O)OCCCCCCCC\C=C/CC(CCCCCC)OC(=O)CCCCCCCCCC)(CCC(=O)OCCCCCCCC\C=C/CC(CCCCCC)OC(=O)CCCCCCCCCC)CCCN1CCCCCC1,2.2672117940694205,,,,,,,,,,,,,,,,0.0,0.0,0.0,0.0
N(CCC(=O)OCCCCCCCC\C=C/CC(CCCCCC)OC(=O)CC/C=C\CC)(CCC(=O)OCCCCCCCC\C=C/CC(CCCCCC)OC(=O)CC/C=C\CC)CCCN1CCCCC1,-0.3045035837749413,,,,,,,,,,,,,,,,0.0,0.0,0.0,0.0
N(CCC(=O)OCCCCCCCC\C=C/CC(CCCCCC)OC(=O)CCCCCCCCCCC)(CCC(=O)OCCCCCCCC\C=C/CC(CCCCCC)OC(=O)CCCCCCCCCCC)CCCN1CCCCC1,-0.3045035837749413,,,,,,,,,,,,,,,,0.0,0.0,0.0,0.0
N(CCC(=O)OCCCCCCCC\C=C/CC(CCCCCC)OC(=O)CCCCCCCCCCCCC)(CCC(=O)OCCCCCCCC\C=C/CC(CCCCCC)OC(=O)CCCCCCCCCCCCC)CCCN1CCCCC1,-0.3045035837749413,,,,,,,,,,,,,,,,0.0,0.0,0.0,0.0
N(CCC(=O)OCCCCCCCC\C=C/CC(CCCCCC)OC(=O)CCCCCCCCCCCCCCC)(CCC(=O)OCCCCCCCC\C=C/CC(CCCCCC)OC(=O)CCCCCCCCCCCCCCC)CCCN1CCCCC1,-0.3045035837749413,,,,,,,,,,,,,,,,0.0,0.0,0.0,0.0
N(CCC(=O)OCCCCCCCC\C=C/CC(CCCCCC)OC(=O)C(CCCCCC)CCCCCCCC)(CCC(=O)OCCCCCCCC\C=C/CC(CCCCCC)OC(=O)C(CCCCCC)CCCCCCCC)CCCN1CCCCC1,-0.3045035837749413,,,,,,,,,,,,,,,,0.0,0.0,0.0,0.0
N(CCC(=O)OCCCCCCCC\C=C/CC(CCCCCC)OC(=O)CC/C=C\CCCCC)(CCC(=O)OCCCCCCCC\C=C/CC(CCCCCC)OC(=O)CC/C=C\CCCCC)CCCN1CCCCC1,-0.3045035837749413,,,,,,,,,,,,,,,,0.0,0.0,0.0,0.0
N(CCC(=O)OCCCCCCCC\C=C/CC(CCCCCC)OC(=O)CCC/C=C\C/C=C\C/C=C\C/C=C\CCCCC)(CCC(=O)OCCCCCCCC\C=C/CC(CCCCCC)OC(=O)CCC/C=C\C/C=C\C/C=C\C/C=C\CCCCC)CCCN1CCCCC1,-0.3045035837749413,,,,,,,,,,,,,,,,0.0,0.0,0.0,0.0
N(CCC(=O)OCCCCCCCC\C=C/CC(CCCCCC)OC(=O)CC\C=C/C/C=C\C\C=C/C\C=C/C\C=C/C\C=C/CC)(CCC(=O)OCCCCCCCC\C=C/CC(CCCCCC)OC(=O)CC\C=C/C/C=C\C\C=C/C\C=C/C\C=C/C\C=C/CC)CCCN1CCCCC1,2.6726946081569074,,,,,,,,,,,,,,,,0.0,0.0,0.0,0.0
N(CCC(=O)OCCCCCCCC\C=C/CC(CCCCCC)OC(=O)CCCCC)(CCC(=O)OCCCCCCCC\C=C/CC(CCCCCC)OC(=O)CCCCC)CCCN1CCCCC1,-0.3045035837749413,,,,,,,,,,,,,,,,0.0,0.0,0.0,0.0
N(CCC(=O)OCCCCCCCC\C=C/CC(CCCCCC)OC(=O)CCCCCC)(CCC(=O)OCCCCCCCC\C=C/CC(CCCCCC)OC(=O)CCCCCC)CCCN1CCCCC1,-0.3045035837749413,,,,,,,,,,,,,,,,0.0,0.0,0.0,0.0
N(CCC(=O)OCCCCCCCC\C=C/CC(CCCCCC)OC(=O)CCCCCCC)(CCC(=O)OCCCCCCCC\C=C/CC(CCCCCC)OC(=O)CCCCCCC)CCCN1CCCCC1,-0.3045035837749413,,,,,,,,,,,,,,,,0.0,0.0,0.0,0.0
N(CCC(=O)OCCCCCCCC\C=C/CC(CCCCCC)OC(=O)CCCCCCCCCCCCCCCCC)(CCC(=O)OCCCCCCCC\C=C/CC(CCCCCC)OC(=O)CCCCCCCCCCCCCCCCC)CCCN1CCCCC1,0.0837830166480221,,,,,,,,,,,,,,,,0.0,0.0,0.0,0.0
N(CCC(=O)OCCCCCCCC\C=C/CC(CCCCCC)OC(=O)CCCCCCC/C=C\CCCCCCCC)(CCC(=O)OCCCCCCCC\C=C/CC(CCCCCC)OC(=O)CCCCCCC/C=C\CCCCCCCC)CCCN1CCCCC1,-0.3045035837749413,,,,,,,,,,,,,,,,0.0,0.0,0.0,0.0
N(CCC(=O)OCCCCCCCC\C=C/CC(CCCCCC)OC(=O)CCCCCCC/C=C\C/C=C\CCCCC)(CCC(=O)OCCCCCCCC\C=C/CC(CCCCCC)OC(=O)CCCCCCC/C=C\C/C=C\CCCCC)CCCN1CCCCC1,-0.3045035837749413,,,,,,,,,,,,,,,,0.0,0.0,0.0,0.0
N(CCC(=O)OCCCCCCCC\C=C/CC(CCCCCC)OC(=O)CCC/C=C\C/C=C\C/C=C\C/C=C\C/C=C\CC)(CCC(=O)OCCCCCCCC\C=C/CC(CCCCCC)OC(=O)CCC/C=C\C/C=C\C/C=C\C/C=C\C/C=C\CC)CCCN1CCCCC1,4.200415842889642,,,,,,,,,,,,,,,,0.0,0.0,0.0,0.0
N(CCC(=O)OCCCCCCCC\C=C/CC(CCCCCC)OC(=O)CCCCCCCCCC)(CCC(=O)OCCCCCCCC\C=C/CC(CCCCCC)OC(=O)CCCCCCCCCC)CCCN1CCCCC1,-0.3045035837749413,,,,,,,,,,,,,,,,0.0,0.0,0.0,0.0
N(CCC(=O)OCCCCCCCC\C=C/CC(CCCCCC)OC(=O)CC/C=C\CC)(CCC(=O)OCCCCCCCC\C=C/CC(CCCCCC)OC(=O)CC/C=C\CC)CCC1N(C)CCCC1,-0.3045035837749413,,,,,,,,,,,,,,,,0.0,0.0,0.0,0.0
N(CCC(=O)OCCCCCCCC\C=C/CC(CCCCCC)OC(=O)CCCCCCCCCCC)(CCC(=O)OCCCCCCCC\C=C/CC(CCCCCC)OC(=O)CCCCCCCCCCC)CCC1N(C)CCCC1,-0.3045035837749413,,,,,,,,,,,,,,,,0.0,0.0,0.0,0.0
N(CCC(=O)OCCCCCCCC\C=C/CC(CCCCCC)OC(=O)CCCCCCCCCCCCC)(CCC(=O)OCCCCCCCC\C=C/CC(CCCCCC)OC(=O)CCCCCCCCCCCCC)CCC1N(C)CCCC1,-0.3045035837749413,,,,,,,,,,,,,,,,0.0,0.0,0.0,0.0
N(CCC(=O)OCCCCCCCC\C=C/CC(CCCCCC)OC(=O)CCCCCCCCCCCCCCC)(CCC(=O)OCCCCCCCC\C=C/CC(CCCCCC)OC(=O)CCCCCCCCCCCCCCC)CCC1N(C)CCCC1,-0.3045035837749413,,,,,,,,,,,,,,,,0.0,0.0,0.0,0.0
N(CCC(=O)OCCCCCCCC\C=C/CC(CCCCCC)OC(=O)C(CCCCCC)CCCCCCCC)(CCC(=O)OCCCCCCCC\C=C/CC(CCCCCC)OC(=O)C(CCCCCC)CCCCCCCC)CCC1N(C)CCCC1,-0.3045035837749413,,,,,,,,,,,,,,,,0.0,0.0,0.0,0.0
N(CCC(=O)OCCCCCCCC\C=C/CC(CCCCCC)OC(=O)CC/C=C\CCCCC)(CCC(=O)OCCCCCCCC\C=C/CC(CCCCCC)OC(=O)CC/C=C\CCCCC)CCC1N(C)CCCC1,-0.3045035837749413,,,,,,,,,,,,,,,,0.0,0.0,0.0,0.0
N(CCC(=O)OCCCCCCCC\C=C/CC(CCCCCC)OC(=O)CCC/C=C\C/C=C\C/C=C\C/C=C\CCCCC)(CCC(=O)OCCCCCCCC\C=C/CC(CCCCCC)OC(=O)CCC/C=C\C/C=C\C/C=C\C/C=C\CCCCC)CCC1N(C)CCCC1,-0.3045035837749413,,,,,,,,,,,,,,,,0.0,0.0,0.0,0.0
N(CCC(=O)OCCCCCCCC\C=C/CC(CCCCCC)OC(=O)CC\C=C/C/C=C\C\C=C/C\C=C/C\C=C/C\C=C/CC)(CCC(=O)OCCCCCCCC\C=C/CC(CCCCCC)OC(=O)CC\C=C/C/C=C\C\C=C/C\C=C/C\C=C/C\C=C/CC)CCC1N(C)CCCC1,4.992373601708408,,,,,,,,,,,,,,,,0.0,0.0,0.0,0.0
N(CCC(=O)OCCCCCCCC\C=C/CC(CCCCCC)OC(=O)CCCCC)(CCC(=O)OCCCCCCCC\C=C/CC(CCCCCC)OC(=O)CCCCC)CCC1N(C)CCCC1,0.9884778060068152,,,,,,,,,,,,,,,,0.0,0.0,0.0,0.0
N(CCC(=O)OCCCCCCCC\C=C/CC(CCCCCC)OC(=O)CCCCCC)(CCC(=O)OCCCCCCCC\C=C/CC(CCCCCC)OC(=O)CCCCCC)CCC1N(C)CCCC1,-0.3045035837749413,,,,,,,,,,,,,,,,0.0,0.0,0.0,0.0
N(CCC(=O)OCCCCCCCC\C=C/CC(CCCCCC)OC(=O)CCCCCCC)(CCC(=O)OCCCCCCCC\C=C/CC(CCCCCC)OC(=O)CCCCCCC)CCC1N(C)CCCC1,-0.3045035837749413,,,,,,,,,,,,,,,,0.0,0.0,0.0,0.0
N(CCC(=O)OCCCCCCCC\C=C/CC(CCCCCC)OC(=O)CCCCCCCCCCCCCCCCC)(CCC(=O)OCCCCCCCC\C=C/CC(CCCCCC)OC(=O)CCCCCCCCCCCCCCCCC)CCC1N(C)CCCC1,-0.3045035837749413,,,,,,,,,,,,,,,,0.0,0.0,0.0,0.0
N(CCC(=O)OCCCCCCCC\C=C/CC(CCCCCC)OC(=O)CCCCCCC/C=C\CCCCCCCC)(CCC(=O)OCCCCCCCC\C=C/CC(CCCCCC)OC(=O)CCCCCCC/C=C\CCCCCCCC)CCC1N(C)CCCC1,-0.3045035837749413,,,,,,,,,,,,,,,,0.0,0.0,0.0,0.0
N(CCC(=O)OCCCCCCCC\C=C/CC(CCCCCC)OC(=O)CCCCCCC/C=C\C/C=C\CCCCC)(CCC(=O)OCCCCCCCC\C=C/CC(CCCCCC)OC(=O)CCCCCCC/C=C\C/C=C\CCCCC)CCC1N(C)CCCC1,-0.3045035837749413,,,,,,,,,,,,,,,,0.0,0.0,0.0,0.0
N(CCC(=O)OCCCCCCCC\C=C/CC(CCCCCC)OC(=O)CCC/C=C\C/C=C\C/C=C\C/C=C\C/C=C\CC)(CCC(=O)OCCCCCCCC\C=C/CC(CCCCCC)OC(=O)CCC/C=C\C/C=C\C/C=C\C/C=C\C/C=C\CC)CCC1N(C)CCCC1,4.775968804574319,,,,,,,,,,,,,,,,0.0,0.0,0.0,0.0
N(CCC(=O)OCCCCCCCC\C=C/CC(CCCCCC)OC(=O)CCCCCCCCCC)(CCC(=O)OCCCCCCCC\C=C/CC(CCCCCC)OC(=O)CCCCCCCCCC)CCC1N(C)CCCC1,-0.3045035837749413,,,,,,,,,,,,,,,,0.0,0.0,0.0,0.0
N(CCC(=O)OCCCCCCCC\C=C/CC(CCCCCC)OC(=O)CC/C=C\CC)(CCC(=O)OCCCCCCCC\C=C/CC(CCCCCC)OC(=O)CC/C=C\CC)CC1N(C)CCCC1,-0.3045035837749413,,,,,,,,,,,,,,,,0.0,0.0,0.0,0.0
N(CCC(=O)OCCCCCCCC\C=C/CC(CCCCCC)OC(=O)CCCCCCCCCCC)(CCC(=O)OCCCCCCCC\C=C/CC(CCCCCC)OC(=O)CCCCCCCCCCC)CC1N(C)CCCC1,-0.3045035837749413,,,,,,,,,,,,,,,,0.0,0.0,0.0,0.0
N(CCC(=O)OCCCCCCCC\C=C/CC(CCCCCC)OC(=O)CCCCCCCCCCCCC)(CCC(=O)OCCCCCCCC\C=C/CC(CCCCCC)OC(=O)CCCCCCCCCCCCC)CC1N(C)CCCC1,-0.3045035837749413,,,,,,,,,,,,,,,,0.0,0.0,0.0,0.0
N(CCC(=O)OCCCCCCCC\C=C/CC(CCCCCC)OC(=O)CCCCCCCCCCCCCCC)(CCC(=O)OCCCCCCCC\C=C/CC(CCCCCC)OC(=O)CCCCCCCCCCCCCCC)CC1N(C)CCCC1,-0.3045035837749413,,,,,,,,,,,,,,,,0.0,0.0,0.0,0.0
N(CCC(=O)OCCCCCCCC\C=C/CC(CCCCCC)OC(=O)C(CCCCCC)CCCCCCCC)(CCC(=O)OCCCCCCCC\C=C/CC(CCCCCC)OC(=O)C(CCCCCC)CCCCCCCC)CC1N(C)CCCC1,-0.3045035837749413,,,,,,,,,,,,,,,,0.0,0.0,0.0,0.0
N(CCC(=O)OCCCCCCCC\C=C/CC(CCCCCC)OC(=O)CC/C=C\CCCCC)(CCC(=O)OCCCCCCCC\C=C/CC(CCCCCC)OC(=O)CC/C=C\CCCCC)CC1N(C)CCCC1,-0.3045035837749413,,,,,,,,,,,,,,,,0.0,0.0,0.0,0.0
N(CCC(=O)OCCCCCCCC\C=C/CC(CCCCCC)OC(=O)CCC/C=C\C/C=C\C/C=C\C/C=C\CCCCC)(CCC(=O)OCCCCCCCC\C=C/CC(CCCCCC)OC(=O)CCC/C=C\C/C=C\C/C=C\C/C=C\CCCCC)CC1N(C)CCCC1,-0.3045035837749413,,,,,,,,,,,,,,,,0.0,0.0,0.0,0.0
N(CCC(=O)OCCCCCCCC\C=C/CC(CCCCCC)OC(=O)CC\C=C/C/C=C\C\C=C/C\C=C/C\C=C/C\C=C/CC)(CCC(=O)OCCCCCCCC\C=C/CC(CCCCCC)OC(=O)CC\C=C/C/C=C\C\C=C/C\C=C/C\C=C/C\C=C/CC)CC1N(C)CCCC1,-0.3045035837749413,,,,,,,,,,,,,,,,0.0,0.0,0.0,0.0
N(CCC(=O)OCCCCCCCC\C=C/CC(CCCCCC)OC(=O)CCCCC)(CCC(=O)OCCCCCCCC\C=C/CC(CCCCCC)OC(=O)CCCCC)CC1N(C)CCCC1,-0.3045035837749413,,,,,,,,,,,,,,,,0.0,0.0,0.0,0.0
N(CCC(=O)OCCCCCCCC\C=C/CC(CCCCCC)OC(=O)CCCCCC)(CCC(=O)OCCCCCCCC\C=C/CC(CCCCCC)OC(=O)CCCCCC)CC1N(C)CCCC1,-0.3045035837749413,,,,,,,,,,,,,,,,0.0,0.0,0.0,0.0
N(CCC(=O)OCCCCCCCC\C=C/CC(CCCCCC)OC(=O)CCCCCCC)(CCC(=O)OCCCCCCCC\C=C/CC(CCCCCC)OC(=O)CCCCCCC)CC1N(C)CCCC1,-0.3045035837749413,,,,,,,,,,,,,,,,0.0,0.0,0.0,0.0
N(CCC(=O)OCCCCCCCC\C=C/CC(CCCCCC)OC(=O)CCCCCCCCCCCCCCCCC)(CCC(=O)OCCCCCCCC\C=C/CC(CCCCCC)OC(=O)CCCCCCCCCCCCCCCCC)CC1N(C)CCCC1,-0.3045035837749413,,,,,,,,,,,,,,,,0.0,0.0,0.0,0.0
N(CCC(=O)OCCCCCCCC\C=C/CC(CCCCCC)OC(=O)CCCCCCC/C=C\CCCCCCCC)(CCC(=O)OCCCCCCCC\C=C/CC(CCCCCC)OC(=O)CCCCCCC/C=C\CCCCCCCC)CC1N(C)CCCC1,-0.3045035837749413,,,,,,,,,,,,,,,,0.0,0.0,0.0,0.0
N(CCC(=O)OCCCCCCCC\C=C/CC(CCCCCC)OC(=O)CCCCCCC/C=C\C/C=C\CCCCC)(CCC(=O)OCCCCCCCC\C=C/CC(CCCCCC)OC(=O)CCCCCCC/C=C\C/C=C\CCCCC)CC1N(C)CCCC1,-0.3045035837749413,,,,,,,,,,,,,,,,0.0,0.0,0.0,0.0
N(CCC(=O)OCCCCCCCC\C=C/CC(CCCCCC)OC(=O)CCC/C=C\C/C=C\C/C=C\C/C=C\C/C=C\CC)(CCC(=O)OCCCCCCCC\C=C/CC(CCCCCC)OC(=O)CCC/C=C\C/C=C\C/C=C\C/C=C\C/C=C\CC)CC1N(C)CCCC1,1.807920463212516,,,,,,,,,,,,,,,,0.0,0.0,0.0,0.0
N(CCC(=O)OCCCCCCCC\C=C/CC(CCCCCC)OC(=O)CCCCCCCCCC)(CCC(=O)OCCCCCCCC\C=C/CC(CCCCCC)OC(=O)CCCCCCCCCC)CC1N(C)CCCC1,-0.3045035837749413,,,,,,,,,,,,,,,,0.0,0.0,0.0,0.0
N(CCC(=O)OCCCCCCCC\C=C/CC(CCCCCC)OC(=O)CC/C=C\CC)(CCC(=O)OCCCCCCCC\C=C/CC(CCCCCC)OC(=O)CC/C=C\CC)CCN1CCCCCC1,-0.3045035837749413,,,,,,,,,,,,,,,,0.0,0.0,0.0,0.0
N(CCC(=O)OCCCCCCCC\C=C/CC(CCCCCC)OC(=O)CCCCCCCCCCC)(CCC(=O)OCCCCCCCC\C=C/CC(CCCCCC)OC(=O)CCCCCCCCCCC)CCN1CCCCCC1,-0.3045035837749413,,,,,,,,,,,,,,,,0.0,0.0,0.0,0.0
N(CCC(=O)OCCCCCCCC\C=C/CC(CCCCCC)OC(=O)CCCCCCCCCCCCC)(CCC(=O)OCCCCCCCC\C=C/CC(CCCCCC)OC(=O)CCCCCCCCCCCCC)CCN1CCCCCC1,-0.3045035837749413,,,,,,,,,,,,,,,,0.0,0.0,0.0,0.0
N(CCC(=O)OCCCCCCCC\C=C/CC(CCCCCC)OC(=O)CCCCCCCCCCCCCCC)(CCC(=O)OCCCCCCCC\C=C/CC(CCCCCC)OC(=O)CCCCCCCCCCCCCCC)CCN1CCCCCC1,-0.3045035837749413,,,,,,,,,,,,,,,,0.0,0.0,0.0,0.0
N(CCC(=O)OCCCCCCCC\C=C/CC(CCCCCC)OC(=O)C(CCCCCC)CCCCCCCC)(CCC(=O)OCCCCCCCC\C=C/CC(CCCCCC)OC(=O)C(CCCCCC)CCCCCCCC)CCN1CCCCCC1,-0.3045035837749413,,,,,,,,,,,,,,,,0.0,0.0,0.0,0.0
N(CCC(=O)OCCCCCCCC\C=C/CC(CCCCCC)OC(=O)CC/C=C\CCCCC)(CCC(=O)OCCCCCCCC\C=C/CC(CCCCCC)OC(=O)CC/C=C\CCCCC)CCN1CCCCCC1,-0.3045035837749413,,,,,,,,,,,,,,,,0.0,0.0,0.0,0.0
N(CCC(=O)OCCCCCCCC\C=C/CC(CCCCCC)OC(=O)CCC/C=C\C/C=C\C/C=C\C/C=C\CCCCC)(CCC(=O)OCCCCCCCC\C=C/CC(CCCCCC)OC(=O)CCC/C=C\C/C=C\C/C=C\C/C=C\CCCCC)CCN1CCCCCC1,-0.3045035837749413,,,,,,,,,,,,,,,,0.0,0.0,0.0,0.0
N(CCC(=O)OCCCCCCCC\C=C/CC(CCCCCC)OC(=O)CC\C=C/C/C=C\C\C=C/C\C=C/C\C=C/C\C=C/CC)(CCC(=O)OCCCCCCCC\C=C/CC(CCCCCC)OC(=O)CC\C=C/C/C=C\C\C=C/C\C=C/C\C=C/C\C=C/CC)CCN1CCCCCC1,3.3766516626718786,,,,,,,,,,,,,,,,0.0,0.0,0.0,0.0
N(CCC(=O)OCCCCCCCC\C=C/CC(CCCCCC)OC(=O)CCCCC)(CCC(=O)OCCCCCCCC\C=C/CC(CCCCCC)OC(=O)CCCCC)CCN1CCCCCC1,-0.3045035837749413,,,,,,,,,,,,,,,,0.0,0.0,0.0,0.0
N(CCC(=O)OCCCCCCCC\C=C/CC(CCCCCC)OC(=O)CCCCCC)(CCC(=O)OCCCCCCCC\C=C/CC(CCCCCC)OC(=O)CCCCCC)CCN1CCCCCC1,-0.3045035837749413,,,,,,,,,,,,,,,,0.0,0.0,0.0,0.0
N(CCC(=O)OCCCCCCCC\C=C/CC(CCCCCC)OC(=O)CCCCCCC)(CCC(=O)OCCCCCCCC\C=C/CC(CCCCCC)OC(=O)CCCCCCC)CCN1CCCCCC1,-0.3045035837749413,,,,,,,,,,,,,,,,0.0,0.0,0.0,0.0
N(CCC(=O)OCCCCCCCC\C=C/CC(CCCCCC)OC(=O)CCCCCCCCCCCCCCCCC)(CCC(=O)OCCCCCCCC\C=C/CC(CCCCCC)OC(=O)CCCCCCCCCCCCCCCCC)CCN1CCCCCC1,-0.3045035837749413,,,,,,,,,,,,,,,,0.0,0.0,0.0,0.0
N(CCC(=O)OCCCCCCCC\C=C/CC(CCCCCC)OC(=O)CCCCCCC/C=C\CCCCCCCC)(CCC(=O)OCCCCCCCC\C=C/CC(CCCCCC)OC(=O)CCCCCCC/C=C\CCCCCCCC)CCN1CCCCCC1,-0.3045035837749413,,,,,,,,,,,,,,,,0.0,0.0,0.0,0.0
N(CCC(=O)OCCCCCCCC\C=C/CC(CCCCCC)OC(=O)CCCCCCC/C=C\C/C=C\CCCCC)(CCC(=O)OCCCCCCCC\C=C/CC(CCCCCC)OC(=O)CCCCCCC/C=C\C/C=C\CCCCC)CCN1CCCCCC1,-0.3045035837749413,,,,,,,,,,,,,,,,0.0,0.0,0.0,0.0
N(CCC(=O)OCCCCCCCC\C=C/CC(CCCCCC)OC(=O)CCC/C=C\C/C=C\C/C=C\C/C=C\C/C=C\CC)(CCC(=O)OCCCCCCCC\C=C/CC(CCCCCC)OC(=O)CCC/C=C\C/C=C\C/C=C\C/C=C\C/C=C\CC)CCN1CCCCCC1,3.4822980675342223,,,,,,,,,,,,,,,,0.0,0.0,0.0,0.0
N(CCC(=O)OCCCCCCCC\C=C/CC(CCCCCC)OC(=O)CCCCCCCCCC)(CCC(=O)OCCCCCCCC\C=C/CC(CCCCCC)OC(=O)CCCCCCCCCC)CCN1CCCCCC1,-0.3045035837749413,,,,,,,,,,,,,,,,0.0,0.0,0.0,0.0
N(CCC(=O)OCCCCCCCC\C=C/CC(CCCCCC)OC(=O)CCC/C=C\C/C=C\C/C=C\C/C=C\C/C=C\CC)(CCC(=O)OCCCCCCCC\C=C/CC(CCCCCC)OC(=O)CCC/C=C\C/C=C\C/C=C\C/C=C\C/C=C\CC)CCN(CCC(=O)OCCCCCCCC\C=C/CC(CCCCCC)OC(=O)CCC/C=C\C/C=C\C/C=C\C/C=C\C/C=C\CC)CCN(CC1)CCN1CCN(CCC(=O)OCCCCCCCC\C=C/CC(CCCCCC)OC(=O)CCC/C=C\C/C=C\C/C=C\C/C=C\C/C=C\CC)(CCC(=O)OCCCCCCCC\C=C/CC(CCCCCC)OC(=O)CCC/C=C\C/C=C\C/C=C\C/C=C\C/C=C\CC),-1.9413404826439529,,,,,,,,,,,,,,,,0.0,0.0,0.0,0.0
N(CCC(=O)OCCCCCCCC\C=C/CC(CCCCCC)OC(=O)CC\C=C/C/C=C\C\C=C/C\C=C/C\C=C/C\C=C/CC)(CCC(=O)OCCCCCCCC\C=C/CC(CCCCCC)OC(=O)CC\C=C/C/C=C\C\C=C/C\C=C/C\C=C/C\C=C/CC)CCN(CCC(=O)OCCCCCCCC\C=C/CC(CCCCCC)OC(=O)CC\C=C/C/C=C\C\C=C/C\C=C/C\C=C/C\C=C/CC)CCN(CC1)CCN1CCN(CCC(=O)OCCCCCCCC\C=C/CC(CCCCCC)OC(=O)CC\C=C/C/C=C\C\C=C/C\C=C/C\C=C/C\C=C/CC)(CCC(=O)OCCCCCCCC\C=C/CC(CCCCCC)OC(=O)CC\C=C/C/C=C\C\C=C/C\C=C/C\C=C/C\C=C/CC),-0.2002961100672363,,,,,,,,,,,,,,,,0.0,0.0,0.0,0.0
N(CCC(=O)OCCCCCCCC\C=C/CC(CCCCCC)OC(=O)CCCCCCC/C=C\C/C=C\C/C=C\CC)(CCC(=O)OCCCCCCCC\C=C/CC(CCCCCC)OC(=O)CCCCCCC/C=C\C/C=C\C/C=C\CC)CCN(CC)CC,1.0662111059231372,,,,,,,,,,,,,,,,0.0,0.0,0.0,0.0
OCCN(CCO)CCCN(CCC(=O)OCCCCCCCC\C=C/CC(CCCCCC)OC(=O)CCCCCCC/C=C\C/C=C\C/C=C\CC)(CCC(=O)OCCCCCCCC\C=C/CC(CCCCCC)OC(=O)CCCCCCC/C=C\C/C=C\C/C=C\CC),-0.5193427053858085,,,,,,,,,,,,,,,,0.0,0.0,0.0,0.0
N(CCC(=O)OCCCCCCCC\C=C/CC(CCCCCC)OC(=O)CC/C=C\CCCCC)(CCC(=O)OCCCCCCCC\C=C/CC(CCCCCC)OC(=O)CC/C=C\CCCCC)CCN(CCC(=O)OCCCCCCCC\C=C/CC(CCCCCC)OC(=O)CC/C=C\CCCCC)CCN(CC1)CCN1CCN(CCC(=O)OCCCCCCCC\C=C/CC(CCCCCC)OC(=O)CC/C=C\CCCCC)(CCC(=O)OCCCCCCCC\C=C/CC(CCCCCC)OC(=O)CC/C=C\CCCCC),-0.9927253636458284,,,,,,,,,,,,,,,,0.0,0.0,0.0,0.0
N(CCC(=O)OCCCCCCCC\C=C/CC(CCCCCC)OC(=O)CCCCCCCC=C)(CCC(=O)OCCCCCCCC\C=C/CC(CCCCCC)OC(=O)CCCCCCCC=C)CCN(CCC(=O)OCCCCCCCC\C=C/CC(CCCCCC)OC(=O)CCCCCCCC=C)CCN(CC1)CCN1CCN(CCC(=O)OCCCCCCCC\C=C/CC(CCCCCC)OC(=O)CCCCCCCC=C)(CCC(=O)OCCCCCCCC\C=C/CC(CCCCCC)OC(=O)CCCCCCCC=C),-0.9267467693333212,,,,,,,,,,,,,,,,0.0,0.0,0.0,0.0
N(CCC(=O)OCCCCCCCC\C=C/CC(CCCCCC)OC(=O)CCCC\C=C/C\C=C/C\C=C/CCCCC)(CCC(=O)OCCCCCCCC\C=C/CC(CCCCCC)OC(=O)CCCC\C=C/C\C=C/C\C=C/CCCCC)CCN(CCC(=O)OCCCCCCCC\C=C/CC(CCCCCC)OC(=O)CCCC\C=C/C\C=C/C\C=C/CCCCC)CCN(CC1)CCN1CCN(CCC(=O)OCCCCCCCC\C=C/CC(CCCCCC)OC(=O)CCCC\C=C/C\C=C/C\C=C/CCCCC)(CCC(=O)OCCCCCCCC\C=C/CC(CCCCCC)OC(=O)CCCC\C=C/C\C=C/C\C=C/CCCCC),-1.4604922989133735,,,,,,,,,,,,,,,,0.0,0.0,0.0,0.0
N(CCC(=O)OCCCCCCCC\C=C/CC(CCCCCC)OC(=O)CCCC\C=C/C\C=C/C\C=C/CCCCC)(CCC(=O)OCCCCCCCC\C=C/CC(CCCCCC)OC(=O)CCCC\C=C/C\C=C/C\C=C/CCCCC)CCN(CC)CC,0.9988610502695344,,,,,,,,,,,,,,,,0.0,0.0,0.0,0.0
N(CCC(=O)OCCCCCCCC\C=C/CC(CCCCCC)OC(=O)C(CCCC)CCCCCC)(CCC(=O)OCCCCCCCC\C=C/CC(CCCCCC)OC(=O)C(CCCC)CCCCCC)CCN(CC)CC,0.7966078107965968,,,,,,,,,,,,,,,,0.0,0.0,0.0,0.0
N(CCC(=O)OCCCCCCCC\C=C/CC(CCCCCC)OC(=O)C(CCCC)CCCCCC)(CCC(=O)OCCCCCCCC\C=C/CC(CCCCCC)OC(=O)C(CCCC)CCCCCC)CCCN1CCCCC1,1.4014934287959049,,,,,,,,,,,,,,,,0.0,0.0,0.0,0.0
N(CCC(=O)OCCCCCCCC\C=C/CC(CCCCCC)OC(=O)CCC/C=C\C/C=C\C/C=C\C/C=C\CCCCC)(CCC(=O)OCCCCCCCC\C=C/CC(CCCCCC)OC(=O)CCC/C=C\C/C=C\C/C=C\C/C=C\CCCCC)CCN(CC)CC,1.0318955245221253,,,,,,,,,,,,,,,,0.0,0.0,0.0,0.0
N(CCC(=O)OCCCCCCCC\C=C/CC(CCCCCC)OC(=O)C(CCCCCC)CCCCCCCC)(CCC(=O)OCCCCCCCC\C=C/CC(CCCCCC)OC(=O)C(CCCCCC)CCCCCCCC)CCN(CC)CC,0.6962276836149801,,,,,,,,,,,,,,,,0.0,0.0,0.0,0.0
N(CCC(=O)OCCCCCCCC\C=C/CC(CCCCCC)OC(=O)C(CCCCCC)CCCCCCCC)(CCC(=O)OCCCCCCCC\C=C/CC(CCCCCC)OC(=O)C(CCCCCC)CCCCCCCC)CCCN1CCCCC1,1.087013332375343,,,,,,,,,,,,,,,,0.0,0.0,0.0,0.0
N(CCC(=O)OCCCCCCCC\C=C/CC(CCCCCC)OC(=O)CCC/C=C\C/C=C\C/C=C\C/C=C\C/C=C\CC)(CCC(=O)OCCCCCCCC\C=C/CC(CCCCCC)OC(=O)CCC/C=C\C/C=C\C/C=C\C/C=C\C/C=C\CC)CCN(CCC(=O)OCCCCCCCC\C=C/CC(CCCCCC)OC(=O)CCC/C=C\C/C=C\C/C=C\C/C=C\C/C=C\CC)CCN(CC1)CCN1CCN(CCC(=O)OCCCCCCCC\C=C/CC(CCCCCC)OC(=O)CCC/C=C\C/C=C\C/C=C\C/C=C\C/C=C\CC)(CCC(=O)OCCCCCCCC\C=C/CC(CCCCCC)OC(=O)CCC/C=C\C/C=C\C/C=C\C/C=C\C/C=C\CC),-1.7508981132405146,,,,,,,,,,,,,,,,0.0,0.0,0.0,0.0
N(CCC(=O)OCCCCCCCC\C=C/CC(CCCCCC)OC(=O)CC\C=C/C/C=C\C\C=C/C\C=C/C\C=C/C\C=C/CC)(CCC(=O)OCCCCCCCC\C=C/CC(CCCCCC)OC(=O)CC\C=C/C/C=C\C\C=C/C\C=C/C\C=C/C\C=C/CC)CCN(CCC(=O)OCCCCCCCC\C=C/CC(CCCCCC)OC(=O)CC\C=C/C/C=C\C\C=C/C\C=C/C\C=C/C\C=C/CC)CCN(CC1)CCN1CCN(CCC(=O)OCCCCCCCC\C=C/CC(CCCCCC)OC(=O)CC\C=C/C/C=C\C\C=C/C\C=C/C\C=C/C\C=C/CC)(CCC(=O)OCCCCCCCC\C=C/CC(CCCCCC)OC(=O)CC\C=C/C/C=C\C\C=C/C\C=C/C\C=C/C\C=C/CC),0.3053551688015065,,,,,,,,,,,,,,,,0.0,0.0,0.0,0.0
N(CCC(=O)OCCCCCCCC\C=C/CC(CCCCCC)OC(=O)CCCCCCC/C=C\C/C=C\C/C=C\CC)(CCC(=O)OCCCCCCCC\C=C/CC(CCCCCC)OC(=O)CCCCCCC/C=C\C/C=C\C/C=C\CC)CCN(CC)CC,0.827902908243561,,,,,,,,,,,,,,,,0.0,0.0,0.0,0.0
OCCN(CCO)CCCN(CCC(=O)OCCCCCCCC\C=C/CC(CCCCCC)OC(=O)CCCCCCC/C=C\C/C=C\C/C=C\CC)(CCC(=O)OCCCCCCCC\C=C/CC(CCCCCC)OC(=O)CCCCCCC/C=C\C/C=C\C/C=C\CC),-1.1978765970328664,,,,,,,,,,,,,,,,0.0,0.0,0.0,0.0
N(CCC(=O)OCCCCCCCC\C=C/CC(CCCCCC)OC(=O)CC/C=C\CCCCC)(CCC(=O)OCCCCCCCC\C=C/CC(CCCCCC)OC(=O)CC/C=C\CCCCC)CCN(CCC(=O)OCCCCCCCC\C=C/CC(CCCCCC)OC(=O)CC/C=C\CCCCC)CCN(CC1)CCN1CCN(CCC(=O)OCCCCCCCC\C=C/CC(CCCCCC)OC(=O)CC/C=C\CCCCC)(CCC(=O)OCCCCCCCC\C=C/CC(CCCCCC)OC(=O)CC/C=C\CCCCC),0.6088588835231064,,,,,,,,,,,,,,,,0.0,0.0,0.0,0.0
N(CCC(=O)OCCCCCCCC\C=C/CC(CCCCCC)OC(=O)CCCCCCCC=C)(CCC(=O)OCCCCCCCC\C=C/CC(CCCCCC)OC(=O)CCCCCCCC=C)CCN(CCC(=O)OCCCCCCCC\C=C/CC(CCCCCC)OC(=O)CCCCCCCC=C)CCN(CC1)CCN1CCN(CCC(=O)OCCCCCCCC\C=C/CC(CCCCCC)OC(=O)CCCCCCCC=C)(CCC(=O)OCCCCCCCC\C=C/CC(CCCCCC)OC(=O)CCCCCCCC=C),0.0179679008352857,,,,,,,,,,,,,,,,0.0,0.0,0.0,0.0
N(CCC(=O)OCCCCCCCC\C=C/CC(CCCCCC)OC(=O)CCCC\C=C/C\C=C/C\C=C/CCCCC)(CCC(=O)OCCCCCCCC\C=C/CC(CCCCCC)OC(=O)CCCC\C=C/C\C=C/C\C=C/CCCCC)CCN(CCC(=O)OCCCCCCCC\C=C/CC(CCCCCC)OC(=O)CCCC\C=C/C\C=C/C\C=C/CCCCC)CCN(CC1)CCN1CCN(CCC(=O)OCCCCCCCC\C=C/CC(CCCCCC)OC(=O)CCCC\C=C/C\C=C/C\C=C/CCCCC)(CCC(=O)OCCCCCCCC\C=C/CC(CCCCCC)OC(=O)CCCC\C=C/C\C=C/C\C=C/CCCCC),-0.9886656376988328,,,,,,,,,,,,,,,,0.0,0.0,0.0,0.0
N(CCC(=O)OCCCCCCCC\C=C/CC(CCCCCC)OC(=O)CCCC\C=C/C\C=C/C\C=C/CCCCC)(CCC(=O)OCCCCCCCC\C=C/CC(CCCCCC)OC(=O)CCCC\C=C/C\C=C/C\C=C/CCCCC)CCN(CC)CC,-0.889936819430596,,,,,,,,,,,,,,,,0.0,0.0,0.0,0.0
N(CCC(=O)OCCCCCCCC\C=C/CC(CCCCCC)OC(=O)C(CCCC)CCCCCC)(CCC(=O)OCCCCCCCC\C=C/CC(CCCCCC)OC(=O)C(CCCC)CCCCCC)CCN(CC)CC,0.4247527737975228,,,,,,,,,,,,,,,,0.0,0.0,0.0,0.0
N(CCC(=O)OCCCCCCCC\C=C/CC(CCCCCC)OC(=O)C(CCCC)CCCCCC)(CCC(=O)OCCCCCCCC\C=C/CC(CCCCCC)OC(=O)C(CCCC)CCCCCC)CCCN1CCCCC1,0.3262223488149866,,,,,,,,,,,,,,,,0.0,0.0,0.0,0.0
N(CCC(=O)OCCCCCCCC\C=C/CC(CCCCCC)OC(=O)CCC/C=C\C/C=C\C/C=C\C/C=C\CCCCC)(CCC(=O)OCCCCCCCC\C=C/CC(CCCCCC)OC(=O)CCC/C=C\C/C=C\C/C=C\C/C=C\CCCCC)CCN(CC)CC,1.3504067236091206,,,,,,,,,,,,,,,,0.0,0.0,0.0,0.0
N(CCC(=O)OCCCCCCCC\C=C/CC(CCCCCC)OC(=O)C(CCCCCC)CCCCCCCC)(CCC(=O)OCCCCCCCC\C=C/CC(CCCCCC)OC(=O)C(CCCCCC)CCCCCCCC)CCN(CC)CC,1.0934484141288576,,,,,,,,,,,,,,,,0.0,0.0,0.0,0.0
N(CCC(=O)OCCCCCCCC\C=C/CC(CCCCCC)OC(=O)C(CCCCCC)CCCCCCCC)(CCC(=O)OCCCCCCCC\C=C/CC(CCCCCC)OC(=O)C(CCCCCC)CCCCCCCC)CCCN1CCCCC1,0.3011680888953331,,,,,,,,,,,,,,,,0.0,0.0,0.0,0.0
N(CCC(=O)OCCCCCCCC\C=C/CC(CCCCCC)OC(=O)CCC/C=C\C/C=C\C/C=C\C/C=C\C/C=C\CC)(CCC(=O)OCCCCCCCC\C=C/CC(CCCCCC)OC(=O)CCC/C=C\C/C=C\C/C=C\C/C=C\C/C=C\CC)CCN(CCC(=O)OCCCCCCCC\C=C/CC(CCCCCC)OC(=O)CCC/C=C\C/C=C\C/C=C\C/C=C\C/C=C\CC)CCN(CC1)CCN1CCN(CCC(=O)OCCCCCCCC\C=C/CC(CCCCCC)OC(=O)CCC/C=C\C/C=C\C/C=C\C/C=C\C/C=C\CC)(CCC(=O)OCCCCCCCC\C=C/CC(CCCCCC)OC(=O)CCC/C=C\C/C=C\C/C=C\C/C=C\C/C=C\CC),-0.616133155310535,,,,,,,,,,,,,,,,0.0,0.0,0.0,0.0
N(CCC(=O)OCCCCCCCC\C=C/CC(CCCCCC)OC(=O)CC\C=C/C/C=C\C\C=C/C\C=C/C\C=C/C\C=C/CC)(CCC(=O)OCCCCCCCC\C=C/CC(CCCCCC)OC(=O)CC\C=C/C/C=C\C\C=C/C\C=C/C\C=C/C\C=C/CC)CCN(CCC(=O)OCCCCCCCC\C=C/CC(CCCCCC)OC(=O)CC\C=C/C/C=C\C\C=C/C\C=C/C\C=C/C\C=C/CC)CCN(CC1)CCN1CCN(CCC(=O)OCCCCCCCC\C=C/CC(CCCCCC)OC(=O)CC\C=C/C/C=C\C\C=C/C\C=C/C\C=C/C\C=C/CC)(CCC(=O)OCCCCCCCC\C=C/CC(CCCCCC)OC(=O)CC\C=C/C/C=C\C\C=C/C\C=C/C\C=C/C\C=C/CC),3.049008965581605,,,,,,,,,,,,,,,,0.0,0.0,0.0,0.0
N(CCC(=O)OCCCCCCCC\C=C/CC(CCCCCC)OC(=O)CCCC\C=C/C\C=C/C\C=C/CCCCC)(CCC(=O)OCCCCCCCC\C=C/CC(CCCCCC)OC(=O)CCCC\C=C/C\C=C/C\C=C/CCCCC)CCN(CCC(=O)OCCCCCCCC\C=C/CC(CCCCCC)OC(=O)CCCC\C=C/C\C=C/C\C=C/CCCCC)CCN(CC1)CCN1CCN(CCC(=O)OCCCCCCCC\C=C/CC(CCCCCC)OC(=O)CCCC\C=C/C\C=C/C\C=C/CCCCC)(CCC(=O)OCCCCCCCC\C=C/CC(CCCCCC)OC(=O)CCCC\C=C/C\C=C/C\C=C/CCCCC),-0.0160616396128052,,,,,,,,,,,,,,,,0.0,0.0,0.0,0.0
N(CCC(=O)OCCCCCCCC\C=C/CC(CCCCCC)OC(=O)CCCC\C=C/C\C=C/C\C=C/CCCCC)(CCC(=O)OCCCCCCCC\C=C/CC(CCCCCC)OC(=O)CCCC\C=C/C\C=C/C\C=C/CCCCC)CCN(CC)CC,-2.7496497562723645,,,,,,,,,,,,,,,,0.0,0.0,0.0,0.0
N(C(CCCCCOC(=O)CCCCCCCCCCCCCCCCC)C(=O)NC2CCCCC2)(C(=O)CCCCCCC/C=C\C/C=C\CCCCC)CCCN(C)C,2.3501003504165467,,,,,,,,,,,,,,,,0.0,0.0,0.0,0.0
N(C(CCCCCOC(=O)CCCCCCCCCC)C(=O)NC2CCCCC2)(C(=O)CCCCCCC/C=C\C/C=C\CCCCC)CCCN(C)C,2.201088459355385,,,,,,,,,,,,,,,,0.0,0.0,0.0,0.0
N(C(CCCCCOC(=O)CCCCCCC/C=C\CCCCCCCC)C(=O)NCCCC)(C(=O)CCCCCCC/C=C\CCCCCCCC)CCCN(C)C,2.0741105804941764,,,,,,,,,,,,,,,,0.0,0.0,0.0,0.0
N(C(CCCCCOC(=O)CCCCCCCCCCCCCCCCC)C(=O)NCC(=O)OC(C)(C)C)(C(=O)CCCCCCC/C=C\C/C=C\CCCCC)CCCN(C)C,1.993929408188818,,,,,,,,,,,,,,,,0.0,0.0,0.0,0.0
N(C(CCCCCOC(=O)CCCCCCC/C=C\C/C=C\CCCCC)C(=O)NC2CCCCC2)(C(=O)CCCCC(=O)OC(CCCCCCCC)CCCCCCCC)CCCN(C)C,1.990956066783334,,,,,,,,,,,,,,,,0.0,0.0,0.0,0.0
N(C(CCCCCOC(=O)CCCCCCCCCCCCCCC)C(=O)NC(C)(C)C)(C(=O)CCCCC(=O)OC(CCCCCCCC)CCCCCCCC)CCCN(C)C,1.9042874554819025,,,,,,,,,,,,,,,,0.0,0.0,0.0,0.0
N(C(CCCCCOC(=O)CCCCCCCCCC)C(=O)NC2CCCCC2)(C(=O)CCCCCCCCCCCCCCC)CCCN(C)C,1.857420210531516,,,,,,,,,,,,,,,,0.0,0.0,0.0,0.0
N(C(CCCCCOC(=O)CCCCCCC/C=C\C/C=C\CCCCC)C(=O)NC2CCCCC2)(C(=O)CCCCCCC/C=C\C/C=C\CCCCC)CCCN(C)C,1.84604317924624,,,,,,,,,,,,,,,,0.0,0.0,0.0,0.0
N(C(CCCCCOC(=O)CCCCCCC/C=C\C/C=C\CCCCC)C(=O)NC(C)(C)C)(C(=O)CCCCC(=O)OC(CCCCCCCC)CCCCCCCC)CCCN(C)C,1.822594815775284,,,,,,,,,,,,,,,,0.0,0.0,0.0,0.0
N(C(CCCCCOC(=O)CCCCCCCCCCCCCCC)C(=O)NCCCC)(C(=O)CCCCC(=O)OC(CCCCCCCC)CCCCCCCC)CCCN(C)C,1.822594815775284,,,,,,,,,,,,,,,,0.0,0.0,0.0,0.0
N(C(CCCCCOC(=O)CCCCCCCCCCCCCCCCC)C(=O)NCC(=O)OC(C)(C)C)(C(=O)CCCCCCC/C=C\CCCCCCCC)CCCN(C)C,1.806417153511004,,,,,,,,,,,,,,,,0.0,0.0,0.0,0.0
N(C(CCCCCOC(=O)CCCCCCC/C=C\CCCCCCCC)C(=O)NC(C)(C)C)(C(=O)CCCCCCC/C=C\CCCCCCCC)CCCN(C)C,1.7034337793633856,,,,,,,,,,,,,,,,0.0,0.0,0.0,0.0
N(C(CCCCCOC(=O)CCCCCCCCCC)C(=O)NCCCC)(C(=O)CCCCCCCCCCCCCCC)CCCN(C)C,1.693547833755689,,,,,,,,,,,,,,,,0.0,0.0,0.0,0.0
N(C(CCCCCOC(=O)CCCCCCCCCCCCCCC)C(=O)NC2CCCCC2)(C(=O)CCCCC(=O)OC(CCCCCCCC)CCCCCCCC)CCCN(C)C,1.693547833755689,,,,,,,,,,,,,,,,0.0,0.0,0.0,0.0
N(C(CCCCCOC(=O)CCCCCCCCCC)C(=O)NC(C)(C)C)(C(=O)CCCCCCCCCCCCCCC)CCCN(C)C,1.6834899498125973,,,,,,,,,,,,,,,,0.0,0.0,0.0,0.0
N(C(CCCCCOC(=O)CCCCCCCCCC)C(=O)NCCCC)(C(=O)CCCCCCC/C=C\C/C=C\CCCCC)CCCN(C)C,1.4822247735374912,,,,,,,,,,,,,,,,0.0,0.0,0.0,0.0
N(C(CCCCCOC(=O)CCCCCCCC)C(=O)NC(C)(C)C)(C(=O)CCCCCCC/C=C\CCCCCCCC)CCCN(C)C,1.5403213987929258,,,,,,,,,,,,,,,,0.0,0.0,0.0,0.0
N(C(CCCCCOC(=O)CCCCCCCCCC)C(=O)NC(C)(C)C)(C(=O)CCCCCCC/C=C\CCCCCCCC)CCCN(C)C,1.492947600229806,,,,,,,,,,,,,,,,0.0,0.0,0.0,0.0
N(C(CCCCCOC(=O)CCCCCCCC)C(=O)NC2CCCCC2)(C(=O)CCCCCCC/C=C\C/C=C\CCCCC)CCCN(C)C,1.471393040581543,,,,,,,,,,,,,,,,0.0,0.0,0.0,0.0
N(C(CCCCCOC(=O)CCCCCCCCCC)C(=O)NC(C)(C)C)(C(=O)CCCCC(=O)OC(CCCCCCCC)CCCCCCCC)CCCN(C)C,1.456563670751971,,,,,,,,,,,,,,,,0.0,0.0,0.0,0.0
N(C(CCCCCOC(=O)CCCCCCC/C=C\C/C=C\CCCCC)C(=O)NCCCC)(C(=O)CCCCCCCCCCCCCCC)CCCN(C)C,1.4413440094233971,,,,,,,,,,,,,,,,0.0,0.0,0.0,0.0
N(C(CCCCCOC(=O)CCCCCCC/C=C\CCCCCCCC)C(=O)NCCCC)(C(=O)CCCCCCC/C=C\C/C=C\CCCCC)CCCN(C)C,1.4335812931940284,,,,,,,,,,,,,,,,0.0,0.0,0.0,0.0
N(C(CCCCCOC(=O)CCCCCCC/C=C\C/C=C\CCCCC)C(=O)NCCCC)(C(=O)CCCCC(=O)OC(CCCCCCCC)CCCCCCCC)CCCN(C)C,0.561837200976587,,,,,,,,,,,,,,,,0.0,0.0,0.0,0.0
N(C(CCCCCOC(=O)CCCCCCCCCC)C(=O)NCCCC)(C(=O)CCCCCCC/C=C\CCCCCCCC)CCCN(C)C,1.3585868261369038,,,,,,,,,,,,,,,,0.0,0.0,0.0,0.0
N(C(CCCCCOC(=O)CCCCCCC/C=C\CCCCCCCC)C(=O)NC2CCCCC2)(C(=O)CCCCCCC/C=C\CCCCCCCC)CCCN(C)C,1.349620541559767,,,,,,,,,,,,,,,,0.0,0.0,0.0,0.0
N(C(CCCCCOC(=O)CCCCCCCCCC)C(=O)NCC(=O)OC(C)(C)C)(C(=O)CCCCCCC/C=C\CCCCCCCC)CCCN(C)C,0.3558306346817777,,,,,,,,,,,,,,,,0.0,0.0,0.0,0.0
N(C(CCCCCOC(=O)CCCCCCCCCC)C(=O)NCC(=O)OC(C)(C)C)(C(=O)CCCCCCCCCCCCCCC)CCCN(C)C,1.261977153616701,,,,,,,,,,,,,,,,0.0,0.0,0.0,0.0
N(C(CCCCCOC(=O)CCCCCCCCCC)C(=O)NC2CCCCC2)(C(=O)CCCCCCC/C=C\CCCCCCCC)CCCN(C)C,0.953786373555463,,,,,,,,,,,,,,,,0.0,0.0,0.0,0.0
N(C(CCCCCOC(=O)CCCCCCCCCCCC)C(=O)NC2CCCCC2)(C(=O)CCCCC(=O)OC(CCCCCCCC)CCCCCCCC)CCCN(C)C,1.1832500453842074,,,,,,,,,,,,,,,,0.0,0.0,0.0,0.0
N(C(CCCCCOC(=O)CCCCCCCCCCCC)C(=O)NC(C)(C)C)(C(=O)CCCCCCC/C=C\CCCCCCCC)CCCN(C)C,1.14592653255986,,,,,,,,,,,,,,,,0.0,0.0,0.0,0.0
N(C(CCCCCOC(=O)CCCCCCC/C=C\C/C=C\CCCCC)C(=O)NC2CCCCC2)(C(=O)CCCCCCC/C=C\CCCCCCCC)CCCN(C)C,1.14592653255986,,,,,,,,,,,,,,,,0.0,0.0,0.0,0.0
N(C(CCCCCOC(=O)CCCCCCCC)C(=O)NCCCC)(C(=O)CCCCCCC/C=C\CCCCCCCC)CCCN(C)C,1.14592653255986,,,,,,,,,,,,,,,,0.0,0.0,0.0,0.0
N(C(CCCCCOC(=O)CCCCCCC/C=C\CCCCCCCC)C(=O)NC2CCCCC2)(C(=O)CCCCC(=O)OC(CCCCCCCC)CCCCCCCC)CCCN(C)C,1.14592653255986,,,,,,,,,,,,,,,,0.0,0.0,0.0,0.0
N(C(CCCCCOC(=O)CCCCCCCCCCCC)C(=O)NCCCC)(C(=O)CCCCC(=O)OC(CCCCCCCC)CCCCCCCC)CCCN(C)C,1.14592653255986,,,,,,,,,,,,,,,,0.0,0.0,0.0,0.0
N(C(CCCCCOC(=O)CCCCCCCCCCCCCCC)C(=O)NC2CCCCC2)(C(=O)CCCCCCC/C=C\C/C=C\CCCCC)CCCN(C)C,1.1196350171751714,,,,,,,,,,,,,,,,0.0,0.0,0.0,0.0
N(C(CCCCCOC(=O)CCCCCCCCCCCCCCCCC)C(=O)NC2CCCCC2)(C(=O)CCCCCCCCCCCCCCC)CCCN(C)C,1.06316934794175,,,,,,,,,,,,,,,,0.0,0.0,0.0,0.0
N(C(CCCCCOC(=O)CCCCCCCCCC)C(=O)NCC(=O)OC(C)(C)C)(C(=O)CCCCC(=O)OC(CCCCCCCC)CCCCCCCC)CCCN(C)C,1.0005879445067534,,,,,,,,,,,,,,,,0.0,0.0,0.0,0.0
N(C(CCCCCOC(=O)CCCCCCCCCCCC)C(=O)NC(C)(C)C)(C(=O)CCCCC(=O)OC(CCCCCCCC)CCCCCCCC)CCCN(C)C,1.0005879445067534,,,,,,,,,,,,,,,,0.0,0.0,0.0,0.0
N(C(CCCCCOC(=O)CCCCCCC/C=C\CCCCCCCC)C(=O)NC(C)(C)C)(C(=O)CCCCCCC/C=C\C/C=C\CCCCC)CCCN(C)C,0.98382405401371,,,,,,,,,,,,,,,,0.0,0.0,0.0,0.0
N(C(CCCCCOC(=O)CCCCCCCCCC)C(=O)NCCCC)(C(=O)CCCCC(=O)OC(CCCCCCCC)CCCCCCCC)CCCN(C)C,0.9665596754215464,,,,,,,,,,,,,,,,0.0,0.0,0.0,0.0
N(C(CCCCCOC(=O)CCCCCCCCCCCCCCCCC)C(=O)NCCCC)(C(=O)CCCCCCC/C=C\C/C=C\CCCCC)CCCN(C)C,0.9304032939199404,,,,,,,,,,,,,,,,0.0,0.0,0.0,0.0
N(C(CCCCCOC(=O)CCCCCCCC)C(=O)NC2CCCCC2)(C(=O)CCCCCCCCCCCCCCC)CCCN(C)C,0.9304032939199404,,,,,,,,,,,,,,,,0.0,0.0,0.0,0.0
N(C(CCCCCOC(=O)CCCCCCC/C=C\CCCCCCCC)C(=O)NC2CCCCC2)(C(=O)CCCCCCC/C=C\C/C=C\CCCCC)CCCN(C)C,0.911440488955874,,,,,,,,,,,,,,,,0.0,0.0,0.0,0.0
N(C(CCCCCOC(=O)CCCCCCC/C=C\C/C=C\CCCCC)C(=O)NC2CCCCC2)(C(=O)CCCCCCCCCCCCCCC)CCCN(C)C,0.891834755528216,,,,,,,,,,,,,,,,0.0,0.0,0.0,0.0
N(C(CCCCCOC(=O)CCCCCCCCCC)C(=O)NC(C)(C)C)(C(=O)CCCCCCC/C=C\C/C=C\CCCCC)CCCN(C)C,0.3428906410497029,,,,,,,,,,,,,,,,0.0,0.0,0.0,0.0
N(C(CCCCCOC(=O)CCCCCCCC)C(=O)NC(C)(C)C)(C(=O)CCCCCCC/C=C\C/C=C\CCCCC)CCCN(C)C,0.8715409624871585,,,,,,,,,,,,,,,,0.0,0.0,0.0,0.0
N(C(CCCCCOC(=O)CCCCCCCCCCCC)C(=O)NCC(=O)OC(C)(C)C)(C(=O)CCCCC(=O)OC(CCCCCCCC)CCCCCCCC)CCCN(C)C,0.8715409624871585,,,,,,,,,,,,,,,,0.0,0.0,0.0,0.0
N(C(CCCCCOC(=O)CCCCCCC/C=C\CCCCCCCC)C(=O)NC2CCCCC2)(C(=O)CCCCCCCCCCCCCCC)CCCN(C)C,0.8505090543647059,,,,,,,,,,,,,,,,0.0,0.0,0.0,0.0
N(C(CCCCCOC(=O)CCCCCCCCCCCC)C(=O)NC2CCCCC2)(C(=O)CCCCCCC/C=C\CCCCCCCC)CCCN(C)C,0.828683304337764,,,,,,,,,,,,,,,,0.0,0.0,0.0,0.0
N(C(CCCCCOC(=O)CCCCCCCC)C(=O)NC2CCCCC2)(C(=O)CCCCCCC/C=C\CCCCCCCC)CCCN(C)C,0.828683304337764,,,,,,,,,,,,,,,,0.0,0.0,0.0,0.0
N(C(CCCCCOC(=O)CCCCCCCCCCCC)C(=O)NC2CCCCC2)(C(=O)CCCCCCCCCCCCCCC)CCCN(C)C,0.7823935069362792,,,,,,,,,,,,,,,,0.0,0.0,0.0,0.0
N(C(CCCCCOC(=O)CCCCCCCCCCCCCCC)C(=O)NC2CCCCC2)(C(=O)CCCCCCCCCCCCCCC)CCCN(C)C,0.7577806966816482,,,,,,,,,,,,,,,,0.0,0.0,0.0,0.0
N(C(CCCCCOC(=O)CCCCCCCCCC)C(=O)NC2CCCCC2)(C(=O)CCCCC(=O)OC(CCCCCCCC)CCCCCCCC)CCCN(C)C,0.7051704676432161,,,,,,,,,,,,,,,,0.0,0.0,0.0,0.0
N(C(CCCCCOC(=O)CCCCCCCCCCCC)C(=O)NC2CCCCC2)(C(=O)CCCCCCC/C=C\C/C=C\CCCCC)CCCN(C)C,0.6769544453518888,,,,,,,,,,,,,,,,0.0,0.0,0.0,0.0
N(C(CCCCCOC(=O)CCCCCCCCCC)C(=O)NCC(=O)OC(C)(C)C)(C(=O)CCCCCCC/C=C\C/C=C\CCCCC)CCCN(C)C,-0.1595750112558171,,,,,,,,,,,,,,,,0.0,0.0,0.0,0.0
N(C(CCCCCOC(=O)CCCCCCC/C=C\C/C=C\CCCCC)C(=O)NCCCC)(C(=O)CCCCCCC/C=C\CCCCCCCC)CCCN(C)C,0.647290827981139,,,,,,,,,,,,,,,,0.0,0.0,0.0,0.0
N(C(CCCCCOC(=O)CCCCCCCCCCCC)C(=O)NCCCC)(C(=O)CCCCCCC/C=C\C/C=C\CCCCC)CCCN(C)C,0.647290827981139,,,,,,,,,,,,,,,,0.0,0.0,0.0,0.0
N(C(CCCCCOC(=O)CCCCCCCCCCCC)C(=O)NCCCC)(C(=O)CCCCCCCCCCCCCCC)CCCN(C)C,0.647290827981139,,,,,,,,,,,,,,,,0.0,0.0,0.0,0.0
N(C(CCCCCOC(=O)CCCCCCC/C=C\CCCCCCCC)C(=O)NCCCC)(C(=O)CCCCCCCCCCCCCCC)CCCN(C)C,0.6160230107607201,,,,,,,,,,,,,,,,0.0,0.0,0.0,0.0
N(C(CCCCCOC(=O)CCCCCCCCCCCCCCC)C(=O)NC2CCCCC2)(C(=O)CCCCCCC/C=C\CCCCCCCC)CCCN(C)C,0.5829675142341652,,,,,,,,,,,,,,,,0.0,0.0,0.0,0.0
N(C(CCCCCOC(=O)CCCCCCC/C=C\C/C=C\CCCCC)C(=O)NC(C)(C)C)(C(=O)CCCCCCCCCCCCCCC)CCCN(C)C,0.5829675142341652,,,,,,,,,,,,,,,,0.0,0.0,0.0,0.0
N(C(CCCCCOC(=O)CCCCCCC/C=C\CCCCCCCC)C(=O)NCC(=O)OC(C)(C)C)(C(=O)CCCCC(=O)OC(CCCCCCCC)CCCCCCCC)CCCN(C)C,0.5829675142341652,,,,,,,,,,,,,,,,0.0,0.0,0.0,0.0
N(C(CCCCCOC(=O)CCCCCCC/C=C\C/C=C\CCCCC)C(=O)NCCCC)(C(=O)CCCCCCC/C=C\C/C=C\CCCCC)CCCN(C)C,0.5479074633322939,,,,,,,,,,,,,,,,0.0,0.0,0.0,0.0
N(C(CCCCCOC(=O)CCCCCCCC)C(=O)NCCCC)(C(=O)CCCCCCCCCCCCCCC)CCCN(C)C,0.5479074633322939,,,,,,,,,,,,,,,,0.0,0.0,0.0,0.0
N(C(CCCCCOC(=O)CCCCCCCCCCCCCCCCC)C(=O)NC2CCCCC2)(C(=O)CCCCC(=O)OC(CCCCCCCC)CCCCCCCC)CCCN(C)C,0.5479074633322939,,,,,,,,,,,,,,,,0.0,0.0,0.0,0.0
N(C(CCCCCOC(=O)CCCCCCCCCCCC)C(=O)NC(C)(C)C)(C(=O)CCCCCCCCCCCCCCC)CCCN(C)C,0.5105839491763291,,,,,,,,,,,,,,,,0.0,0.0,0.0,0.0
N(C(CCCCCOC(=O)CCCCCCC/C=C\C/C=C\CCCCC)C(=O)NC(C)(C)C)(C(=O)CCCCCCC/C=C\CCCCCCCC)CCCN(C)C,0.4706844240392303,,,,,,,,,,,,,,,,0.0,0.0,0.0,0.0
N(C(CCCCCOC(=O)CCCCCCCCCCCC)C(=O)NCC(=O)OC(C)(C)C)(C(=O)CCCCCCCCCCCCCCC)CCCN(C)C,0.4706844240392303,,,,,,,,,,,,,,,,0.0,0.0,0.0,0.0
N(C(CCCCCOC(=O)CCCCCCC/C=C\C/C=C\CCCCC)C(=O)NCC(=O)OC(C)(C)C)(C(=O)CCCCC(=O)OC(CCCCCCCC)CCCCCCCC)CCCN(C)C,-1.1200769919245666,,,,,,,,,,,,,,,,0.0,0.0,0.0,0.0
N(C(CCCCCOC(=O)CCCCCCCCCCCC)C(=O)NC(C)(C)C)(C(=O)CCCCCCC/C=C\C/C=C\CCCCC)CCCN(C)C,0.3815369671567343,,,,,,,,,,,,,,,,0.0,0.0,0.0,0.0
N(C(CCCCCOC(=O)CCCCCCCC)C(=O)NC(C)(C)C)(C(=O)CCCCCCCCCCCCCCC)CCCN(C)C,0.3815369671567343,,,,,,,,,,,,,,,,0.0,0.0,0.0,0.0
N(C(CCCCCOC(=O)CCCCCCCCCCCCCCC)C(=O)NCCCC)(C(=O)CCCCCCCCCCCCCCC)CCCN(C)C,0.3815369671567343,,,,,,,,,,,,,,,,0.0,0.0,0.0,0.0
N(C(CCCCCOC(=O)CCCCCCCCCCCC)C(=O)NCC(=O)OC(C)(C)C)(C(=O)CCCCCCC/C=C\CCCCCCCC)CCCN(C)C,0.3312170920380163,,,,,,,,,,,,,,,,0.0,0.0,0.0,0.0
N(C(CCCCC(=O)OC(CCCCCCCC)CCCCCCCC)C(=O)NCC(=O)OC(C)(C)C)(C(=O)CCCCCCC/C=C\CCCCCCCC)CCCN(C)C,0.3312170920380163,,,,,,,,,,,,,,,,0.0,0.0,0.0,0.0
N(C(CCCCCOC(=O)CCCCCCCCCCCCCCCCC)C(=O)NC2CCCCC2)(C(=O)CCCCCCC/C=C\CCCCCCCC)CCCN(C)C,0.3312170920380163,,,,,,,,,,,,,,,,0.0,0.0,0.0,0.0
N(C(CCCCCOC(=O)CCCCCCCC)C(=O)NCCCC)(C(=O)CCCCCCC/C=C\C/C=C\CCCCC)CCCN(C)C,0.3312170920380163,,,,,,,,,,,,,,,,0.0,0.0,0.0,0.0
N(C(CCCCCOC(=O)CCCCCCCC)C(=O)NCC(=O)OC(C)(C)C)(C(=O)CCCCC(=O)OC(CCCCCCCC)CCCCCCCC)CCCN(C)C,0.3312170920380163,,,,,,,,,,,,,,,,0.0,0.0,0.0,0.0
N(C(CCCCCOC(=O)CCCCCCCC)C(=O)NCCCC)(C(=O)CCCCC(=O)OC(CCCCCCCC)CCCCCCCC)CCCN(C)C,0.3312170920380163,,,,,,,,,,,,,,,,0.0,0.0,0.0,0.0
N(C(CCCCCOC(=O)CCCCCCCCCCCCCCC)C(=O)NCC(=O)OC(C)(C)C)(C(=O)CCCCCCC/C=C\CCCCCCCC)CCCN(C)C,0.2760979055723439,,,,,,,,,,,,,,,,0.0,0.0,0.0,0.0
N(C(CCCCCOC(=O)CCCCCCCC)C(=O)NCC(=O)OC(C)(C)C)(C(=O)CCCCCCC/C=C\CCCCCCCC)CCCN(C)C,0.2760979055723439,,,,,,,,,,,,,,,,0.0,0.0,0.0,0.0
N(C(CCCCCOC(=O)CCCCCCCCCCCC)C(=O)NCCCC)(C(=O)CCCCCCC/C=C\CCCCCCCC)CCCN(C)C,0.2760979055723439,,,,,,,,,,,,,,,,0.0,0.0,0.0,0.0
N(C(CCCCCOC(=O)CCCCCCCCCCCC)C(=O)NCC(=O)OC(C)(C)C)(C(=O)CCCCCCC/C=C\C/C=C\CCCCC)CCCN(C)C,0.2760979055723439,,,,,,,,,,,,,,,,0.0,0.0,0.0,0.0
N(C(CCCCCOC(=O)CCCCCCCCCCCCCCCCC)C(=O)NC(C)(C)C)(C(=O)CCCCCCCCCCCCCCC)CCCN(C)C,0.2760979055723439,,,,,,,,,,,,,,,,0.0,0.0,0.0,0.0
N(C(CCCCC(=O)OC(CCCCCCCC)CCCCCCCC)C(=O)NC(C)(C)C)(C(=O)CCCCCCC/C=C\C/C=C\CCCCC)CCCN(C)C,0.0698278842596853,,,,,,,,,,,,,,,,0.0,0.0,0.0,0.0
N(C(CCCCCOC(=O)CCCCCCC/C=C\CCCCCCCC)C(=O)NC(C)(C)C)(C(=O)CCCCCCCCCCCCCCC)CCCN(C)C,0.0698278842596853,,,,,,,,,,,,,,,,0.0,0.0,0.0,0.0
N(C(CCCCC(=O)OC(CCCCCCCC)CCCCCCCC)C(=O)NCCCC)(C(=O)CCCCC(=O)OC(CCCCCCCC)CCCCCCCC)CCCN(C)C,0.0698278842596853,,,,,,,,,,,,,,,,0.0,0.0,0.0,0.0
N(C(CCCCC(=O)OC(CCCCCCCC)CCCCCCCC)C(=O)NC(C)(C)C)(C(=O)CCCCCCCCCCCCCCC)CCCN(C)C,-0.0193195726228103,,,,,,,,,,,,,,,,0.0,0.0,0.0,0.0
N(C(CCCCC(=O)OC(CCCCCCCC)CCCCCCCC)C(=O)NC2CCCCC2)(C(=O)CCCCCCC/C=C\CCCCCCCC)CCCN(C)C,-0.1247586342072013,,,,,,,,,,,,,,,,0.0,0.0,0.0,0.0
N(C(CCCCCOC(=O)CCCCCCC/C=C\C/C=C\CCCCC)C(=O)NC(C)(C)C)(C(=O)CCCCCCC/C=C\C/C=C\CCCCC)CCCN(C)C,-0.1247586342072013,,,,,,,,,,,,,,,,0.0,0.0,0.0,0.0
N(C(CCCCCOC(=O)CCCCCCCCCCCCCCC)C(=O)NC(C)(C)C)(C(=O)CCCCCCC/C=C\C/C=C\CCCCC)CCCN(C)C,-0.1247586342072013,,,,,,,,,,,,,,,,0.0,0.0,0.0,0.0
N(C(CCCCC(=O)OC(CCCCCCCC)CCCCCCCC)C(=O)NC2CCCCC2)(C(=O)CCCCCCC/C=C\C/C=C\CCCCC)CCCN(C)C,-0.1247586342072013,,,,,,,,,,,,,,,,0.0,0.0,0.0,0.0
N(C(CCCCCOC(=O)CCCCCCCCCCCCCCC)C(=O)NCCCC)(C(=O)CCCCCCC/C=C\C/C=C\CCCCC)CCCN(C)C,-0.1247586342072013,,,,,,,,,,,,,,,,0.0,0.0,0.0,0.0
N(C(CCCCCOC(=O)CCCCCCCCCCCCCCCCC)C(=O)NCCCC)(C(=O)CCCCCCCCCCCCCCC)CCCN(C)C,-0.1247586342072013,,,,,,,,,,,,,,,,0.0,0.0,0.0,0.0
N(C(CCCCCOC(=O)CCCCCCCCCCCCCCCCC)C(=O)NCC(=O)OC(C)(C)C)(C(=O)CCCCC(=O)OC(CCCCCCCC)CCCCCCCC)CCCN(C)C,-0.1247586342072013,,,,,,,,,,,,,,,,0.0,0.0,0.0,0.0
N(C(CCCCC(=O)OC(CCCCCCCC)CCCCCCCC)C(=O)NC(C)(C)C)(C(=O)CCCCC(=O)OC(CCCCCCCC)CCCCCCCC)CCCN(C)C,-0.1247586342072013,,,,,,,,,,,,,,,,0.0,0.0,0.0,0.0
N(C(CCCCCOC(=O)CCCCCCCC)C(=O)NC2CCCCC2)(C(=O)CCCCC(=O)OC(CCCCCCCC)CCCCCCCC)CCCN(C)C,-0.1247586342072013,,,,,,,,,,,,,,,,0.0,0.0,0.0,0.0
N(C(CCCCCOC(=O)CCCCCCC/C=C\CCCCCCCC)C(=O)NCCCC)(C(=O)CCCCC(=O)OC(CCCCCCCC)CCCCCCCC)CCCN(C)C,-0.1247586342072013,,,,,,,,,,,,,,,,0.0,0.0,0.0,0.0
N(C(CCCCCOC(=O)CCCCCCC/C=C\C/C=C\CCCCC)C(=O)NCC(=O)OC(C)(C)C)(C(=O)CCCCCCC/C=C\C/C=C\CCCCC)CCCN(C)C,-0.2538056162267961,,,,,,,,,,,,,,,,0.0,0.0,0.0,0.0
N(C(CCCCCOC(=O)CCCCCCCC)C(=O)NCC(=O)OC(C)(C)C)(C(=O)CCCCCCC/C=C\C/C=C\CCCCC)CCCN(C)C,-0.2538056162267961,,,,,,,,,,,,,,,,0.0,0.0,0.0,0.0
N(C(CCCCCOC(=O)CCCCCCC/C=C\CCCCCCCC)C(=O)NCC(=O)OC(C)(C)C)(C(=O)CCCCCCCCCCCCCCC)CCCN(C)C,-0.2538056162267961,,,,,,,,,,,,,,,,0.0,0.0,0.0,0.0
N(C(CCCCCOC(=O)CCCCCCCC)C(=O)NCC(=O)OC(C)(C)C)(C(=O)CCCCCCCCCCCCCCC)CCCN(C)C,-0.2538056162267961,,,,,,,,,,,,,,,,0.0,0.0,0.0,0.0
N(C(CCCCCOC(=O)CCCCCCCCCCCCCCC)C(=O)NCC(=O)OC(C)(C)C)(C(=O)CCCCC(=O)OC(CCCCCCCC)CCCCCCCC)CCCN(C)C,-0.2538056162267961,,,,,,,,,,,,,,,,0.0,0.0,0.0,0.0
N(C(CCCCCOC(=O)CCCCCCC/C=C\CCCCCCCC)C(=O)NC(C)(C)C)(C(=O)CCCCC(=O)OC(CCCCCCCC)CCCCCCCC)CCCN(C)C,-0.2538056162267961,,,,,,,,,,,,,,,,0.0,0.0,0.0,0.0
N(C(CCCCCOC(=O)CCCCCCCCCCCCCCC)C(=O)NCC(=O)OC(C)(C)C)(C(=O)CCCCCCC/C=C\C/C=C\CCCCC)CCCN(C)C,-0.4201761110707385,,,,,,,,,,,,,,,,0.0,0.0,0.0,0.0
N(C(CCCCC(=O)OC(CCCCCCCC)CCCCCCCC)C(=O)NCCCC)(C(=O)CCCCCCCCCCCCCCC)CCCN(C)C,-0.4201761110707385,,,,,,,,,,,,,,,,0.0,0.0,0.0,0.0
N(C(CCCCC(=O)OC(CCCCCCCC)CCCCCCCC)C(=O)NCC(=O)OC(C)(C)C)(C(=O)CCCCC(=O)OC(CCCCCCCC)CCCCCCCC)CCCN(C)C,-0.4201761110707385,,,,,,,,,,,,,,,,0.0,0.0,0.0,0.0
N(C(CCCCCOC(=O)CCCCCCCCCCCCCCCCC)C(=O)NC(C)(C)C)(C(=O)CCCCC(=O)OC(CCCCCCCC)CCCCCCCC)CCCN(C)C,-0.4201761110707385,,,,,,,,,,,,,,,,0.0,0.0,0.0,0.0
N(C(CCCCCOC(=O)CCCCCCC/C=C\CCCCCCCC)C(=O)NCC(=O)OC(C)(C)C)(C(=O)CCCCCCC/C=C\CCCCCCCC)CCCN(C)C,-1.721361801593884,,,,,,,,,,,,,,,,0.0,0.0,0.0,0.0
N(C(CCCCCOC(=O)CCCCCCC/C=C\C/C=C\CCCCC)C(=O)NCC(=O)OC(C)(C)C)(C(=O)CCCCCCC/C=C\CCCCCCCC)CCCN(C)C,-1.0555186944542694,,,,,,,,,,,,,,,,0.0,0.0,0.0,0.0
N(C(CCCCCOC(=O)CCCCCCCCCCCCCCCCC)C(=O)NC(C)(C)C)(C(=O)CCCCCCC/C=C\CCCCCCCC)CCCN(C)C,-1.0555186944542694,,,,,,,,,,,,,,,,0.0,0.0,0.0,0.0
N(C(CCCCCOC(=O)CCCCCCCCCCCCCCC)C(=O)NC(C)(C)C)(C(=O)CCCCCCC/C=C\CCCCCCCC)CCCN(C)C,-1.0555186944542694,,,,,,,,,,,,,,,,0.0,0.0,0.0,0.0
N(C(CCCCC(=O)OC(CCCCCCCC)CCCCCCCC)C(=O)NC(C)(C)C)(C(=O)CCCCCCC/C=C\CCCCCCCC)CCCN(C)C,-1.0555186944542694,,,,,,,,,,,,,,,,0.0,0.0,0.0,0.0
N(C(CCCCCOC(=O)CCCCCCCCCCCCCCCCC)C(=O)NCCCC)(C(=O)CCCCCCC/C=C\CCCCCCCC)CCCN(C)C,-1.0555186944542694,,,,,,,,,,,,,,,,0.0,0.0,0.0,0.0
N(C(CCCCCOC(=O)CCCCCCCCCCCCCCC)C(=O)NCCCC)(C(=O)CCCCCCC/C=C\CCCCCCCC)CCCN(C)C,-1.0555186944542694,,,,,,,,,,,,,,,,0.0,0.0,0.0,0.0
N(C(CCCCC(=O)OC(CCCCCCCC)CCCCCCCC)C(=O)NCCCC)(C(=O)CCCCCCC/C=C\CCCCCCCC)CCCN(C)C,-1.0555186944542694,,,,,,,,,,,,,,,,0.0,0.0,0.0,0.0
N(C(CCCCCOC(=O)CCCCCCC/C=C\CCCCCCCC)C(=O)NCC(=O)OC(C)(C)C)(C(=O)CCCCCCC/C=C\C/C=C\CCCCC)CCCN(C)C,-1.0555186944542694,,,,,,,,,,,,,,,,0.0,0.0,0.0,0.0
N(C(CCCCC(=O)OC(CCCCCCCC)CCCCCCCC)C(=O)NCC(=O)OC(C)(C)C)(C(=O)CCCCCCC/C=C\C/C=C\CCCCC)CCCN(C)C,-1.0555186944542694,,,,,,,,,,,,,,,,0.0,0.0,0.0,0.0
N(C(CCCCCOC(=O)CCCCCCCCCCCCCCCCC)C(=O)NC(C)(C)C)(C(=O)CCCCCCC/C=C\C/C=C\CCCCC)CCCN(C)C,-1.0555186944542694,,,,,,,,,,,,,,,,0.0,0.0,0.0,0.0
N(C(CCCCC(=O)OC(CCCCCCCC)CCCCCCCC)C(=O)NCCCC)(C(=O)CCCCCCC/C=C\C/C=C\CCCCC)CCCN(C)C,-1.0555186944542694,,,,,,,,,,,,,,,,0.0,0.0,0.0,0.0
N(C(CCCCCOC(=O)CCCCCCC/C=C\C/C=C\CCCCC)C(=O)NCC(=O)OC(C)(C)C)(C(=O)CCCCCCCCCCCCCCC)CCCN(C)C,-1.0555186944542694,,,,,,,,,,,,,,,,0.0,0.0,0.0,0.0
N(C(CCCCCOC(=O)CCCCCCCCCCCCCCCCC)C(=O)NCC(=O)OC(C)(C)C)(C(=O)CCCCCCCCCCCCCCC)CCCN(C)C,-1.0555186944542694,,,,,,,,,,,,,,,,0.0,0.0,0.0,0.0
N(C(CCCCCOC(=O)CCCCCCCCCCCCCCC)C(=O)NCC(=O)OC(C)(C)C)(C(=O)CCCCCCCCCCCCCCC)CCCN(C)C,-1.0555186944542694,,,,,,,,,,,,,,,,0.0,0.0,0.0,0.0
N(C(CCCCC(=O)OC(CCCCCCCC)CCCCCCCC)C(=O)NCC(=O)OC(C)(C)C)(C(=O)CCCCCCCCCCCCCCC)CCCN(C)C,-1.0555186944542694,,,,,,,,,,,,,,,,0.0,0.0,0.0,0.0
N(C(CCCCCOC(=O)CCCCCCCCCCCCCCC)C(=O)NC(C)(C)C)(C(=O)CCCCCCCCCCCCCCC)CCCN(C)C,-1.0555186944542694,,,,,,,,,,,,,,,,0.0,0.0,0.0,0.0
N(C(CCCCC(=O)OC(CCCCCCCC)CCCCCCCC)C(=O)NC2CCCCC2)(C(=O)CCCCCCCCCCCCCCC)CCCN(C)C,-1.0555186944542694,,,,,,,,,,,,,,,,0.0,0.0,0.0,0.0
N(C(CCCCCOC(=O)CCCCCCCC)C(=O)NC(C)(C)C)(C(=O)CCCCC(=O)OC(CCCCCCCC)CCCCCCCC)CCCN(C)C,-1.0555186944542694,,,,,,,,,,,,,,,,0.0,0.0,0.0,0.0
N(C(CCCCC(=O)OC(CCCCCCCC)CCCCCCCC)C(=O)NC2CCCCC2)(C(=O)CCCCC(=O)OC(CCCCCCCC)CCCCCCCC)CCCN(C)C,-1.0555186944542694,,,,,,,,,,,,,,,,0.0,0.0,0.0,0.0
N(C(CCCCCOC(=O)CCCCCCCCCCCCCCCCC)C(=O)NCCCC)(C(=O)CCCCC(=O)OC(CCCCCCCC)CCCCCCCC)CCCN(C)C,-1.0555186944542694,,,,,,,,,,,,,,,,0.0,0.0,0.0,0.0
N(C(CCCCCOC(=O)CCCCCCCCCC)C(=O)NC2CCCCC2)(C(=O)CCCCCCC/C=C\CCCCCCCC)CCN(C)CCN,3.627182454189077,,,,,,,,,,,,,,,,0.0,0.0,0.0,0.0
N(C(CCCCCOC(=O)CCCCCCCCCC)C(=O)NC(C)(C)C)(C(=O)CCCCCCC/C=C\C/C=C\CCCCC)CCN(C)CCN,3.272692432901427,,,,,,,,,,,,,,,,0.0,0.0,0.0,0.0
N(C(CCCCCOC(=O)CCCCCCC/C=C\C/C=C\CCCCC)C(=O)NCC(=O)OC(C)(C)C)(C(=O)CCCCC(=O)OC(CCCCCCCC)CCCCCCCC)CCCN(CC)CC,2.7886861812204997,,,,,,,,,,,,,,,,0.0,0.0,0.0,0.0
N(C(CCCCCOC(=O)CCCCCCCCCC)C(=O)NCCCC)(C(=O)CCCCCCC/C=C\C/C=C\CCCCC)CCN(C)CCN,1.9754799520769943,,,,,,,,,,,,,,,,0.0,0.0,0.0,0.0
N(C(CCCCCOC(=O)CCCCCCCCCC)C(=O)NC(C)(C)C)(C(=O)CCCCCCC/C=C\C/C=C\CCCCC)CCCN1CCCCC1CC,1.6139716095452563,,,,,,,,,,,,,,,,0.0,0.0,0.0,0.0
N(C(CCCCCOC(=O)CCCCCCCCCC)C(=O)NCC(=O)OC(C)(C)C)(C(=O)CCCCCCC/C=C\C/C=C\CCCCC)CCN(C)CCN,1.5577454555264485,,,,,,,,,,,,,,,,0.0,0.0,0.0,0.0
N(C(CCCCCOC(=O)CCCCCCC/C=C\CCCCCCCC)C(=O)NCC(=O)OC(C)(C)C)(C(=O)CCCCCCC/C=C\CCCCCCCC)CCCN(CC)CC,1.3531541393438464,,,,,,,,,,,,,,,,0.0,0.0,0.0,0.0
N(C(CCCCCOC(=O)CCCCCCCCCC)C(=O)NC2CCCCC2)(C(=O)CCCCCCC/C=C\CCCCCCCC)CCCN1CCCCC1CC,1.2473557649890372,,,,,,,,,,,,,,,,0.0,0.0,0.0,0.0
N(C(CCCCCOC(=O)CCCCCCC/C=C\CCCCCCCC)C(=O)NCC(=O)OC(C)(C)C)(C(=O)CCCCCCC/C=C\CCCCCCCC)CCN1C=CN=C1,1.1742768949918811,,,,,,,,,,,,,,,,0.0,0.0,0.0,0.0
N(C(CCCCCOC(=O)CCCCCCC/C=C\C/C=C\CCCCC)C(=O)NCCCC)(C(=O)CCCCC(=O)OC(CCCCCCCC)CCCCCCCC)CCN(C)CCN,1.111893550883506,,,,,,,,,,,,,,,,0.0,0.0,0.0,0.0
N(C(CCCCCOC(=O)CCCCCCC/C=C\C/C=C\CCCCC)C(=O)NCCCC)(C(=O)CCCCC(=O)OC(CCCCCCCC)CCCCCCCC)CCCN(CC)CC,1.0873004924979028,,,,,,,,,,,,,,,,0.0,0.0,0.0,0.0
N(C(CCCCCOC(=O)CCCCCCCCCC)C(=O)NCCCC)(C(=O)CCCCCCC/C=C\C/C=C\CCCCC)CCCN1CCCCC1CC,1.0152012741907537,,,,,,,,,,,,,,,,0.0,0.0,0.0,0.0
N(C(CCCCCOC(=O)CCCCCCCCCC)C(=O)NCC(=O)OC(C)(C)C)(C(=O)CCCCCCC/C=C\CCCCCCCC)CCCN(CC)CC,0.7855278554364892,,,,,,,,,,,,,,,,0.0,0.0,0.0,0.0
N(C(CCCCCOC(=O)CCCCCCCCCC)C(=O)NCCCC)(C(=O)CCCCCCC/C=C\C/C=C\CCCCC)CCCN(CC)CC,0.7839280925333318,,,,,,,,,,,,,,,,0.0,0.0,0.0,0.0
N(C(CCCCCOC(=O)CCCCCCC/C=C\C/C=C\CCCCC)C(=O)NCC(=O)OC(C)(C)C)(C(=O)CCCCC(=O)OC(CCCCCCCC)CCCCCCCC)CCN1C=CN=C1,0.6939790916759321,,,,,,,,,,,,,,,,0.0,0.0,0.0,0.0
N(C(CCCCCOC(=O)CCCCCCCCCC)C(=O)NCC(=O)OC(C)(C)C)(C(=O)CCCCCCC/C=C\C/C=C\CCCCC)CCCN(CC)CC,0.6892811483110385,,,,,,,,,,,,,,,,0.0,0.0,0.0,0.0
N(C(CCCCCOC(=O)CCCCCCCCCC)C(=O)NCC(=O)OC(C)(C)C)(C(=O)CCCCCCC/C=C\C/C=C\CCCCC)CCN1C=CN=C1,0.3363811225187849,,,,,,,,,,,,,,,,0.0,0.0,0.0,0.0
N(C(CCCCCOC(=O)CCCCCCC/C=C\C/C=C\CCCCC)C(=O)NCCCC)(C(=O)CCCCC(=O)OC(CCCCCCCC)CCCCCCCC)CCCN1CCCCC1CC,-0.0490528029145597,,,,,,,,,,,,,,,,0.0,0.0,0.0,0.0
N(C(CCCCCOC(=O)CCCCCCCCCC)C(=O)NC(C)(C)C)(C(=O)CCCCCCC/C=C\C/C=C\CCCCC)CCCN(CC)CC,-0.0911305372161684,,,,,,,,,,,,,,,,0.0,0.0,0.0,0.0
N(C(CCCCCOC(=O)CCCCCCC/C=C\C/C=C\CCCCC)C(=O)NCCCC)(C(=O)CCCCC(=O)OC(CCCCCCCC)CCCCCCCC)CCN1C=CN=C1,-0.1814916640899597,,,,,,,,,,,,,,,,0.0,0.0,0.0,0.0
N(C(CCCCCOC(=O)CCCCCCCCCC)C(=O)NC2CCCCC2)(C(=O)CCCCCCC/C=C\CCCCCCCC)CCCN(CC)CC,-0.2075854317463109,,,,,,,,,,,,,,,,0.0,0.0,0.0,0.0
N(C(CCCCCOC(=O)CCCCCCCCCC)C(=O)NCC(=O)OC(C)(C)C)(C(=O)CCCCCCC/C=C\CCCCCCCC)CCN(C)CCN,-0.2395951524973512,,,,,,,,,,,,,,,,0.0,0.0,0.0,0.0
N(C(CCCCCOC(=O)CCCCCCCCCC)C(=O)NCC(=O)OC(C)(C)C)(C(=O)CCCCCCC/C=C\CCCCCCCC)CCN1C=CN=C1,-0.2490759178008414,,,,,,,,,,,,,,,,0.0,0.0,0.0,0.0
N(C(CCCCCOC(=O)CCCCCCC/C=C\C/C=C\CCCCC)C(=O)NCC(=O)OC(C)(C)C)(C(=O)CCCCC(=O)OC(CCCCCCCC)CCCCCCCC)CCCN1CCCCC1CC,-0.6547317689273406,,,,,,,,,,,,,,,,0.0,0.0,0.0,0.0
N(C(CCCCCOC(=O)CCCCCCC/C=C\CCCCCCCC)C(=O)NCC(=O)OC(C)(C)C)(C(=O)CCCCCCC/C=C\CCCCCCCC)CCN(C)CCN,-0.6843953862980905,,,,,,,,,,,,,,,,0.0,0.0,0.0,0.0
N(C(CCCCCOC(=O)CCCCCCC/C=C\CCCCCCCC)C(=O)NCC(=O)OC(C)(C)C)(C(=O)CCCCCCC/C=C\CCCCCCCC)CCCN1CCCCC1CC,-0.7050516440460588,,,,,,,,,,,,,,,,0.0,0.0,0.0,0.0
N(C(CCCCCOC(=O)CCCCCCCCCC)C(=O)NC(C)(C)C)(C(=O)CCCCCCC/C=C\C/C=C\CCCCC)CCN1C=CN=C1,-1.036625503742819,,,,,,,,,,,,,,,,0.0,0.0,0.0,0.0
N(C(CCCCCOC(=O)CCCCCCCCCC)C(=O)NCC(=O)OC(C)(C)C)(C(=O)CCCCCCC/C=C\C/C=C\CCCCC)CCCN1CCCCC1CC,-1.1165197432980536,,,,,,,,,,,,,,,,0.0,0.0,0.0,0.0
N(C(CCCCCOC(=O)CCCCCCCCCC)C(=O)NCC(=O)OC(C)(C)C)(C(=O)CCCCCCC/C=C\CCCCCCCC)CCCN1CCCCC1CC,-1.2092481009811118,,,,,,,,,,,,,,,,0.0,0.0,0.0,0.0
N(C(CCCCCOC(=O)CCCCCCC/C=C\C/C=C\CCCCC)C(=O)NCC(=O)OC(C)(C)C)(C(=O)CCCCC(=O)OC(CCCCCCCC)CCCCCCCC)CCN(C)CCN,-1.319737969681621,,,,,,,,,,,,,,,,0.0,0.0,0.0,0.0
N(C(CCCCCOC(=O)CCCCCCCCCC)C(=O)NC2CCCCC2)(C(=O)CCCCCCC/C=C\CCCCCCCC)CCN1C=CN=C1,-1.4963443736235291,,,,,,,,,,,,,,,,0.0,0.0,0.0,0.0
N(C(CCCCCOC(=O)CCCCCCCCCC)C(=O)NCCCC)(C(=O)CCCCCCC/C=C\C/C=C\CCCCC)CCN1C=CN=C1,-2.621690952337484,,,,,,,,,,,,,,,,0.0,0.0,0.0,0.0
N(C(CCCCCOC(=O)CCCCCCCCCC)C(=O)NC2CCCCC2)(C(=O)CCCCCCC/C=C\CCCCCCCC)CCN(C)CCN,2.143858270414708,,,,,,,,,,,,,,,,0.0,0.0,0.0,0.0
N(C(CCCCCOC(=O)CCCCCCCCCC)C(=O)NC(C)(C)C)(C(=O)CCCCCCC/C=C\C/C=C\CCCCC)CCN(C)CCN,1.890696464839041,,,,,,,,,,,,,,,,0.0,0.0,0.0,0.0
N(C(CCCCCOC(=O)CCCCCCC/C=C\CCCCCCCC)C(=O)NCC(=O)OC(C)(C)C)(C(=O)CCCCCCC/C=C\CCCCCCCC)CCN1C=CN=C1,1.7008831582878905,,,,,,,,,,,,,,,,0.0,0.0,0.0,0.0
N(C(CCCCCOC(=O)CCCCCCC/C=C\C/C=C\CCCCC)C(=O)NCCCC)(C(=O)CCCCC(=O)OC(CCCCCCCC)CCCCCCCC)CCN(C)CCN,1.5766347171677346,,,,,,,,,,,,,,,,0.0,0.0,0.0,0.0
N(C(CCCCCOC(=O)CCCCCCCCCC)C(=O)NCC(=O)OC(C)(C)C)(C(=O)CCCCCCC/C=C\C/C=C\CCCCC)CCN(C)CCN,1.2806415916587297,,,,,,,,,,,,,,,,0.0,0.0,0.0,0.0
N(C(CCCCCOC(=O)CCCCCCC/C=C\C/C=C\CCCCC)C(=O)NCC(=O)OC(C)(C)C)(C(=O)CCCCC(=O)OC(CCCCCCCC)CCCCCCCC)CCCN(CC)CC,0.6441776533510718,,,,,,,,,,,,,,,,0.0,0.0,0.0,0.0
N(C(CCCCCOC(=O)CCCCCCCCCC)C(=O)NCC(=O)OC(C)(C)C)(C(=O)CCCCCCC/C=C\CCCCCCCC)CCCN(CC)CC,0.6235320210306138,,,,,,,,,,,,,,,,0.0,0.0,0.0,0.0
N(C(CCCCCOC(=O)CCCCCCC/C=C\C/C=C\CCCCC)C(=O)NCCCC)(C(=O)CCCCC(=O)OC(CCCCCCCC)CCCCCCCC)CCCN(CC)CC,0.5313233065466603,,,,,,,,,,,,,,,,0.0,0.0,0.0,0.0
N(C(CCCCCOC(=O)CCCCCCCCCC)C(=O)NCCCC)(C(=O)CCCCCCC/C=C\C/C=C\CCCCC)CCN(C)CCN,0.4491297318497157,,,,,,,,,,,,,,,,0.0,0.0,0.0,0.0
N(C(CCCCCOC(=O)CCCCCCCCCC)C(=O)NCCCC)(C(=O)CCCCCCC/C=C\C/C=C\CCCCC)CCCN(C)C,-0.282645660629244,,,,,,,,,,,,,,,,0.0,0.0,0.0,0.0
N(C(CCCCCOC(=O)CCCCCCCCCC)C(=O)NCC(=O)OC(C)(C)C)(C(=O)CCCCCCC/C=C\C/C=C\CCCCC)CCCN(CC)CC,-0.6332022162010338,,,,,,,,,,,,,,,,0.0,0.0,0.0,0.0
N(C(CCCCCOC(=O)CCCCCCCCCC)C(=O)NC(C)(C)C)(C(=O)CCCCCCC/C=C\C/C=C\CCCCC)CCCN1CCCCC1CC,-0.983757554841364,,,,,,,,,,,,,,,,0.0,0.0,0.0,0.0
N(C(CCCCCOC(=O)CCCCCCC/C=C\CCCCCCCC)C(=O)NCC(=O)OC(C)(C)C)(C(=O)CCCCCCC/C=C\CCCCCCCC)CCCN(CC)CC,-0.983757554841364,,,,,,,,,,,,,,,,0.0,0.0,0.0,0.0
N(C(CCCCCOC(=O)CCCCCCCCCC)C(=O)NC2CCCCC2)(C(=O)CCCCCCC/C=C\CCCCCCCC)CCCN1CCCCC1CC,-0.983757554841364,,,,,,,,,,,,,,,,0.0,0.0,0.0,0.0
N(C(CCCCCOC(=O)CCCCCCCCCC)C(=O)NCCCC)(C(=O)CCCCCCC/C=C\C/C=C\CCCCC)CCCN1CCCCC1CC,-0.983757554841364,,,,,,,,,,,,,,,,0.0,0.0,0.0,0.0
N(CCCCCCCCCCC)(CCCCCCCCCCC)CCOP(=O)([O-])OCCCCCCCCCCCCC,2.952204749893815,,,,,,,,,,,,,,,,0.0,0.0,0.0,0.0
N(CCCCCCCCCCC)(CCCCCCCCCCC)CCOP(=O)([O-])OCCCC,1.5815382588716866,,,,,,,,,,,,,,,,0.0,0.0,0.0,0.0
N(CCCCCCCCCCC)(CCCCCCCCCCC)CCOP(=O)([O-])OCCCCC,1.5815382588716866,,,,,,,,,,,,,,,,0.0,0.0,0.0,0.0
N(CCCCCCCCCCC)(CCCCCCCCCCC)CCOP(=O)([O-])OCCCCCC,1.5815382588716866,,,,,,,,,,,,,,,,0.0,0.0,0.0,0.0
N(CCCCCCCCCCC)(CCCCCCCCCCC)CCOP(=O)([O-])OCCCCCCC,1.5815382588716866,,,,,,,,,,,,,,,,0.0,0.0,0.0,0.0
N(CCCCCCCCCCC)(CCCCCCCCCCC)CCOP(=O)([O-])OCCCCCCCCC,1.5815382588716866,,,,,,,,,,,,,,,,0.0,0.0,0.0,0.0
N(CCNCCOP(=O)([O-])OCCCCCCCCC)(CCNCCOP(=O)([O-])OCCCCCCCCC)(CCN(CCOP(=O)([O-])OCCCCCCCCC)[H]),1.5815382588716866,,,,,,,,,,,,,,,,0.0,0.0,0.0,0.0
N(CCNCCOP(=O)([O-])OCCCCCCCCC)(CCNCCOP(=O)([O-])OCCCCCCCCC)(CCN(CCOP(=O)([O-])OCCCCCCCCC)CCOP(=O)([O-])OCCCCCCCCC),1.5815382588716866,,,,,,,,,,,,,,,,0.0,0.0,0.0,0.0
N(CCCCCCCCCCC)(CCCCCCCCCCC)CCOP(=O)([O-])OCCCCCCCCCC,1.5815382588716866,,,,,,,,,,,,,,,,0.0,0.0,0.0,0.0
[N+](CCCC)(CCCC)(CCCC)CCOP(=O)([O-])OCCCCCCCCCC,1.5815382588716866,,,,,,,,,,,,,,,,0.0,0.0,0.0,0.0
N(CCNCCOP(=O)([O-])OCCCCCCCCCC)(CCNCCOP(=O)([O-])OCCCCCCCCCC)(CCN([H])[H]),1.5815382588716866,,,,,,,,,,,,,,,,0.0,0.0,0.0,0.0
N(CCNCCOP(=O)([O-])OCCCCCCCCCC)(CCNCCOP(=O)([O-])OCCCCCCCCCC)(CCN(CCOP(=O)([O-])OCCCCCCCCCC)[H]),1.5815382588716866,,,,,,,,,,,,,,,,0.0,0.0,0.0,0.0
N(CCNCCOP(=O)([O-])OCCCCCCCCCC)(CCNCCOP(=O)([O-])OCCCCCCCCCC)(CCN(CCOP(=O)([O-])OCCCCCCCCCC)CCOP(=O)([O-])OCCCCCCCCCC),1.5815382588716866,,,,,,,,,,,,,,,,0.0,0.0,0.0,0.0
N(CCCCCCCCCCC)(CCCCCCCCCCC)CCOP(=O)([O-])OCCCCCCCCCCC,1.5815382588716866,,,,,,,,,,,,,,,,0.0,0.0,0.0,0.0
[N+](CCCC)(CCCC)(CCCC)CCOP(=O)([O-])OCCCCCCCCCCC,1.5815382588716866,,,,,,,,,,,,,,,,0.0,0.0,0.0,0.0
N(CCCCCCCCCCC)(CCCCCCCCCCC)CCOP(=O)([O-])OCCCCCCCCCCCC,1.5815382588716866,,,,,,,,,,,,,,,,0.0,0.0,0.0,0.0
[N+](CCCC)(CCCC)(CCCC)CCOP(=O)([O-])OCCCCCCCCCCCC,1.5815382588716866,,,,,,,,,,,,,,,,0.0,0.0,0.0,0.0
[N+](CCCC)(CCCC)(CCCC)CCOP(=O)([O-])OCCCCCCCCCCCCC,1.5815382588716866,,,,,,,,,,,,,,,,0.0,0.0,0.0,0.0
N(CCCCCCCCCCC)(CCCCCCCCCCC)CCOP(=O)([O-])OCCCCCCCCCCCCCC,1.5815382588716866,,,,,,,,,,,,,,,,0.0,0.0,0.0,0.0
N(CCCCCCCCCCC)(CCCCCCCCCCC)CCOP(=O)([O-])OCCCCCCCCCCCCCCC,1.5815382588716866,,,,,,,,,,,,,,,,0.0,0.0,0.0,0.0
N(CCCCCCCCCCC)(CCCCCCCCCCC)CCOP(=O)([O-])OCCCCCCCCCCCCCCCC,1.5815382588716866,,,,,,,,,,,,,,,,0.0,0.0,0.0,0.0
[N+](CCCC)(CCCC)(CCCC)CCOP(=O)([O-])OCCCC,0.2108717678495582,,,,,,,,,,,,,,,,0.0,0.0,0.0,0.0
N(CCOP(=O)([O-])OCCCC)([H])CCCN(CCOP(=O)([O-])OCCCC)CCCN(C)C,0.2108717678495582,,,,,,,,,,,,,,,,0.0,0.0,0.0,0.0
N(CCOP(=O)([O-])OCCCC)(CCOP(=O)([O-])OCCCC)CCCN(CCOP(=O)([O-])OCCCC)CCCN(C)C,0.2108717678495582,,,,,,,,,,,,,,,,0.0,0.0,0.0,0.0
N(CCOP(=O)([O-])OCCCC)([H])CCCN(C)CCCN(CCOP(=O)([O-])OCCCC),0.2108717678495582,,,,,,,,,,,,,,,,0.0,0.0,0.0,0.0
N(CCOP(=O)([O-])OCCCC)(CCOP(=O)([O-])OCCCC)CCCN(C)CCCN(CCOP(=O)([O-])OCCCC),0.2108717678495582,,,,,,,,,,,,,,,,0.0,0.0,0.0,0.0
N(CCNCCOP(=O)([O-])OCCCC)(CCNCCOP(=O)([O-])OCCCC)(CCN([H])[H]),0.2108717678495582,,,,,,,,,,,,,,,,0.0,0.0,0.0,0.0
N(CCNCCOP(=O)([O-])OCCCC)(CCNCCOP(=O)([O-])OCCCC)(CCN(CCOP(=O)([O-])OCCCC)[H]),0.2108717678495582,,,,,,,,,,,,,,,,0.0,0.0,0.0,0.0
N(CCNCCOP(=O)([O-])OCCCC)(CCNCCOP(=O)([O-])OCCCC)(CCN(CCOP(=O)([O-])OCCCC)CCOP(=O)([O-])OCCCC),0.2108717678495582,,,,,,,,,,,,,,,,0.0,0.0,0.0,0.0
N(CCOP(=O)([O-])OCCCCC)(CCOP(=O)([O-])OCCCCC)CCCN(C)CCCN(CCOP(=O)([O-])OCCCCC),0.2108717678495582,,,,,,,,,,,,,,,,0.0,0.0,0.0,0.0
N(CCNCCOP(=O)([O-])OCCCCC)(CCNCCOP(=O)([O-])OCCCCC)(CCN(CCOP(=O)([O-])OCCCCC)CCOP(=O)([O-])OCCCCC),0.2108717678495582,,,,,,,,,,,,,,,,0.0,0.0,0.0,0.0
N(CCOP(=O)([O-])OCCCCCC)([H])CCCN(CCOP(=O)([O-])OCCCCCC)CCCN(C)C,0.2108717678495582,,,,,,,,,,,,,,,,0.0,0.0,0.0,0.0
N(CCOP(=O)([O-])OCCCCCC)(CCOP(=O)([O-])OCCCCCC)CCCN(CCOP(=O)([O-])OCCCCCC)CCCN(C)C,0.2108717678495582,,,,,,,,,,,,,,,,0.0,0.0,0.0,0.0
N(CCOP(=O)([O-])OCCCCCC)([H])CCCN(C)CCCN(CCOP(=O)([O-])OCCCCCC),0.2108717678495582,,,,,,,,,,,,,,,,0.0,0.0,0.0,0.0
N(CCOP(=O)([O-])OCCCCCC)(CCOP(=O)([O-])OCCCCCC)CCCN(C)CCCN(CCOP(=O)([O-])OCCCCCC),0.2108717678495582,,,,,,,,,,,,,,,,0.0,0.0,0.0,0.0
N(CCNCCOP(=O)([O-])OCCCCCC)(CCNCCOP(=O)([O-])OCCCCCC)(CCN([H])[H]),0.2108717678495582,,,,,,,,,,,,,,,,0.0,0.0,0.0,0.0
N(CCOP(=O)([O-])OCCCCCCC)([H])CCCN(CCOP(=O)([O-])OCCCCCCC)CCCN(C)C,0.2108717678495582,,,,,,,,,,,,,,,,0.0,0.0,0.0,0.0
N(CCOP(=O)([O-])OCCCCCCC)(CCOP(=O)([O-])OCCCCCCC)CCCN(CCOP(=O)([O-])OCCCCCCC)CCCN(C)C,0.2108717678495582,,,,,,,,,,,,,,,,0.0,0.0,0.0,0.0
N(CCOP(=O)([O-])OCCCCCCC)(CCOP(=O)([O-])OCCCCCCC)CCCN(C)CCCN(CCOP(=O)([O-])OCCCCCCC),0.2108717678495582,,,,,,,,,,,,,,,,0.0,0.0,0.0,0.0
N(CCNCCOP(=O)([O-])OCCCCCCC)(CCNCCOP(=O)([O-])OCCCCCCC)(CCN([H])[H]),0.2108717678495582,,,,,,,,,,,,,,,,0.0,0.0,0.0,0.0
N(CCNCCOP(=O)([O-])OCCCCCCC)(CCNCCOP(=O)([O-])OCCCCCCC)(CCN(CCOP(=O)([O-])OCCCCCCC)[H]),0.2108717678495582,,,,,,,,,,,,,,,,0.0,0.0,0.0,0.0
N(CCNCCOP(=O)([O-])OCCCCCCC)(CCNCCOP(=O)([O-])OCCCCCCC)(CCN(CCOP(=O)([O-])OCCCCCCC)CCOP(=O)([O-])OCCCCCCC),0.2108717678495582,,,,,,,,,,,,,,,,0.0,0.0,0.0,0.0
N(CCCCCCCCCCC)(CCCCCCCCCCC)CCOP(=O)([O-])OCCCCCCCC,0.2108717678495582,,,,,,,,,,,,,,,,0.0,0.0,0.0,0.0
N(CCOP(=O)([O-])OCCCCCCCC)([H])CCCN(C)CCCN(CCOP(=O)([O-])OCCCCCCCC),0.2108717678495582,,,,,,,,,,,,,,,,0.0,0.0,0.0,0.0
N(CCOP(=O)([O-])OCCCCCCCC)(CCOP(=O)([O-])OCCCCCCCC)CCCN(C)CCCN(CCOP(=O)([O-])OCCCCCCCC),0.2108717678495582,,,,,,,,,,,,,,,,0.0,0.0,0.0,0.0
N(CCNCCOP(=O)([O-])OCCCCCCCC)(CCNCCOP(=O)([O-])OCCCCCCCC)(CCN(CCOP(=O)([O-])OCCCCCCCC)CCOP(=O)([O-])OCCCCCCCC),0.2108717678495582,,,,,,,,,,,,,,,,0.0,0.0,0.0,0.0
[N+](CCCC)(CCCC)(CCCC)CCOP(=O)([O-])OCCCCCCCCC,0.2108717678495582,,,,,,,,,,,,,,,,0.0,0.0,0.0,0.0
N(CCOP(=O)([O-])OCCCCCCCCC)([H])CCCN(CCOP(=O)([O-])OCCCCCCCCC)CCCN(C)C,0.2108717678495582,,,,,,,,,,,,,,,,0.0,0.0,0.0,0.0
N(CCOP(=O)([O-])OCCCCCCCCC)(CCOP(=O)([O-])OCCCCCCCCC)CCCN(CCOP(=O)([O-])OCCCCCCCCC)CCCN(C)C,0.2108717678495582,,,,,,,,,,,,,,,,0.0,0.0,0.0,0.0
N(CCOP(=O)([O-])OCCCCCCCCC)([H])CCCN(C)CCCN(CCOP(=O)([O-])OCCCCCCCCC),0.2108717678495582,,,,,,,,,,,,,,,,0.0,0.0,0.0,0.0
N(CCOP(=O)([O-])OCCCCCCCCC)(CCOP(=O)([O-])OCCCCCCCCC)CCCN(C)CCCN(CCOP(=O)([O-])OCCCCCCCCC),0.2108717678495582,,,,,,,,,,,,,,,,0.0,0.0,0.0,0.0
N(CCNCCOP(=O)([O-])OCCCCCCCCC)(CCNCCOP(=O)([O-])OCCCCCCCCC)(CCN([H])[H]),0.2108717678495582,,,,,,,,,,,,,,,,0.0,0.0,0.0,0.0
N(CCOP(=O)([O-])OCCCCCCCCCC)([H])CCCN(CCOP(=O)([O-])OCCCCCCCCCC)CCCN(C)C,0.2108717678495582,,,,,,,,,,,,,,,,0.0,0.0,0.0,0.0
N(CCOP(=O)([O-])OCCCCCCCCCC)(CCOP(=O)([O-])OCCCCCCCCCC)CCCN(CCOP(=O)([O-])OCCCCCCCCCC)CCCN(C)C,0.2108717678495582,,,,,,,,,,,,,,,,0.0,0.0,0.0,0.0
N(CCOP(=O)([O-])OCCCCCCCCCC)([H])CCCN(C)CCCN(CCOP(=O)([O-])OCCCCCCCCCC),0.2108717678495582,,,,,,,,,,,,,,,,0.0,0.0,0.0,0.0
N(CCOP(=O)([O-])OCCCCCCCCCC)(CCOP(=O)([O-])OCCCCCCCCCC)CCCN(C)CCCN(CCOP(=O)([O-])OCCCCCCCCCC),0.2108717678495582,,,,,,,,,,,,,,,,0.0,0.0,0.0,0.0
N(CCNCCOP(=O)([O-])OCCCCCCCCCCC)(CCNCCOP(=O)([O-])OCCCCCCCCCCC)(CCN([H])[H]),0.2108717678495582,,,,,,,,,,,,,,,,0.0,0.0,0.0,0.0
N(CCNCCOP(=O)([O-])OCCCCCCCCCCC)(CCNCCOP(=O)([O-])OCCCCCCCCCCC)(CCN(CCOP(=O)([O-])OCCCCCCCCCCC)CCOP(=O)([O-])OCCCCCCCCCCC),0.2108717678495582,,,,,,,,,,,,,,,,0.0,0.0,0.0,0.0
N(CCOP(=O)([O-])OCCCCCCCCCCCC)([H])CCCN(CCOP(=O)([O-])OCCCCCCCCCCCC)CCCN(C)C,0.2108717678495582,,,,,,,,,,,,,,,,0.0,0.0,0.0,0.0
N(CCOP(=O)([O-])OCCCCCCCCCCCC)(CCOP(=O)([O-])OCCCCCCCCCCCC)CCCN(CCOP(=O)([O-])OCCCCCCCCCCCC)CCCN(C)C,0.2108717678495582,,,,,,,,,,,,,,,,0.0,0.0,0.0,0.0
N(CCOP(=O)([O-])OCCCCCCCCCCCC)(CCOP(=O)([O-])OCCCCCCCCCCCC)CCCN(C)CCCN(CCOP(=O)([O-])OCCCCCCCCCCCC),0.2108717678495582,,,,,,,,,,,,,,,,0.0,0.0,0.0,0.0
N(CCNCCOP(=O)([O-])OCCCCCCCCCCCC)(CCNCCOP(=O)([O-])OCCCCCCCCCCCC)(CCN([H])[H]),0.2108717678495582,,,,,,,,,,,,,,,,0.0,0.0,0.0,0.0
N(CCNCCOP(=O)([O-])OCCCCCCCCCCCC)(CCNCCOP(=O)([O-])OCCCCCCCCCCCC)(CCN(CCOP(=O)([O-])OCCCCCCCCCCCC)[H]),0.2108717678495582,,,,,,,,,,,,,,,,0.0,0.0,0.0,0.0
N(CCOP(=O)([O-])OCCCCCCCCCCCCC)([H])CCCN(CCOP(=O)([O-])OCCCCCCCCCCCCC)CCCN(C)C,0.2108717678495582,,,,,,,,,,,,,,,,0.0,0.0,0.0,0.0
N(CCOP(=O)([O-])OCCCCCCCCCCCCC)([H])CCCN(C)CCCN(CCOP(=O)([O-])OCCCCCCCCCCCCC),0.2108717678495582,,,,,,,,,,,,,,,,0.0,0.0,0.0,0.0
N(CCNCCOP(=O)([O-])OCCCCCCCCCCCCC)(CCNCCOP(=O)([O-])OCCCCCCCCCCCCC)(CCN(CCOP(=O)([O-])OCCCCCCCCCCCCC)[H]),0.2108717678495582,,,,,,,,,,,,,,,,0.0,0.0,0.0,0.0
[N+](CCCC)(CCCC)(CCCC)CCOP(=O)([O-])OCCCCCCCCCCCCCC,0.2108717678495582,,,,,,,,,,,,,,,,0.0,0.0,0.0,0.0
N(CCOP(=O)([O-])OCCCCCCCCCCCCCC)([H])CCCN(CCOP(=O)([O-])OCCCCCCCCCCCCCC)CCCN(C)C,0.2108717678495582,,,,,,,,,,,,,,,,0.0,0.0,0.0,0.0
N(CCOP(=O)([O-])OCCCCCCCCCCCCCC)([H])CCCN(C)CCCN(CCOP(=O)([O-])OCCCCCCCCCCCCCC),0.2108717678495582,,,,,,,,,,,,,,,,0.0,0.0,0.0,0.0
N(CCNCCOP(=O)([O-])OCCCCCCCCCCCCCC)(CCNCCOP(=O)([O-])OCCCCCCCCCCCCCC)(CCN(CCOP(=O)([O-])OCCCCCCCCCCCCCC)[H]),0.2108717678495582,,,,,,,,,,,,,,,,0.0,0.0,0.0,0.0
[N+](CCCC)(CCCC)(CCCC)CCOP(=O)([O-])OCCCCCCCCCCCCCCC,0.2108717678495582,,,,,,,,,,,,,,,,0.0,0.0,0.0,0.0
N(CCNCCOP(=O)([O-])OCCCCCCCCCCCCCCC)(CCNCCOP(=O)([O-])OCCCCCCCCCCCCCCC)(CCN([H])[H]),0.2108717678495582,,,,,,,,,,,,,,,,0.0,0.0,0.0,0.0
[N+](CCCC)(CCCC)(CCCC)CCOP(=O)([O-])OCCCCCCCCCCCCCCCC,0.2108717678495582,,,,,,,,,,,,,,,,0.0,0.0,0.0,0.0
[N+](CCCC)(CCCC)(CCCC)CCOP(=O)([O-])OCCCCC,-1.1597947231725705,,,,,,,,,,,,,,,,0.0,0.0,0.0,0.0
N(CCOP(=O)([O-])OCCCCC)([H])CCCN(CCOP(=O)([O-])OCCCCC)CCCN(C)C,-1.1597947231725705,,,,,,,,,,,,,,,,0.0,0.0,0.0,0.0
N(CCOP(=O)([O-])OCCCCC)(CCOP(=O)([O-])OCCCCC)CCCN(CCOP(=O)([O-])OCCCCC)CCCN(C)C,-1.1597947231725705,,,,,,,,,,,,,,,,0.0,0.0,0.0,0.0
N(CCOP(=O)([O-])OCCCCC)([H])CCCN(C)CCCN(CCOP(=O)([O-])OCCCCC),-1.1597947231725705,,,,,,,,,,,,,,,,0.0,0.0,0.0,0.0
N(CCNCCOP(=O)([O-])OCCCCC)(CCNCCOP(=O)([O-])OCCCCC)(CCN([H])[H]),-1.1597947231725705,,,,,,,,,,,,,,,,0.0,0.0,0.0,0.0
N(CCNCCOP(=O)([O-])OCCCCC)(CCNCCOP(=O)([O-])OCCCCC)(CCN(CCOP(=O)([O-])OCCCCC)[H]),-1.1597947231725705,,,,,,,,,,,,,,,,0.0,0.0,0.0,0.0
[N+](CCCC)(CCCC)(CCCC)CCOP(=O)([O-])OCCCCCC,-1.1597947231725705,,,,,,,,,,,,,,,,0.0,0.0,0.0,0.0
N(CCNCCOP(=O)([O-])OCCCCCC)(CCNCCOP(=O)([O-])OCCCCCC)(CCN(CCOP(=O)([O-])OCCCCCC)[H]),-1.1597947231725705,,,,,,,,,,,,,,,,0.0,0.0,0.0,0.0
N(CCNCCOP(=O)([O-])OCCCCCC)(CCNCCOP(=O)([O-])OCCCCCC)(CCN(CCOP(=O)([O-])OCCCCCC)CCOP(=O)([O-])OCCCCCC),-1.1597947231725705,,,,,,,,,,,,,,,,0.0,0.0,0.0,0.0
[N+](CCCC)(CCCC)(CCCC)CCOP(=O)([O-])OCCCCCCC,-1.1597947231725705,,,,,,,,,,,,,,,,0.0,0.0,0.0,0.0
N(CCOP(=O)([O-])OCCCCCCC)([H])CCCN(C)CCCN(CCOP(=O)([O-])OCCCCCCC),-1.1597947231725705,,,,,,,,,,,,,,,,0.0,0.0,0.0,0.0
[N+](CCCC)(CCCC)(CCCC)CCOP(=O)([O-])OCCCCCCCC,-1.1597947231725705,,,,,,,,,,,,,,,,0.0,0.0,0.0,0.0
N(CCOP(=O)([O-])OCCCCCCCC)([H])CCCN(CCOP(=O)([O-])OCCCCCCCC)CCCN(C)C,-1.1597947231725705,,,,,,,,,,,,,,,,0.0,0.0,0.0,0.0
N(CCOP(=O)([O-])OCCCCCCCC)(CCOP(=O)([O-])OCCCCCCCC)CCCN(CCOP(=O)([O-])OCCCCCCCC)CCCN(C)C,-1.1597947231725705,,,,,,,,,,,,,,,,0.0,0.0,0.0,0.0
N(CCNCCOP(=O)([O-])OCCCCCCCC)(CCNCCOP(=O)([O-])OCCCCCCCC)(CCN([H])[H]),-1.1597947231725705,,,,,,,,,,,,,,,,0.0,0.0,0.0,0.0
N(CCNCCOP(=O)([O-])OCCCCCCCC)(CCNCCOP(=O)([O-])OCCCCCCCC)(CCN(CCOP(=O)([O-])OCCCCCCCC)[H]),-1.1597947231725705,,,,,,,,,,,,,,,,0.0,0.0,0.0,0.0
N(CCOP(=O)([O-])OCCCCCCCCCCC)([H])CCCN(CCOP(=O)([O-])OCCCCCCCCCCC)CCCN(C)C,-1.1597947231725705,,,,,,,,,,,,,,,,0.0,0.0,0.0,0.0
N(CCOP(=O)([O-])OCCCCCCCCCCC)(CCOP(=O)([O-])OCCCCCCCCCCC)CCCN(CCOP(=O)([O-])OCCCCCCCCCCC)CCCN(C)C,-1.1597947231725705,,,,,,,,,,,,,,,,0.0,0.0,0.0,0.0
N(CCOP(=O)([O-])OCCCCCCCCCCC)([H])CCCN(C)CCCN(CCOP(=O)([O-])OCCCCCCCCCCC),-1.1597947231725705,,,,,,,,,,,,,,,,0.0,0.0,0.0,0.0
N(CCOP(=O)([O-])OCCCCCCCCCCC)(CCOP(=O)([O-])OCCCCCCCCCCC)CCCN(C)CCCN(CCOP(=O)([O-])OCCCCCCCCCCC),-1.1597947231725705,,,,,,,,,,,,,,,,0.0,0.0,0.0,0.0
N(CCNCCOP(=O)([O-])OCCCCCCCCCCC)(CCNCCOP(=O)([O-])OCCCCCCCCCCC)(CCN(CCOP(=O)([O-])OCCCCCCCCCCC)[H]),-1.1597947231725705,,,,,,,,,,,,,,,,0.0,0.0,0.0,0.0
N(CCOP(=O)([O-])OCCCCCCCCCCCC)([H])CCCN(C)CCCN(CCOP(=O)([O-])OCCCCCCCCCCCC),-1.1597947231725705,,,,,,,,,,,,,,,,0.0,0.0,0.0,0.0
N(CCNCCOP(=O)([O-])OCCCCCCCCCCCC)(CCNCCOP(=O)([O-])OCCCCCCCCCCCC)(CCN(CCOP(=O)([O-])OCCCCCCCCCCCC)CCOP(=O)([O-])OCCCCCCCCCCCC),-1.1597947231725705,,,,,,,,,,,,,,,,0.0,0.0,0.0,0.0
N(CCOP(=O)([O-])OCCCCCCCCCCCCC)(CCOP(=O)([O-])OCCCCCCCCCCCCC)CCCN(CCOP(=O)([O-])OCCCCCCCCCCCCC)CCCN(C)C,-1.1597947231725705,,,,,,,,,,,,,,,,0.0,0.0,0.0,0.0
N(CCOP(=O)([O-])OCCCCCCCCCCCCC)(CCOP(=O)([O-])OCCCCCCCCCCCCC)CCCN(C)CCCN(CCOP(=O)([O-])OCCCCCCCCCCCCC),-1.1597947231725705,,,,,,,,,,,,,,,,0.0,0.0,0.0,0.0
N(CCNCCOP(=O)([O-])OCCCCCCCCCCCCC)(CCNCCOP(=O)([O-])OCCCCCCCCCCCCC)(CCN([H])[H]),-1.1597947231725705,,,,,,,,,,,,,,,,0.0,0.0,0.0,0.0
N(CCNCCOP(=O)([O-])OCCCCCCCCCCCCC)(CCNCCOP(=O)([O-])OCCCCCCCCCCCCC)(CCN(CCOP(=O)([O-])OCCCCCCCCCCCCC)CCOP(=O)([O-])OCCCCCCCCCCCCC),-1.1597947231725705,,,,,,,,,,,,,,,,0.0,0.0,0.0,0.0
N(CCOP(=O)([O-])OCCCCCCCCCCCCCC)(CCOP(=O)([O-])OCCCCCCCCCCCCCC)CCCN(CCOP(=O)([O-])OCCCCCCCCCCCCCC)CCCN(C)C,-1.1597947231725705,,,,,,,,,,,,,,,,0.0,0.0,0.0,0.0
N(CCOP(=O)([O-])OCCCCCCCCCCCCCC)(CCOP(=O)([O-])OCCCCCCCCCCCCCC)CCCN(C)CCCN(CCOP(=O)([O-])OCCCCCCCCCCCCCC),-1.1597947231725705,,,,,,,,,,,,,,,,0.0,0.0,0.0,0.0
N(CCNCCOP(=O)([O-])OCCCCCCCCCCCCCC)(CCNCCOP(=O)([O-])OCCCCCCCCCCCCCC)(CCN([H])[H]),-1.1597947231725705,,,,,,,,,,,,,,,,0.0,0.0,0.0,0.0
N(CCNCCOP(=O)([O-])OCCCCCCCCCCCCCC)(CCNCCOP(=O)([O-])OCCCCCCCCCCCCCC)(CCN(CCOP(=O)([O-])OCCCCCCCCCCCCCC)CCOP(=O)([O-])OCCCCCCCCCCCCCC),-1.1597947231725705,,,,,,,,,,,,,,,,0.0,0.0,0.0,0.0
N(CCOP(=O)([O-])OCCCCCCCCCCCCCCC)([H])CCCN(CCOP(=O)([O-])OCCCCCCCCCCCCCCC)CCCN(C)C,-1.1597947231725705,,,,,,,,,,,,,,,,0.0,0.0,0.0,0.0
N(CCOP(=O)([O-])OCCCCCCCCCCCCCCC)(CCOP(=O)([O-])OCCCCCCCCCCCCCCC)CCCN(CCOP(=O)([O-])OCCCCCCCCCCCCCCC)CCCN(C)C,-1.1597947231725705,,,,,,,,,,,,,,,,0.0,0.0,0.0,0.0
N(CCOP(=O)([O-])OCCCCCCCCCCCCCCC)([H])CCCN(C)CCCN(CCOP(=O)([O-])OCCCCCCCCCCCCCCC),-1.1597947231725705,,,,,,,,,,,,,,,,0.0,0.0,0.0,0.0
N(CCOP(=O)([O-])OCCCCCCCCCCCCCCC)(CCOP(=O)([O-])OCCCCCCCCCCCCCCC)CCCN(C)CCCN(CCOP(=O)([O-])OCCCCCCCCCCCCCCC),-1.1597947231725705,,,,,,,,,,,,,,,,0.0,0.0,0.0,0.0
N(CCNCCOP(=O)([O-])OCCCCCCCCCCCCCCC)(CCNCCOP(=O)([O-])OCCCCCCCCCCCCCCC)(CCN(CCOP(=O)([O-])OCCCCCCCCCCCCCCC)[H]),-1.1597947231725705,,,,,,,,,,,,,,,,0.0,0.0,0.0,0.0
N(CCNCCOP(=O)([O-])OCCCCCCCCCCCCCCC)(CCNCCOP(=O)([O-])OCCCCCCCCCCCCCCC)(CCN(CCOP(=O)([O-])OCCCCCCCCCCCCCCC)CCOP(=O)([O-])OCCCCCCCCCCCCCCC),-1.1597947231725705,,,,,,,,,,,,,,,,0.0,0.0,0.0,0.0
N(CCOP(=O)([O-])OCCCCCCCCCCCCCCCC)([H])CCCN(CCOP(=O)([O-])OCCCCCCCCCCCCCCCC)CCCN(C)C,-1.1597947231725705,,,,,,,,,,,,,,,,0.0,0.0,0.0,0.0
N(CCOP(=O)([O-])OCCCCCCCCCCCCCCCC)(CCOP(=O)([O-])OCCCCCCCCCCCCCCCC)CCCN(CCOP(=O)([O-])OCCCCCCCCCCCCCCCC)CCCN(C)C,-1.1597947231725705,,,,,,,,,,,,,,,,0.0,0.0,0.0,0.0
N(CCOP(=O)([O-])OCCCCCCCCCCCCCCCC)([H])CCCN(C)CCCN(CCOP(=O)([O-])OCCCCCCCCCCCCCCCC),-1.1597947231725705,,,,,,,,,,,,,,,,0.0,0.0,0.0,0.0
N(CCOP(=O)([O-])OCCCCCCCCCCCCCCCC)(CCOP(=O)([O-])OCCCCCCCCCCCCCCCC)CCCN(C)CCCN(CCOP(=O)([O-])OCCCCCCCCCCCCCCCC),-1.1597947231725705,,,,,,,,,,,,,,,,0.0,0.0,0.0,0.0
N(CCNCCOP(=O)([O-])OCCCCCCCCCCCCCCCC)(CCNCCOP(=O)([O-])OCCCCCCCCCCCCCCCC)(CCN([H])[H]),-1.1597947231725705,,,,,,,,,,,,,,,,0.0,0.0,0.0,0.0
N(CCNCCOP(=O)([O-])OCCCCCCCCCCCCCCCC)(CCNCCOP(=O)([O-])OCCCCCCCCCCCCCCCC)(CCN(CCOP(=O)([O-])OCCCCCCCCCCCCCCCC)[H]),-1.1597947231725705,,,,,,,,,,,,,,,,0.0,0.0,0.0,0.0
N(CCNCCOP(=O)([O-])OCCCCCCCCCCCCCCCC)(CCNCCOP(=O)([O-])OCCCCCCCCCCCCCCCC)(CCN(CCOP(=O)([O-])OCCCCCCCCCCCCCCCC)CCOP(=O)([O-])OCCCCCCCCCCCCCCCC),-1.1597947231725705,,,,,,,,,,,,,,,,0.0,0.0,0.0,0.0
N(CCN(CCC(=O)OCCOC(=O)C(C)CSCCCCCCC)C)(CCN(CCC(=O)OCCOC(=O)C(C)CSCCCCCCC)C)CCN(CCC(=O)OCCOC(=O)C(C)CSCCCCCCC)C,3.601853897883668,,,,,,,,,,,,,,,,0.0,0.0,0.0,0.0
N(CCN(CCC(=O)OCCOC(=O)C(C)CSCCCCCCCC)C)(CCN(CCC(=O)OCCOC(=O)C(C)CSCCCCCCCC)C)CCN(CCC(=O)OCCOC(=O)C(C)CSCCCCCCCC)C,3.601853897883668,,,,,,,,,,,,,,,,0.0,0.0,0.0,0.0
N(CCN(CCC(=O)OCCOC(=O)C(C)CSCCCCCCCCC)C)(CCN(CCC(=O)OCCOC(=O)C(C)CSCCCCCCCCC)C)CCN(CCC(=O)OCCOC(=O)C(C)CSCCCCCCCCC)C,3.601853897883668,,,,,,,,,,,,,,,,0.0,0.0,0.0,0.0
N(CCN(CCC(=O)OCCOC(=O)C(C)CSCCCCCCCCCC)C)(CCN(CCC(=O)OCCOC(=O)C(C)CSCCCCCCCCCC)C)CCN(CCC(=O)OCCOC(=O)C(C)CSCCCCCCCCCC)C,3.601853897883668,,,,,,,,,,,,,,,,0.0,0.0,0.0,0.0
N(CCN(CCC(=O)OCCOC(=O)C(C)CSCCCCCCCCCCC)C)(CCN(CCC(=O)OCCOC(=O)C(C)CSCCCCCCCCCCC)C)CCN(CCC(=O)OCCOC(=O)C(C)CSCCCCCCCCCCC)C,3.601853897883668,,,,,,,,,,,,,,,,0.0,0.0,0.0,0.0
N(CCN(CCC(=O)OCCOC(=O)C(C)CSCCCCCCCCCCCC)C)(CCN(CCC(=O)OCCOC(=O)C(C)CSCCCCCCCCCCCC)C)CCN(CCC(=O)OCCOC(=O)C(C)CSCCCCCCCCCCCC)C,3.601853897883668,,,,,,,,,,,,,,,,0.0,0.0,0.0,0.0
N(CCC(=O)OCCOC(=O)C(C)CSCCCCCCCCCCCCCC)(CCC(=O)OCCOC(=O)C(C)CSCCCCCCCCCCCCCC)CCN(C)C,3.601853897883668,,,,,,,,,,,,,,,,0.0,0.0,0.0,0.0
N(CCN(CCC(=O)OCCOC(=O)C(C)CSCCCCCCCCCCCCCC)C)(CCN(CCC(=O)OCCOC(=O)C(C)CSCCCCCCCCCCCCCC)C)CCN(CCC(=O)OCCOC(=O)C(C)CSCCCCCCCCCCCCCC)C,3.601853897883668,,,,,,,,,,,,,,,,0.0,0.0,0.0,0.0
N(CCC(=O)OCCOC(=O)C(C)CSCCCCC)(CCC(=O)OCCOC(=O)C(C)CSCCCCC)CCN(CCC(=O)OCCOC(=O)C(C)CSCCCCC)CCN(CCC(=O)OCCOC(=O)C(C)CSCCCCC)CCNCCN(CCC(=O)OCCOC(=O)C(C)CSCCCCC)CCC(=O)OCCOC(=O)C(C)CSCCCCC,2.185099711203099,,,,,,,,,,,,,,,,0.0,0.0,0.0,0.0
N(CCC(=O)OCCOC(=O)C(C)CSCCCCCCC)(CCC(=O)OCCOC(=O)C(C)CSCCCCCCC)CCN(CCC(=O)OCCOC(=O)C(C)CSCCCCCCC)CCN(CCC(=O)OCCOC(=O)C(C)CSCCCCCCC)CCNCCN(CCC(=O)OCCOC(=O)C(C)CSCCCCCCC)CCC(=O)OCCOC(=O)C(C)CSCCCCCCC,2.185099711203099,,,,,,,,,,,,,,,,0.0,0.0,0.0,0.0
OCCN1CCN(CCC(=O)OCCOC(=O)C(C)CSCCCCCCCC)CC1,2.185099711203099,,,,,,,,,,,,,,,,0.0,0.0,0.0,0.0
N(CCC(=O)OCCOC(=O)C(C)CSCCCCCCCC)(CCC(=O)OCCOC(=O)C(C)CSCCCCCCCC)CCN(CCC(=O)OCCOC(=O)C(C)CSCCCCCCCC)CCN(CCC(=O)OCCOC(=O)C(C)CSCCCCCCCC)CCNCCN(CCC(=O)OCCOC(=O)C(C)CSCCCCCCCC)CCC(=O)OCCOC(=O)C(C)CSCCCCCCCC,2.185099711203099,,,,,,,,,,,,,,,,0.0,0.0,0.0,0.0
CCCCCCCCCCN(CCC(=O)OCCOC(=O)C(C)CSCCCCCCCC)CCCCCCCCCC,2.185099711203099,,,,,,,,,,,,,,,,0.0,0.0,0.0,0.0
N(CCC(=O)OCCOC(=O)C(C)CSCCCCCCCCCC)(CCC(=O)OCCOC(=O)C(C)CSCCCCCCCCCC)CCN(CCC(=O)OCCOC(=O)C(C)CSCCCCCCCCCC)CCN(CCC(=O)OCCOC(=O)C(C)CSCCCCCCCCCC)CCNCCN(CCC(=O)OCCOC(=O)C(C)CSCCCCCCCCCC)CCC(=O)OCCOC(=O)C(C)CSCCCCCCCCCC,2.185099711203099,,,,,,,,,,,,,,,,0.0,0.0,0.0,0.0
N(CCC(=O)OCCOC(=O)C(C)CSCCCCCCCCCCCC)(CCC(=O)OCCOC(=O)C(C)CSCCCCCCCCCCCC)CCN(CCC(=O)OCCOC(=O)C(C)CSCCCCCCCCCCCC)CCN(CCC(=O)OCCOC(=O)C(C)CSCCCCCCCCCCCC)CCNCCN(CCC(=O)OCCOC(=O)C(C)CSCCCCCCCCCCCC)CCC(=O)OCCOC(=O)C(C)CSCCCCCCCCCCCC,2.185099711203099,,,,,,,,,,,,,,,,0.0,0.0,0.0,0.0
N(CCN(CCC(=O)OCCOC(=O)C(C)CSCCCCCCCCCCCO)C)(CCN(CCC(=O)OCCOC(=O)C(C)CSCCCCCCCCCCCO)C)CCN(CCC(=O)OCCOC(=O)C(C)CSCCCCCCCCCCCO)C,2.185099711203099,,,,,,,,,,,,,,,,0.0,0.0,0.0,0.0
N(CCC(=O)OCCOC(=O)C(C)CSCCCCCCCCCCCO)(CCC(=O)OCCOC(=O)C(C)CSCCCCCCCCCCCO)CCN(CCC(=O)OCCOC(=O)C(C)CSCCCCCCCCCCCO)CCN(CCC(=O)OCCOC(=O)C(C)CSCCCCCCCCCCCO)CCNCCN(CCC(=O)OCCOC(=O)C(C)CSCCCCCCCCCCCO)CCC(=O)OCCOC(=O)C(C)CSCCCCCCCCCCCO,2.185099711203099,,,,,,,,,,,,,,,,0.0,0.0,0.0,0.0
OCCN1CCN(CCC(=O)OCCOC(=O)C(C)CSCC(C)C)CC1,0.7683455245225306,,,,,,,,,,,,,,,,0.0,0.0,0.0,0.0
N(CCN(CCC(=O)OCCOC(=O)C(C)CSCC(C)C)C)(CCN(CCC(=O)OCCOC(=O)C(C)CSCC(C)C)C)CCN(CCC(=O)OCCOC(=O)C(C)CSCC(C)C)C,0.7683455245225306,,,,,,,,,,,,,,,,0.0,0.0,0.0,0.0
N(CCC(=O)OCCOC(=O)C(C)CSCC(C)C)(CCC(=O)OCCOC(=O)C(C)CSCC(C)C)CCN(CCC(=O)OCCOC(=O)C(C)CSCC(C)C)CCN(CCC(=O)OCCOC(=O)C(C)CSCC(C)C)CCNCCN(CCC(=O)OCCOC(=O)C(C)CSCC(C)C)CCC(=O)OCCOC(=O)C(C)CSCC(C)C,0.7683455245225306,,,,,,,,,,,,,,,,0.0,0.0,0.0,0.0
CCCCCCCCCCN(CCC(=O)OCCOC(=O)C(C)CSCC(C)C)CCCCCCCCCC,0.7683455245225306,,,,,,,,,,,,,,,,0.0,0.0,0.0,0.0
OCCN1CCN(CCC(=O)OCCOC(=O)C(C)CSCCC(C)C)CC1,0.7683455245225306,,,,,,,,,,,,,,,,0.0,0.0,0.0,0.0
C1C(CCN(CCC(=O)OCCOC(=O)C(C)CSCCC(C)C)(CCC(=O)OCCOC(=O)C(C)CSCCC(C)C))CCN(CCC(=O)OCCOC(=O)C(C)CSCCC(C)C)C1,0.7683455245225306,,,,,,,,,,,,,,,,0.0,0.0,0.0,0.0
N(CCN(CCC(=O)OCCOC(=O)C(C)CSCCC(C)C)C)(CCN(CCC(=O)OCCOC(=O)C(C)CSCCC(C)C)C)CCN(CCC(=O)OCCOC(=O)C(C)CSCCC(C)C)C,0.7683455245225306,,,,,,,,,,,,,,,,0.0,0.0,0.0,0.0
N(CCC(=O)OCCOC(=O)C(C)CSCCC(C)C)(CCC(=O)OCCOC(=O)C(C)CSCCC(C)C)CCN(CCC(=O)OCCOC(=O)C(C)CSCCC(C)C)CCN(CCC(=O)OCCOC(=O)C(C)CSCCC(C)C)CCNCCN(CCC(=O)OCCOC(=O)C(C)CSCCC(C)C)CCC(=O)OCCOC(=O)C(C)CSCCC(C)C,0.7683455245225306,,,,,,,,,,,,,,,,0.0,0.0,0.0,0.0
OCCN1CCN(CCC(=O)OCCOC(=O)C(C)CSCCC(C)C)CC1,0.7683455245225306,,,,,,,,,,,,,,,,0.0,0.0,0.0,0.0
N(CCN(CCC(=O)OCCOC(=O)C(C)CSCCC(C)C)C)(CCN(CCC(=O)OCCOC(=O)C(C)CSCCC(C)C)C)CCN(CCC(=O)OCCOC(=O)C(C)CSCCC(C)C)C,0.7683455245225306,,,,,,,,,,,,,,,,0.0,0.0,0.0,0.0
N(CCC(=O)OCCOC(=O)C(C)CSCCC(C)C)(CCC(=O)OCCOC(=O)C(C)CSCCC(C)C)CCN(CCC(=O)OCCOC(=O)C(C)CSCCC(C)C)CCN(CCC(=O)OCCOC(=O)C(C)CSCCC(C)C)CCNCCN(CCC(=O)OCCOC(=O)C(C)CSCCC(C)C)CCC(=O)OCCOC(=O)C(C)CSCCC(C)C,0.7683455245225306,,,,,,,,,,,,,,,,0.0,0.0,0.0,0.0
CCCCCCCCCCN(CCC(=O)OCCOC(=O)C(C)CSCCC(C)C)CCCCCCCCCC,0.7683455245225306,,,,,,,,,,,,,,,,0.0,0.0,0.0,0.0
OCCN1CCN(CCC(=O)OCCOC(=O)C(C)CSCCCC)CC1,0.7683455245225306,,,,,,,,,,,,,,,,0.0,0.0,0.0,0.0
N(CCN(CCC(=O)OCCOC(=O)C(C)CSCCCC)C)(CCN(CCC(=O)OCCOC(=O)C(C)CSCCCC)C)CCN(CCC(=O)OCCOC(=O)C(C)CSCCCC)C,0.7683455245225306,,,,,,,,,,,,,,,,0.0,0.0,0.0,0.0
N(CCC(=O)OCCOC(=O)C(C)CSCCCC)(CCC(=O)OCCOC(=O)C(C)CSCCCC)CCN(CCC(=O)OCCOC(=O)C(C)CSCCCC)CCN(CCC(=O)OCCOC(=O)C(C)CSCCCC)CCNCCN(CCC(=O)OCCOC(=O)C(C)CSCCCC)CCC(=O)OCCOC(=O)C(C)CSCCCC,0.7683455245225306,,,,,,,,,,,,,,,,0.0,0.0,0.0,0.0
OCCN1CCN(CCC(=O)OCCOC(=O)C(C)CSCCCCC)CC1,0.7683455245225306,,,,,,,,,,,,,,,,0.0,0.0,0.0,0.0
N(CCC(=O)OCCOC(=O)C(C)CSCCCCC)(CCC(=O)OCCOC(=O)C(C)CSCCCCC)CCN1CCOCC1,0.7683455245225306,,,,,,,,,,,,,,,,0.0,0.0,0.0,0.0
C1C(CCN(CCC(=O)OCCOC(=O)C(C)CSCCCCC)(CCC(=O)OCCOC(=O)C(C)CSCCCCC))CCN(CCC(=O)OCCOC(=O)C(C)CSCCCCC)C1,0.7683455245225306,,,,,,,,,,,,,,,,0.0,0.0,0.0,0.0
N(CCN(CCC(=O)OCCOC(=O)C(C)CSCCCCC)C)(CCN(CCC(=O)OCCOC(=O)C(C)CSCCCCC)C)CCN(CCC(=O)OCCOC(=O)C(C)CSCCCCC)C,0.7683455245225306,,,,,,,,,,,,,,,,0.0,0.0,0.0,0.0
OCCN1CCN(CCC(=O)OCCOC(=O)C(C)CSCCCCCC)CC1,0.7683455245225306,,,,,,,,,,,,,,,,0.0,0.0,0.0,0.0
C1C(CCN(CCC(=O)OCCOC(=O)C(C)CSCCCCCC)(CCC(=O)OCCOC(=O)C(C)CSCCCCCC))CCN(CCC(=O)OCCOC(=O)C(C)CSCCCCCC)C1,0.7683455245225306,,,,,,,,,,,,,,,,0.0,0.0,0.0,0.0
N(CCN(CCC(=O)OCCOC(=O)C(C)CSCCCCCC)C)(CCN(CCC(=O)OCCOC(=O)C(C)CSCCCCCC)C)CCN(CCC(=O)OCCOC(=O)C(C)CSCCCCCC)C,0.7683455245225306,,,,,,,,,,,,,,,,0.0,0.0,0.0,0.0
N(CCC(=O)OCCOC(=O)C(C)CSCCCCCC)(CCC(=O)OCCOC(=O)C(C)CSCCCCCC)CCN(CCC(=O)OCCOC(=O)C(C)CSCCCCCC)CCN(CCC(=O)OCCOC(=O)C(C)CSCCCCCC)CCNCCN(CCC(=O)OCCOC(=O)C(C)CSCCCCCC)CCC(=O)OCCOC(=O)C(C)CSCCCCCC,0.7683455245225306,,,,,,,,,,,,,,,,0.0,0.0,0.0,0.0
CCCCCCCCCCN(CCC(=O)OCCOC(=O)C(C)CSCCCCCC)CCCCCCCCCC,0.7683455245225306,,,,,,,,,,,,,,,,0.0,0.0,0.0,0.0
OCCN1CCN(CCC(=O)OCCOC(=O)C(C)CSCCCCCCC)CC1,0.7683455245225306,,,,,,,,,,,,,,,,0.0,0.0,0.0,0.0
N(CCC(=O)OCCOC(=O)C(C)CSCCCCCCC)(CCC(=O)OCCOC(=O)C(C)CSCCCCCCC)CCN1CCOCC1,0.7683455245225306,,,,,,,,,,,,,,,,0.0,0.0,0.0,0.0
C1C(CCN(CCC(=O)OCCOC(=O)C(C)CSCCCCCCC)(CCC(=O)OCCOC(=O)C(C)CSCCCCCCC))CCN(CCC(=O)OCCOC(=O)C(C)CSCCCCCCC)C1,0.7683455245225306,,,,,,,,,,,,,,,,0.0,0.0,0.0,0.0
CCCCCCCCCCN(CCC(=O)OCCOC(=O)C(C)CSCCCCCCC)CCCCCCCCCC,0.7683455245225306,,,,,,,,,,,,,,,,0.0,0.0,0.0,0.0
N(CCC(=O)OCCOC(=O)C(C)CSCCCCCCCC)(CCC(=O)OCCOC(=O)C(C)CSCCCCCCCC)CCN1CCOCC1,0.7683455245225306,,,,,,,,,,,,,,,,0.0,0.0,0.0,0.0
C1C(CCN(CCC(=O)OCCOC(=O)C(C)CSCCCCCCCC)(CCC(=O)OCCOC(=O)C(C)CSCCCCCCCC))CCN(CCC(=O)OCCOC(=O)C(C)CSCCCCCCCC)C1,0.7683455245225306,,,,,,,,,,,,,,,,0.0,0.0,0.0,0.0
C1C(CCN(CCC(=O)OCCOC(=O)C(C)CSCCCCCCCCC)(CCC(=O)OCCOC(=O)C(C)CSCCCCCCCCC))CCN(CCC(=O)OCCOC(=O)C(C)CSCCCCCCCCC)C1,0.7683455245225306,,,,,,,,,,,,,,,,0.0,0.0,0.0,0.0
N(CCC(=O)OCCOC(=O)C(C)CSCCCCCCCCC)(CCC(=O)OCCOC(=O)C(C)CSCCCCCCCCC)CCN(CCC(=O)OCCOC(=O)C(C)CSCCCCCCCCC)CCN(CCC(=O)OCCOC(=O)C(C)CSCCCCCCCCC)CCNCCN(CCC(=O)OCCOC(=O)C(C)CSCCCCCCCCC)CCC(=O)OCCOC(=O)C(C)CSCCCCCCCCC,0.7683455245225306,,,,,,,,,,,,,,,,0.0,0.0,0.0,0.0
N(CCC(=O)OCCOC(=O)C(C)CSCCCCCCCCCC)(CCC(=O)OCCOC(=O)C(C)CSCCCCCCCCCC)CCN1CCOCC1,0.7683455245225306,,,,,,,,,,,,,,,,0.0,0.0,0.0,0.0
C1C(CCN(CCC(=O)OCCOC(=O)C(C)CSCCCCCCCCCC)(CCC(=O)OCCOC(=O)C(C)CSCCCCCCCCCC))CCN(CCC(=O)OCCOC(=O)C(C)CSCCCCCCCCCC)C1,0.7683455245225306,,,,,,,,,,,,,,,,0.0,0.0,0.0,0.0
C1C(CCN(CCC(=O)OCCOC(=O)C(C)CSCCCCCCCCCCC)(CCC(=O)OCCOC(=O)C(C)CSCCCCCCCCCCC))CCN(CCC(=O)OCCOC(=O)C(C)CSCCCCCCCCCCC)C1,0.7683455245225306,,,,,,,,,,,,,,,,0.0,0.0,0.0,0.0
N(CCC(=O)OCCOC(=O)C(C)CSCCCCCCCCCCC)(CCC(=O)OCCOC(=O)C(C)CSCCCCCCCCCCC)CCN(CCC(=O)OCCOC(=O)C(C)CSCCCCCCCCCCC)CCN(CCC(=O)OCCOC(=O)C(C)CSCCCCCCCCCCC)CCNCCN(CCC(=O)OCCOC(=O)C(C)CSCCCCCCCCCCC)CCC(=O)OCCOC(=O)C(C)CSCCCCCCCCCCC,0.7683455245225306,,,,,,,,,,,,,,,,0.0,0.0,0.0,0.0
CCCCCCCCCCN(CCC(=O)OCCOC(=O)C(C)CSCCCCCCCCCCCC)CCCCCCCCCC,0.7683455245225306,,,,,,,,,,,,,,,,0.0,0.0,0.0,0.0
N(CCC(=O)OCCOC(=O)C(C)CSCCCCCCCCCCCCCC)(CCC(=O)OCCOC(=O)C(C)CSCCCCCCCCCCCCCC)CCN(CCC(=O)OCCOC(=O)C(C)CSCCCCCCCCCCCCCC)CCN(CCC(=O)OCCOC(=O)C(C)CSCCCCCCCCCCCCCC)CCNCCN(CCC(=O)OCCOC(=O)C(C)CSCCCCCCCCCCCCCC)CCC(=O)OCCOC(=O)C(C)CSCCCCCCCCCCCCCC,0.7683455245225306,,,,,,,,,,,,,,,,0.0,0.0,0.0,0.0
N(CCC(=O)OCCOC(=O)C(C)CSCCCCCCCCCCCCCCCC)(CCC(=O)OCCOC(=O)C(C)CSCCCCCCCCCCCCCCCC)CCN(C)C,0.7683455245225306,,,,,,,,,,,,,,,,0.0,0.0,0.0,0.0
N(CCN(CCC(=O)OCCOC(=O)C(C)CSCCCCCCCCCCCCCCCC)C)(CCN(CCC(=O)OCCOC(=O)C(C)CSCCCCCCCCCCCCCCCC)C)CCN(CCC(=O)OCCOC(=O)C(C)CSCCCCCCCCCCCCCCCC)C,0.7683455245225306,,,,,,,,,,,,,,,,0.0,0.0,0.0,0.0
N(CCC(=O)OCCOC(=O)C(C)CSCCCCCCCCCCCCCCCCCC)(CCC(=O)OCCOC(=O)C(C)CSCCCCCCCCCCCCCCCCCC)CCN(CCC(=O)OCCOC(=O)C(C)CSCCCCCCCCCCCCCCCCCC)CCN(CCC(=O)OCCOC(=O)C(C)CSCCCCCCCCCCCCCCCCCC)CCNCCN(CCC(=O)OCCOC(=O)C(C)CSCCCCCCCCCCCCCCCCCC)CCC(=O)OCCOC(=O)C(C)CSCCCCCCCCCCCCCCCCCC,0.7683455245225306,,,,,,,,,,,,,,,,0.0,0.0,0.0,0.0
CCN(CCC(=O)OCCOC(=O)C(C)CSCCc5ccccc5)CCN(CCC(=O)OCCOC(=O)C(C)CSCCc5ccccc5)CC,0.7683455245225306,,,,,,,,,,,,,,,,0.0,0.0,0.0,0.0
OCCN1CCN(CCC(=O)OCCOC(=O)C(C)CSCCCCCC(O)=O)CC1,0.7683455245225306,,,,,,,,,,,,,,,,0.0,0.0,0.0,0.0
CCN(CCC(=O)OCCOC(=O)C(C)CSCCCCCC(O)=O)CCN(CCC(=O)OCCOC(=O)C(C)CSCCCCCC(O)=O)CC,0.7683455245225306,,,,,,,,,,,,,,,,0.0,0.0,0.0,0.0
N(CCC(=O)OCCOC(=O)C(C)CSCCCCCCCCCCC(O)=O)(CCC(=O)OCCOC(=O)C(C)CSCCCCCCCCCCC(O)=O)CCN1CCOCC1,0.7683455245225306,,,,,,,,,,,,,,,,0.0,0.0,0.0,0.0
N(CCC(=O)OCCOC(=O)C(C)CSCCCCCCCCCCC(O)=O)(CCC(=O)OCCOC(=O)C(C)CSCCCCCCCCCCC(O)=O)CCN(C)C,0.7683455245225306,,,,,,,,,,,,,,,,0.0,0.0,0.0,0.0
CCN(CCC(=O)OCCOC(=O)C(C)CSCCO)CCN(CCC(=O)OCCOC(=O)C(C)CSCCO)CC,0.7683455245225306,,,,,,,,,,,,,,,,0.0,0.0,0.0,0.0
N(CCC(=O)OCCOC(=O)C(C)CSCCCO)(CCC(=O)OCCOC(=O)C(C)CSCCCO)CCN1CCOCC1,0.7683455245225306,,,,,,,,,,,,,,,,0.0,0.0,0.0,0.0
N(CCC(=O)OCCOC(=O)C(C)CSCCCO)(CCC(=O)OCCOC(=O)C(C)CSCCCO)CCN(C)C,0.7683455245225306,,,,,,,,,,,,,,,,0.0,0.0,0.0,0.0
CCN(CCC(=O)OCCOC(=O)C(C)CSCCCO)CCN(CCC(=O)OCCOC(=O)C(C)CSCCCO)CC,0.7683455245225306,,,,,,,,,,,,,,,,0.0,0.0,0.0,0.0
N(CCC(=O)OCCOC(=O)C(C)CSCCCO)(CCC(=O)OCCOC(=O)C(C)CSCCCO)CCN(CCC(=O)OCCOC(=O)C(C)CSCCCO)CCN(CCC(=O)OCCOC(=O)C(C)CSCCCO)CCNCCN(CCC(=O)OCCOC(=O)C(C)CSCCCO)CCC(=O)OCCOC(=O)C(C)CSCCCO,0.7683455245225306,,,,,,,,,,,,,,,,0.0,0.0,0.0,0.0
N(CCC(=O)OCCOC(=O)C(C)CSCCCCO)(CCC(=O)OCCOC(=O)C(C)CSCCCCO)CCN(C)C,0.7683455245225306,,,,,,,,,,,,,,,,0.0,0.0,0.0,0.0
N(CCN(CCC(=O)OCCOC(=O)C(C)CSCCCCO)C)(CCN(CCC(=O)OCCOC(=O)C(C)CSCCCCO)C)CCN(CCC(=O)OCCOC(=O)C(C)CSCCCCO)C,0.7683455245225306,,,,,,,,,,,,,,,,0.0,0.0,0.0,0.0
N(CCC(=O)OCCOC(=O)C(C)CSCCCCO)(CCC(=O)OCCOC(=O)C(C)CSCCCCO)CCN(CCC(=O)OCCOC(=O)C(C)CSCCCCO)CCN(CCC(=O)OCCOC(=O)C(C)CSCCCCO)CCNCCN(CCC(=O)OCCOC(=O)C(C)CSCCCCO)CCC(=O)OCCOC(=O)C(C)CSCCCCO,0.7683455245225306,,,,,,,,,,,,,,,,0.0,0.0,0.0,0.0
N(CCN(CCC(=O)OCCOC(=O)C(C)CSCCN(C)C)C)(CCN(CCC(=O)OCCOC(=O)C(C)CSCCN(C)C)C)CCN(CCC(=O)OCCOC(=O)C(C)CSCCN(C)C)C,0.7683455245225306,,,,,,,,,,,,,,,,0.0,0.0,0.0,0.0
N(CCC(=O)OCCOC(=O)C(C)CSCCNCCCC)(CCC(=O)OCCOC(=O)C(C)CSCCNCCCC)CCN(C)C,0.7683455245225306,,,,,,,,,,,,,,,,0.0,0.0,0.0,0.0
N(CCN(CCC(=O)OCCOC(=O)C(C)CSCCNCCCC)C)(CCN(CCC(=O)OCCOC(=O)C(C)CSCCNCCCC)C)CCN(CCC(=O)OCCOC(=O)C(C)CSCCNCCCC)C,0.7683455245225306,,,,,,,,,,,,,,,,0.0,0.0,0.0,0.0
N(CCN(CCC(=O)OCCOC(=O)C(C)CSCCN(CC)CC)C)(CCN(CCC(=O)OCCOC(=O)C(C)CSCCN(CC)CC)C)CCN(CCC(=O)OCCOC(=O)C(C)CSCCN(CC)CC)C,0.7683455245225306,,,,,,,,,,,,,,,,0.0,0.0,0.0,0.0
N(CCN(CCC(=O)OCCOC(=O)C(C)CSCCN5CCCCC5)C)(CCN(CCC(=O)OCCOC(=O)C(C)CSCCN5CCCCC5)C)CCN(CCC(=O)OCCOC(=O)C(C)CSCCN5CCCCC5)C,0.7683455245225306,,,,,,,,,,,,,,,,0.0,0.0,0.0,0.0
N(CCC(=O)OCCOC(=O)C(C)CSCCN5CCCCC5)(CCC(=O)OCCOC(=O)C(C)CSCCN5CCCCC5)CCN(CCC(=O)OCCOC(=O)C(C)CSCCN5CCCCC5)CCN(CCC(=O)OCCOC(=O)C(C)CSCCN5CCCCC5)CCNCCN(CCC(=O)OCCOC(=O)C(C)CSCCN5CCCCC5)CCC(=O)OCCOC(=O)C(C)CSCCN5CCCCC5,0.7683455245225306,,,,,,,,,,,,,,,,0.0,0.0,0.0,0.0
N(CCC(=O)OCCOC(=O)C(C)CSCCN5CCCCCC5)(CCC(=O)OCCOC(=O)C(C)CSCCN5CCCCCC5)CCN(C)C,0.7683455245225306,,,,,,,,,,,,,,,,0.0,0.0,0.0,0.0
N(CCN(CCC(=O)OCCOC(=O)C(C)CSCCN5CCCCCC5)C)(CCN(CCC(=O)OCCOC(=O)C(C)CSCCN5CCCCCC5)C)CCN(CCC(=O)OCCOC(=O)C(C)CSCCN5CCCCCC5)C,0.7683455245225306,,,,,,,,,,,,,,,,0.0,0.0,0.0,0.0
N(CCC(=O)OCCOC(=O)C(C)CSCCN5CCCCCC5)(CCC(=O)OCCOC(=O)C(C)CSCCN5CCCCCC5)CCN(CCC(=O)OCCOC(=O)C(C)CSCCN5CCCCCC5)CCN(CCC(=O)OCCOC(=O)C(C)CSCCN5CCCCCC5)CCNCCN(CCC(=O)OCCOC(=O)C(C)CSCCN5CCCCCC5)CCC(=O)OCCOC(=O)C(C)CSCCN5CCCCCC5,0.7683455245225306,,,,,,,,,,,,,,,,0.0,0.0,0.0,0.0
N(CCC(=O)OCCOC(=O)C(C)CSCCN(CCC)CCC)(CCC(=O)OCCOC(=O)C(C)CSCCN(CCC)CCC)CCN(CCC(=O)OCCOC(=O)C(C)CSCCN(CCC)CCC)CCN(CCC(=O)OCCOC(=O)C(C)CSCCN(CCC)CCC)CCNCCN(CCC(=O)OCCOC(=O)C(C)CSCCN(CCC)CCC)CCC(=O)OCCOC(=O)C(C)CSCCN(CCC)CCC,0.7683455245225306,,,,,,,,,,,,,,,,0.0,0.0,0.0,0.0
CCN(CCC(=O)OCCOC(=O)C(C)CSCCCC(=O)N5CCN(CCO)CC5)CCN(CCC(=O)OCCOC(=O)C(C)CSCCCC(=O)N5CCN(CCO)CC5)CC,0.7683455245225306,,,,,,,,,,,,,,,,0.0,0.0,0.0,0.0
N(CCC(=O)OCCOC(=O)C(C)CSCCCC(=O)N5CCN(CCO)CC5)(CCC(=O)OCCOC(=O)C(C)CSCCCC(=O)N5CCN(CCO)CC5)CCN(CCC(=O)OCCOC(=O)C(C)CSCCCC(=O)N5CCN(CCO)CC5)CCN(CCC(=O)OCCOC(=O)C(C)CSCCCC(=O)N5CCN(CCO)CC5)CCNCCN(CCC(=O)OCCOC(=O)C(C)CSCCCC(=O)N5CCN(CCO)CC5)CCC(=O)OCCOC(=O)C(C)CSCCCC(=O)N5CCN(CCO)CC5,0.7683455245225306,,,,,,,,,,,,,,,,0.0,0.0,0.0,0.0
N(CCC(=O)OCCOC(=O)C(C)CSCCCC(=O)N(C)CCCN(C)C)(CCC(=O)OCCOC(=O)C(C)CSCCCC(=O)N(C)CCCN(C)C)CCN(C)C,0.7683455245225306,,,,,,,,,,,,,,,,0.0,0.0,0.0,0.0
N(CCN(CCC(=O)OCCOC(=O)C(C)CSCCCC(=O)N(C)CCCN(C)C)C)(CCN(CCC(=O)OCCOC(=O)C(C)CSCCCC(=O)N(C)CCCN(C)C)C)CCN(CCC(=O)OCCOC(=O)C(C)CSCCCC(=O)N(C)CCCN(C)C)C,0.7683455245225306,,,,,,,,,,,,,,,,0.0,0.0,0.0,0.0
N(CCC(=O)OCCOC(=O)C(C)CSCCCC(=O)N(C)CCN5(CCCCC5))(CCC(=O)OCCOC(=O)C(C)CSCCCC(=O)N(C)CCN5(CCCCC5))CCN(C)C,0.7683455245225306,,,,,,,,,,,,,,,,0.0,0.0,0.0,0.0
N(CCN(CCC(=O)OCCOC(=O)C(C)CSCCCC(=O)N(C)CCN5(CCCCC5))C)(CCN(CCC(=O)OCCOC(=O)C(C)CSCCCC(=O)N(C)CCN5(CCCCC5))C)CCN(CCC(=O)OCCOC(=O)C(C)CSCCCC(=O)N(C)CCN5(CCCCC5))C,0.7683455245225306,,,,,,,,,,,,,,,,0.0,0.0,0.0,0.0
N(CCC(=O)OCCOC(=O)C(C)CSCC(C)C)(CCC(=O)OCCOC(=O)C(C)CSCC(C)C)CCN1CCOCC1,-0.6484086621580379,,,,,,,,,,,,,,,,0.0,0.0,0.0,0.0
N(CCC(=O)OCCOC(=O)C(C)CSCC(C)C)(CCC(=O)OCCOC(=O)C(C)CSCC(C)C)CCN(C)C,-0.6484086621580379,,,,,,,,,,,,,,,,0.0,0.0,0.0,0.0
CCN(CCC(=O)OCCOC(=O)C(C)CSCC(C)C)CCN(CCC(=O)OCCOC(=O)C(C)CSCC(C)C)CC,-0.6484086621580379,,,,,,,,,,,,,,,,0.0,0.0,0.0,0.0
C1C(CCN(CCC(=O)OCCOC(=O)C(C)CSCC(C)C)(CCC(=O)OCCOC(=O)C(C)CSCC(C)C))CCN(CCC(=O)OCCOC(=O)C(C)CSCC(C)C)C1,-0.6484086621580379,,,,,,,,,,,,,,,,0.0,0.0,0.0,0.0
N(CCC(=O)OCCOC(=O)C(C)CSCCC(C)C)(CCC(=O)OCCOC(=O)C(C)CSCCC(C)C)CCN1CCOCC1,-0.6484086621580379,,,,,,,,,,,,,,,,0.0,0.0,0.0,0.0
N(CCC(=O)OCCOC(=O)C(C)CSCCC(C)C)(CCC(=O)OCCOC(=O)C(C)CSCCC(C)C)CCN(C)C,-0.6484086621580379,,,,,,,,,,,,,,,,0.0,0.0,0.0,0.0
CCN(CCC(=O)OCCOC(=O)C(C)CSCCC(C)C)CCN(CCC(=O)OCCOC(=O)C(C)CSCCC(C)C)CC,-0.6484086621580379,,,,,,,,,,,,,,,,0.0,0.0,0.0,0.0
CCCCCCCCCCN(CCC(=O)OCCOC(=O)C(C)CSCCC(C)C)CCCCCCCCCC,-0.6484086621580379,,,,,,,,,,,,,,,,0.0,0.0,0.0,0.0
N(CCC(=O)OCCOC(=O)C(C)CSCCC(C)C)(CCC(=O)OCCOC(=O)C(C)CSCCC(C)C)CCN1CCOCC1,-0.6484086621580379,,,,,,,,,,,,,,,,0.0,0.0,0.0,0.0
N(CCC(=O)OCCOC(=O)C(C)CSCCC(C)C)(CCC(=O)OCCOC(=O)C(C)CSCCC(C)C)CCN(C)C,-0.6484086621580379,,,,,,,,,,,,,,,,0.0,0.0,0.0,0.0
CCN(CCC(=O)OCCOC(=O)C(C)CSCCC(C)C)CCN(CCC(=O)OCCOC(=O)C(C)CSCCC(C)C)CC,-0.6484086621580379,,,,,,,,,,,,,,,,0.0,0.0,0.0,0.0
C1C(CCN(CCC(=O)OCCOC(=O)C(C)CSCCC(C)C)(CCC(=O)OCCOC(=O)C(C)CSCCC(C)C))CCN(CCC(=O)OCCOC(=O)C(C)CSCCC(C)C)C1,-0.6484086621580379,,,,,,,,,,,,,,,,0.0,0.0,0.0,0.0
N(CCC(=O)OCCOC(=O)C(C)CSCCCC)(CCC(=O)OCCOC(=O)C(C)CSCCCC)CCN1CCOCC1,-0.6484086621580379,,,,,,,,,,,,,,,,0.0,0.0,0.0,0.0
N(CCC(=O)OCCOC(=O)C(C)CSCCCC)(CCC(=O)OCCOC(=O)C(C)CSCCCC)CCN(C)C,-0.6484086621580379,,,,,,,,,,,,,,,,0.0,0.0,0.0,0.0
CCN(CCC(=O)OCCOC(=O)C(C)CSCCCC)CCN(CCC(=O)OCCOC(=O)C(C)CSCCCC)CC,-0.6484086621580379,,,,,,,,,,,,,,,,0.0,0.0,0.0,0.0
C1C(CCN(CCC(=O)OCCOC(=O)C(C)CSCCCC)(CCC(=O)OCCOC(=O)C(C)CSCCCC))CCN(CCC(=O)OCCOC(=O)C(C)CSCCCC)C1,-0.6484086621580379,,,,,,,,,,,,,,,,0.0,0.0,0.0,0.0
CCCCCCCCCCN(CCC(=O)OCCOC(=O)C(C)CSCCCC)CCCCCCCCCC,-0.6484086621580379,,,,,,,,,,,,,,,,0.0,0.0,0.0,0.0
N(CCC(=O)OCCOC(=O)C(C)CSCCCCC)(CCC(=O)OCCOC(=O)C(C)CSCCCCC)CCN(C)C,-0.6484086621580379,,,,,,,,,,,,,,,,0.0,0.0,0.0,0.0
CCN(CCC(=O)OCCOC(=O)C(C)CSCCCCC)CCN(CCC(=O)OCCOC(=O)C(C)CSCCCCC)CC,-0.6484086621580379,,,,,,,,,,,,,,,,0.0,0.0,0.0,0.0
CCCCCCCCCCN(CCC(=O)OCCOC(=O)C(C)CSCCCCC)CCCCCCCCCC,-0.6484086621580379,,,,,,,,,,,,,,,,0.0,0.0,0.0,0.0
N(CCC(=O)OCCOC(=O)C(C)CSCCCCCC)(CCC(=O)OCCOC(=O)C(C)CSCCCCCC)CCN1CCOCC1,-0.6484086621580379,,,,,,,,,,,,,,,,0.0,0.0,0.0,0.0
N(CCC(=O)OCCOC(=O)C(C)CSCCCCCC)(CCC(=O)OCCOC(=O)C(C)CSCCCCCC)CCN(C)C,-0.6484086621580379,,,,,,,,,,,,,,,,0.0,0.0,0.0,0.0
CCN(CCC(=O)OCCOC(=O)C(C)CSCCCCCC)CCN(CCC(=O)OCCOC(=O)C(C)CSCCCCCC)CC,-0.6484086621580379,,,,,,,,,,,,,,,,0.0,0.0,0.0,0.0
N(CCC(=O)OCCOC(=O)C(C)CSCCCCCCC)(CCC(=O)OCCOC(=O)C(C)CSCCCCCCC)CCN(C)C,-0.6484086621580379,,,,,,,,,,,,,,,,0.0,0.0,0.0,0.0
CCN(CCC(=O)OCCOC(=O)C(C)CSCCCCCCC)CCN(CCC(=O)OCCOC(=O)C(C)CSCCCCCCC)CC,-0.6484086621580379,,,,,,,,,,,,,,,,0.0,0.0,0.0,0.0
N(CCC(=O)OCCOC(=O)C(C)CSCCCCCCCC)(CCC(=O)OCCOC(=O)C(C)CSCCCCCCCC)CCN(C)C,-0.6484086621580379,,,,,,,,,,,,,,,,0.0,0.0,0.0,0.0
CCN(CCC(=O)OCCOC(=O)C(C)CSCCCCCCCC)CCN(CCC(=O)OCCOC(=O)C(C)CSCCCCCCCC)CC,-0.6484086621580379,,,,,,,,,,,,,,,,0.0,0.0,0.0,0.0
OCCN1CCN(CCC(=O)OCCOC(=O)C(C)CSCCCCCCCCC)CC1,-0.6484086621580379,,,,,,,,,,,,,,,,0.0,0.0,0.0,0.0
N(CCC(=O)OCCOC(=O)C(C)CSCCCCCCCCC)(CCC(=O)OCCOC(=O)C(C)CSCCCCCCCCC)CCN1CCOCC1,-0.6484086621580379,,,,,,,,,,,,,,,,0.0,0.0,0.0,0.0
N(CCC(=O)OCCOC(=O)C(C)CSCCCCCCCCC)(CCC(=O)OCCOC(=O)C(C)CSCCCCCCCCC)CCN(C)C,-0.6484086621580379,,,,,,,,,,,,,,,,0.0,0.0,0.0,0.0
CCN(CCC(=O)OCCOC(=O)C(C)CSCCCCCCCCC)CCN(CCC(=O)OCCOC(=O)C(C)CSCCCCCCCCC)CC,-0.6484086621580379,,,,,,,,,,,,,,,,0.0,0.0,0.0,0.0
CCCCCCCCCCN(CCC(=O)OCCOC(=O)C(C)CSCCCCCCCCC)CCCCCCCCCC,-0.6484086621580379,,,,,,,,,,,,,,,,0.0,0.0,0.0,0.0
OCCN1CCN(CCC(=O)OCCOC(=O)C(C)CSCCCCCCCCCC)CC1,-0.6484086621580379,,,,,,,,,,,,,,,,0.0,0.0,0.0,0.0
N(CCC(=O)OCCOC(=O)C(C)CSCCCCCCCCCC)(CCC(=O)OCCOC(=O)C(C)CSCCCCCCCCCC)CCN(C)C,-0.6484086621580379,,,,,,,,,,,,,,,,0.0,0.0,0.0,0.0
CCN(CCC(=O)OCCOC(=O)C(C)CSCCCCCCCCCC)CCN(CCC(=O)OCCOC(=O)C(C)CSCCCCCCCCCC)CC,-0.6484086621580379,,,,,,,,,,,,,,,,0.0,0.0,0.0,0.0
CCCCCCCCCCN(CCC(=O)OCCOC(=O)C(C)CSCCCCCCCCCC)CCCCCCCCCC,-0.6484086621580379,,,,,,,,,,,,,,,,0.0,0.0,0.0,0.0
OCCN1CCN(CCC(=O)OCCOC(=O)C(C)CSCCCCCCCCCCC)CC1,-0.6484086621580379,,,,,,,,,,,,,,,,0.0,0.0,0.0,0.0
N(CCC(=O)OCCOC(=O)C(C)CSCCCCCCCCCCC)(CCC(=O)OCCOC(=O)C(C)CSCCCCCCCCCCC)CCN1CCOCC1,-0.6484086621580379,,,,,,,,,,,,,,,,0.0,0.0,0.0,0.0
N(CCC(=O)OCCOC(=O)C(C)CSCCCCCCCCCCC)(CCC(=O)OCCOC(=O)C(C)CSCCCCCCCCCCC)CCN(C)C,-0.6484086621580379,,,,,,,,,,,,,,,,0.0,0.0,0.0,0.0
CCN(CCC(=O)OCCOC(=O)C(C)CSCCCCCCCCCCC)CCN(CCC(=O)OCCOC(=O)C(C)CSCCCCCCCCCCC)CC,-0.6484086621580379,,,,,,,,,,,,,,,,0.0,0.0,0.0,0.0
CCCCCCCCCCN(CCC(=O)OCCOC(=O)C(C)CSCCCCCCCCCCC)CCCCCCCCCC,-0.6484086621580379,,,,,,,,,,,,,,,,0.0,0.0,0.0,0.0
OCCN1CCN(CCC(=O)OCCOC(=O)C(C)CSCCCCCCCCCCCC)CC1,-0.6484086621580379,,,,,,,,,,,,,,,,0.0,0.0,0.0,0.0
N(CCC(=O)OCCOC(=O)C(C)CSCCCCCCCCCCCC)(CCC(=O)OCCOC(=O)C(C)CSCCCCCCCCCCCC)CCN1CCOCC1,-0.6484086621580379,,,,,,,,,,,,,,,,0.0,0.0,0.0,0.0
N(CCC(=O)OCCOC(=O)C(C)CSCCCCCCCCCCCC)(CCC(=O)OCCOC(=O)C(C)CSCCCCCCCCCCCC)CCN(C)C,-0.6484086621580379,,,,,,,,,,,,,,,,0.0,0.0,0.0,0.0
CCN(CCC(=O)OCCOC(=O)C(C)CSCCCCCCCCCCCC)CCN(CCC(=O)OCCOC(=O)C(C)CSCCCCCCCCCCCC)CC,-0.6484086621580379,,,,,,,,,,,,,,,,0.0,0.0,0.0,0.0
C1C(CCN(CCC(=O)OCCOC(=O)C(C)CSCCCCCCCCCCCC)(CCC(=O)OCCOC(=O)C(C)CSCCCCCCCCCCCC))CCN(CCC(=O)OCCOC(=O)C(C)CSCCCCCCCCCCCC)C1,-0.6484086621580379,,,,,,,,,,,,,,,,0.0,0.0,0.0,0.0
OCCN1CCN(CCC(=O)OCCOC(=O)C(C)CSCCCCCCCCCCCCCC)CC1,-0.6484086621580379,,,,,,,,,,,,,,,,0.0,0.0,0.0,0.0
N(CCC(=O)OCCOC(=O)C(C)CSCCCCCCCCCCCCCC)(CCC(=O)OCCOC(=O)C(C)CSCCCCCCCCCCCCCC)CCN1CCOCC1,-0.6484086621580379,,,,,,,,,,,,,,,,0.0,0.0,0.0,0.0
CCN(CCC(=O)OCCOC(=O)C(C)CSCCCCCCCCCCCCCC)CCN(CCC(=O)OCCOC(=O)C(C)CSCCCCCCCCCCCCCC)CC,-0.6484086621580379,,,,,,,,,,,,,,,,0.0,0.0,0.0,0.0
C1C(CCN(CCC(=O)OCCOC(=O)C(C)CSCCCCCCCCCCCCCC)(CCC(=O)OCCOC(=O)C(C)CSCCCCCCCCCCCCCC))CCN(CCC(=O)OCCOC(=O)C(C)CSCCCCCCCCCCCCCC)C1,-0.6484086621580379,,,,,,,,,,,,,,,,0.0,0.0,0.0,0.0
CCCCCCCCCCN(CCC(=O)OCCOC(=O)C(C)CSCCCCCCCCCCCCCC)CCCCCCCCCC,-0.6484086621580379,,,,,,,,,,,,,,,,0.0,0.0,0.0,0.0
OCCN1CCN(CCC(=O)OCCOC(=O)C(C)CSCCCCCCCCCCCCCCCC)CC1,-0.6484086621580379,,,,,,,,,,,,,,,,0.0,0.0,0.0,0.0
N(CCC(=O)OCCOC(=O)C(C)CSCCCCCCCCCCCCCCCC)(CCC(=O)OCCOC(=O)C(C)CSCCCCCCCCCCCCCCCC)CCN1CCOCC1,-0.6484086621580379,,,,,,,,,,,,,,,,0.0,0.0,0.0,0.0
CCN(CCC(=O)OCCOC(=O)C(C)CSCCCCCCCCCCCCCCCC)CCN(CCC(=O)OCCOC(=O)C(C)CSCCCCCCCCCCCCCCCC)CC,-0.6484086621580379,,,,,,,,,,,,,,,,0.0,0.0,0.0,0.0
C1C(CCN(CCC(=O)OCCOC(=O)C(C)CSCCCCCCCCCCCCCCCC)(CCC(=O)OCCOC(=O)C(C)CSCCCCCCCCCCCCCCCC))CCN(CCC(=O)OCCOC(=O)C(C)CSCCCCCCCCCCCCCCCC)C1,-0.6484086621580379,,,,,,,,,,,,,,,,0.0,0.0,0.0,0.0
N(CCC(=O)OCCOC(=O)C(C)CSCCCCCCCCCCCCCCCC)(CCC(=O)OCCOC(=O)C(C)CSCCCCCCCCCCCCCCCC)CCN(CCC(=O)OCCOC(=O)C(C)CSCCCCCCCCCCCCCCCC)CCN(CCC(=O)OCCOC(=O)C(C)CSCCCCCCCCCCCCCCCC)CCNCCN(CCC(=O)OCCOC(=O)C(C)CSCCCCCCCCCCCCCCCC)CCC(=O)OCCOC(=O)C(C)CSCCCCCCCCCCCCCCCC,-0.6484086621580379,,,,,,,,,,,,,,,,0.0,0.0,0.0,0.0
CCCCCCCCCCN(CCC(=O)OCCOC(=O)C(C)CSCCCCCCCCCCCCCCCC)CCCCCCCCCC,-0.6484086621580379,,,,,,,,,,,,,,,,0.0,0.0,0.0,0.0
OCCN1CCN(CCC(=O)OCCOC(=O)C(C)CSCCCCCCCCCCCCCCCCCC)CC1,-0.6484086621580379,,,,,,,,,,,,,,,,0.0,0.0,0.0,0.0
N(CCC(=O)OCCOC(=O)C(C)CSCCCCCCCCCCCCCCCCCC)(CCC(=O)OCCOC(=O)C(C)CSCCCCCCCCCCCCCCCCCC)CCN1CCOCC1,-0.6484086621580379,,,,,,,,,,,,,,,,0.0,0.0,0.0,0.0
N(CCC(=O)OCCOC(=O)C(C)CSCCCCCCCCCCCCCCCCCC)(CCC(=O)OCCOC(=O)C(C)CSCCCCCCCCCCCCCCCCCC)CCN(C)C,-0.6484086621580379,,,,,,,,,,,,,,,,0.0,0.0,0.0,0.0
CCN(CCC(=O)OCCOC(=O)C(C)CSCCCCCCCCCCCCCCCCCC)CCN(CCC(=O)OCCOC(=O)C(C)CSCCCCCCCCCCCCCCCCCC)CC,-0.6484086621580379,,,,,,,,,,,,,,,,0.0,0.0,0.0,0.0
C1C(CCN(CCC(=O)OCCOC(=O)C(C)CSCCCCCCCCCCCCCCCCCC)(CCC(=O)OCCOC(=O)C(C)CSCCCCCCCCCCCCCCCCCC))CCN(CCC(=O)OCCOC(=O)C(C)CSCCCCCCCCCCCCCCCCCC)C1,-0.6484086621580379,,,,,,,,,,,,,,,,0.0,0.0,0.0,0.0
N(CCN(CCC(=O)OCCOC(=O)C(C)CSCCCCCCCCCCCCCCCCCC)C)(CCN(CCC(=O)OCCOC(=O)C(C)CSCCCCCCCCCCCCCCCCCC)C)CCN(CCC(=O)OCCOC(=O)C(C)CSCCCCCCCCCCCCCCCCCC)C,-0.6484086621580379,,,,,,,,,,,,,,,,0.0,0.0,0.0,0.0
CCCCCCCCCCN(CCC(=O)OCCOC(=O)C(C)CSCCCCCCCCCCCCCCCCCC)CCCCCCCCCC,-0.6484086621580379,,,,,,,,,,,,,,,,0.0,0.0,0.0,0.0
OCCN1CCN(CCC(=O)OCCOC(=O)C(C)CSCCc5ccccc5)CC1,-0.6484086621580379,,,,,,,,,,,,,,,,0.0,0.0,0.0,0.0
N(CCC(=O)OCCOC(=O)C(C)CSCCc5ccccc5)(CCC(=O)OCCOC(=O)C(C)CSCCc5ccccc5)CCN1CCOCC1,-0.6484086621580379,,,,,,,,,,,,,,,,0.0,0.0,0.0,0.0
N(CCC(=O)OCCOC(=O)C(C)CSCCc5ccccc5)(CCC(=O)OCCOC(=O)C(C)CSCCc5ccccc5)CCN(C)C,-0.6484086621580379,,,,,,,,,,,,,,,,0.0,0.0,0.0,0.0
C1C(CCN(CCC(=O)OCCOC(=O)C(C)CSCCc5ccccc5)(CCC(=O)OCCOC(=O)C(C)CSCCc5ccccc5))CCN(CCC(=O)OCCOC(=O)C(C)CSCCc5ccccc5)C1,-0.6484086621580379,,,,,,,,,,,,,,,,0.0,0.0,0.0,0.0
N(CCN(CCC(=O)OCCOC(=O)C(C)CSCCc5ccccc5)C)(CCN(CCC(=O)OCCOC(=O)C(C)CSCCc5ccccc5)C)CCN(CCC(=O)OCCOC(=O)C(C)CSCCc5ccccc5)C,-0.6484086621580379,,,,,,,,,,,,,,,,0.0,0.0,0.0,0.0
N(CCC(=O)OCCOC(=O)C(C)CSCCc5ccccc5)(CCC(=O)OCCOC(=O)C(C)CSCCc5ccccc5)CCN(CCC(=O)OCCOC(=O)C(C)CSCCc5ccccc5)CCN(CCC(=O)OCCOC(=O)C(C)CSCCc5ccccc5)CCNCCN(CCC(=O)OCCOC(=O)C(C)CSCCc5ccccc5)CCC(=O)OCCOC(=O)C(C)CSCCc5ccccc5,-0.6484086621580379,,,,,,,,,,,,,,,,0.0,0.0,0.0,0.0
CCCCCCCCCCN(CCC(=O)OCCOC(=O)C(C)CSCCc5ccccc5)CCCCCCCCCC,-0.6484086621580379,,,,,,,,,,,,,,,,0.0,0.0,0.0,0.0
OCCN1CCN(CCC(=O)OCCOC(=O)C(C)CSCCC(O)=O)CC1,-0.6484086621580379,,,,,,,,,,,,,,,,0.0,0.0,0.0,0.0
N(CCC(=O)OCCOC(=O)C(C)CSCCC(O)=O)(CCC(=O)OCCOC(=O)C(C)CSCCC(O)=O)CCN1CCOCC1,-0.6484086621580379,,,,,,,,,,,,,,,,0.0,0.0,0.0,0.0
N(CCC(=O)OCCOC(=O)C(C)CSCCC(O)=O)(CCC(=O)OCCOC(=O)C(C)CSCCC(O)=O)CCN(C)C,-0.6484086621580379,,,,,,,,,,,,,,,,0.0,0.0,0.0,0.0
CCN(CCC(=O)OCCOC(=O)C(C)CSCCC(O)=O)CCN(CCC(=O)OCCOC(=O)C(C)CSCCC(O)=O)CC,-0.6484086621580379,,,,,,,,,,,,,,,,0.0,0.0,0.0,0.0
C1C(CCN(CCC(=O)OCCOC(=O)C(C)CSCCC(O)=O)(CCC(=O)OCCOC(=O)C(C)CSCCC(O)=O))CCN(CCC(=O)OCCOC(=O)C(C)CSCCC(O)=O)C1,-0.6484086621580379,,,,,,,,,,,,,,,,0.0,0.0,0.0,0.0
N(CCN(CCC(=O)OCCOC(=O)C(C)CSCCC(O)=O)C)(CCN(CCC(=O)OCCOC(=O)C(C)CSCCC(O)=O)C)CCN(CCC(=O)OCCOC(=O)C(C)CSCCC(O)=O)C,-0.6484086621580379,,,,,,,,,,,,,,,,0.0,0.0,0.0,0.0
N(CCC(=O)OCCOC(=O)C(C)CSCCC(O)=O)(CCC(=O)OCCOC(=O)C(C)CSCCC(O)=O)CCN(CCC(=O)OCCOC(=O)C(C)CSCCC(O)=O)CCN(CCC(=O)OCCOC(=O)C(C)CSCCC(O)=O)CCNCCN(CCC(=O)OCCOC(=O)C(C)CSCCC(O)=O)CCC(=O)OCCOC(=O)C(C)CSCCC(O)=O,-0.6484086621580379,,,,,,,,,,,,,,,,0.0,0.0,0.0,0.0
CCCCCCCCCCN(CCC(=O)OCCOC(=O)C(C)CSCCC(O)=O)CCCCCCCCCC,-0.6484086621580379,,,,,,,,,,,,,,,,0.0,0.0,0.0,0.0
N(CCC(=O)OCCOC(=O)C(C)CSCCCCCC(O)=O)(CCC(=O)OCCOC(=O)C(C)CSCCCCCC(O)=O)CCN1CCOCC1,-0.6484086621580379,,,,,,,,,,,,,,,,0.0,0.0,0.0,0.0
N(CCC(=O)OCCOC(=O)C(C)CSCCCCCC(O)=O)(CCC(=O)OCCOC(=O)C(C)CSCCCCCC(O)=O)CCN(C)C,-0.6484086621580379,,,,,,,,,,,,,,,,0.0,0.0,0.0,0.0
C1C(CCN(CCC(=O)OCCOC(=O)C(C)CSCCCCCC(O)=O)(CCC(=O)OCCOC(=O)C(C)CSCCCCCC(O)=O))CCN(CCC(=O)OCCOC(=O)C(C)CSCCCCCC(O)=O)C1,-0.6484086621580379,,,,,,,,,,,,,,,,0.0,0.0,0.0,0.0
N(CCN(CCC(=O)OCCOC(=O)C(C)CSCCCCCC(O)=O)C)(CCN(CCC(=O)OCCOC(=O)C(C)CSCCCCCC(O)=O)C)CCN(CCC(=O)OCCOC(=O)C(C)CSCCCCCC(O)=O)C,-0.6484086621580379,,,,,,,,,,,,,,,,0.0,0.0,0.0,0.0
N(CCC(=O)OCCOC(=O)C(C)CSCCCCCC(O)=O)(CCC(=O)OCCOC(=O)C(C)CSCCCCCC(O)=O)CCN(CCC(=O)OCCOC(=O)C(C)CSCCCCCC(O)=O)CCN(CCC(=O)OCCOC(=O)C(C)CSCCCCCC(O)=O)CCNCCN(CCC(=O)OCCOC(=O)C(C)CSCCCCCC(O)=O)CCC(=O)OCCOC(=O)C(C)CSCCCCCC(O)=O,-0.6484086621580379,,,,,,,,,,,,,,,,0.0,0.0,0.0,0.0
CCCCCCCCCCN(CCC(=O)OCCOC(=O)C(C)CSCCCCCC(O)=O)CCCCCCCCCC,-0.6484086621580379,,,,,,,,,,,,,,,,0.0,0.0,0.0,0.0
OCCN1CCN(CCC(=O)OCCOC(=O)C(C)CSCCCCCCCCCCC(O)=O)CC1,-0.6484086621580379,,,,,,,,,,,,,,,,0.0,0.0,0.0,0.0
CCN(CCC(=O)OCCOC(=O)C(C)CSCCCCCCCCCCC(O)=O)CCN(CCC(=O)OCCOC(=O)C(C)CSCCCCCCCCCCC(O)=O)CC,-0.6484086621580379,,,,,,,,,,,,,,,,0.0,0.0,0.0,0.0
C1C(CCN(CCC(=O)OCCOC(=O)C(C)CSCCCCCCCCCCC(O)=O)(CCC(=O)OCCOC(=O)C(C)CSCCCCCCCCCCC(O)=O))CCN(CCC(=O)OCCOC(=O)C(C)CSCCCCCCCCCCC(O)=O)C1,-0.6484086621580379,,,,,,,,,,,,,,,,0.0,0.0,0.0,0.0
N(CCN(CCC(=O)OCCOC(=O)C(C)CSCCCCCCCCCCC(O)=O)C)(CCN(CCC(=O)OCCOC(=O)C(C)CSCCCCCCCCCCC(O)=O)C)CCN(CCC(=O)OCCOC(=O)C(C)CSCCCCCCCCCCC(O)=O)C,-0.6484086621580379,,,,,,,,,,,,,,,,0.0,0.0,0.0,0.0
N(CCC(=O)OCCOC(=O)C(C)CSCCCCCCCCCCC(O)=O)(CCC(=O)OCCOC(=O)C(C)CSCCCCCCCCCCC(O)=O)CCN(CCC(=O)OCCOC(=O)C(C)CSCCCCCCCCCCC(O)=O)CCN(CCC(=O)OCCOC(=O)C(C)CSCCCCCCCCCCC(O)=O)CCNCCN(CCC(=O)OCCOC(=O)C(C)CSCCCCCCCCCCC(O)=O)CCC(=O)OCCOC(=O)C(C)CSCCCCCCCCCCC(O)=O,-0.6484086621580379,,,,,,,,,,,,,,,,0.0,0.0,0.0,0.0
CCCCCCCCCCN(CCC(=O)OCCOC(=O)C(C)CSCCCCCCCCCCC(O)=O)CCCCCCCCCC,-0.6484086621580379,,,,,,,,,,,,,,,,0.0,0.0,0.0,0.0
OCCN1CCN(CCC(=O)OCCOC(=O)C(C)CSCCO)CC1,-0.6484086621580379,,,,,,,,,,,,,,,,0.0,0.0,0.0,0.0
N(CCC(=O)OCCOC(=O)C(C)CSCCO)(CCC(=O)OCCOC(=O)C(C)CSCCO)CCN1CCOCC1,-0.6484086621580379,,,,,,,,,,,,,,,,0.0,0.0,0.0,0.0
N(CCC(=O)OCCOC(=O)C(C)CSCCO)(CCC(=O)OCCOC(=O)C(C)CSCCO)CCN(C)C,-0.6484086621580379,,,,,,,,,,,,,,,,0.0,0.0,0.0,0.0
C1C(CCN(CCC(=O)OCCOC(=O)C(C)CSCCO)(CCC(=O)OCCOC(=O)C(C)CSCCO))CCN(CCC(=O)OCCOC(=O)C(C)CSCCO)C1,-0.6484086621580379,,,,,,,,,,,,,,,,0.0,0.0,0.0,0.0
N(CCN(CCC(=O)OCCOC(=O)C(C)CSCCO)C)(CCN(CCC(=O)OCCOC(=O)C(C)CSCCO)C)CCN(CCC(=O)OCCOC(=O)C(C)CSCCO)C,-0.6484086621580379,,,,,,,,,,,,,,,,0.0,0.0,0.0,0.0
N(CCC(=O)OCCOC(=O)C(C)CSCCO)(CCC(=O)OCCOC(=O)C(C)CSCCO)CCN(CCC(=O)OCCOC(=O)C(C)CSCCO)CCN(CCC(=O)OCCOC(=O)C(C)CSCCO)CCNCCN(CCC(=O)OCCOC(=O)C(C)CSCCO)CCC(=O)OCCOC(=O)C(C)CSCCO,-0.6484086621580379,,,,,,,,,,,,,,,,0.0,0.0,0.0,0.0
CCCCCCCCCCN(CCC(=O)OCCOC(=O)C(C)CSCCO)CCCCCCCCCC,-0.6484086621580379,,,,,,,,,,,,,,,,0.0,0.0,0.0,0.0
OCCN1CCN(CCC(=O)OCCOC(=O)C(C)CSCC(O)CO)CC1,-0.6484086621580379,,,,,,,,,,,,,,,,0.0,0.0,0.0,0.0
N(CCC(=O)OCCOC(=O)C(C)CSCC(O)CO)(CCC(=O)OCCOC(=O)C(C)CSCC(O)CO)CCN1CCOCC1,-0.6484086621580379,,,,,,,,,,,,,,,,0.0,0.0,0.0,0.0
N(CCC(=O)OCCOC(=O)C(C)CSCC(O)CO)(CCC(=O)OCCOC(=O)C(C)CSCC(O)CO)CCN(C)C,-0.6484086621580379,,,,,,,,,,,,,,,,0.0,0.0,0.0,0.0
CCN(CCC(=O)OCCOC(=O)C(C)CSCC(O)CO)CCN(CCC(=O)OCCOC(=O)C(C)CSCC(O)CO)CC,-0.6484086621580379,,,,,,,,,,,,,,,,0.0,0.0,0.0,0.0
C1C(CCN(CCC(=O)OCCOC(=O)C(C)CSCC(O)CO)(CCC(=O)OCCOC(=O)C(C)CSCC(O)CO))CCN(CCC(=O)OCCOC(=O)C(C)CSCC(O)CO)C1,-0.6484086621580379,,,,,,,,,,,,,,,,0.0,0.0,0.0,0.0
N(CCN(CCC(=O)OCCOC(=O)C(C)CSCC(O)CO)C)(CCN(CCC(=O)OCCOC(=O)C(C)CSCC(O)CO)C)CCN(CCC(=O)OCCOC(=O)C(C)CSCC(O)CO)C,-0.6484086621580379,,,,,,,,,,,,,,,,0.0,0.0,0.0,0.0
N(CCC(=O)OCCOC(=O)C(C)CSCC(O)CO)(CCC(=O)OCCOC(=O)C(C)CSCC(O)CO)CCN(CCC(=O)OCCOC(=O)C(C)CSCC(O)CO)CCN(CCC(=O)OCCOC(=O)C(C)CSCC(O)CO)CCNCCN(CCC(=O)OCCOC(=O)C(C)CSCC(O)CO)CCC(=O)OCCOC(=O)C(C)CSCC(O)CO,-0.6484086621580379,,,,,,,,,,,,,,,,0.0,0.0,0.0,0.0
CCCCCCCCCCN(CCC(=O)OCCOC(=O)C(C)CSCC(O)CO)CCCCCCCCCC,-0.6484086621580379,,,,,,,,,,,,,,,,0.0,0.0,0.0,0.0
OCCN1CCN(CCC(=O)OCCOC(=O)C(C)CSCCCO)CC1,-0.6484086621580379,,,,,,,,,,,,,,,,0.0,0.0,0.0,0.0
C1C(CCN(CCC(=O)OCCOC(=O)C(C)CSCCCO)(CCC(=O)OCCOC(=O)C(C)CSCCCO))CCN(CCC(=O)OCCOC(=O)C(C)CSCCCO)C1,-0.6484086621580379,,,,,,,,,,,,,,,,0.0,0.0,0.0,0.0
N(CCN(CCC(=O)OCCOC(=O)C(C)CSCCCO)C)(CCN(CCC(=O)OCCOC(=O)C(C)CSCCCO)C)CCN(CCC(=O)OCCOC(=O)C(C)CSCCCO)C,-0.6484086621580379,,,,,,,,,,,,,,,,0.0,0.0,0.0,0.0
CCCCCCCCCCN(CCC(=O)OCCOC(=O)C(C)CSCCCO)CCCCCCCCCC,-0.6484086621580379,,,,,,,,,,,,,,,,0.0,0.0,0.0,0.0
OCCN1CCN(CCC(=O)OCCOC(=O)C(C)CSCCCCO)CC1,-0.6484086621580379,,,,,,,,,,,,,,,,0.0,0.0,0.0,0.0
N(CCC(=O)OCCOC(=O)C(C)CSCCCCO)(CCC(=O)OCCOC(=O)C(C)CSCCCCO)CCN1CCOCC1,-0.6484086621580379,,,,,,,,,,,,,,,,0.0,0.0,0.0,0.0
CCN(CCC(=O)OCCOC(=O)C(C)CSCCCCO)CCN(CCC(=O)OCCOC(=O)C(C)CSCCCCO)CC,-0.6484086621580379,,,,,,,,,,,,,,,,0.0,0.0,0.0,0.0
C1C(CCN(CCC(=O)OCCOC(=O)C(C)CSCCCCO)(CCC(=O)OCCOC(=O)C(C)CSCCCCO))CCN(CCC(=O)OCCOC(=O)C(C)CSCCCCO)C1,-0.6484086621580379,,,,,,,,,,,,,,,,0.0,0.0,0.0,0.0
CCCCCCCCCCN(CCC(=O)OCCOC(=O)C(C)CSCCCCO)CCCCCCCCCC,-0.6484086621580379,,,,,,,,,,,,,,,,0.0,0.0,0.0,0.0
OCCN1CCN(CCC(=O)OCCOC(=O)C(C)CSCCCCCCO)CC1,-0.6484086621580379,,,,,,,,,,,,,,,,0.0,0.0,0.0,0.0
N(CCC(=O)OCCOC(=O)C(C)CSCCCCCCO)(CCC(=O)OCCOC(=O)C(C)CSCCCCCCO)CCN1CCOCC1,-0.6484086621580379,,,,,,,,,,,,,,,,0.0,0.0,0.0,0.0
N(CCC(=O)OCCOC(=O)C(C)CSCCCCCCO)(CCC(=O)OCCOC(=O)C(C)CSCCCCCCO)CCN(C)C,-0.6484086621580379,,,,,,,,,,,,,,,,0.0,0.0,0.0,0.0
CCN(CCC(=O)OCCOC(=O)C(C)CSCCCCCCO)CCN(CCC(=O)OCCOC(=O)C(C)CSCCCCCCO)CC,-0.6484086621580379,,,,,,,,,,,,,,,,0.0,0.0,0.0,0.0
C1C(CCN(CCC(=O)OCCOC(=O)C(C)CSCCCCCCO)(CCC(=O)OCCOC(=O)C(C)CSCCCCCCO))CCN(CCC(=O)OCCOC(=O)C(C)CSCCCCCCO)C1,-0.6484086621580379,,,,,,,,,,,,,,,,0.0,0.0,0.0,0.0
N(CCN(CCC(=O)OCCOC(=O)C(C)CSCCCCCCO)C)(CCN(CCC(=O)OCCOC(=O)C(C)CSCCCCCCO)C)CCN(CCC(=O)OCCOC(=O)C(C)CSCCCCCCO)C,-0.6484086621580379,,,,,,,,,,,,,,,,0.0,0.0,0.0,0.0
N(CCC(=O)OCCOC(=O)C(C)CSCCCCCCO)(CCC(=O)OCCOC(=O)C(C)CSCCCCCCO)CCN(CCC(=O)OCCOC(=O)C(C)CSCCCCCCO)CCN(CCC(=O)OCCOC(=O)C(C)CSCCCCCCO)CCNCCN(CCC(=O)OCCOC(=O)C(C)CSCCCCCCO)CCC(=O)OCCOC(=O)C(C)CSCCCCCCO,-0.6484086621580379,,,,,,,,,,,,,,,,0.0,0.0,0.0,0.0
CCCCCCCCCCN(CCC(=O)OCCOC(=O)C(C)CSCCCCCCO)CCCCCCCCCC,-0.6484086621580379,,,,,,,,,,,,,,,,0.0,0.0,0.0,0.0
OCCN1CCN(CCC(=O)OCCOC(=O)C(C)CSCCCCCCCCCCCO)CC1,-0.6484086621580379,,,,,,,,,,,,,,,,0.0,0.0,0.0,0.0
N(CCC(=O)OCCOC(=O)C(C)CSCCCCCCCCCCCO)(CCC(=O)OCCOC(=O)C(C)CSCCCCCCCCCCCO)CCN1CCOCC1,-0.6484086621580379,,,,,,,,,,,,,,,,0.0,0.0,0.0,0.0
N(CCC(=O)OCCOC(=O)C(C)CSCCCCCCCCCCCO)(CCC(=O)OCCOC(=O)C(C)CSCCCCCCCCCCCO)CCN(C)C,-0.6484086621580379,,,,,,,,,,,,,,,,0.0,0.0,0.0,0.0
CCN(CCC(=O)OCCOC(=O)C(C)CSCCCCCCCCCCCO)CCN(CCC(=O)OCCOC(=O)C(C)CSCCCCCCCCCCCO)CC,-0.6484086621580379,,,,,,,,,,,,,,,,0.0,0.0,0.0,0.0
C1C(CCN(CCC(=O)OCCOC(=O)C(C)CSCCCCCCCCCCCO)(CCC(=O)OCCOC(=O)C(C)CSCCCCCCCCCCCO))CCN(CCC(=O)OCCOC(=O)C(C)CSCCCCCCCCCCCO)C1,-0.6484086621580379,,,,,,,,,,,,,,,,0.0,0.0,0.0,0.0
CCCCCCCCCCN(CCC(=O)OCCOC(=O)C(C)CSCCCCCCCCCCCO)CCCCCCCCCC,-0.6484086621580379,,,,,,,,,,,,,,,,0.0,0.0,0.0,0.0
OCCN1CCN(CCC(=O)OCCOC(=O)C(C)CSCCN(C)C)CC1,-0.6484086621580379,,,,,,,,,,,,,,,,0.0,0.0,0.0,0.0
N(CCC(=O)OCCOC(=O)C(C)CSCCN(C)C)(CCC(=O)OCCOC(=O)C(C)CSCCN(C)C)CCN1CCOCC1,-0.6484086621580379,,,,,,,,,,,,,,,,0.0,0.0,0.0,0.0
N(CCC(=O)OCCOC(=O)C(C)CSCCN(C)C)(CCC(=O)OCCOC(=O)C(C)CSCCN(C)C)CCN(C)C,-0.6484086621580379,,,,,,,,,,,,,,,,0.0,0.0,0.0,0.0
CCN(CCC(=O)OCCOC(=O)C(C)CSCCN(C)C)CCN(CCC(=O)OCCOC(=O)C(C)CSCCN(C)C)CC,-0.6484086621580379,,,,,,,,,,,,,,,,0.0,0.0,0.0,0.0
C1C(CCN(CCC(=O)OCCOC(=O)C(C)CSCCN(C)C)(CCC(=O)OCCOC(=O)C(C)CSCCN(C)C))CCN(CCC(=O)OCCOC(=O)C(C)CSCCN(C)C)C1,-0.6484086621580379,,,,,,,,,,,,,,,,0.0,0.0,0.0,0.0
N(CCC(=O)OCCOC(=O)C(C)CSCCN(C)C)(CCC(=O)OCCOC(=O)C(C)CSCCN(C)C)CCN(CCC(=O)OCCOC(=O)C(C)CSCCN(C)C)CCN(CCC(=O)OCCOC(=O)C(C)CSCCN(C)C)CCNCCN(CCC(=O)OCCOC(=O)C(C)CSCCN(C)C)CCC(=O)OCCOC(=O)C(C)CSCCN(C)C,-0.6484086621580379,,,,,,,,,,,,,,,,0.0,0.0,0.0,0.0
CCCCCCCCCCN(CCC(=O)OCCOC(=O)C(C)CSCCN(C)C)CCCCCCCCCC,-0.6484086621580379,,,,,,,,,,,,,,,,0.0,0.0,0.0,0.0
OCCN1CCN(CCC(=O)OCCOC(=O)C(C)CSCCNCCCC)CC1,-0.6484086621580379,,,,,,,,,,,,,,,,0.0,0.0,0.0,0.0
N(CCC(=O)OCCOC(=O)C(C)CSCCNCCCC)(CCC(=O)OCCOC(=O)C(C)CSCCNCCCC)CCN1CCOCC1,-0.6484086621580379,,,,,,,,,,,,,,,,0.0,0.0,0.0,0.0
CCN(CCC(=O)OCCOC(=O)C(C)CSCCNCCCC)CCN(CCC(=O)OCCOC(=O)C(C)CSCCNCCCC)CC,-0.6484086621580379,,,,,,,,,,,,,,,,0.0,0.0,0.0,0.0
C1C(CCN(CCC(=O)OCCOC(=O)C(C)CSCCNCCCC)(CCC(=O)OCCOC(=O)C(C)CSCCNCCCC))CCN(CCC(=O)OCCOC(=O)C(C)CSCCNCCCC)C1,-0.6484086621580379,,,,,,,,,,,,,,,,0.0,0.0,0.0,0.0
N(CCC(=O)OCCOC(=O)C(C)CSCCNCCCC)(CCC(=O)OCCOC(=O)C(C)CSCCNCCCC)CCN(CCC(=O)OCCOC(=O)C(C)CSCCNCCCC)CCN(CCC(=O)OCCOC(=O)C(C)CSCCNCCCC)CCNCCN(CCC(=O)OCCOC(=O)C(C)CSCCNCCCC)CCC(=O)OCCOC(=O)C(C)CSCCNCCCC,-0.6484086621580379,,,,,,,,,,,,,,,,0.0,0.0,0.0,0.0
CCCCCCCCCCN(CCC(=O)OCCOC(=O)C(C)CSCCNCCCC)CCCCCCCCCC,-0.6484086621580379,,,,,,,,,,,,,,,,0.0,0.0,0.0,0.0
OCCN1CCN(CCC(=O)OCCOC(=O)C(C)CSCCN(CC)CC)CC1,-0.6484086621580379,,,,,,,,,,,,,,,,0.0,0.0,0.0,0.0
N(CCC(=O)OCCOC(=O)C(C)CSCCN(CC)CC)(CCC(=O)OCCOC(=O)C(C)CSCCN(CC)CC)CCN1CCOCC1,-0.6484086621580379,,,,,,,,,,,,,,,,0.0,0.0,0.0,0.0
N(CCC(=O)OCCOC(=O)C(C)CSCCN(CC)CC)(CCC(=O)OCCOC(=O)C(C)CSCCN(CC)CC)CCN(C)C,-0.6484086621580379,,,,,,,,,,,,,,,,0.0,0.0,0.0,0.0
CCN(CCC(=O)OCCOC(=O)C(C)CSCCN(CC)CC)CCN(CCC(=O)OCCOC(=O)C(C)CSCCN(CC)CC)CC,-0.6484086621580379,,,,,,,,,,,,,,,,0.0,0.0,0.0,0.0
C1C(CCN(CCC(=O)OCCOC(=O)C(C)CSCCN(CC)CC)(CCC(=O)OCCOC(=O)C(C)CSCCN(CC)CC))CCN(CCC(=O)OCCOC(=O)C(C)CSCCN(CC)CC)C1,-0.6484086621580379,,,,,,,,,,,,,,,,0.0,0.0,0.0,0.0
N(CCC(=O)OCCOC(=O)C(C)CSCCN(CC)CC)(CCC(=O)OCCOC(=O)C(C)CSCCN(CC)CC)CCN(CCC(=O)OCCOC(=O)C(C)CSCCN(CC)CC)CCN(CCC(=O)OCCOC(=O)C(C)CSCCN(CC)CC)CCNCCN(CCC(=O)OCCOC(=O)C(C)CSCCN(CC)CC)CCC(=O)OCCOC(=O)C(C)CSCCN(CC)CC,-0.6484086621580379,,,,,,,,,,,,,,,,0.0,0.0,0.0,0.0
CCCCCCCCCCN(CCC(=O)OCCOC(=O)C(C)CSCCN(CC)CC)CCCCCCCCCC,-0.6484086621580379,,,,,,,,,,,,,,,,0.0,0.0,0.0,0.0
OCCN1CCN(CCC(=O)OCCOC(=O)C(C)CSCCN5CCCC5)CC1,-0.6484086621580379,,,,,,,,,,,,,,,,0.0,0.0,0.0,0.0
N(CCC(=O)OCCOC(=O)C(C)CSCCN5CCCC5)(CCC(=O)OCCOC(=O)C(C)CSCCN5CCCC5)CCN1CCOCC1,-0.6484086621580379,,,,,,,,,,,,,,,,0.0,0.0,0.0,0.0
N(CCC(=O)OCCOC(=O)C(C)CSCCN5CCCC5)(CCC(=O)OCCOC(=O)C(C)CSCCN5CCCC5)CCN(C)C,-0.6484086621580379,,,,,,,,,,,,,,,,0.0,0.0,0.0,0.0
CCN(CCC(=O)OCCOC(=O)C(C)CSCCN5CCCC5)CCN(CCC(=O)OCCOC(=O)C(C)CSCCN5CCCC5)CC,-0.6484086621580379,,,,,,,,,,,,,,,,0.0,0.0,0.0,0.0
C1C(CCN(CCC(=O)OCCOC(=O)C(C)CSCCN5CCCC5)(CCC(=O)OCCOC(=O)C(C)CSCCN5CCCC5))CCN(CCC(=O)OCCOC(=O)C(C)CSCCN5CCCC5)C1,-0.6484086621580379,,,,,,,,,,,,,,,,0.0,0.0,0.0,0.0
N(CCN(CCC(=O)OCCOC(=O)C(C)CSCCN5CCCC5)C)(CCN(CCC(=O)OCCOC(=O)C(C)CSCCN5CCCC5)C)CCN(CCC(=O)OCCOC(=O)C(C)CSCCN5CCCC5)C,-0.6484086621580379,,,,,,,,,,,,,,,,0.0,0.0,0.0,0.0
N(CCC(=O)OCCOC(=O)C(C)CSCCN5CCCC5)(CCC(=O)OCCOC(=O)C(C)CSCCN5CCCC5)CCN(CCC(=O)OCCOC(=O)C(C)CSCCN5CCCC5)CCN(CCC(=O)OCCOC(=O)C(C)CSCCN5CCCC5)CCNCCN(CCC(=O)OCCOC(=O)C(C)CSCCN5CCCC5)CCC(=O)OCCOC(=O)C(C)CSCCN5CCCC5,-0.6484086621580379,,,,,,,,,,,,,,,,0.0,0.0,0.0,0.0
CCCCCCCCCCN(CCC(=O)OCCOC(=O)C(C)CSCCN5CCCC5)CCCCCCCCCC,-0.6484086621580379,,,,,,,,,,,,,,,,0.0,0.0,0.0,0.0
OCCN1CCN(CCC(=O)OCCOC(=O)C(C)CSCCN5CCCCC5)CC1,-0.6484086621580379,,,,,,,,,,,,,,,,0.0,0.0,0.0,0.0
N(CCC(=O)OCCOC(=O)C(C)CSCCN5CCCCC5)(CCC(=O)OCCOC(=O)C(C)CSCCN5CCCCC5)CCN1CCOCC1,-0.6484086621580379,,,,,,,,,,,,,,,,0.0,0.0,0.0,0.0
N(CCC(=O)OCCOC(=O)C(C)CSCCN5CCCCC5)(CCC(=O)OCCOC(=O)C(C)CSCCN5CCCCC5)CCN(C)C,-0.6484086621580379,,,,,,,,,,,,,,,,0.0,0.0,0.0,0.0
CCN(CCC(=O)OCCOC(=O)C(C)CSCCN5CCCCC5)CCN(CCC(=O)OCCOC(=O)C(C)CSCCN5CCCCC5)CC,-0.6484086621580379,,,,,,,,,,,,,,,,0.0,0.0,0.0,0.0
C1C(CCN(CCC(=O)OCCOC(=O)C(C)CSCCN5CCCCC5)(CCC(=O)OCCOC(=O)C(C)CSCCN5CCCCC5))CCN(CCC(=O)OCCOC(=O)C(C)CSCCN5CCCCC5)C1,-0.6484086621580379,,,,,,,,,,,,,,,,0.0,0.0,0.0,0.0
CCCCCCCCCCN(CCC(=O)OCCOC(=O)C(C)CSCCN5CCCCC5)CCCCCCCCCC,-0.6484086621580379,,,,,,,,,,,,,,,,0.0,0.0,0.0,0.0
OCCN1CCN(CCC(=O)OCCOC(=O)C(C)CSCCN5CCCCCC5)CC1,-0.6484086621580379,,,,,,,,,,,,,,,,0.0,0.0,0.0,0.0
N(CCC(=O)OCCOC(=O)C(C)CSCCN5CCCCCC5)(CCC(=O)OCCOC(=O)C(C)CSCCN5CCCCCC5)CCN1CCOCC1,-0.6484086621580379,,,,,,,,,,,,,,,,0.0,0.0,0.0,0.0
CCN(CCC(=O)OCCOC(=O)C(C)CSCCN5CCCCCC5)CCN(CCC(=O)OCCOC(=O)C(C)CSCCN5CCCCCC5)CC,-0.6484086621580379,,,,,,,,,,,,,,,,0.0,0.0,0.0,0.0
C1C(CCN(CCC(=O)OCCOC(=O)C(C)CSCCN5CCCCCC5)(CCC(=O)OCCOC(=O)C(C)CSCCN5CCCCCC5))CCN(CCC(=O)OCCOC(=O)C(C)CSCCN5CCCCCC5)C1,-0.6484086621580379,,,,,,,,,,,,,,,,0.0,0.0,0.0,0.0
CCCCCCCCCCN(CCC(=O)OCCOC(=O)C(C)CSCCN5CCCCCC5)CCCCCCCCCC,-0.6484086621580379,,,,,,,,,,,,,,,,0.0,0.0,0.0,0.0
OCCN1CCN(CCC(=O)OCCOC(=O)C(C)CSCCN(CCC)CCC)CC1,-0.6484086621580379,,,,,,,,,,,,,,,,0.0,0.0,0.0,0.0
N(CCC(=O)OCCOC(=O)C(C)CSCCN(CCC)CCC)(CCC(=O)OCCOC(=O)C(C)CSCCN(CCC)CCC)CCN1CCOCC1,-0.6484086621580379,,,,,,,,,,,,,,,,0.0,0.0,0.0,0.0
N(CCC(=O)OCCOC(=O)C(C)CSCCN(CCC)CCC)(CCC(=O)OCCOC(=O)C(C)CSCCN(CCC)CCC)CCN(C)C,-0.6484086621580379,,,,,,,,,,,,,,,,0.0,0.0,0.0,0.0
CCN(CCC(=O)OCCOC(=O)C(C)CSCCN(CCC)CCC)CCN(CCC(=O)OCCOC(=O)C(C)CSCCN(CCC)CCC)CC,-0.6484086621580379,,,,,,,,,,,,,,,,0.0,0.0,0.0,0.0
C1C(CCN(CCC(=O)OCCOC(=O)C(C)CSCCN(CCC)CCC)(CCC(=O)OCCOC(=O)C(C)CSCCN(CCC)CCC))CCN(CCC(=O)OCCOC(=O)C(C)CSCCN(CCC)CCC)C1,-0.6484086621580379,,,,,,,,,,,,,,,,0.0,0.0,0.0,0.0
N(CCN(CCC(=O)OCCOC(=O)C(C)CSCCN(CCC)CCC)C)(CCN(CCC(=O)OCCOC(=O)C(C)CSCCN(CCC)CCC)C)CCN(CCC(=O)OCCOC(=O)C(C)CSCCN(CCC)CCC)C,-0.6484086621580379,,,,,,,,,,,,,,,,0.0,0.0,0.0,0.0
CCCCCCCCCCN(CCC(=O)OCCOC(=O)C(C)CSCCN(CCC)CCC)CCCCCCCCCC,-0.6484086621580379,,,,,,,,,,,,,,,,0.0,0.0,0.0,0.0
OCCN1CCN(CCC(=O)OCCOC(=O)C(C)CSCCN(CCCC)CCCC)CC1,-0.6484086621580379,,,,,,,,,,,,,,,,0.0,0.0,0.0,0.0
N(CCC(=O)OCCOC(=O)C(C)CSCCN(CCCC)CCCC)(CCC(=O)OCCOC(=O)C(C)CSCCN(CCCC)CCCC)CCN1CCOCC1,-0.6484086621580379,,,,,,,,,,,,,,,,0.0,0.0,0.0,0.0
N(CCC(=O)OCCOC(=O)C(C)CSCCN(CCCC)CCCC)(CCC(=O)OCCOC(=O)C(C)CSCCN(CCCC)CCCC)CCN(C)C,-0.6484086621580379,,,,,,,,,,,,,,,,0.0,0.0,0.0,0.0
CCN(CCC(=O)OCCOC(=O)C(C)CSCCN(CCCC)CCCC)CCN(CCC(=O)OCCOC(=O)C(C)CSCCN(CCCC)CCCC)CC,-0.6484086621580379,,,,,,,,,,,,,,,,0.0,0.0,0.0,0.0
C1C(CCN(CCC(=O)OCCOC(=O)C(C)CSCCN(CCCC)CCCC)(CCC(=O)OCCOC(=O)C(C)CSCCN(CCCC)CCCC))CCN(CCC(=O)OCCOC(=O)C(C)CSCCN(CCCC)CCCC)C1,-0.6484086621580379,,,,,,,,,,,,,,,,0.0,0.0,0.0,0.0
N(CCN(CCC(=O)OCCOC(=O)C(C)CSCCN(CCCC)CCCC)C)(CCN(CCC(=O)OCCOC(=O)C(C)CSCCN(CCCC)CCCC)C)CCN(CCC(=O)OCCOC(=O)C(C)CSCCN(CCCC)CCCC)C,-0.6484086621580379,,,,,,,,,,,,,,,,0.0,0.0,0.0,0.0
N(CCC(=O)OCCOC(=O)C(C)CSCCN(CCCC)CCCC)(CCC(=O)OCCOC(=O)C(C)CSCCN(CCCC)CCCC)CCN(CCC(=O)OCCOC(=O)C(C)CSCCN(CCCC)CCCC)CCN(CCC(=O)OCCOC(=O)C(C)CSCCN(CCCC)CCCC)CCNCCN(CCC(=O)OCCOC(=O)C(C)CSCCN(CCCC)CCCC)CCC(=O)OCCOC(=O)C(C)CSCCN(CCCC)CCCC,-0.6484086621580379,,,,,,,,,,,,,,,,0.0,0.0,0.0,0.0
CCCCCCCCCCN(CCC(=O)OCCOC(=O)C(C)CSCCN(CCCC)CCCC)CCCCCCCCCC,-0.6484086621580379,,,,,,,,,,,,,,,,0.0,0.0,0.0,0.0
OCCN1CCN(CCC(=O)OCCOC(=O)C(C)CSCCCC(=O)N5CCN(CCO)CC5)CC1,-0.6484086621580379,,,,,,,,,,,,,,,,0.0,0.0,0.0,0.0
N(CCC(=O)OCCOC(=O)C(C)CSCCCC(=O)N5CCN(CCO)CC5)(CCC(=O)OCCOC(=O)C(C)CSCCCC(=O)N5CCN(CCO)CC5)CCN1CCOCC1,-0.6484086621580379,,,,,,,,,,,,,,,,0.0,0.0,0.0,0.0
N(CCC(=O)OCCOC(=O)C(C)CSCCCC(=O)N5CCN(CCO)CC5)(CCC(=O)OCCOC(=O)C(C)CSCCCC(=O)N5CCN(CCO)CC5)CCN(C)C,-0.6484086621580379,,,,,,,,,,,,,,,,0.0,0.0,0.0,0.0
C1C(CCN(CCC(=O)OCCOC(=O)C(C)CSCCCC(=O)N5CCN(CCO)CC5)(CCC(=O)OCCOC(=O)C(C)CSCCCC(=O)N5CCN(CCO)CC5))CCN(CCC(=O)OCCOC(=O)C(C)CSCCCC(=O)N5CCN(CCO)CC5)C1,-0.6484086621580379,,,,,,,,,,,,,,,,0.0,0.0,0.0,0.0
N(CCN(CCC(=O)OCCOC(=O)C(C)CSCCCC(=O)N5CCN(CCO)CC5)C)(CCN(CCC(=O)OCCOC(=O)C(C)CSCCCC(=O)N5CCN(CCO)CC5)C)CCN(CCC(=O)OCCOC(=O)C(C)CSCCCC(=O)N5CCN(CCO)CC5)C,-0.6484086621580379,,,,,,,,,,,,,,,,0.0,0.0,0.0,0.0
CCCCCCCCCCN(CCC(=O)OCCOC(=O)C(C)CSCCCC(=O)N5CCN(CCO)CC5)CCCCCCCCCC,-0.6484086621580379,,,,,,,,,,,,,,,,0.0,0.0,0.0,0.0
OCCN1CCN(CCC(=O)OCCOC(=O)C(C)CSCCCC(=O)N(C)CCCN(C)C)CC1,-0.6484086621580379,,,,,,,,,,,,,,,,0.0,0.0,0.0,0.0
N(CCC(=O)OCCOC(=O)C(C)CSCCCC(=O)N(C)CCCN(C)C)(CCC(=O)OCCOC(=O)C(C)CSCCCC(=O)N(C)CCCN(C)C)CCN1CCOCC1,-0.6484086621580379,,,,,,,,,,,,,,,,0.0,0.0,0.0,0.0
CCN(CCC(=O)OCCOC(=O)C(C)CSCCCC(=O)N(C)CCCN(C)C)CCN(CCC(=O)OCCOC(=O)C(C)CSCCCC(=O)N(C)CCCN(C)C)CC,-0.6484086621580379,,,,,,,,,,,,,,,,0.0,0.0,0.0,0.0
C1C(CCN(CCC(=O)OCCOC(=O)C(C)CSCCCC(=O)N(C)CCCN(C)C)(CCC(=O)OCCOC(=O)C(C)CSCCCC(=O)N(C)CCCN(C)C))CCN(CCC(=O)OCCOC(=O)C(C)CSCCCC(=O)N(C)CCCN(C)C)C1,-0.6484086621580379,,,,,,,,,,,,,,,,0.0,0.0,0.0,0.0
N(CCC(=O)OCCOC(=O)C(C)CSCCCC(=O)N(C)CCCN(C)C)(CCC(=O)OCCOC(=O)C(C)CSCCCC(=O)N(C)CCCN(C)C)CCN(CCC(=O)OCCOC(=O)C(C)CSCCCC(=O)N(C)CCCN(C)C)CCN(CCC(=O)OCCOC(=O)C(C)CSCCCC(=O)N(C)CCCN(C)C)CCNCCN(CCC(=O)OCCOC(=O)C(C)CSCCCC(=O)N(C)CCCN(C)C)CCC(=O)OCCOC(=O)C(C)CSCCCC(=O)N(C)CCCN(C)C,-0.6484086621580379,,,,,,,,,,,,,,,,0.0,0.0,0.0,0.0
CCCCCCCCCCN(CCC(=O)OCCOC(=O)C(C)CSCCCC(=O)N(C)CCCN(C)C)CCCCCCCCCC,-0.6484086621580379,,,,,,,,,,,,,,,,0.0,0.0,0.0,0.0
OCCN1CCN(CCC(=O)OCCOC(=O)C(C)CSCCCC(=O)N(C)CCN5(CCCCC5))CC1,-0.6484086621580379,,,,,,,,,,,,,,,,0.0,0.0,0.0,0.0
N(CCC(=O)OCCOC(=O)C(C)CSCCCC(=O)N(C)CCN5(CCCCC5))(CCC(=O)OCCOC(=O)C(C)CSCCCC(=O)N(C)CCN5(CCCCC5))CCN1CCOCC1,-0.6484086621580379,,,,,,,,,,,,,,,,0.0,0.0,0.0,0.0
CCN(CCC(=O)OCCOC(=O)C(C)CSCCCC(=O)N(C)CCN5(CCCCC5))CCN(CCC(=O)OCCOC(=O)C(C)CSCCCC(=O)N(C)CCN5(CCCCC5))CC,-0.6484086621580379,,,,,,,,,,,,,,,,0.0,0.0,0.0,0.0
C1C(CCN(CCC(=O)OCCOC(=O)C(C)CSCCCC(=O)N(C)CCN5(CCCCC5))(CCC(=O)OCCOC(=O)C(C)CSCCCC(=O)N(C)CCN5(CCCCC5)))CCN(CCC(=O)OCCOC(=O)C(C)CSCCCC(=O)N(C)CCN5(CCCCC5))C1,-0.6484086621580379,,,,,,,,,,,,,,,,0.0,0.0,0.0,0.0
N(CCC(=O)OCCOC(=O)C(C)CSCCCC(=O)N(C)CCN5(CCCCC5))(CCC(=O)OCCOC(=O)C(C)CSCCCC(=O)N(C)CCN5(CCCCC5))CCN(CCC(=O)OCCOC(=O)C(C)CSCCCC(=O)N(C)CCN5(CCCCC5))CCN(CCC(=O)OCCOC(=O)C(C)CSCCCC(=O)N(C)CCN5(CCCCC5))CCNCCN(CCC(=O)OCCOC(=O)C(C)CSCCCC(=O)N(C)CCN5(CCCCC5))CCC(=O)OCCOC(=O)C(C)CSCCCC(=O)N(C)CCN5(CCCCC5),-0.6484086621580379,,,,,,,,,,,,,,,,0.0,0.0,0.0,0.0
CCCCCCCCCCN(CCC(=O)OCCOC(=O)C(C)CSCCCC(=O)N(C)CCN5(CCCCC5))CCCCCCCCCC,-0.6484086621580379,,,,,,,,,,,,,,,,0.0,0.0,0.0,0.0
N(CCC(=O)OCCOC(=O)C(C)CSCCCCCCCCCCCCCC)(CCC(=O)OCCOC(=O)C(C)CSCCCCCCCCCCCCCC)CCN(C)C,-1.0896501184994567,,,,,,,,,,,,,,,,0.0,0.0,0.0,0.0
N(CCN(CCC(=O)OCCOC(=O)C(C)CSCCCCCCCCCC)C)(CCN(CCC(=O)OCCOC(=O)C(C)CSCCCCCCCCCC)C)CCN(CCC(=O)OCCOC(=O)C(C)CSCCCCCCCCCC)C,-0.3239500352295682,,,,,,,,,,,,,,,,0.0,0.0,0.0,0.0
N(CCN(CCC(=O)OCCOC(=O)C(C)CSCCCCCCCCCCCCCC)C)(CCN(CCC(=O)OCCOC(=O)C(C)CSCCCCCCCCCCCCCC)C)CCN(CCC(=O)OCCOC(=O)C(C)CSCCCCCCCCCCCCCC)C,-1.0896501184994567,,,,,,,,,,,,,,,,0.0,0.0,0.0,0.0
N(CCC(=O)OCCOC(=O)C(C)CSCCCCCCCCCCCC)(CCC(=O)OCCOC(=O)C(C)CSCCCCCCCCCCCC)CCN(CCC(=O)OCCOC(=O)C(C)CSCCCCCCCCCCCC)CCN(CCC(=O)OCCOC(=O)C(C)CSCCCCCCCCCCCC)CCNCCN(CCC(=O)OCCOC(=O)C(C)CSCCCCCCCCCCCC)CCC(=O)OCCOC(=O)C(C)CSCCCCCCCCCCCC,-0.3239500352295682,,,,,,,,,,,,,,,,0.0,0.0,0.0,0.0
N(CCC(=O)OCCOC(=O)C(C)CSCCCCCCCC)(CCC(=O)OCCOC(=O)C(C)CSCCCCCCCC)CCN(CCC(=O)OCCOC(=O)C(C)CSCCCCCCCC)CCN(CCC(=O)OCCOC(=O)C(C)CSCCCCCCCC)CCNCCN(CCC(=O)OCCOC(=O)C(C)CSCCCCCCCC)CCC(=O)OCCOC(=O)C(C)CSCCCCCCCC,0.4417500480403202,,,,,,,,,,,,,,,,0.0,0.0,0.0,0.0
N(CCC(=O)OCCOC(=O)C(C)CSCCCCCCCCCC)(CCC(=O)OCCOC(=O)C(C)CSCCCCCCCCCC)CCN(CCC(=O)OCCOC(=O)C(C)CSCCCCCCCCCC)CCN(CCC(=O)OCCOC(=O)C(C)CSCCCCCCCCCC)CCNCCN(CCC(=O)OCCOC(=O)C(C)CSCCCCCCCCCC)CCC(=O)OCCOC(=O)C(C)CSCCCCCCCCCC,-1.0896501184994567,,,,,,,,,,,,,,,,0.0,0.0,0.0,0.0
N(CCC(=O)OCCOC(=O)C(C)CSCCCCCCCCCCCC)(CCC(=O)OCCOC(=O)C(C)CSCCCCCCCCCCCC)CCN(CCC(=O)OCCOC(=O)C(C)CSCCCCCCCCCCCC)CCN(CCC(=O)OCCOC(=O)C(C)CSCCCCCCCCCCCC)CCNCCN(CCC(=O)OCCOC(=O)C(C)CSCCCCCCCCCCCC)CCC(=O)OCCOC(=O)C(C)CSCCCCCCCCCCCC,1.2074501313102086,,,,,,,,,,,,,,,,0.0,0.0,0.0,0.0
OC(CC(NCCCN(CCCCCCOC(CCCCCC)=O)CCCCCCOC(CCCCCC)=O)=O)(CC(NCCCN(CCCCCCOC(CCCCCC)=O)CCCCCCOC(CCCCCC)=O)=O)C(NCCCN(CCCCCCOC(CCCCCC)=O)CCCCCCOC(CCCCCC)=O)=O,-0.791935265237036,0.0,0.0,1.0,,0.141974553073968,0.351788837480042,0.21590174472742,0.201831859522378,0.0885030051961923,0.7745,0.148451427756917,0.0,1.0,0.0,150.5,1.0,0.0,0.0,0.0
OC(CC(NCCCCCCCCN(CCCCCCCCCCCC)CCCCCCCCCCCC)=O)(CC(NCCCCCCCCN(CCCCCCCCCCCC)CCCCCCCCCCCC)=O)C(NCCCCCCCCN(CCCCCCCCCCCC)CCCCCCCCCCCC)=O,-0.8014634195641199,0.0,0.0,1.0,,0.118429962362459,0.359442163877919,0.207462553548735,0.206757503800386,0.107907816410501,0.7745,0.141461295642972,0.0,1.0,0.0,77.22,1.0,0.0,0.0,0.0
O=C(OCCCCCCCC/C=C\C/C=C\CCCCC)CCN(CCC(OCCCCCCCC/C=C\C/C=C\CCCCC)=O)CCCCN(CCCCN(CCC(OCCCCCCCC/C=C\C/C=C\CCCCC)=O)CCC(OCCCCCCCC/C=C\C/C=C\CCCCC)=O)CCNC(CCC(NCCC1=CC=C(O)C(O)=C1)=O)=O,-0.6018699598452832,0.0,0.0,1.0,,0.0045463385054505,0.547957057084188,0.42844914578143,0.0150324705651762,0.0040149880637559,,0.0747683143174281,0.0,1.0,0.0,99.27,1.0,0.0,0.0,0.0
O=C(OCCCCCCCC/C=C\C/C=C\CCCCC)CCN(CCC(OCCCCCCCC/C=C\C/C=C\CCCCC)=O)CCCCN(CCCCN(CCC(OCCCCCCCC/C=C\C/C=C\CCCCC)=O)CCC(OCCCCCCCC/C=C\C/C=C\CCCCC)=O)CCNC(CCC(NCCC1=CC=C(O)C(O)=C1)=O)=O,-0.1831517653413406,0.0,1.0,0.0,,0.0064864918435709,0.353238786148937,0.611732175774514,0.0204133713900616,0.0081291748429168,,0.231046253558505,0.0,1.0,0.0,119.7,1.0,0.0,0.0,0.0
O=C(OCCCCCCCC/C=C\C/C=C\CCCCC)CCN(CCC(OCCCCCCCC/C=C\C/C=C\CCCCC)=O)CCCCN(CCCCN(CCC(OCCCCCCCC/C=C\C/C=C\CCCCC)=O)CCC(OCCCCCCCC/C=C\C/C=C\CCCCC)=O)CCNC(CCC(NCCC1=CC=C(O)C(O)=C1)=O)=O,0.5374606746610257,0.0,0.0,1.0,0.0013,0.5194,0.0111,0.4632,0.0,0.0029,0.0021,0.5,1.0,0.0,0.0,93.2,1.0,0.0,0.0,0.0
O=C(OCCCCCCCC/C=C\C/C=C\CCCCC)CCN(CCC(OCCCCCCCC/C=C\C/C=C\CCCCC)=O)CCCCN(CCCCN(CCC(OCCCCCCCC/C=C\C/C=C\CCCCC)=O)CCC(OCCCCCCCC/C=C\C/C=C\CCCCC)=O)CCNC(CCC(NCCC1=CC=C(O)C(O)=C1)=O)=O,-0.4003003988984829,0.0,0.0,1.0,0.0011,0.7685,0.0053,0.2222,0.0,0.0018,0.0011,0.15,1.0,0.0,0.0,66.1,1.0,0.0,0.0,0.0
O=C(OCCCCCCCC/C=C\C/C=C\CCCCC)CCN(CCC(OCCCCCCCC/C=C\C/C=C\CCCCC)=O)CCCCN(CCCCN(CCC(OCCCCCCCC/C=C\C/C=C\CCCCC)=O)CCC(OCCCCCCCC/C=C\C/C=C\CCCCC)=O)CCNC(CCC(NCCC1=CC=C(O)C(O)=C1)=O)=O,-0.6682321342011996,0.0,0.0,1.0,0.0028,0.4022,0.0101,0.5806,0.0,0.003,0.0014,0.05,1.0,0.0,0.0,63.5,1.0,0.0,0.0,0.0
O=C(OCCCCCCCC/C=C\C/C=C\CCCCC)CCN(CCC(OCCCCCCCC/C=C\C/C=C\CCCCC)=O)CCCCN(CCCCN(CCC(OCCCCCCCC/C=C\C/C=C\CCCCC)=O)CCC(OCCCCCCCC/C=C\C/C=C\CCCCC)=O)CCNC(CCC(NCCC1=CC=C(O)C(O)=C1)=O)=O,-0.3735072253682112,0.0,0.0,1.0,0.001,0.5862,0.0188,0.3912,0.0,0.0017,0.0012,0.16,1.0,0.0,0.0,63.7,1.0,0.0,0.0,0.0
O=C(OCCCCCCCC/C=C\C/C=C\CCCCC)CCN(CCC(OCCCCCCCC/C=C\C/C=C\CCCCC)=O)CCCCN(CCCCN(CCC(OCCCCCCCC/C=C\C/C=C\CCCCC)=O)CCC(OCCCCCCCC/C=C\C/C=C\CCCCC)=O)CCNC(CCC(NCCC1=CC=C(O)C(O)=C1)=O)=O,-0.4538867459590262,0.0,0.0,1.0,0.0041,0.5886,0.0211,0.3825,0.0,0.0022,0.0015,0.13,1.0,0.0,0.0,63.8,1.0,0.0,0.0,0.0
O=C(OCCCCCCCC/C=C\C/C=C\CCCCC)CCN(CCC(OCCCCCCCC/C=C\C/C=C\CCCCC)=O)CCCCN(CCCCN(CCC(OCCCCCCCC/C=C\C/C=C\CCCCC)=O)CCC(OCCCCCCCC/C=C\C/C=C\CCCCC)=O)CCNC(CCC(NCCC1=CC=C(O)C(O)=C1)=O)=O,-0.6682321342011996,0.0,0.0,1.0,0.0017,0.5892,0.0129,0.3913,0.0,0.0033,0.0016,0.05,1.0,0.0,0.0,60.6,1.0,0.0,0.0,0.0
O=C(OCCCCCCCC/C=C\C/C=C\CCCCC)CCN(CCC(OCCCCCCCC/C=C\C/C=C\CCCCC)=O)CCCCN(CCCCN(CCC(OCCCCCCCC/C=C\C/C=C\CCCCC)=O)CCC(OCCCCCCCC/C=C\C/C=C\CCCCC)=O)CCNC(CCC(NCCC1=CC=C(O)C(O)=C1)=O)=O,-0.4270935724287545,0.0,0.0,1.0,0.0111,0.1796,0.0671,0.7293,0.0,0.0082,0.0048,0.14,1.0,0.0,0.0,91.5,1.0,0.0,0.0,0.0
O=C(OCCCCCCCC/C=C\C/C=C\CCCCC)CCN(CCC(OCCCCCCCC/C=C\C/C=C\CCCCC)=O)CCCCN(CCCCN(CCC(OCCCCCCCC/C=C\C/C=C\CCCCC)=O)CCC(OCCCCCCCC/C=C\C/C=C\CCCCC)=O)CCNC(CCC(NCCC1=CC=C(O)C(O)=C1)=O)=O,-0.4003003988984829,0.0,0.0,1.0,0.0167,0.2598,0.0289,0.6793,0.0,0.0104,0.0049,0.15,1.0,0.0,0.0,76.1,1.0,0.0,0.0,0.0
O=C(OCCCCCCCC/C=C\C/C=C\CCCCC)CCN(CCC(OCCCCCCCC/C=C\C/C=C\CCCCC)=O)CCCCN(CCCCN(CCC(OCCCCCCCC/C=C\C/C=C\CCCCC)=O)CCC(OCCCCCCCC/C=C\C/C=C\CCCCC)=O)CCNC(CCC(NCCC1=CC=C(O)C(O)=C1)=O)=O,-0.2663345312471245,0.0,0.0,1.0,0.0042,0.3443,0.0298,0.6172,0.0,0.003,0.0015,0.2,1.0,0.0,0.0,78.7,1.0,0.0,0.0,0.0
O=C(OCCCCCCCC/C=C\C/C=C\CCCCC)CCN(CCC(OCCCCCCCC/C=C\C/C=C\CCCCC)=O)CCCCN(CCCCN(CCC(OCCCCCCCC/C=C\C/C=C\CCCCC)=O)CCC(OCCCCCCCC/C=C\C/C=C\CCCCC)=O)CCNC(CCC(NCCC1=CC=C(O)C(O)=C1)=O)=O,-0.2127481841865811,0.0,0.0,1.0,0.0067,0.5909,0.0142,0.385,0.0,0.0019,0.0013,0.22,1.0,0.0,0.0,84.5,1.0,0.0,0.0,0.0
O=C(OCCCCCCCC/C=C\C/C=C\CCCCC)CCN(CCC(OCCCCCCCC/C=C\C/C=C\CCCCC)=O)CCCCN(CCCCN(CCC(OCCCCCCCC/C=C\C/C=C\CCCCC)=O)CCC(OCCCCCCCC/C=C\C/C=C\CCCCC)=O)CCNC(CCC(NCCC1=CC=C(O)C(O)=C1)=O)=O,-0.5878526136103845,0.0,0.0,1.0,0.0122,0.2395,0.0594,0.6818,0.0,0.0044,0.0028,0.08,1.0,0.0,0.0,63.5,1.0,0.0,0.0,0.0
O=C(OCCCCCCCC/C=C\C/C=C\CCCCC)CCN(CCC(OCCCCCCCC/C=C\C/C=C\CCCCC)=O)CCCCN(CCCCN(CCC(OCCCCCCCC/C=C\C/C=C\CCCCC)=O)CCC(OCCCCCCCC/C=C\C/C=C\CCCCC)=O)CCNC(CCC(NCCC1=CC=C(O)C(O)=C1)=O)=O,-0.6146457871406562,0.0,0.0,1.0,0.0029,0.3338,0.0151,0.6429,0.0,0.0029,0.0024,0.07,1.0,0.0,0.0,70.0,1.0,0.0,0.0,0.0
O=C(OCCCCCCCC/C=C\C/C=C\CCCCC)CCN(CCC(OCCCCCCCC/C=C\C/C=C\CCCCC)=O)CCCCN(CCCCN(CCC(OCCCCCCCC/C=C\C/C=C\CCCCC)=O)CCC(OCCCCCCCC/C=C\C/C=C\CCCCC)=O)CCNC(CCC(NCCC1=CC=C(O)C(O)=C1)=O)=O,-0.4270935724287545,0.0,0.0,1.0,0.0141,0.3243,0.0592,0.5845,0.0,0.0073,0.0106,0.14,1.0,0.0,0.0,80.2,1.0,0.0,0.0,0.0
O=C(OCCCCCCCC/C=C\C/C=C\CCCCC)CCN(CCC(OCCCCCCCC/C=C\C/C=C\CCCCC)=O)CCCCN(CCCCN(CCC(OCCCCCCCC/C=C\C/C=C\CCCCC)=O)CCC(OCCCCCCCC/C=C\C/C=C\CCCCC)=O)CCNC(CCC(NCCC1=CC=C(O)C(O)=C1)=O)=O,-0.5342662665498412,0.0,0.0,1.0,0.0064,0.3777,0.0093,0.6006,0.0,0.0034,0.0026,0.1,1.0,0.0,0.0,121.1,1.0,0.0,0.0,0.0
O=C(OCCCCCCCC/C=C\C/C=C\CCCCC)CCN(CCC(OCCCCCCCC/C=C\C/C=C\CCCCC)=O)CCCCN(CCCCN(CCC(OCCCCCCCC/C=C\C/C=C\CCCCC)=O)CCC(OCCCCCCCC/C=C\C/C=C\CCCCC)=O)CCNC(CCC(NCCC1=CC=C(O)C(O)=C1)=O)=O,1.3680490540994477,0.0,0.0,1.0,0.0024,0.4642,0.0093,0.5174,0.0,0.0039,0.0028,0.81,1.0,0.0,0.0,91.5,1.0,0.0,0.0,0.0
O=C(OCCCCCCCC/C=C\C/C=C\CCCCC)CCN(CCC(OCCCCCCCC/C=C\C/C=C\CCCCC)=O)CCCCN(CCCCN(CCC(OCCCCCCCC/C=C\C/C=C\CCCCC)=O)CCC(OCCCCCCCC/C=C\C/C=C\CCCCC)=O)CCNC(CCC(NCCC1=CC=C(O)C(O)=C1)=O)=O,-0.5074730930195696,0.0,0.0,1.0,0.033,0.1094,0.0325,0.8115,0.0,0.0056,0.008,0.11,1.0,0.0,0.0,79.1,1.0,0.0,0.0,0.0
O=C(OCCCCCCCC/C=C\C/C=C\CCCCC)CCN(CCC(OCCCCCCCC/C=C\C/C=C\CCCCC)=O)CCCCN(CCCCN(CCC(OCCCCCCCC/C=C\C/C=C\CCCCC)=O)CCC(OCCCCCCCC/C=C\C/C=C\CCCCC)=O)CCNC(CCC(NCCC1=CC=C(O)C(O)=C1)=O)=O,0.1623562452372222,0.0,0.0,1.0,0.0087,0.2348,0.011,0.7393,0.0,0.003,0.0033,0.36,1.0,0.0,0.0,101.8,1.0,0.0,0.0,0.0
O=C(OCCCCCCCCCCCC)CCN(CCC(OCCCCCCCCCCCC)=O)CCCCCCN(CCCCCCN(CCC(OCCCCCCCCCCCC)=O)CCC(OCCCCCCCCCCCC)=O)CCN1CCOCC1,,0.0,0.0,1.0,0.0253701689981931,0.009852095920987,0.307949537646453,0.622300893638244,0.0174680522283724,0.0170592515677505,,,0.0,1.0,0.0,117.1,1.0,0.0,0.0,0.0
O=C(OCCCCCCCCCCCC)CCN(CCC(OCCCCCCCCCCCC)=O)CCCCCCN(CCCCCCN(CCC(OCCCCCCCCCCCC)=O)CCC(OCCCCCCCCCCCC)=O)CCCN1CCOCC1,-0.7969647431649118,0.0,0.0,1.0,0.0089476357008152,0.0018290377317914,0.430416319953847,0.549730482792046,0.007578868566133,0.0014976552553668,,0.0019532059842532,0.0,1.0,0.0,97.96,1.0,0.0,0.0,0.0
O=C(OCCCCCCCCCCCCCC)CCN(CCC(OCCCCCCCCCCCCCC)=O)CCCCCCN(CCCCCCN(CCC(OCCCCCCCCCCCCCC)=O)CCC(OCCCCCCCCCCCCCC)=O)CCN1CCOCC1,-0.7991215829521934,0.0,0.0,1.0,0.0075756832825018,0.0022051087353967,0.728025615125869,0.236446776884745,0.0226429923353559,0.0031038236361318,,0.0011482099710543,0.0,1.0,0.0,97.78,1.0,0.0,0.0,0.0
O=C(OCCCCCCCCCCCCCC)CCN(CCC(OCCCCCCCCCCCCCC)=O)CCCCCCN(CCCCCCN(CCC(OCCCCCCCCCCCCCC)=O)CCC(OCCCCCCCCCCCCCC)=O)CCCN1CCOCC1,-0.8007013681934233,0.0,0.0,1.0,0.0059996054738345,0.0018747192240793,0.58725363712808,0.393842224090862,0.0090870606936749,0.0019427533894693,,0.0005585876781053,0.0,1.0,0.0,108.73,1.0,0.0,0.0,0.0
O=C(OCCCCCCCC/C=C\C/C=C\CCCCC)CCN(CCC(OCCCCCCCC/C=C\C/C=C\CCCCC)=O)CCCCCCN(CCCCCCN(CCC(OCCCCCCCC/C=C\C/C=C\CCCCC)=O)CCC(OCCCCCCCC/C=C\C/C=C\CCCCC)=O)CCN1CCOCC1,-0.8017988959159266,0.0,0.0,1.0,0.0207124354254999,0.0076780717348959,0.560331852523788,0.3797189836544,0.0206003960524344,0.0109582606089812,,0.0001489580680618,0.0,1.0,0.0,79.39,1.0,0.0,0.0,0.0
O=C(OCCCCCCCC/C=C\C/C=C\CCCCC)CCN(CCC(OCCCCCCCC/C=C\C/C=C\CCCCC)=O)CCCCCCN(CCCCCCN(CCC(OCCCCCCCC/C=C\C/C=C\CCCCC)=O)CCC(OCCCCCCCC/C=C\C/C=C\CCCCC)=O)CCCN1CCOCC1,-0.7881421121600956,0.0,0.0,1.0,0.0084525958204246,0.0017060038995469,0.807774257087237,0.172171860632781,0.0085112385067042,0.0013840440533058,,0.0052460712339961,0.0,1.0,0.0,96.31,1.0,0.0,0.0,0.0
O=C(OCCCCCCCCCCCC)CCN(CCC(OCCCCCCCCCCCC)=O)CCCCCCN(CCCCCCN(CCC(OCCCCCCCCCCCC)=O)CCC(OCCCCCCCCCCCC)=O)CCN1CCOCC1,-0.9897614555135764,0.0,0.0,1.0,0.0142965461163966,0.0027309936905811,0.2951874813445,0.196790510597468,0.0056758466023259,0.0090072471972433,0.476311374451485,0.0033203605888808,0.0,1.0,0.0,117.1,1.0,0.0,0.0,0.0
O=C(OCCCCCCCCCCCC)CCN(CCC(OCCCCCCCCCCCC)=O)CCCCCCN(CCCCCCN(CCC(OCCCCCCCCCCCC)=O)CCC(OCCCCCCCCCCCC)=O)CCCN1CCOCC1,-0.9308772360401942,0.0,0.0,1.0,0.0426258503334726,0.0008871270421757,0.102099604743599,0.057196348771858,0.0022243478008179,0.0016296102567166,0.79333711105136,0.0465195426566469,0.0,1.0,0.0,97.96,1.0,0.0,0.0,0.0
O=C(OCCCCCCCCCCCCCC)CCN(CCC(OCCCCCCCCCCCCCC)=O)CCCCCCN(CCCCCCN(CCC(OCCCCCCCCCCCCCC)=O)CCC(OCCCCCCCCCCCCCC)=O)CCN1CCOCC1,-0.9248777343515492,0.0,0.0,1.0,0.0182648912592805,0.0004628676766682,0.083073077462289,0.0429608616930204,0.0019582576428722,0.000923423624969,0.852356620640901,0.0509209522037464,0.0,1.0,0.0,97.78,1.0,0.0,0.0,0.0
O=C(OCCCCCCCCCCCCCC)CCN(CCC(OCCCCCCCCCCCCCC)=O)CCCCCCN(CCCCCCN(CCC(OCCCCCCCCCCCCCC)=O)CCC(OCCCCCCCCCCCCCC)=O)CCCN1CCOCC1,-0.9722036720866084,0.0,0.0,1.0,0.0068908069603713,0.0006295478739985,0.021394314943629,0.042448777163022,0.0019870837214295,0.0024844406047597,0.92416502873279,0.016201262972428,0.0,1.0,0.0,108.73,1.0,0.0,0.0,0.0
O=C(OCCCCCCCC/C=C\C/C=C\CCCCC)CCN(CCC(OCCCCCCCC/C=C\C/C=C\CCCCC)=O)CCCCCCN(CCCCCCN(CCC(OCCCCCCCC/C=C\C/C=C\CCCCC)=O)CCC(OCCCCCCCC/C=C\C/C=C\CCCCC)=O)CCN1CCOCC1,-0.9859664849021712,0.0,0.0,1.0,0.0116932676375475,0.0010373902776432,0.0525071135910941,0.0215477599193875,0.0036887475843524,0.0040097246085557,0.905515996381419,0.006104461793755,0.0,1.0,0.0,79.39,1.0,0.0,0.0,0.0
O=C(OCCCCCCCC/C=C\C/C=C\CCCCC)CCN(CCC(OCCCCCCCC/C=C\C/C=C\CCCCC)=O)CCCCCCN(CCCCCCN(CCC(OCCCCCCCC/C=C\C/C=C\CCCCC)=O)CCC(OCCCCCCCC/C=C\C/C=C\CCCCC)=O)CCCN1CCOCC1,-0.9192510088316288,0.0,0.0,1.0,0.0237911981258413,0.0006720720305597,0.18334881014348,0.0466442684044473,0.0018824638934595,0.0009536483447079,0.742707539057504,0.0550488822731985,0.0,1.0,0.0,96.31,1.0,0.0,0.0,0.0
O=C(OCCCCCCCC)CCN(CCC(OCCCCCCCC)=O)CCCCN(CCNC([C@@H](N)C)=O)CCCCN(CCC(OCCCCCCCC)=O)CCC(OCCCCCCCC)=O,-0.7373860757046113,0.0,0.0,1.0,0.0026810035158355,0.0024043163202511,0.142040711181502,0.523320437165769,0.324868931367264,0.0046846004493781,,0.0241897161135915,0.0,1.0,0.0,107.3,1.0,0.0,0.0,0.0
O=C(OCCCCCCCC)CCN(CCC(OCCCCCCCC)=O)CCCCN(CCNC([C@@H](N)C)=O)CCCCN(CCC(OCCCCCCCC)=O)CCC(OCCCCCCCC)=O,-0.990510653302673,0.0,0.0,1.0,0.0418659426619505,0.0219153925677162,0.21668759621254,0.199875450362037,0.113029824089051,0.0495629458661235,0.357062848240582,0.0027707272238572,0.0,1.0,0.0,107.3,1.0,0.0,0.0,0.0
O=C(OCCCCCCCC)CCN(CCC(OCCCCCCCC)=O)CCCCN(CCN(CC1=NC=CS1)CC2=NC=CS2)CCCCN(CCC(OCCCCCCCC)=O)CCC(OCCCCCCCC)=O,-0.985574841327349,0.0,0.0,1.0,0.0076735853780744,0.002332156539962,0.0713684727707158,0.307444763898641,0.0172788380976704,0.0051122829565304,0.588789900358405,0.0063917829512014,0.0,1.0,0.0,148.7,1.0,0.0,0.0,0.0
O=C(OCCCCCCCC)CCN(CCC(OCCCCCCCC)=O)CCCCN(CCN(CC1=NC=CS1)CC2=NC=CS2)CCCCN(CCC(OCCCCCCCC)=O)CCC(OCCCCCCCC)=O,-0.7321288106333492,0.0,0.0,1.0,0.0011511979711456,0.0003959818507672,0.0538124209539168,0.93604524664705,0.007365029721909,0.0012301228552114,,0.0261518819859255,0.0,1.0,0.0,148.7,1.0,0.0,0.0,0.0
O=C(OCCCCCCCC)CCN(CCC(OCCCCCCCC)=O)CCCCN(CCCCN(CCC(OCCCCCCCC)=O)CCC(OCCCCCCCC)=O)CCNC(CCC(NCCC1=CC=C(O)C(O)=C1)=O)=O,-0.10850831428963,0.0,0.0,1.0,0.0318391346416656,0.0003415522251137,0.113678281409446,0.242279767731552,0.0038755061945447,0.0008716251103375,0.60711413268734,0.649833386251602,0.0,1.0,0.0,97.98,1.0,0.0,0.0,0.0
O=C(OCCCCCCCC)CCN(CCC(OCCCCCCCC)=O)CCCCN(CCCCN(CCC(OCCCCCCCC)=O)CCC(OCCCCCCCC)=O)CCNC(CCC(NCCC1=CC=C(O)C(O)=C1)=O)=O,-0.1255142024330316,0.0,0.0,1.0,0.000599963927151,0.0003979977527346,0.420976508827142,0.560178394908249,0.017044159994242,0.0008029745904808,,0.25255828640642,0.0,1.0,0.0,97.98,1.0,0.0,0.0,0.0
O=C(OCCCCCCCC)CCN(CCC(OCCCCCCCC)=O)CCCCN(CCCCN(CCC(OCCCCCCCC)=O)CCC(OCCCCCCCC)=O)CCNC(CCC(NCCC1=CC=C(O)C(O)=C1)=O)=O,1.2694646829610237,0.0,0.0,1.0,0.0047850951415261,0.0006759117725754,0.46069265034102,0.522359359837259,0.0109775121699624,0.0005094707376577,,0.773205414607926,0.0,1.0,0.0,88.6533333333333,1.0,0.0,0.0,0.0
O=C(OCCCCCCCC)CCN(CCC(OCCCCCCCC)=O)CCCCN(CCCCN(CCC(OCCCCCCCC)=O)CCC(OCCCCCCCC)=O)CCNC([C@@H](N)CS)=O,4.097530715581598,0.0,0.0,1.0,0.0022628518538855,0.0005628723058581,0.731364439797527,0.256932619347553,0.0082545123860061,0.0006227043091702,,1.82872279459479,0.0,1.0,0.0,80.8733333333333,1.0,0.0,0.0,0.0
O=C(OCCCCCCCC)CCN(CCC(OCCCCCCCC)=O)CCCCN(CCCCN(CCC(OCCCCCCCC)=O)CCC(OCCCCCCCC)=O)CCNC(CCC(NCCC1=CC=C(O)C(O)=C1)=O)=O,-0.077705078749247,0.0,0.0,1.0,0.0442923458834068,0.0005545265033133,0.106459881295074,0.192526940733964,0.0031168288219699,0.0006230420688089,0.652426434693463,0.672431538902446,0.0,1.0,0.0,88.6533333333333,1.0,0.0,0.0,0.0
O=C(OCCCCCCCC)CCN(CCC(OCCCCCCCC)=O)CCCCN(CCCCN(CCC(OCCCCCCCC)=O)CCC(OCCCCCCCC)=O)CCNC([C@@H](N)CS)=O,0.7884128775334499,0.0,0.0,1.0,0.0512990735432809,0.0006721896554912,0.187343972483681,0.232187436433234,0.0031479187085082,0.0014667973445272,0.523882611831278,1.30784095113947,0.0,1.0,0.0,80.8733333333333,1.0,0.0,0.0,0.0
O=C(OCCCCCCCCCCCC)CCN(CCC(OCCCCCCCCCCCC)=O)CCCCN(CCCCN(CCC(OCCCCCCCCCCCC)=O)CCC(OCCCCCCCCCCCC)=O)CCNC([C@@H](N)CS)=O,2.55125196627191,0.0,0.0,1.0,0.004057997029842,0.002250472241821,0.719270208750414,0.257208699720685,0.0138718178214465,0.0033408044357904,,1.25160610942024,0.0,1.0,0.0,115.73,1.0,0.0,0.0,0.0
O=C(OCCCCCCCCCCCC)CCN(CCC(OCCCCCCCCCCCC)=O)CCCCN(CCCCN(CCC(OCCCCCCCCCCCC)=O)CCC(OCCCCCCCCCCCC)=O)CCNC(CCC(NCCC1=CC=C(O)C(O)=C1)=O)=O,-0.3854645655577952,0.0,0.0,1.0,0.0027298296580378,0.0001723653525173,0.498048022051036,0.479137442306018,0.0180316959727267,0.0018806446596641,,0.155537169131505,0.0,1.0,0.0,106.3,1.0,0.0,0.0,0.0
O=C(OCCCCCCCCCCCCCC)CCN(CCC(OCCCCCCCCCCCCCC)=O)CCCCN(CCCCN(CCC(OCCCCCCCCCCCCCC)=O)CCC(OCCCCCCCCCCCCCC)=O)CCNC(CCC(NCCC1=CC=C(O)C(O)=C1)=O)=O,-0.7432923824747557,0.0,0.0,1.0,0.0027328620025507,0.00260055069792,0.431146257918051,0.50349018951458,0.0550138028095967,0.0050163370573022,,0.021985308799366,0.0,1.0,0.0,134.93,1.0,0.0,0.0,0.0
O=C(OCCCCCCCC/C=C\C/C=C\CCCCC)CCN(CCC(OCCCCCCCC/C=C\C/C=C\CCCCC)=O)CCCCN(CCCCN(CCC(OCCCCCCCC/C=C\C/C=C\CCCCC)=O)CCC(OCCCCCCCC/C=C\C/C=C\CCCCC)=O)CCNC(CCC(NCCC1=CC=C(O)C(O)=C1)=O)=O,-0.4804208537170348,0.0,0.0,1.0,0.0016652857615801,0.0001768860386207,0.205207225042143,0.750916028545382,0.0392720451710516,0.0027625294412219,,0.120096690961961,1.0,0.0,0.0,113.66,1.0,0.0,0.0,0.0
O=C(OCCCCCCCCCCCC)CCN(CCC(OCCCCCCCCCCCC)=O)CCCCN(CCCCN(CCC(OCCCCCCCCCCCC)=O)CCC(OCCCCCCCCCCCC)=O)CCNC(CCC(NCCC1=CC=C(O)C(O)=C1)=O)=O,-0.6285558081547861,0.0,0.0,1.0,0.0567289157085495,0.00653348267008,0.064839577285576,0.335055277453961,0.0144955694225392,0.0143736618741762,0.507973515585118,0.268311366051918,0.0,1.0,0.0,106.3,1.0,0.0,0.0,0.0
O=C(OCCCCCCCCCCCCCC)CCN(CCC(OCCCCCCCCCCCCCC)=O)CCCCN(CCCCN(CCC(OCCCCCCCCCCCCCC)=O)CCC(OCCCCCCCCCCCCCC)=O)CCNC(CCC(NCCC1=CC=C(O)C(O)=C1)=O)=O,-0.8931674745225602,0.0,0.0,1.0,0.0248552898268163,0.0125192728735768,0.0725307642598596,0.0355254691282667,0.0214395648154144,0.0248745799236939,0.808255059172372,0.0741845243461588,0.0,1.0,0.0,134.93,1.0,0.0,0.0,0.0
O=C(OCCCCCCCC/C=C\C/C=C\CCCCC)CCN(CCC(OCCCCCCCC/C=C\C/C=C\CCCCC)=O)CCCCN(CCCCN(CCC(OCCCCCCCC/C=C\C/C=C\CCCCC)=O)CCC(OCCCCCCCC/C=C\C/C=C\CCCCC)=O)CCNC(CCC(NCCC1=CC=C(O)C(O)=C1)=O)=O,-0.2745293495749457,0.0,0.0,1.0,0.0883917007893502,0.0017459983891192,0.0536405332414895,0.100118671210748,0.007719900633961,0.0063977611823573,0.741985434552974,0.528035509086713,1.0,0.0,0.0,113.66,1.0,0.0,0.0,0.0
O=C(OCCCCCCCC)CCN(CCC(OCCCCCCCC)=O)CCCCCCN(CCCCCCN(CCC(OCCCCCCCC)=O)CCC(OCCCCCCCC)=O)CCNC(CCC(NCCC1=CC=C(O)C(O)=C1)=O)=O,0.1424509170688871,0.0,0.0,1.0,0.0015927865544738,0.0018661116019632,0.488795918944862,0.485247409700546,0.018616198181097,0.0038815750170575,,0.352570746370957,0.0,1.0,0.0,117.4,1.0,0.0,0.0,0.0
C=CCCN(CCC(=O)OCCCCCCCCCC)CCC(=O)OCCCCCCCCCC,0.591397231845286,,,,,,,,,,,,,,,,0.0,0.0,0.0,0.0
C=CCCN(CCC(=O)OCCCCCCCCCCC)CCC(=O)OCCCCCCCCCCC,0.4464436966177804,,,,,,,,,,,,,,,,0.0,0.0,0.0,0.0
C=CCCN(CCC(=O)OCCCCCCCCCCCC)CCC(=O)OCCCCCCCCCCCC,0.3761021574944853,,,,,,,,,,,,,,,,0.0,0.0,0.0,0.0
C=CCCN(CCC(=O)OCCCCCCCCCCCCC)CCC(=O)OCCCCCCCCCCCCC,0.2708717194725697,,,,,,,,,,,,,,,,0.0,0.0,0.0,0.0
C=CCCN(CCC(=O)OCCCCCCCCCCCCCC)CCC(=O)OCCCCCCCCCCCCCC,0.0051305835601997,,,,,,,,,,,,,,,,0.0,0.0,0.0,0.0
CCCCCCCCCCCCCCOC(=O)CCN(C)c1ccc(Cc2ccc(N(CCC(=O)OCCCCCCCCCCCCCC)CCC(=O)OCCCCCCCCCCCCCC)cc2)cc1,-0.901633030138046,,,,,,,,,,,,,,,,0.0,0.0,0.0,0.0
CCCCCCCCCCCCCCOC(=O)CCN(C)CCOCCOCCN(C)CCC(=O)OCCCCCCCCCCCCCC,-0.2678087156138258,,,,,,,,,,,,,,,,0.0,0.0,0.0,0.0
CCCCCCCCCCCCCCOC(=O)CCN(CC)CCCN(CC)CCC(=O)OCCCCCCCCCCCCCC,1.0069424470652983,,,,,,,,,,,,,,,,0.0,0.0,0.0,0.0
CCCCCCCCCCCCCCOC(=O)CCN(CCC(=O)OCCCCCCCCCCCCCC)[C@@H]1CCCC[C@H]1N(CCC(=O)OCCCCCCCCCCCCCC)CCC(=O)OCCCCCCCCCCCCCC,0.7050240898181552,,,,,,,,,,,,,,,,0.0,0.0,0.0,0.0
CCCCCCCCCCCCCCOC(=O)CCN(CCC(=O)OCCCCCCCCCCCCCC)C(C)(C)CC(C)(C)C,-0.454068115047131,,,,,,,,,,,,,,,,0.0,0.0,0.0,0.0
CCCCCCCCCCCCCCOC(=O)CCN(CCC(=O)OCCCCCCCCCCCCCC)C(C)(CO)CO,-0.1862201872803275,,,,,,,,,,,,,,,,0.0,0.0,0.0,0.0
CCCCCCCCCCCCCCOC(=O)CCN(CCC(=O)OCCCCCCCCCCCCCC)C[C@@H](C)O,-1.2771475721062835,,,,,,,,,,,,,,,,0.0,0.0,0.0,0.0
CCCCCCCCCCCCCCOC(=O)CCN(CCC(=O)OCCCCCCCCCCCCCC)c1c(C)cc(-c2cc(C)c(N(CCC(=O)OCCCCCCCCCCCCCC)CCC(=O)OCCCCCCCCCCCCCC)c(C)c2)cc1C,0.4085662644094913,,,,,,,,,,,,,,,,0.0,0.0,0.0,0.0
CCCCCCCCCCCCCCOC(=O)CCN(CCC(=O)OCCCCCCCCCCCCCC)c1c(N(CCC(=O)OCCCCCCCCCCCCCC)CCC(=O)OCCCCCCCCCCCCCC)c2ccccc2c2ccccc12,0.21180899640785,,,,,,,,,,,,,,,,0.0,0.0,0.0,0.0
CCCCCCCCCCCCCCOC(=O)CCN(CCC(=O)OCCCCCCCCCCCCCC)c1cc(F)c(F)c(F)c1,-0.4042862846414677,,,,,,,,,,,,,,,,0.0,0.0,0.0,0.0
CCCCCCCCCCCCCCOC(=O)CCN(CCC(=O)OCCCCCCCCCCCCCC)c1cc(F)cc(F)c1,0.548777819876631,,,,,,,,,,,,,,,,0.0,0.0,0.0,0.0
CCCCCCCCCCCCCCOC(=O)CCN(CCC(=O)OCCCCCCCCCCCCCC)c1ccc(C(C)C)cc1,0.0110100227981061,,,,,,,,,,,,,,,,0.0,0.0,0.0,0.0
CCCCCCCCCCCCCCOC(=O)CCN(CCC(=O)OCCCCCCCCCCCCCC)c1ccc(C)c(F)c1,-0.2649701090035989,,,,,,,,,,,,,,,,0.0,0.0,0.0,0.0
CCCCCCCCCCCCCCOC(=O)CCN(CCC(=O)OCCCCCCCCCCCCCC)C1CCC(CC2CCC(N(CCC(=O)OCCCCCCCCCCCCCC)CCC(=O)OCCCCCCCCCCCCCC)C(C)C2)CC1C,0.0518760360235375,,,,,,,,,,,,,,,,0.0,0.0,0.0,0.0
CCCCCCCCCCCCCCOC(=O)CCN(CCC(=O)OCCCCCCCCCCCCCC)c1ccc(F)c(F)c1,-1.2771475721062835,,,,,,,,,,,,,,,,0.0,0.0,0.0,0.0
CCCCCCCCCCCCCCOC(=O)CCN(CCC(=O)OCCCCCCCCCCCCCC)c1ccc(N(CCC(=O)OCCCCCCCCCCCCCC)CCC(=O)OCCCCCCCCCCCCCC)cc1,-0.390211643649679,,,,,,,,,,,,,,,,0.0,0.0,0.0,0.0
CCCCCCCCCCCCCCOC(=O)CCN(CCC(=O)OCCCCCCCCCCCCCC)c1ccc(OC(F)F)cc1,-0.591290224799168,,,,,,,,,,,,,,,,0.0,0.0,0.0,0.0
CCCCCCCCCCCCCCOC(=O)CCN(CCC(=O)OCCCCCCCCCCCCCC)c1ccc2ccccc2c1-c1c(N(CCC(=O)OCCCCCCCCCCCCCC)CCC(=O)OCCCCCCCCCCCCCC)ccc2ccccc12,-0.7475413310858355,,,,,,,,,,,,,,,,0.0,0.0,0.0,0.0
CCCCCCCCCCCCCCOC(=O)CCN(CCC(=O)OCCCCCCCCCCCCCC)c1cccc(C(F)(F)F)c1,0.1056950040466998,,,,,,,,,,,,,,,,0.0,0.0,0.0,0.0
CCCCCCCCCCCCCCOC(=O)CCN(CCC(=O)OCCCCCCCCCCCCCC)c1cccc(OC(C)C)c1,-1.2771475721062835,,,,,,,,,,,,,,,,0.0,0.0,0.0,0.0
CCCCCCCCCCCCCCOC(=O)CCN(CCC(=O)OCCCCCCCCCCCCCC)c1cccc2cccc(N(CCC(=O)OCCCCCCCCCCCCCC)CCC(=O)OCCCCCCCCCCCCCC)c12,-0.3037272849166633,,,,,,,,,,,,,,,,0.0,0.0,0.0,0.0
CCCCCCCCCCCCCCOC(=O)CCN(CCC(=O)OCCCCCCCCCCCCCC)c1ccccc1OC,-0.0735636039069567,,,,,,,,,,,,,,,,0.0,0.0,0.0,0.0
CCCCCCCCCCCCCCOC(=O)CCN(CCC(=O)OCCCCCCCCCCCCCC)c1ccccc1OCC,-1.2771475721062835,,,,,,,,,,,,,,,,0.0,0.0,0.0,0.0
CCCCCCCCCCCCCCOC(=O)CCN(CCC(=O)OCCCCCCCCCCCCCC)CC(CC)CCCC,-1.0772352717118658,,,,,,,,,,,,,,,,0.0,0.0,0.0,0.0
CCCCCCCCCCCCCCOC(=O)CCN(CCC(=O)OCCCCCCCCCCCCCC)CC[C@H](C)O,-0.3210051011055958,,,,,,,,,,,,,,,,0.0,0.0,0.0,0.0
CCCCCCCCCCCCCCOC(=O)CCN(CCC(=O)OCCCCCCCCCCCCCC)Cc1cc(C)c(OC)c(OC)c1,-1.2716618507217066,,,,,,,,,,,,,,,,0.0,0.0,0.0,0.0
CCCCCCCCCCCCCCOC(=O)CCN(CCC(=O)OCCCCCCCCCCCCCC)CC1CCCN1C,0.6335894472409644,,,,,,,,,,,,,,,,0.0,0.0,0.0,0.0
CCCCCCCCCCCCCCOC(=O)CCN(CCC(=O)OCCCCCCCCCCCCCC)CC1CCN(C)CC1,0.1419733532987845,,,,,,,,,,,,,,,,0.0,0.0,0.0,0.0
CCCCCCCCCCCCCCOC(=O)CCN(CCC(=O)OCCCCCCCCCCCCCC)CC1COC(C)(C)O1,-0.0824804408344383,,,,,,,,,,,,,,,,0.0,0.0,0.0,0.0
CCCCCCCCCCCCCCOC(=O)CCN(CCC(=O)OCCCCCCCCCCCCCC)CCC(c1ccccc1)c1ccccc1,0.0035467013977935,,,,,,,,,,,,,,,,0.0,0.0,0.0,0.0
CCCCCCCCCCCCCCOC(=O)CCN(CCC(=O)OCCCCCCCCCCCCCC)CCC1OCCO1,-0.3914454781874666,,,,,,,,,,,,,,,,0.0,0.0,0.0,0.0
CCCCCCCCCCCCCCOC(=O)CCN(CCC(=O)OCCCCCCCCCCCCCC)CCN(C(C)C)C(C)C,-0.1440950724463659,,,,,,,,,,,,,,,,0.0,0.0,0.0,0.0
CCCCCCCCCCCCCCOC(=O)CCN(CCC(=O)OCCCCCCCCCCCCCC)CCN(CC)CCN(CC)CCN(CCC(=O)OCCCCCCCCCCCCCC)CCC(=O)OCCCCCCCCCCCCCC,3.499412855134573,,,,,,,,,,,,,,,,0.0,0.0,0.0,0.0
CCCCCCCCCCCCCCOC(=O)CCN(CCC(=O)OCCCCCCCCCCCCCC)CCN(CCC(=O)OCCCCCCCCCCCCCC)C(C)C,-1.2771475721062835,,,,,,,,,,,,,,,,0.0,0.0,0.0,0.0
CCCCCCCCCCCCCCOC(=O)CCN(CCC(=O)OCCCCCCCCCCCCCC)CN(CC)CCC,0.0944422959030904,,,,,,,,,,,,,,,,0.0,0.0,0.0,0.0
CCCCCCCCCCCCCCOC(=O)CCN(CCCc1ccccc1)CCC(=O)OCCCCCCCCCCCCCC,-0.2649973976785379,,,,,,,,,,,,,,,,0.0,0.0,0.0,0.0
CCCCCCCCCCCCCCOC(=O)CCN(CCCCCC)CCC(=O)OCCCCCCCCCCCCCC,-0.0148272476696126,,,,,,,,,,,,,,,,0.0,0.0,0.0,0.0
CCCCCCCCCCCCCCOC(=O)CCN(CCCN(CC)CC)CCC(=O)OCCCCCCCCCCCCCC,0.2692455684884921,,,,,,,,,,,,,,,,0.0,0.0,0.0,0.0
CCCCCCCCCCCCCCOC(=O)CCN(CCCN(CCCN(CCC(=O)OCCCCCCCCCCCCCC)CCC(=O)OCCCCCCCCCCCCCC)CCC(=O)OCCCCCCCCCCCCCC)CCCN(CCC(=O)OCCCCCCCCCCCCCC)CCC(=O)OCCCCCCCCCCCCCC,0.9412030392067404,,,,,,,,,,,,,,,,0.0,0.0,0.0,0.0
CCCCCCCCCCCCCCOC(=O)CCN(CCCN1CCN(C(C)C)CC1)CCC(=O)OCCCCCCCCCCCCCC,-0.9075426443530484,,,,,,,,,,,,,,,,0.0,0.0,0.0,0.0
CCCCCCCCCCCCCCOC(=O)CCN(CCCOC)CCC(=O)OCCCCCCCCCCCCCC,0.7283588349373488,,,,,,,,,,,,,,,,0.0,0.0,0.0,0.0
CCCCCCCCCCCCCCOC(=O)CCN(CCCOCCOCCOCCCN(CCC(=O)OCCCCCCCCCCCCCC)CCC(=O)OCCCCCCCCCCCCCC)CCC(=O)OCCCCCCCCCCCCCC,-0.2112527936799587,,,,,,,,,,,,,,,,0.0,0.0,0.0,0.0
CCCCCCCCCCCCCCOC(=O)CCN(CCO)CCC(=O)OCCCCCCCCCCCCCC,0.5883151859237902,,,,,,,,,,,,,,,,0.0,0.0,0.0,0.0
CCCCCCCCCCCCCCOC(=O)CCN1CCN(CCC(=O)OCCCCCCCCCCCCCC)C2C1N(CCC(=O)OCCCCCCCCCCCCCC)CCN2CCC(=O)OCCCCCCCCCCCCCC,1.4282672318905232,,,,,,,,,,,,,,,,0.0,0.0,0.0,0.0
CCCCCCCCCCCCCCOC(=O)CCN1CCN(CCC(=O)OCCCCCCCCCCCCCC)CCN(CCC(=O)OCCCCCCCCCCCCCC)CCN(CCC(=O)OCCCCCCCCCCCCCC)CC1,-0.3556746291134137,,,,,,,,,,,,,,,,0.0,0.0,0.0,0.0
CCCCCCCCCCCCCOC(=O)CCN(C)c1ccc(Cc2ccc(N(CCC(=O)OCCCCCCCCCCCCC)CCC(=O)OCCCCCCCCCCCCC)cc2)cc1,-0.9029946014365846,,,,,,,,,,,,,,,,0.0,0.0,0.0,0.0
CCCCCCCCCCCCCOC(=O)CCN(C)CCOCCOCCN(C)CCC(=O)OCCCCCCCCCCCCC,-0.4578116608716654,,,,,,,,,,,,,,,,0.0,0.0,0.0,0.0
CCCCCCCCCCCCCOC(=O)CCN(CC(C)N(CCC(=O)OCCCCCCCCCCCCC)CCC(=O)OCCCCCCCCCCCCC)CC(C)N(CCC(=O)OCCCCCCCCCCCCC)CCC(=O)OCCCCCCCCCCCCC,2.708800522488136,,,,,,,,,,,,,,,,0.0,0.0,0.0,0.0
CCCCCCCCCCCCCOC(=O)CCN(CC)CCCN(CC)CCC(=O)OCCCCCCCCCCCCC,0.8880448554745114,,,,,,,,,,,,,,,,0.0,0.0,0.0,0.0
CCCCCCCCCCCCCOC(=O)CCN(CCC(=O)OCCCCCCCCCCCCC)[C@@H]1CCCC[C@H]1N(CCC(=O)OCCCCCCCCCCCCC)CCC(=O)OCCCCCCCCCCCCC,0.6973949551296688,,,,,,,,,,,,,,,,0.0,0.0,0.0,0.0
CCCCCCCCCCCCCOC(=O)CCN(CCC(=O)OCCCCCCCCCCCCC)C(C)(C)CC(C)(C)C,-0.7315618678293949,,,,,,,,,,,,,,,,0.0,0.0,0.0,0.0
CCCCCCCCCCCCCOC(=O)CCN(CCC(=O)OCCCCCCCCCCCCC)C(C)(CO)CO,-0.323146940062874,,,,,,,,,,,,,,,,0.0,0.0,0.0,0.0
CCCCCCCCCCCCCOC(=O)CCN(CCC(=O)OCCCCCCCCCCCCC)C[C@@H](C)O,-0.5496919257066405,,,,,,,,,,,,,,,,0.0,0.0,0.0,0.0
CCCCCCCCCCCCCOC(=O)CCN(CCC(=O)OCCCCCCCCCCCCC)c1c(C)cc(-c2cc(C)c(N(CCC(=O)OCCCCCCCCCCCCC)CCC(=O)OCCCCCCCCCCCCC)c(C)c2)cc1C,0.2505675319839142,,,,,,,,,,,,,,,,0.0,0.0,0.0,0.0
CCCCCCCCCCCCCOC(=O)CCN(CCC(=O)OCCCCCCCCCCCCC)c1c(N(CCC(=O)OCCCCCCCCCCCCC)CCC(=O)OCCCCCCCCCCCCC)c2ccccc2c2ccccc12,0.2472301318096,,,,,,,,,,,,,,,,0.0,0.0,0.0,0.0
CCCCCCCCCCCCCOC(=O)CCN(CCC(=O)OCCCCCCCCCCCCC)c1cc(F)c(F)c(F)c1,-0.6464622483368189,,,,,,,,,,,,,,,,0.0,0.0,0.0,0.0
CCCCCCCCCCCCCOC(=O)CCN(CCC(=O)OCCCCCCCCCCCCC)c1cc(F)cc(F)c1,0.187007610242794,,,,,,,,,,,,,,,,0.0,0.0,0.0,0.0
CCCCCCCCCCCCCOC(=O)CCN(CCC(=O)OCCCCCCCCCCCCC)c1ccc(C(C)C)cc1,0.105438057556948,,,,,,,,,,,,,,,,0.0,0.0,0.0,0.0
CCCCCCCCCCCCCOC(=O)CCN(CCC(=O)OCCCCCCCCCCCCC)c1ccc(C)c(F)c1,-0.5700962094384899,,,,,,,,,,,,,,,,0.0,0.0,0.0,0.0
CCCCCCCCCCCCCOC(=O)CCN(CCC(=O)OCCCCCCCCCCCCC)C1CCC(CC2CCC(N(CCC(=O)OCCCCCCCCCCCCC)CCC(=O)OCCCCCCCCCCCCC)C(C)C2)CC1C,-0.0848465526254386,,,,,,,,,,,,,,,,0.0,0.0,0.0,0.0
CCCCCCCCCCCCCOC(=O)CCN(CCC(=O)OCCCCCCCCCCCCC)c1ccc(F)c(F)c1,-0.6282100725959551,,,,,,,,,,,,,,,,0.0,0.0,0.0,0.0
CCCCCCCCCCCCCOC(=O)CCN(CCC(=O)OCCCCCCCCCCCCC)c1ccc(N(CCC(=O)OCCCCCCCCCCCCC)CCC(=O)OCCCCCCCCCCCCC)cc1,-0.3653365494378031,,,,,,,,,,,,,,,,0.0,0.0,0.0,0.0
CCCCCCCCCCCCCOC(=O)CCN(CCC(=O)OCCCCCCCCCCCCC)c1ccc(OC(F)F)cc1,-1.2107059161987392,,,,,,,,,,,,,,,,0.0,0.0,0.0,0.0
CCCCCCCCCCCCCOC(=O)CCN(CCC(=O)OCCCCCCCCCCCCC)c1ccc2ccccc2c1-c1c(N(CCC(=O)OCCCCCCCCCCCCC)CCC(=O)OCCCCCCCCCCCCC)ccc2ccccc12,-0.4511126191629788,,,,,,,,,,,,,,,,0.0,0.0,0.0,0.0
CCCCCCCCCCCCCOC(=O)CCN(CCC(=O)OCCCCCCCCCCCCC)c1cccc(C(F)(F)F)c1,-0.1799948927120512,,,,,,,,,,,,,,,,0.0,0.0,0.0,0.0
CCCCCCCCCCCCCOC(=O)CCN(CCC(=O)OCCCCCCCCCCCCC)c1cccc(OC(C)C)c1,0.0151221744545164,,,,,,,,,,,,,,,,0.0,0.0,0.0,0.0
CCCCCCCCCCCCCOC(=O)CCN(CCC(=O)OCCCCCCCCCCCCC)c1cccc2cccc(N(CCC(=O)OCCCCCCCCCCCCC)CCC(=O)OCCCCCCCCCCCCC)c12,-0.1952643137109944,,,,,,,,,,,,,,,,0.0,0.0,0.0,0.0
CCCCCCCCCCCCCOC(=O)CCN(CCC(=O)OCCCCCCCCCCCCC)c1ccccc1OC,-0.3460699279402569,,,,,,,,,,,,,,,,0.0,0.0,0.0,0.0
CCCCCCCCCCCCCOC(=O)CCN(CCC(=O)OCCCCCCCCCCCCC)c1ccccc1OCC,-1.2771475721062835,,,,,,,,,,,,,,,,0.0,0.0,0.0,0.0
CCCCCCCCCCCCCOC(=O)CCN(CCC(=O)OCCCCCCCCCCCCC)CC(CC)CCCC,-0.913530367629317,,,,,,,,,,,,,,,,0.0,0.0,0.0,0.0
CCCCCCCCCCCCCOC(=O)CCN(CCC(=O)OCCCCCCCCCCCCC)CC[C@H](C)O,-0.7653828945642567,,,,,,,,,,,,,,,,0.0,0.0,0.0,0.0
CCCCCCCCCCCCCOC(=O)CCN(CCC(=O)OCCCCCCCCCCCCC)Cc1cc(C)c(OC)c(OC)c1,-1.2771475721062835,,,,,,,,,,,,,,,,0.0,0.0,0.0,0.0
CCCCCCCCCCCCCOC(=O)CCN(CCC(=O)OCCCCCCCCCCCCC)CC1CCCN1C,2.370957328368801,,,,,,,,,,,,,,,,0.0,0.0,0.0,0.0
CCCCCCCCCCCCCOC(=O)CCN(CCC(=O)OCCCCCCCCCCCCC)CC1CCN(C)CC1,0.3172563245319372,,,,,,,,,,,,,,,,0.0,0.0,0.0,0.0
CCCCCCCCCCCCCOC(=O)CCN(CCC(=O)OCCCCCCCCCCCCC)CC1COC(C)(C)O1,-0.2009334166609244,,,,,,,,,,,,,,,,0.0,0.0,0.0,0.0
CCCCCCCCCCCCCOC(=O)CCN(CCC(=O)OCCCCCCCCCCCCC)CCC(c1ccccc1)c1ccccc1,0.29415814288437,,,,,,,,,,,,,,,,0.0,0.0,0.0,0.0
CCCCCCCCCCCCCOC(=O)CCN(CCC(=O)OCCCCCCCCCCCCC)CCC1OCCO1,-0.1869074849997527,,,,,,,,,,,,,,,,0.0,0.0,0.0,0.0
CCCCCCCCCCCCCOC(=O)CCN(CCC(=O)OCCCCCCCCCCCCC)CCN(C(C)C)C(C)C,-0.5539107751279136,,,,,,,,,,,,,,,,0.0,0.0,0.0,0.0
CCCCCCCCCCCCCOC(=O)CCN(CCC(=O)OCCCCCCCCCCCCC)CCN(CC)CCN(CC)CCN(CCC(=O)OCCCCCCCCCCCCC)CCC(=O)OCCCCCCCCCCCCC,3.2624496485497625,,,,,,,,,,,,,,,,0.0,0.0,0.0,0.0
CCCCCCCCCCCCCOC(=O)CCN(CCC(=O)OCCCCCCCCCCCCC)CCN(CCC(=O)OCCCCCCCCCCCCC)C(C)C,-1.2012953486628135,,,,,,,,,,,,,,,,0.0,0.0,0.0,0.0
CCCCCCCCCCCCCOC(=O)CCN(CCC(=O)OCCCCCCCCCCCCC)CN(CC)CCC,0.1463267556861095,,,,,,,,,,,,,,,,0.0,0.0,0.0,0.0
CCCCCCCCCCCCCOC(=O)CCN(CCCc1ccccc1)CCC(=O)OCCCCCCCCCCCCC,-0.2122616815159586,,,,,,,,,,,,,,,,0.0,0.0,0.0,0.0
CCCCCCCCCCCCCOC(=O)CCN(CCCCCC)CCC(=O)OCCCCCCCCCCCCC,0.2638305495798939,,,,,,,,,,,,,,,,0.0,0.0,0.0,0.0
CCCCCCCCCCCCCOC(=O)CCN(CCCN(CC)CC)CCC(=O)OCCCCCCCCCCCCC,0.8225860271954744,,,,,,,,,,,,,,,,0.0,0.0,0.0,0.0
CCCCCCCCCCCCCOC(=O)CCN(CCCN(CCCN(CCC(=O)OCCCCCCCCCCCCC)CCC(=O)OCCCCCCCCCCCCC)CCC(=O)OCCCCCCCCCCCCC)CCCN(CCC(=O)OCCCCCCCCCCCCC)CCC(=O)OCCCCCCCCCCCCC,-0.021647842057776,,,,,,,,,,,,,,,,0.0,0.0,0.0,0.0
CCCCCCCCCCCCCOC(=O)CCN(CCCN1CCN(C(C)C)CC1)CCC(=O)OCCCCCCCCCCCCC,-0.4879961556088688,,,,,,,,,,,,,,,,0.0,0.0,0.0,0.0
CCCCCCCCCCCCCOC(=O)CCN(CCCOC)CCC(=O)OCCCCCCCCCCCCC,0.3231617464526908,,,,,,,,,,,,,,,,0.0,0.0,0.0,0.0
CCCCCCCCCCCCCOC(=O)CCN(CCCOCCOCCOCCCN(CCC(=O)OCCCCCCCCCCCCC)CCC(=O)OCCCCCCCCCCCCC)CCC(=O)OCCCCCCCCCCCCC,-0.0951785363443901,,,,,,,,,,,,,,,,0.0,0.0,0.0,0.0
CCCCCCCCCCCCCOC(=O)CCN(CCO)CCC(=O)OCCCCCCCCCCCCC,0.4859793153787166,,,,,,,,,,,,,,,,0.0,0.0,0.0,0.0
CCCCCCCCCCCCCOC(=O)CCN1CCN(CCC(=O)OCCCCCCCCCCCCC)C2C1N(CCC(=O)OCCCCCCCCCCCCC)CCN2CCC(=O)OCCCCCCCCCCCCC,1.1614991926074083,,,,,,,,,,,,,,,,0.0,0.0,0.0,0.0
CCCCCCCCCCCCCOC(=O)CCN1CCN(CCC(=O)OCCCCCCCCCCCCC)CCN(CCC(=O)OCCCCCCCCCCCCC)CCN(CCC(=O)OCCCCCCCCCCCCC)CC1,-0.0141283033631776,,,,,,,,,,,,,,,,0.0,0.0,0.0,0.0
CCCCCCCCCCCCOC(=O)CCN(C)c1ccc(Cc2ccc(N(CCC(=O)OCCCCCCCCCCCC)CCC(=O)OCCCCCCCCCCCC)cc2)cc1,-0.3740316658814038,,,,,,,,,,,,,,,,0.0,0.0,0.0,0.0
CCCCCCCCCCCCOC(=O)CCN(C)CCOCCOCCN(C)CCC(=O)OCCCCCCCCCCCC,-0.5597761943319953,,,,,,,,,,,,,,,,0.0,0.0,0.0,0.0
CCCCCCCCCCCCOC(=O)CCN(CC(C)N(CCC(=O)OCCCCCCCCCCCC)CCC(=O)OCCCCCCCCCCCC)CC(C)N(CCC(=O)OCCCCCCCCCCCC)CCC(=O)OCCCCCCCCCCCC,3.3657124335642026,,,,,,,,,,,,,,,,0.0,0.0,0.0,0.0
CCCCCCCCCCCCOC(=O)CCN(CC)CCCN(CC)CCC(=O)OCCCCCCCCCCCC,0.9703095000882938,,,,,,,,,,,,,,,,0.0,0.0,0.0,0.0
CCCCCCCCCCCCOC(=O)CCN(CCC(=O)OCCCCCCCCCCCC)[C@@H]1CCCC[C@H]1N(CCC(=O)OCCCCCCCCCCCC)CCC(=O)OCCCCCCCCCCCC,1.0313324636117671,,,,,,,,,,,,,,,,0.0,0.0,0.0,0.0
CCCCCCCCCCCCOC(=O)CCN(CCC(=O)OCCCCCCCCCCCC)C(C)(C)CC(C)(C)C,-1.031636444524447,,,,,,,,,,,,,,,,0.0,0.0,0.0,0.0
CCCCCCCCCCCCOC(=O)CCN(CCC(=O)OCCCCCCCCCCCC)C(C)(CO)CO,-0.6017994835268426,,,,,,,,,,,,,,,,0.0,0.0,0.0,0.0
CCCCCCCCCCCCOC(=O)CCN(CCC(=O)OCCCCCCCCCCCC)C[C@@H](C)O,-0.3000577154934885,,,,,,,,,,,,,,,,0.0,0.0,0.0,0.0
CCCCCCCCCCCCOC(=O)CCN(CCC(=O)OCCCCCCCCCCCC)c1c(C)cc(-c2cc(C)c(N(CCC(=O)OCCCCCCCCCCCC)CCC(=O)OCCCCCCCCCCCC)c(C)c2)cc1C,0.0418077076578226,,,,,,,,,,,,,,,,0.0,0.0,0.0,0.0
CCCCCCCCCCCCOC(=O)CCN(CCC(=O)OCCCCCCCCCCCC)c1c(N(CCC(=O)OCCCCCCCCCCCC)CCC(=O)OCCCCCCCCCCCC)c2ccccc2c2ccccc12,-0.4663822369552509,,,,,,,,,,,,,,,,0.0,0.0,0.0,0.0
CCCCCCCCCCCCOC(=O)CCN(CCC(=O)OCCCCCCCCCCCC)c1cc(F)c(F)c(F)c1,-1.2143275813549153,,,,,,,,,,,,,,,,0.0,0.0,0.0,0.0
CCCCCCCCCCCCOC(=O)CCN(CCC(=O)OCCCCCCCCCCCC)c1cc(F)cc(F)c1,-0.2725976693454542,,,,,,,,,,,,,,,,0.0,0.0,0.0,0.0
CCCCCCCCCCCCOC(=O)CCN(CCC(=O)OCCCCCCCCCCCC)c1ccc(C(C)C)cc1,-0.2280394554640256,,,,,,,,,,,,,,,,0.0,0.0,0.0,0.0
CCCCCCCCCCCCOC(=O)CCN(CCC(=O)OCCCCCCCCCCCC)c1ccc(C)c(F)c1,-0.8005860366285065,,,,,,,,,,,,,,,,0.0,0.0,0.0,0.0
CCCCCCCCCCCCOC(=O)CCN(CCC(=O)OCCCCCCCCCCCC)C1CCC(CC2CCC(N(CCC(=O)OCCCCCCCCCCCC)CCC(=O)OCCCCCCCCCCCC)C(C)C2)CC1C,0.3789233747305597,,,,,,,,,,,,,,,,0.0,0.0,0.0,0.0
CCCCCCCCCCCCOC(=O)CCN(CCC(=O)OCCCCCCCCCCCC)c1ccc(F)c(F)c1,-0.348545480675856,,,,,,,,,,,,,,,,0.0,0.0,0.0,0.0
CCCCCCCCCCCCOC(=O)CCN(CCC(=O)OCCCCCCCCCCCC)c1ccc(N(CCC(=O)OCCCCCCCCCCCC)CCC(=O)OCCCCCCCCCCCC)cc1,-0.5554167330955143,,,,,,,,,,,,,,,,0.0,0.0,0.0,0.0
CCCCCCCCCCCCOC(=O)CCN(CCC(=O)OCCCCCCCCCCCC)c1ccc(OC(F)F)cc1,-0.4739073276070975,,,,,,,,,,,,,,,,0.0,0.0,0.0,0.0
CCCCCCCCCCCCOC(=O)CCN(CCC(=O)OCCCCCCCCCCCC)c1ccc2ccccc2c1-c1c(N(CCC(=O)OCCCCCCCCCCCC)CCC(=O)OCCCCCCCCCCCC)ccc2ccccc12,-0.3794485632717779,,,,,,,,,,,,,,,,0.0,0.0,0.0,0.0
CCCCCCCCCCCCOC(=O)CCN(CCC(=O)OCCCCCCCCCCCC)c1cccc(C(F)(F)F)c1,-0.2455625477019634,,,,,,,,,,,,,,,,0.0,0.0,0.0,0.0
CCCCCCCCCCCCOC(=O)CCN(CCC(=O)OCCCCCCCCCCCC)c1cccc(OC(C)C)c1,-0.8507047175788846,,,,,,,,,,,,,,,,0.0,0.0,0.0,0.0
CCCCCCCCCCCCOC(=O)CCN(CCC(=O)OCCCCCCCCCCCC)c1cccc2cccc(N(CCC(=O)OCCCCCCCCCCCC)CCC(=O)OCCCCCCCCCCCC)c12,0.1630860333802899,,,,,,,,,,,,,,,,0.0,0.0,0.0,0.0
CCCCCCCCCCCCOC(=O)CCN(CCC(=O)OCCCCCCCCCCCC)c1ccccc1OC,0.0345450438917657,,,,,,,,,,,,,,,,0.0,0.0,0.0,0.0
CCCCCCCCCCCCOC(=O)CCN(CCC(=O)OCCCCCCCCCCCC)c1ccccc1OCC,-1.124692990793661,,,,,,,,,,,,,,,,0.0,0.0,0.0,0.0
CCCCCCCCCCCCOC(=O)CCN(CCC(=O)OCCCCCCCCCCCC)CC(CC)CCCC,-0.4379835402993273,,,,,,,,,,,,,,,,0.0,0.0,0.0,0.0
CCCCCCCCCCCCOC(=O)CCN(CCC(=O)OCCCCCCCCCCCC)CC[C@H](C)O,-0.6443543174664514,,,,,,,,,,,,,,,,0.0,0.0,0.0,0.0
CCCCCCCCCCCCOC(=O)CCN(CCC(=O)OCCCCCCCCCCCC)Cc1cc(C)c(OC)c(OC)c1,-0.6344761928348244,,,,,,,,,,,,,,,,0.0,0.0,0.0,0.0
CCCCCCCCCCCCOC(=O)CCN(CCC(=O)OCCCCCCCCCCCC)CC1CCCN1C,-0.2427344069187727,,,,,,,,,,,,,,,,0.0,0.0,0.0,0.0
CCCCCCCCCCCCOC(=O)CCN(CCC(=O)OCCCCCCCCCCCC)CC1CCN(C)CC1,-1.2025093667087257,,,,,,,,,,,,,,,,0.0,0.0,0.0,0.0
CCCCCCCCCCCCOC(=O)CCN(CCC(=O)OCCCCCCCCCCCC)CC1COC(C)(C)O1,-0.5386048161675735,,,,,,,,,,,,,,,,0.0,0.0,0.0,0.0
CCCCCCCCCCCCOC(=O)CCN(CCC(=O)OCCCCCCCCCCCC)CCC(c1ccccc1)c1ccccc1,0.3203220843146091,,,,,,,,,,,,,,,,0.0,0.0,0.0,0.0
CCCCCCCCCCCCOC(=O)CCN(CCC(=O)OCCCCCCCCCCCC)CCC1OCCO1,-0.1487847648155898,,,,,,,,,,,,,,,,0.0,0.0,0.0,0.0
CCCCCCCCCCCCOC(=O)CCN(CCC(=O)OCCCCCCCCCCCC)CCN(C(C)C)C(C)C,-0.3267606440343815,,,,,,,,,,,,,,,,0.0,0.0,0.0,0.0
CCCCCCCCCCCCOC(=O)CCN(CCC(=O)OCCCCCCCCCCCC)CCN(CC)CCN(CC)CCN(CCC(=O)OCCCCCCCCCCCC)CCC(=O)OCCCCCCCCCCCC,3.345767656291873,,,,,,,,,,,,,,,,0.0,0.0,0.0,0.0
CCCCCCCCCCCCOC(=O)CCN(CCC(=O)OCCCCCCCCCCCC)CCN(CCC(=O)OCCCCCCCCCCCC)C(C)C,-1.1415769996777512,,,,,,,,,,,,,,,,0.0,0.0,0.0,0.0
CCCCCCCCCCCCOC(=O)CCN(CCC(=O)OCCCCCCCCCCCC)CN(CC)CCC,-0.3582381484670258,,,,,,,,,,,,,,,,0.0,0.0,0.0,0.0
CCCCCCCCCCCCOC(=O)CCN(CCCc1ccccc1)CCC(=O)OCCCCCCCCCCCC,-0.2324572569773705,,,,,,,,,,,,,,,,0.0,0.0,0.0,0.0
CCCCCCCCCCCCOC(=O)CCN(CCCCCC)CCC(=O)OCCCCCCCCCCCC,0.3039798534283824,,,,,,,,,,,,,,,,0.0,0.0,0.0,0.0
CCCCCCCCCCCCOC(=O)CCN(CCCN(CC)CC)CCC(=O)OCCCCCCCCCCCC,-0.1895696634089142,,,,,,,,,,,,,,,,0.0,0.0,0.0,0.0
CCCCCCCCCCCCOC(=O)CCN(CCCN(CCCN(CCC(=O)OCCCCCCCCCCCC)CCC(=O)OCCCCCCCCCCCC)CCC(=O)OCCCCCCCCCCCC)CCCN(CCC(=O)OCCCCCCCCCCCC)CCC(=O)OCCCCCCCCCCCC,-0.6522693988252469,,,,,,,,,,,,,,,,0.0,0.0,0.0,0.0
CCCCCCCCCCCCOC(=O)CCN(CCCN1CCN(C(C)C)CC1)CCC(=O)OCCCCCCCCCCCC,-0.0818512329276403,,,,,,,,,,,,,,,,0.0,0.0,0.0,0.0
CCCCCCCCCCCCOC(=O)CCN(CCCOC)CCC(=O)OCCCCCCCCCCCC,0.08526894185312,,,,,,,,,,,,,,,,0.0,0.0,0.0,0.0
CCCCCCCCCCCCOC(=O)CCN(CCCOCCOCCOCCCN(CCC(=O)OCCCCCCCCCCCC)CCC(=O)OCCCCCCCCCCCC)CCC(=O)OCCCCCCCCCCCC,-0.3244798272428687,,,,,,,,,,,,,,,,0.0,0.0,0.0,0.0
CCCCCCCCCCCCOC(=O)CCN(CCO)CCC(=O)OCCCCCCCCCCCC,0.4739585347993247,,,,,,,,,,,,,,,,0.0,0.0,0.0,0.0
CCCCCCCCCCCCOC(=O)CCN1CCN(CCC(=O)OCCCCCCCCCCCC)C2C1N(CCC(=O)OCCCCCCCCCCCC)CCN2CCC(=O)OCCCCCCCCCCCC,2.440488007415867,,,,,,,,,,,,,,,,0.0,0.0,0.0,0.0
CCCCCCCCCCCCOC(=O)CCN1CCN(CCC(=O)OCCCCCCCCCCCC)CCN(CCC(=O)OCCCCCCCCCCCC)CCN(CCC(=O)OCCCCCCCCCCCC)CC1,0.1990036544970882,,,,,,,,,,,,,,,,0.0,0.0,0.0,0.0
CCCCCCCCCCCOC(=O)CCN(C)c1ccc(Cc2ccc(N(CCC(=O)OCCCCCCCCCCC)CCC(=O)OCCCCCCCCCCC)cc2)cc1,-0.1777591117756828,,,,,,,,,,,,,,,,0.0,0.0,0.0,0.0
CCCCCCCCCCCOC(=O)CCN(C)CCOCCOCCN(C)CCC(=O)OCCCCCCCCCCC,-0.6739677954878658,,,,,,,,,,,,,,,,0.0,0.0,0.0,0.0
CCCCCCCCCCCOC(=O)CCN(CC)CCCN(CC)CCC(=O)OCCCCCCCCCCC,0.6949568289071637,,,,,,,,,,,,,,,,0.0,0.0,0.0,0.0
CCCCCCCCCCCOC(=O)CCN(CCC(=O)OCCCCCCCCCCC)[C@@H]1CCCC[C@H]1N(CCC(=O)OCCCCCCCCCCC)CCC(=O)OCCCCCCCCCCC,0.7855342443802533,,,,,,,,,,,,,,,,0.0,0.0,0.0,0.0
CCCCCCCCCCCOC(=O)CCN(CCC(=O)OCCCCCCCCCCC)C(C)(C)CC(C)(C)C,-0.6044611371537938,,,,,,,,,,,,,,,,0.0,0.0,0.0,0.0
CCCCCCCCCCCOC(=O)CCN(CCC(=O)OCCCCCCCCCCC)C(C)(CO)CO,-0.8522410353900419,,,,,,,,,,,,,,,,0.0,0.0,0.0,0.0
CCCCCCCCCCCOC(=O)CCN(CCC(=O)OCCCCCCCCCCC)C[C@@H](C)O,-0.209609527639702,,,,,,,,,,,,,,,,0.0,0.0,0.0,0.0
CCCCCCCCCCCOC(=O)CCN(CCC(=O)OCCCCCCCCCCC)c1c(C)cc(-c2cc(C)c(N(CCC(=O)OCCCCCCCCCCC)CCC(=O)OCCCCCCCCCCC)c(C)c2)cc1C,-0.0453676878678671,,,,,,,,,,,,,,,,0.0,0.0,0.0,0.0
CCCCCCCCCCCOC(=O)CCN(CCC(=O)OCCCCCCCCCCC)c1c(N(CCC(=O)OCCCCCCCCCCC)CCC(=O)OCCCCCCCCCCC)c2ccccc2c2ccccc12,-1.1311890431653164,,,,,,,,,,,,,,,,0.0,0.0,0.0,0.0
CCCCCCCCCCCOC(=O)CCN(CCC(=O)OCCCCCCCCCCC)c1cc(F)c(F)c(F)c1,-1.0805481323544108,,,,,,,,,,,,,,,,0.0,0.0,0.0,0.0
CCCCCCCCCCCOC(=O)CCN(CCC(=O)OCCCCCCCCCCC)c1cc(F)cc(F)c1,-0.4522844280215612,,,,,,,,,,,,,,,,0.0,0.0,0.0,0.0
CCCCCCCCCCCOC(=O)CCN(CCC(=O)OCCCCCCCCCCC)c1ccc(C(C)C)cc1,-0.504047454393788,,,,,,,,,,,,,,,,0.0,0.0,0.0,0.0
CCCCCCCCCCCOC(=O)CCN(CCC(=O)OCCCCCCCCCCC)c1ccc(C)c(F)c1,-0.1203990088118993,,,,,,,,,,,,,,,,0.0,0.0,0.0,0.0
CCCCCCCCCCCOC(=O)CCN(CCC(=O)OCCCCCCCCCCC)C1CCC(CC2CCC(N(CCC(=O)OCCCCCCCCCCC)CCC(=O)OCCCCCCCCCCC)C(C)C2)CC1C,-0.0052473961268038,,,,,,,,,,,,,,,,0.0,0.0,0.0,0.0
CCCCCCCCCCCOC(=O)CCN(CCC(=O)OCCCCCCCCCCC)c1ccc(F)c(F)c1,-0.0319479154402765,,,,,,,,,,,,,,,,0.0,0.0,0.0,0.0
CCCCCCCCCCCOC(=O)CCN(CCC(=O)OCCCCCCCCCCC)c1ccc(N(CCC(=O)OCCCCCCCCCCC)CCC(=O)OCCCCCCCCCCC)cc1,-0.6467061706862588,,,,,,,,,,,,,,,,0.0,0.0,0.0,0.0
CCCCCCCCCCCOC(=O)CCN(CCC(=O)OCCCCCCCCCCC)c1ccc(OC(F)F)cc1,-0.4063019194405864,,,,,,,,,,,,,,,,0.0,0.0,0.0,0.0
CCCCCCCCCCCOC(=O)CCN(CCC(=O)OCCCCCCCCCCC)c1ccc2ccccc2c1-c1c(N(CCC(=O)OCCCCCCCCCCC)CCC(=O)OCCCCCCCCCCC)ccc2ccccc12,-0.6180484463020445,,,,,,,,,,,,,,,,0.0,0.0,0.0,0.0
CCCCCCCCCCCOC(=O)CCN(CCC(=O)OCCCCCCCCCCC)c1cccc(C(F)(F)F)c1,-1.2771475721062835,,,,,,,,,,,,,,,,0.0,0.0,0.0,0.0
CCCCCCCCCCCOC(=O)CCN(CCC(=O)OCCCCCCCCCCC)c1cccc(OC(C)C)c1,-0.6156113159730524,,,,,,,,,,,,,,,,0.0,0.0,0.0,0.0
CCCCCCCCCCCOC(=O)CCN(CCC(=O)OCCCCCCCCCCC)c1cccc2cccc(N(CCC(=O)OCCCCCCCCCCC)CCC(=O)OCCCCCCCCCCC)c12,0.1343549468284398,,,,,,,,,,,,,,,,0.0,0.0,0.0,0.0
CCCCCCCCCCCOC(=O)CCN(CCC(=O)OCCCCCCCCCCC)c1ccccc1OC,-0.1181429343089185,,,,,,,,,,,,,,,,0.0,0.0,0.0,0.0
CCCCCCCCCCCOC(=O)CCN(CCC(=O)OCCCCCCCCCCC)c1ccccc1OCC,-0.907484035721645,,,,,,,,,,,,,,,,0.0,0.0,0.0,0.0
CCCCCCCCCCCOC(=O)CCN(CCC(=O)OCCCCCCCCCCC)CC(CC)CCCC,-0.492340911016591,,,,,,,,,,,,,,,,0.0,0.0,0.0,0.0
CCCCCCCCCCCOC(=O)CCN(CCC(=O)OCCCCCCCCCCC)CC[C@H](C)O,-1.08336034480483,,,,,,,,,,,,,,,,0.0,0.0,0.0,0.0
CCCCCCCCCCCOC(=O)CCN(CCC(=O)OCCCCCCCCCCC)Cc1cc(C)c(OC)c(OC)c1,-0.7605507476786545,,,,,,,,,,,,,,,,0.0,0.0,0.0,0.0
CCCCCCCCCCCOC(=O)CCN(CCC(=O)OCCCCCCCCCCC)CC1CCCN1C,-0.6738276607473946,,,,,,,,,,,,,,,,0.0,0.0,0.0,0.0
CCCCCCCCCCCOC(=O)CCN(CCC(=O)OCCCCCCCCCCC)CC1CCN(C)CC1,-0.5019011249705505,,,,,,,,,,,,,,,,0.0,0.0,0.0,0.0
CCCCCCCCCCCOC(=O)CCN(CCC(=O)OCCCCCCCCCCC)CC1COC(C)(C)O1,-0.5600501008286368,,,,,,,,,,,,,,,,0.0,0.0,0.0,0.0
CCCCCCCCCCCOC(=O)CCN(CCC(=O)OCCCCCCCCCCC)CCC(c1ccccc1)c1ccccc1,0.3304353590839552,,,,,,,,,,,,,,,,0.0,0.0,0.0,0.0
CCCCCCCCCCCOC(=O)CCN(CCC(=O)OCCCCCCCCCCC)CCC1OCCO1,-0.0679838510917762,,,,,,,,,,,,,,,,0.0,0.0,0.0,0.0
CCCCCCCCCCCOC(=O)CCN(CCC(=O)OCCCCCCCCCCC)CCN(C(C)C)C(C)C,-0.1440950724463659,,,,,,,,,,,,,,,,0.0,0.0,0.0,0.0
CCCCCCCCCCCOC(=O)CCN(CCC(=O)OCCCCCCCCCCC)CCN(CC)CCN(CC)CCN(CCC(=O)OCCCCCCCCCCC)CCC(=O)OCCCCCCCCCCC,2.470238006336621,,,,,,,,,,,,,,,,0.0,0.0,0.0,0.0
CCCCCCCCCCCOC(=O)CCN(CCC(=O)OCCCCCCCCCCC)CCN(CCC(=O)OCCCCCCCCCCC)C(C)C,-0.9894990330891468,,,,,,,,,,,,,,,,0.0,0.0,0.0,0.0
CCCCCCCCCCCOC(=O)CCN(CCC(=O)OCCCCCCCCCCC)CN(CC)CCC,-0.4578116608716654,,,,,,,,,,,,,,,,0.0,0.0,0.0,0.0
CCCCCCCCCCCOC(=O)CCN(CCCc1ccccc1)CCC(=O)OCCCCCCCCCCC,-0.2530559367375564,,,,,,,,,,,,,,,,0.0,0.0,0.0,0.0
CCCCCCCCCCCOC(=O)CCN(CCCCCC)CCC(=O)OCCCCCCCCCCC,0.2311195743789489,,,,,,,,,,,,,,,,0.0,0.0,0.0,0.0
CCCCCCCCCCCOC(=O)CCN(CCCN(CC)CC)CCC(=O)OCCCCCCCCCCC,-0.803578964989187,,,,,,,,,,,,,,,,0.0,0.0,0.0,0.0
CCCCCCCCCCCOC(=O)CCN(CCCN(CCCN(CCC(=O)OCCCCCCCCCCC)CCC(=O)OCCCCCCCCCCC)CCC(=O)OCCCCCCCCCCC)CCCN(CCC(=O)OCCCCCCCCCCC)CCC(=O)OCCCCCCCCCCC,3.6838791453162583,,,,,,,,,,,,,,,,0.0,0.0,0.0,0.0
CCCCCCCCCCCOC(=O)CCN(CCCN1CCN(C(C)C)CC1)CCC(=O)OCCCCCCCCCCC,-0.0383644752339295,,,,,,,,,,,,,,,,0.0,0.0,0.0,0.0
CCCCCCCCCCCOC(=O)CCN(CCCOC)CCC(=O)OCCCCCCCCCCC,-0.3612328002601927,,,,,,,,,,,,,,,,0.0,0.0,0.0,0.0
CCCCCCCCCCCOC(=O)CCN(CCCOCCOCCOCCCN(CCC(=O)OCCCCCCCCCCC)CCC(=O)OCCCCCCCCCCC)CCC(=O)OCCCCCCCCCCC,-0.6028882336737659,,,,,,,,,,,,,,,,0.0,0.0,0.0,0.0
CCCCCCCCCCCOC(=O)CCN(CCO)CCC(=O)OCCCCCCCCCCC,0.3015586872127673,,,,,,,,,,,,,,,,0.0,0.0,0.0,0.0
CCCCCCCCCCCOC(=O)CCN1CCN(CCC(=O)OCCCCCCCCCCC)C2C1N(CCC(=O)OCCCCCCCCCCC)CCN2CCC(=O)OCCCCCCCCCCC,2.4020725839904364,,,,,,,,,,,,,,,,0.0,0.0,0.0,0.0
CCCCCCCCCCCOC(=O)CCN1CCN(CCC(=O)OCCCCCCCCCCC)CCN(CCC(=O)OCCCCCCCCCCC)CCN(CCC(=O)OCCCCCCCCCCC)CC1,0.1491625892994293,,,,,,,,,,,,,,,,0.0,0.0,0.0,0.0
CCCCCCCCCCOC(=O)CCN(C)c1ccc(Cc2ccc(N(CCC(=O)OCCCCCCCCCC)CCC(=O)OCCCCCCCCCC)cc2)cc1,-0.5416396913244784,,,,,,,,,,,,,,,,0.0,0.0,0.0,0.0
CCCCCCCCCCOC(=O)CCN(C)CCOCCOCCN(C)CCC(=O)OCCCCCCCCCC,-1.2771475721062835,,,,,,,,,,,,,,,,0.0,0.0,0.0,0.0
CCCCCCCCCCOC(=O)CCN(CC)CCCN(CC)CCC(=O)OCCCCCCCCCC,0.7965210012484559,,,,,,,,,,,,,,,,0.0,0.0,0.0,0.0
CCCCCCCCCCOC(=O)CCN(CCC(=O)OCCCCCCCCCC)[C@@H]1CCCC[C@H]1N(CCC(=O)OCCCCCCCCCC)CCC(=O)OCCCCCCCCCC,0.6190202347965084,,,,,,,,,,,,,,,,0.0,0.0,0.0,0.0
CCCCCCCCCCOC(=O)CCN(CCC(=O)OCCCCCCCCCC)C(C)(C)CC(C)(C)C,-0.4798603854403108,,,,,,,,,,,,,,,,0.0,0.0,0.0,0.0
CCCCCCCCCCOC(=O)CCN(CCC(=O)OCCCCCCCCCC)C(C)(CO)CO,-1.2771475721062835,,,,,,,,,,,,,,,,0.0,0.0,0.0,0.0
CCCCCCCCCCOC(=O)CCN(CCC(=O)OCCCCCCCCCC)C[C@@H](C)O,0.2444956109800523,,,,,,,,,,,,,,,,0.0,0.0,0.0,0.0
CCCCCCCCCCOC(=O)CCN(CCC(=O)OCCCCCCCCCC)c1c(C)cc(-c2cc(C)c(N(CCC(=O)OCCCCCCCCCC)CCC(=O)OCCCCCCCCCC)c(C)c2)cc1C,-0.2522004582465764,,,,,,,,,,,,,,,,0.0,0.0,0.0,0.0
CCCCCCCCCCOC(=O)CCN(CCC(=O)OCCCCCCCCCC)c1c(N(CCC(=O)OCCCCCCCCCC)CCC(=O)OCCCCCCCCCC)c2ccccc2c2ccccc12,-0.8264908906961127,,,,,,,,,,,,,,,,0.0,0.0,0.0,0.0
CCCCCCCCCCOC(=O)CCN(CCC(=O)OCCCCCCCCCC)c1c(N(CCC(=O)OCCCCCCCCCC)CCC(=O)OCCCCCCCCCC)c2ccccc2c2ccccc12,-0.2904727592509969,,,,,,,,,,,,,,,,0.0,0.0,0.0,0.0
CCCCCCCCCCOC(=O)CCN(CCC(=O)OCCCCCCCCCC)c1cc(F)c(F)c(F)c1,0.1121808052749505,,,,,,,,,,,,,,,,0.0,0.0,0.0,0.0
CCCCCCCCCCOC(=O)CCN(CCC(=O)OCCCCCCCCCC)c1cc(F)cc(F)c1,-0.7005022212317568,,,,,,,,,,,,,,,,0.0,0.0,0.0,0.0
CCCCCCCCCCOC(=O)CCN(CCC(=O)OCCCCCCCCCC)c1ccc(C(C)C)cc1,-0.7159477245525814,,,,,,,,,,,,,,,,0.0,0.0,0.0,0.0
CCCCCCCCCCOC(=O)CCN(CCC(=O)OCCCCCCCCCC)c1ccc(C)c(F)c1,0.0217663704587854,,,,,,,,,,,,,,,,0.0,0.0,0.0,0.0
CCCCCCCCCCOC(=O)CCN(CCC(=O)OCCCCCCCCCC)C1CCC(CC2CCC(N(CCC(=O)OCCCCCCCCCC)CCC(=O)OCCCCCCCCCC)C(C)C2)CC1C,-0.2504394322709997,,,,,,,,,,,,,,,,0.0,0.0,0.0,0.0
CCCCCCCCCCOC(=O)CCN(CCC(=O)OCCCCCCCCCC)c1ccc(F)c(F)c1,-0.2691251198616675,,,,,,,,,,,,,,,,0.0,0.0,0.0,0.0
CCCCCCCCCCOC(=O)CCN(CCC(=O)OCCCCCCCCCC)c1ccc(N(CCC(=O)OCCCCCCCCCC)CCC(=O)OCCCCCCCCCC)cc1,-1.0933018667055303,,,,,,,,,,,,,,,,0.0,0.0,0.0,0.0
CCCCCCCCCCOC(=O)CCN(CCC(=O)OCCCCCCCCCC)c1ccc(OC(F)F)cc1,0.1073004976946783,,,,,,,,,,,,,,,,0.0,0.0,0.0,0.0
CCCCCCCCCCOC(=O)CCN(CCC(=O)OCCCCCCCCCC)c1ccc2ccccc2c1-c1c(N(CCC(=O)OCCCCCCCCCC)CCC(=O)OCCCCCCCCCC)ccc2ccccc12,-0.4781379727012355,,,,,,,,,,,,,,,,0.0,0.0,0.0,0.0
CCCCCCCCCCOC(=O)CCN(CCC(=O)OCCCCCCCCCC)c1cccc(C(F)(F)F)c1,-0.7941735438969838,,,,,,,,,,,,,,,,0.0,0.0,0.0,0.0
CCCCCCCCCCOC(=O)CCN(CCC(=O)OCCCCCCCCCC)c1cccc(OC(C)C)c1,-0.1636883231623929,,,,,,,,,,,,,,,,0.0,0.0,0.0,0.0
CCCCCCCCCCOC(=O)CCN(CCC(=O)OCCCCCCCCCC)c1cccc2cccc(N(CCC(=O)OCCCCCCCCCC)CCC(=O)OCCCCCCCCCC)c12,0.1079499574240493,,,,,,,,,,,,,,,,0.0,0.0,0.0,0.0
CCCCCCCCCCOC(=O)CCN(CCC(=O)OCCCCCCCCCC)c1ccccc1OC,-0.1249109729514003,,,,,,,,,,,,,,,,0.0,0.0,0.0,0.0
CCCCCCCCCCOC(=O)CCN(CCC(=O)OCCCCCCCCCC)c1ccccc1OCC,-0.9158027163442534,,,,,,,,,,,,,,,,0.0,0.0,0.0,0.0
CCCCCCCCCCOC(=O)CCN(CCC(=O)OCCCCCCCCCC)CC(CC)CCCC,-0.1644473669587835,,,,,,,,,,,,,,,,0.0,0.0,0.0,0.0
CCCCCCCCCCOC(=O)CCN(CCC(=O)OCCCCCCCCCC)CC[C@H](C)O,-1.2771475721062835,,,,,,,,,,,,,,,,0.0,0.0,0.0,0.0
CCCCCCCCCCOC(=O)CCN(CCC(=O)OCCCCCCCCCC)Cc1cc(C)c(OC)c(OC)c1,-0.2835226748524251,,,,,,,,,,,,,,,,0.0,0.0,0.0,0.0
CCCCCCCCCCOC(=O)CCN(CCC(=O)OCCCCCCCCCC)CC1CCCN1C,-0.8000728354073711,,,,,,,,,,,,,,,,0.0,0.0,0.0,0.0
CCCCCCCCCCOC(=O)CCN(CCC(=O)OCCCCCCCCCC)CC1CCN(C)CC1,-0.5019011249705505,,,,,,,,,,,,,,,,0.0,0.0,0.0,0.0
CCCCCCCCCCOC(=O)CCN(CCC(=O)OCCCCCCCCCC)CC1COC(C)(C)O1,-0.5784872563352212,,,,,,,,,,,,,,,,0.0,0.0,0.0,0.0
CCCCCCCCCCOC(=O)CCN(CCC(=O)OCCCCCCCCCC)CCC(c1ccccc1)c1ccccc1,0.2558211624725214,,,,,,,,,,,,,,,,0.0,0.0,0.0,0.0
CCCCCCCCCCOC(=O)CCN(CCC(=O)OCCCCCCCCCC)CCC1OCCO1,-0.2292314147667993,,,,,,,,,,,,,,,,0.0,0.0,0.0,0.0
CCCCCCCCCCOC(=O)CCN(CCC(=O)OCCCCCCCCCC)CCN(C(C)C)C(C)C,-0.0844607303590018,,,,,,,,,,,,,,,,0.0,0.0,0.0,0.0
CCCCCCCCCCOC(=O)CCN(CCC(=O)OCCCCCCCCCC)CCN(CC)CCN(CC)CCN(CCC(=O)OCCCCCCCCCC)CCC(=O)OCCCCCCCCCC,2.4890679613276667,,,,,,,,,,,,,,,,0.0,0.0,0.0,0.0
CCCCCCCCCCOC(=O)CCN(CCC(=O)OCCCCCCCCCC)CCN(CCC(=O)OCCCCCCCCCC)C(C)C,-0.5246956604750773,,,,,,,,,,,,,,,,0.0,0.0,0.0,0.0
CCCCCCCCCCOC(=O)CCN(CCC(=O)OCCCCCCCCCC)CN(CC)CCC,-0.5597761943319953,,,,,,,,,,,,,,,,0.0,0.0,0.0,0.0
CCCCCCCCCCOC(=O)CCN(CCCc1ccccc1)CCC(=O)OCCCCCCCCCC,-0.3208112716035093,,,,,,,,,,,,,,,,0.0,0.0,0.0,0.0
CCCCCCCCCCOC(=O)CCN(CCCCCC)CCC(=O)OCCCCCCCCCC,0.4097115061686739,,,,,,,,,,,,,,,,0.0,0.0,0.0,0.0
CCCCCCCCCCOC(=O)CCN(CCCN(CC)CC)CCC(=O)OCCCCCCCCCC,-0.3321255879859291,,,,,,,,,,,,,,,,0.0,0.0,0.0,0.0
CCCCCCCCCCOC(=O)CCN(CCCN(CCCN(CCC(=O)OCCCCCCCCCC)CCC(=O)OCCCCCCCCCC)CCC(=O)OCCCCCCCCCC)CCCN(CCC(=O)OCCCCCCCCCC)CCC(=O)OCCCCCCCCCC,3.522572096385004,,,,,,,,,,,,,,,,0.0,0.0,0.0,0.0
CCCCCCCCCCOC(=O)CCN(CCCN1CCN(C(C)C)CC1)CCC(=O)OCCCCCCCCCC,0.0296559342826015,,,,,,,,,,,,,,,,0.0,0.0,0.0,0.0
CCCCCCCCCCOC(=O)CCN(CCCOC)CCC(=O)OCCCCCCCCCC,-0.2391408772451935,,,,,,,,,,,,,,,,0.0,0.0,0.0,0.0
CCCCCCCCCCOC(=O)CCN(CCCOCCOCCOCCCN(CCC(=O)OCCCCCCCCCC)CCC(=O)OCCCCCCCCCC)CCC(=O)OCCCCCCCCCC,-0.6804370601130556,,,,,,,,,,,,,,,,0.0,0.0,0.0,0.0
CCCCCCCCCCOC(=O)CCN(CCO)CCC(=O)OCCCCCCCCCC,0.2157490493164305,,,,,,,,,,,,,,,,0.0,0.0,0.0,0.0
CCCCCCCCCCOC(=O)CCN1CCN(CCC(=O)OCCCCCCCCCC)C2C1N(CCC(=O)OCCCCCCCCCC)CCN2CCC(=O)OCCCCCCCCCC,1.7310959670039725,,,,,,,,,,,,,,,,0.0,0.0,0.0,0.0
CCCCCCCCCCOC(=O)CCN1CCN(CCC(=O)OCCCCCCCCCC)CCN(CCC(=O)OCCCCCCCCCC)CCN(CCC(=O)OCCCCCCCCCC)CC1,0.1801447291426565,,,,,,,,,,,,,,,,0.0,0.0,0.0,0.0
CCCCCCCCCCCCCCOC(=O)CCN(CC)CCCN(CC)CCC(=O)OCCCCCCCCCCCCCC,-1.1621265257976503,,,,,,,,,,,,,,,,0.0,0.0,0.0,0.0
CCCCCCCCCCCCCOC(=O)CCN(CCCN(CC)CC)CCC(=O)OCCCCCCCCCCCCC,0.1840983973624227,,,,,,,,,,,,,,,,0.0,0.0,0.0,0.0
CCCCCCCCCCCCCCOC(=O)CCN(CCCOCCOCCOCCCN(CCC(=O)OCCCCCCCCCCCCCC)CCC(=O)OCCCCCCCCCCCCCC)CCC(=O)OCCCCCCCCCCCCCC,-0.9367399728788516,,,,,,,,,,,,,,,,0.0,0.0,0.0,0.0
CCCCCCCCCCCCOC(=O)CCN(CC(C)N(CCC(=O)OCCCCCCCCCCCC)CCC(=O)OCCCCCCCCCCCC)CC(C)N(CCC(=O)OCCCCCCCCCCCC)CCC(=O)OCCCCCCCCCCCC,-0.2738514120822661,,,,,,,,,,,,,,,,0.0,0.0,0.0,0.0
CCCCCCCCCCCCCOC(=O)CCN(CC(C)N(CCC(=O)OCCCCCCCCCCCCC)CCC(=O)OCCCCCCCCCCCCC)CC(C)N(CCC(=O)OCCCCCCCCCCCCC)CCC(=O)OCCCCCCCCCCCCC,1.3000921665213236,,,,,,,,,,,,,,,,0.0,0.0,0.0,0.0
CCCCCCCCCCOC(=O)CCN(CCC(=O)OCCCCCCCCCC)CCN(CC)CCN(CC)CCN(CCC(=O)OCCCCCCCCCC)CCC(=O)OCCCCCCCCCC,-0.7866355826134607,,,,,,,,,,,,,,,,0.0,0.0,0.0,0.0
CCCCCCCCCCCOC(=O)CCN(CCC(=O)OCCCCCCCCCCC)CCN(CC)CCN(CC)CCN(CCC(=O)OCCCCCCCCCCC)CCC(=O)OCCCCCCCCCCC,-1.422598001088028,,,,,,,,,,,,,,,,0.0,0.0,0.0,0.0
CCCCCCCCCCCCOC(=O)CCN(CCC(=O)OCCCCCCCCCCCC)CCN(CC)CCN(CC)CCN(CCC(=O)OCCCCCCCCCCCC)CCC(=O)OCCCCCCCCCCCC,-1.342818734485685,,,,,,,,,,,,,,,,0.0,0.0,0.0,0.0
CCCCCCCCCCCCCOC(=O)CCN(CCC(=O)OCCCCCCCCCCCCC)CCN(CC)CCN(CC)CCN(CCC(=O)OCCCCCCCCCCCCC)CCC(=O)OCCCCCCCCCCCCC,1.2166292503610334,,,,,,,,,,,,,,,,0.0,0.0,0.0,0.0
CCCCCCCCCCCCCCOC(=O)CCN(CCC(=O)OCCCCCCCCCCCCCC)CCN(CC)CCN(CC)CCN(CCC(=O)OCCCCCCCCCCCCCC)CCC(=O)OCCCCCCCCCCCCCC,-0.8125118269323169,,,,,,,,,,,,,,,,0.0,0.0,0.0,0.0
CCCCCCCCCCCCCOC(=O)CCN(CCC(=O)OCCCCCCCCCCCCC)CCN(CCC)CCN(CCC)CCN(CCC(=O)OCCCCCCCCCCCCC)CCC(=O)OCCCCCCCCCCCCC,-1.0103695071478491,,,,,,,,,,,,,,,,0.0,0.0,0.0,0.0
N(CC(=O)OCC)C(=O)C(CCCCCCC/C=C\CCCCCCCC)(CCCCCCC/C=C\CCCCCCCC)N(C)CCN(CC)CC,0.4792328666771198,,,,,,,,,,,,,,,,0.0,0.0,0.0,0.0
N(CC(=O)OCC)C(=O)C(CCCCCCC/C=C\CCCCCCCC)(CCCCCCC/C=C\CCCCCCCC)N(C)CCO,0.19148939659507,,,,,,,,,,,,,,,,0.0,0.0,0.0,0.0
N(CS(=O)(=O)c3ccc(C)cc3)C(=O)C(CCCCCCC/C=C\CCCCCCCC)(CCCCCCC/C=C\CCCCCCCC)N(C)CCN(CC)CC,0.3453327651208808,,,,,,,,,,,,,,,,0.0,0.0,0.0,0.0
N(CC(=O)OC(C)(C)C)C(=O)C(CCCCCCC/C=C\CCCCCCCC)(CCCCCCC/C=C\CCCCCCCC)N(C)CCN(CC)CC,0.5819225204698277,,,,,,,,,,,,,,,,0.0,0.0,0.0,0.0
N(CS(=O)(=O)c3ccc(C)cc3)C(=O)C(CCCCCCC/C=C\CCCCCCCC)(CCCCCCC/C=C\CCCCCCCC)N(C)CCO,0.4669049318569926,,,,,,,,,,,,,,,,0.0,0.0,0.0,0.0
N(CC(=O)OC(C)(C)C)C(=O)C(CCCCCCC/C=C\CCCCCCCC)(CCCCCCC/C=C\CCCCCCCC)N(C)CCO,0.2787852896428626,,,,,,,,,,,,,,,,0.0,0.0,0.0,0.0
N(C(C)(C)C)C(=O)C(CCCCCCC/C=C\CCCCCCCC)(CCCCCCC/C=C\CCCCCCCC)N(C)CCN(CC)CC,-0.5226509791197704,,,,,,,,,,,,,,,,0.0,0.0,0.0,0.0
N(CCCC)C(=O)C(CCCCCCC/C=C\CCCCCCCC)(CCCCCCC/C=C\CCCCCCCC)N(C)CCN(CC)CC,-1.118293858940736,,,,,,,,,,,,,,,,0.0,0.0,0.0,0.0
N(CCCCC)C(=O)C(CCCCCCC/C=C\CCCCCCCC)(CCCCCCC/C=C\CCCCCCCC)N(C)CCN(CC)CC,0.1147827025794169,,,,,,,,,,,,,,,,0.0,0.0,0.0,0.0
N(CC(=O)OC)C(=O)C(CCCCCCC/C=C\CCCCCCCC)(CCCCCCC/C=C\CCCCCCCC)N(C)CCN(CC)CC,0.1974229887104972,,,,,,,,,,,,,,,,0.0,0.0,0.0,0.0
N(C(C)C(=O)OC(C)(C)C)C(=O)C(CCCCCCC/C=C\CCCCCCCC)(CCCCCCC/C=C\CCCCCCCC)N(C)CCN(CC)CC,0.4568193553995531,,,,,,,,,,,,,,,,0.0,0.0,0.0,0.0
N(CCC(=O)OCC)C(=O)C(CCCCCCC/C=C\CCCCCCCC)(CCCCCCC/C=C\CCCCCCCC)N(C)CCN(CC)CC,0.0447532698431023,,,,,,,,,,,,,,,,0.0,0.0,0.0,0.0
N(C3CCCCC3)C(=O)C(CCCCCCC/C=C\CCCCCCCC)(CCCCCCC/C=C\CCCCCCCC)N(C)CCN(CC)CC,-1.1517091945480809,,,,,,,,,,,,,,,,0.0,0.0,0.0,0.0
N(C(C)(C)C)C(=O)C(CCCCCCCCCC)(CCCCCCCCCC)N(C)CCN(CC)CC,0.980335757493803,,,,,,,,,,,,,,,,0.0,0.0,0.0,0.0
N(CCCC)C(=O)C(CCCCCCCCCC)(CCCCCCCCCC)N(C)CCN(CC)CC,-1.074082051803267,,,,,,,,,,,,,,,,0.0,0.0,0.0,0.0
N(CCCCC)C(=O)C(CCCCCCCCCC)(CCCCCCCCCC)N(C)CCN(CC)CC,-0.7405595573913399,,,,,,,,,,,,,,,,0.0,0.0,0.0,0.0
N(CC(=O)OC)C(=O)C(CCCCCCCCCC)(CCCCCCCCCC)N(C)CCN(CC)CC,-1.0026649658325804,,,,,,,,,,,,,,,,0.0,0.0,0.0,0.0
N(CC(=O)OCC)C(=O)C(CCCCCCCCCC)(CCCCCCCCCC)N(C)CCN(CC)CC,0.9561844428166596,,,,,,,,,,,,,,,,0.0,0.0,0.0,0.0
N(CC(=O)OC(C)(C)C)C(=O)C(CCCCCCCCCC)(CCCCCCCCCC)N(C)CCN(CC)CC,1.0530381012928005,,,,,,,,,,,,,,,,0.0,0.0,0.0,0.0
N(C(C)C(=O)OC(C)(C)C)C(=O)C(CCCCCCCCCC)(CCCCCCCCCC)N(C)CCN(CC)CC,0.4874881889537958,,,,,,,,,,,,,,,,0.0,0.0,0.0,0.0
N(CCC(=O)OCC)C(=O)C(CCCCCCCCCC)(CCCCCCCCCC)N(C)CCN(CC)CC,0.3697960876138036,,,,,,,,,,,,,,,,0.0,0.0,0.0,0.0
N(CS(=O)(=O)c3ccc(C)cc3)C(=O)C(CCCCCCCCCC)(CCCCCCCCCC)N(C)CCN(CC)CC,-0.6509980448059015,,,,,,,,,,,,,,,,0.0,0.0,0.0,0.0
N(C3CCCCC3)C(=O)C(CCCCCCCCCC)(CCCCCCCCCC)N(C)CCN(CC)CC,0.1250856302703764,,,,,,,,,,,,,,,,0.0,0.0,0.0,0.0
N(C(C)(C)C)C(=O)C(CCCCCCCCC)(CCCCCCCCC)N(C)CCN(CC)CC,-0.1117205439236807,,,,,,,,,,,,,,,,0.0,0.0,0.0,0.0
N(CCCC)C(=O)C(CCCCCCCCC)(CCCCCCCCC)N(C)CCN(CC)CC,0.4674514915565862,,,,,,,,,,,,,,,,0.0,0.0,0.0,0.0
N(CCCCC)C(=O)C(CCCCCCCCC)(CCCCCCCCC)N(C)CCN(CC)CC,1.160605629349425,,,,,,,,,,,,,,,,0.0,0.0,0.0,0.0
N(CC(=O)OC)C(=O)C(CCCCCCCCC)(CCCCCCCCC)N(C)CCN(CC)CC,-0.8922272039491411,,,,,,,,,,,,,,,,0.0,0.0,0.0,0.0
N(CC(=O)OCC)C(=O)C(CCCCCCCCC)(CCCCCCCCC)N(C)CCN(CC)CC,1.1890696491400292,,,,,,,,,,,,,,,,0.0,0.0,0.0,0.0
N(CC(=O)OC(C)(C)C)C(=O)C(CCCCCCCCC)(CCCCCCCCC)N(C)CCN(CC)CC,-0.5272124658968701,,,,,,,,,,,,,,,,0.0,0.0,0.0,0.0
N(C(C)C(=O)OC(C)(C)C)C(=O)C(CCCCCCCCC)(CCCCCCCCC)N(C)CCN(CC)CC,-0.9464605605596738,,,,,,,,,,,,,,,,0.0,0.0,0.0,0.0
N(CCC(=O)OCC)C(=O)C(CCCCCCCCC)(CCCCCCCCC)N(C)CCN(CC)CC,0.4009518744261224,,,,,,,,,,,,,,,,0.0,0.0,0.0,0.0
N(CS(=O)(=O)c3ccc(C)cc3)C(=O)C(CCCCCCCCC)(CCCCCCCCC)N(C)CCN(CC)CC,-0.7379603497165841,,,,,,,,,,,,,,,,0.0,0.0,0.0,0.0
N(C3CCCCC3)C(=O)C(CCCCCCCCC)(CCCCCCCCC)N(C)CCN(CC)CC,0.1227614452453971,,,,,,,,,,,,,,,,0.0,0.0,0.0,0.0
N(C(C)(C)C)C(=O)C(CCCCCCCC)(CCCCCCCC)N(C)CCN(CC)CC,-0.5769925873019234,,,,,,,,,,,,,,,,0.0,0.0,0.0,0.0
N(CCCC)C(=O)C(CCCCCCCC)(CCCCCCCC)N(C)CCN(CC)CC,-1.310753038618616,,,,,,,,,,,,,,,,0.0,0.0,0.0,0.0
N(CCCCC)C(=O)C(CCCCCCCC)(CCCCCCCC)N(C)CCN(CC)CC,-1.2244591514637089,,,,,,,,,,,,,,,,0.0,0.0,0.0,0.0
N(CC(=O)OC)C(=O)C(CCCCCCCC)(CCCCCCCC)N(C)CCN(CC)CC,-0.9025662444481805,,,,,,,,,,,,,,,,0.0,0.0,0.0,0.0
N(CC(=O)OCC)C(=O)C(CCCCCCCC)(CCCCCCCC)N(C)CCN(CC)CC,-0.1310310448603307,,,,,,,,,,,,,,,,0.0,0.0,0.0,0.0
N(CC(=O)OC(C)(C)C)C(=O)C(CCCCCCCC)(CCCCCCCC)N(C)CCN(CC)CC,-0.2068205420110565,,,,,,,,,,,,,,,,0.0,0.0,0.0,0.0
N(C(C)C(=O)OC(C)(C)C)C(=O)C(CCCCCCCC)(CCCCCCCC)N(C)CCN(CC)CC,-0.4800558849495802,,,,,,,,,,,,,,,,0.0,0.0,0.0,0.0
N(CCC(=O)OCC)C(=O)C(CCCCCCCC)(CCCCCCCC)N(C)CCN(CC)CC,-0.1849499209099314,,,,,,,,,,,,,,,,0.0,0.0,0.0,0.0
N(CS(=O)(=O)c3ccc(C)cc3)C(=O)C(CCCCCCCC)(CCCCCCCC)N(C)CCN(CC)CC,0.2471631400293916,,,,,,,,,,,,,,,,0.0,0.0,0.0,0.0
N(C3CCCCC3)C(=O)C(CCCCCCCC)(CCCCCCCC)N(C)CCN(CC)CC,0.7909532220007529,,,,,,,,,,,,,,,,0.0,0.0,0.0,0.0
N(C(C)(C)C)C(=O)C(CCCCCCC)(CCCCCCC)N(C)CCN(CC)CC,0.5196108293387062,,,,,,,,,,,,,,,,0.0,0.0,0.0,0.0
N(CCCC)C(=O)C(CCCCCCC)(CCCCCCC)N(C)CCN(CC)CC,1.0404629289975091,,,,,,,,,,,,,,,,0.0,0.0,0.0,0.0
N(CCCCC)C(=O)C(CCCCCCC)(CCCCCCC)N(C)CCN(CC)CC,0.9238601613043118,,,,,,,,,,,,,,,,0.0,0.0,0.0,0.0
N(CC(=O)OC)C(=O)C(CCCCCCC)(CCCCCCC)N(C)CCN(CC)CC,0.3774232891954295,,,,,,,,,,,,,,,,0.0,0.0,0.0,0.0
N(CC(=O)OCC)C(=O)C(CCCCCCC)(CCCCCCC)N(C)CCN(CC)CC,0.5030596871972597,,,,,,,,,,,,,,,,0.0,0.0,0.0,0.0
N(CC(=O)OC(C)(C)C)C(=O)C(CCCCCCC)(CCCCCCC)N(C)CCN(CC)CC,-1.2249278145820204,,,,,,,,,,,,,,,,0.0,0.0,0.0,0.0
N(C(C)C(=O)OC(C)(C)C)C(=O)C(CCCCCCC)(CCCCCCC)N(C)CCN(CC)CC,-1.2293703515884309,,,,,,,,,,,,,,,,0.0,0.0,0.0,0.0
N(CCC(=O)OCC)C(=O)C(CCCCCCC)(CCCCCCC)N(C)CCN(CC)CC,-0.7159337336482798,,,,,,,,,,,,,,,,0.0,0.0,0.0,0.0
N(CS(=O)(=O)c3ccc(C)cc3)C(=O)C(CCCCCCC)(CCCCCCC)N(C)CCN(CC)CC,-1.2775898566001196,,,,,,,,,,,,,,,,0.0,0.0,0.0,0.0
N(C3CCCCC3)C(=O)C(CCCCCCC)(CCCCCCC)N(C)CCN(CC)CC,-0.0926791353910727,,,,,,,,,,,,,,,,0.0,0.0,0.0,0.0
N(C(C)(C)C)C(=O)C(CCCCCC)(CCCCCC)N(C)CCN(CC)CC,0.4422414651670651,,,,,,,,,,,,,,,,0.0,0.0,0.0,0.0
N(CCCC)C(=O)C(CCCCCC)(CCCCCC)N(C)CCN(CC)CC,0.5552697392454056,,,,,,,,,,,,,,,,0.0,0.0,0.0,0.0
N(CCCCC)C(=O)C(CCCCCC)(CCCCCC)N(C)CCN(CC)CC,-0.3727711388024433,,,,,,,,,,,,,,,,0.0,0.0,0.0,0.0
N(CC(=O)OC)C(=O)C(CCCCCC)(CCCCCC)N(C)CCN(CC)CC,0.8364928383636185,,,,,,,,,,,,,,,,0.0,0.0,0.0,0.0
N(CC(=O)OCC)C(=O)C(CCCCCC)(CCCCCC)N(C)CCN(CC)CC,0.2953490458499741,,,,,,,,,,,,,,,,0.0,0.0,0.0,0.0
N(CC(=O)OC(C)(C)C)C(=O)C(CCCCCC)(CCCCCC)N(C)CCN(CC)CC,-1.0885988361093155,,,,,,,,,,,,,,,,0.0,0.0,0.0,0.0
N(C(C)C(=O)OC(C)(C)C)C(=O)C(CCCCCC)(CCCCCC)N(C)CCN(CC)CC,-1.1324566153675897,,,,,,,,,,,,,,,,0.0,0.0,0.0,0.0
N(CCC(=O)OCC)C(=O)C(CCCCCC)(CCCCCC)N(C)CCN(CC)CC,0.6209214908912984,,,,,,,,,,,,,,,,0.0,0.0,0.0,0.0
N(CS(=O)(=O)c3ccc(C)cc3)C(=O)C(CCCCCC)(CCCCCC)N(C)CCN(CC)CC,1.0530381012928005,,,,,,,,,,,,,,,,0.0,0.0,0.0,0.0
N(C3CCCCC3)C(=O)C(CCCCCC)(CCCCCC)N(C)CCN(CC)CC,-0.0934329982425156,,,,,,,,,,,,,,,,0.0,0.0,0.0,0.0
N(C(C)(C)C)C(=O)C5(CCCCCCCCCCCCCC5)N(C)CCN(CC)CC,-1.343470864674557,,,,,,,,,,,,,,,,0.0,0.0,0.0,0.0
N(CCCC)C(=O)C5(CCCCCCCCCCCCCC5)N(C)CCN(CC)CC,-1.3334345362065765,,,,,,,,,,,,,,,,0.0,0.0,0.0,0.0
N(CCCCC)C(=O)C5(CCCCCCCCCCCCCC5)N(C)CCN(CC)CC,-1.1683210888192697,,,,,,,,,,,,,,,,0.0,0.0,0.0,0.0
N(CC(=O)OC)C(=O)C5(CCCCCCCCCCCCCC5)N(C)CCN(CC)CC,-0.898245986988602,,,,,,,,,,,,,,,,0.0,0.0,0.0,0.0
N(CC(=O)OCC)C(=O)C5(CCCCCCCCCCCCCC5)N(C)CCN(CC)CC,-0.5513782939020968,,,,,,,,,,,,,,,,0.0,0.0,0.0,0.0
N(CC(=O)OC(C)(C)C)C(=O)C5(CCCCCCCCCCCCCC5)N(C)CCN(CC)CC,-1.0868786127016177,,,,,,,,,,,,,,,,0.0,0.0,0.0,0.0
N(C(C)C(=O)OC(C)(C)C)C(=O)C5(CCCCCCCCCCCCCC5)N(C)CCN(CC)CC,-1.2078673559103503,,,,,,,,,,,,,,,,0.0,0.0,0.0,0.0
N(CCC(=O)OCC)C(=O)C5(CCCCCCCCCCCCCC5)N(C)CCN(CC)CC,-0.5517293483563358,,,,,,,,,,,,,,,,0.0,0.0,0.0,0.0
N(CS(=O)(=O)c3ccc(C)cc3)C(=O)C5(CCCCCCCCCCCCCC5)N(C)CCN(CC)CC,-0.9503363522960416,,,,,,,,,,,,,,,,0.0,0.0,0.0,0.0
N(C3CCCCC3)C(=O)C5(CCCCCCCCCCCCCC5)N(C)CCN(CC)CC,0.366991702121875,,,,,,,,,,,,,,,,0.0,0.0,0.0,0.0
N(C(C)(C)C)C(=O)C5(CCCCCCCCCCC5)N(C)CCN(CC)CC,-0.5909495643294935,,,,,,,,,,,,,,,,0.0,0.0,0.0,0.0
N(CCCC)C(=O)C5(CCCCCCCCCCC5)N(C)CCN(CC)CC,0.8243919043584303,,,,,,,,,,,,,,,,0.0,0.0,0.0,0.0
N(CCCCC)C(=O)C5(CCCCCCCCCCC5)N(C)CCN(CC)CC,0.9364487152891504,,,,,,,,,,,,,,,,0.0,0.0,0.0,0.0
N(CC(=O)OC)C(=O)C5(CCCCCCCCCCC5)N(C)CCN(CC)CC,-1.298134502598803,,,,,,,,,,,,,,,,0.0,0.0,0.0,0.0
N(CC(=O)OCC)C(=O)C5(CCCCCCCCCCC5)N(C)CCN(CC)CC,0.4160662890489771,,,,,,,,,,,,,,,,0.0,0.0,0.0,0.0
N(CC(=O)OC(C)(C)C)C(=O)C5(CCCCCCCCCCC5)N(C)CCN(CC)CC,-0.772601423563342,,,,,,,,,,,,,,,,0.0,0.0,0.0,0.0
N(C(C)C(=O)OC(C)(C)C)C(=O)C5(CCCCCCCCCCC5)N(C)CCN(CC)CC,-1.0994656020620706,,,,,,,,,,,,,,,,0.0,0.0,0.0,0.0
N(CCC(=O)OCC)C(=O)C5(CCCCCCCCCCC5)N(C)CCN(CC)CC,-0.6149008944651825,,,,,,,,,,,,,,,,0.0,0.0,0.0,0.0
N(CS(=O)(=O)c3ccc(C)cc3)C(=O)C5(CCCCCCCCCCC5)N(C)CCN(CC)CC,-0.3278040868350936,,,,,,,,,,,,,,,,0.0,0.0,0.0,0.0
N(C3CCCCC3)C(=O)C5(CCCCCCCCCCC5)N(C)CCN(CC)CC,0.2340532493673104,,,,,,,,,,,,,,,,0.0,0.0,0.0,0.0
N(C(C)(C)C)C(=O)C(CCCCC)(CCCCC)N(C)CCN(CC)CC,0.4945404721784819,,,,,,,,,,,,,,,,0.0,0.0,0.0,0.0
N(CCCC)C(=O)C(CCCCC)(CCCCC)N(C)CCN(CC)CC,0.8898635607126181,,,,,,,,,,,,,,,,0.0,0.0,0.0,0.0
N(CCCCC)C(=O)C(CCCCC)(CCCCC)N(C)CCN(CC)CC,-0.4536923753134267,,,,,,,,,,,,,,,,0.0,0.0,0.0,0.0
N(CC(=O)OC)C(=O)C(CCCCC)(CCCCC)N(C)CCN(CC)CC,-1.0215985506704413,,,,,,,,,,,,,,,,0.0,0.0,0.0,0.0
N(CC(=O)OCC)C(=O)C(CCCCC)(CCCCC)N(C)CCN(CC)CC,0.137799544515533,,,,,,,,,,,,,,,,0.0,0.0,0.0,0.0
N(CC(=O)OC(C)(C)C)C(=O)C(CCCCC)(CCCCC)N(C)CCN(CC)CC,-1.0985044424450003,,,,,,,,,,,,,,,,0.0,0.0,0.0,0.0
N(C(C)C(=O)OC(C)(C)C)C(=O)C(CCCCC)(CCCCC)N(C)CCN(CC)CC,-1.1361804354566285,,,,,,,,,,,,,,,,0.0,0.0,0.0,0.0
N(CCC(=O)OCC)C(=O)C(CCCCC)(CCCCC)N(C)CCN(CC)CC,-1.1683210888192697,,,,,,,,,,,,,,,,0.0,0.0,0.0,0.0
N(CS(=O)(=O)c3ccc(C)cc3)C(=O)C(CCCCC)(CCCCC)N(C)CCN(CC)CC,-0.6951282270856939,,,,,,,,,,,,,,,,0.0,0.0,0.0,0.0
N(C3CCCCC3)C(=O)C(CCCCC)(CCCCC)N(C)CCN(CC)CC,0.8479479643933462,,,,,,,,,,,,,,,,0.0,0.0,0.0,0.0
N(C(C)(C)C)C(=O)C(CCCCCCC/C=C\CCCCCCCC)(CCCCCCC/C=C\CCCCCCCC)N(C)CCO,-0.8829462914617903,,,,,,,,,,,,,,,,0.0,0.0,0.0,0.0
N(CCCC)C(=O)C(CCCCCCC/C=C\CCCCCCCC)(CCCCCCC/C=C\CCCCCCCC)N(C)CCO,-0.5853631016962726,,,,,,,,,,,,,,,,0.0,0.0,0.0,0.0
N(CCCCC)C(=O)C(CCCCCCC/C=C\CCCCCCCC)(CCCCCCC/C=C\CCCCCCCC)N(C)CCO,0.5220092056589724,,,,,,,,,,,,,,,,0.0,0.0,0.0,0.0
N(CC(=O)OC)C(=O)C(CCCCCCC/C=C\CCCCCCCC)(CCCCCCC/C=C\CCCCCCCC)N(C)CCO,-0.4474818025325627,,,,,,,,,,,,,,,,0.0,0.0,0.0,0.0
N(C(C)C(=O)OC(C)(C)C)C(=O)C(CCCCCCC/C=C\CCCCCCCC)(CCCCCCC/C=C\CCCCCCCC)N(C)CCO,-0.4200879628317771,,,,,,,,,,,,,,,,0.0,0.0,0.0,0.0
N(CCC(=O)OCC)C(=O)C(CCCCCCC/C=C\CCCCCCCC)(CCCCCCC/C=C\CCCCCCCC)N(C)CCO,0.2277797531412294,,,,,,,,,,,,,,,,0.0,0.0,0.0,0.0
N(C3CCCCC3)C(=O)C(CCCCCCC/C=C\CCCCCCCC)(CCCCCCC/C=C\CCCCCCCC)N(C)CCO,-1.1738711040063778,,,,,,,,,,,,,,,,0.0,0.0,0.0,0.0
N(C(C)(C)C)C(=O)C(CCCCCCCCCC)(CCCCCCCCCC)N(C)CCO,-1.1402638419924789,,,,,,,,,,,,,,,,0.0,0.0,0.0,0.0
N(CCCC)C(=O)C(CCCCCCCCCC)(CCCCCCCCCC)N(C)CCO,-0.1560356520334879,,,,,,,,,,,,,,,,0.0,0.0,0.0,0.0
N(CCCCC)C(=O)C(CCCCCCCCCC)(CCCCCCCCCC)N(C)CCO,-0.3907881717837981,,,,,,,,,,,,,,,,0.0,0.0,0.0,0.0
N(CC(=O)OC)C(=O)C(CCCCCCCCCC)(CCCCCCCCCC)N(C)CCO,0.2764377246591965,,,,,,,,,,,,,,,,0.0,0.0,0.0,0.0
N(CC(=O)OCC)C(=O)C(CCCCCCCCCC)(CCCCCCCCCC)N(C)CCO,0.375848878562578,,,,,,,,,,,,,,,,0.0,0.0,0.0,0.0
N(CC(=O)OC(C)(C)C)C(=O)C(CCCCCCCCCC)(CCCCCCCCCC)N(C)CCO,0.925203845400317,,,,,,,,,,,,,,,,0.0,0.0,0.0,0.0
N(C(C)C(=O)OC(C)(C)C)C(=O)C(CCCCCCCCCC)(CCCCCCCCCC)N(C)CCO,0.2799795182630022,,,,,,,,,,,,,,,,0.0,0.0,0.0,0.0
N(CCC(=O)OCC)C(=O)C(CCCCCCCCCC)(CCCCCCCCCC)N(C)CCO,0.1567886051865319,,,,,,,,,,,,,,,,0.0,0.0,0.0,0.0
N(CS(=O)(=O)c3ccc(C)cc3)C(=O)C(CCCCCCCCCC)(CCCCCCCCCC)N(C)CCO,-0.8083391113499576,,,,,,,,,,,,,,,,0.0,0.0,0.0,0.0
N(C3CCCCC3)C(=O)C(CCCCCCCCCC)(CCCCCCCCCC)N(C)CCO,-0.7475663898741606,,,,,,,,,,,,,,,,0.0,0.0,0.0,0.0
N(C(C)(C)C)C(=O)C(CCCCCCCCC)(CCCCCCCCC)N(C)CCO,-0.421794902897746,,,,,,,,,,,,,,,,0.0,0.0,0.0,0.0
N(CCCC)C(=O)C(CCCCCCCCC)(CCCCCCCCC)N(C)CCO,0.3950746611556211,,,,,,,,,,,,,,,,0.0,0.0,0.0,0.0
N(CCCCC)C(=O)C(CCCCCCCCC)(CCCCCCCCC)N(C)CCO,0.377095300497755,,,,,,,,,,,,,,,,0.0,0.0,0.0,0.0
N(CC(=O)OC)C(=O)C(CCCCCCCCC)(CCCCCCCCC)N(C)CCO,0.7288794253020325,,,,,,,,,,,,,,,,0.0,0.0,0.0,0.0
N(CC(=O)OCC)C(=O)C(CCCCCCCCC)(CCCCCCCCC)N(C)CCO,-0.063869310620702,,,,,,,,,,,,,,,,0.0,0.0,0.0,0.0
N(CC(=O)OC(C)(C)C)C(=O)C(CCCCCCCCC)(CCCCCCCCC)N(C)CCO,-0.4173248348883588,,,,,,,,,,,,,,,,0.0,0.0,0.0,0.0
N(C(C)C(=O)OC(C)(C)C)C(=O)C(CCCCCCCCC)(CCCCCCCCC)N(C)CCO,-0.9187916701097354,,,,,,,,,,,,,,,,0.0,0.0,0.0,0.0
N(CCC(=O)OCC)C(=O)C(CCCCCCCCC)(CCCCCCCCC)N(C)CCO,-0.2557858530165323,,,,,,,,,,,,,,,,0.0,0.0,0.0,0.0
N(CS(=O)(=O)c3ccc(C)cc3)C(=O)C(CCCCCCCCC)(CCCCCCCCC)N(C)CCO,-0.7284486493846564,,,,,,,,,,,,,,,,0.0,0.0,0.0,0.0
N(C3CCCCC3)C(=O)C(CCCCCCCCC)(CCCCCCCCC)N(C)CCO,-0.3900730209327823,,,,,,,,,,,,,,,,0.0,0.0,0.0,0.0
N(C(C)(C)C)C(=O)C(CCCCCCCC)(CCCCCCCC)N(C)CCO,-0.5117135036399548,,,,,,,,,,,,,,,,0.0,0.0,0.0,0.0
N(CCCC)C(=O)C(CCCCCCCC)(CCCCCCCC)N(C)CCO,-1.2935942014745148,,,,,,,,,,,,,,,,0.0,0.0,0.0,0.0
N(CCCCC)C(=O)C(CCCCCCCC)(CCCCCCCC)N(C)CCO,-0.6303818910024103,,,,,,,,,,,,,,,,0.0,0.0,0.0,0.0
N(CC(=O)OC)C(=O)C(CCCCCCCC)(CCCCCCCC)N(C)CCO,0.5835428365435502,,,,,,,,,,,,,,,,0.0,0.0,0.0,0.0
N(CC(=O)OCC)C(=O)C(CCCCCCCC)(CCCCCCCC)N(C)CCO,-0.8602082694230423,,,,,,,,,,,,,,,,0.0,0.0,0.0,0.0
N(CC(=O)OC(C)(C)C)C(=O)C(CCCCCCCC)(CCCCCCCC)N(C)CCO,-0.8088123533894321,,,,,,,,,,,,,,,,0.0,0.0,0.0,0.0
N(C(C)C(=O)OC(C)(C)C)C(=O)C(CCCCCCCC)(CCCCCCCC)N(C)CCO,-0.2830209005849095,,,,,,,,,,,,,,,,0.0,0.0,0.0,0.0
N(CCC(=O)OCC)C(=O)C(CCCCCCCC)(CCCCCCCC)N(C)CCO,0.6611532243963654,,,,,,,,,,,,,,,,0.0,0.0,0.0,0.0
N(CS(=O)(=O)c3ccc(C)cc3)C(=O)C(CCCCCCCC)(CCCCCCCC)N(C)CCO,-0.7879620883514434,,,,,,,,,,,,,,,,0.0,0.0,0.0,0.0
N(C3CCCCC3)C(=O)C(CCCCCCCC)(CCCCCCCC)N(C)CCO,-0.5961815354438024,,,,,,,,,,,,,,,,0.0,0.0,0.0,0.0
N(C(C)(C)C)C(=O)C(CCCCCCC)(CCCCCCC)N(C)CCO,-0.9951117562961154,,,,,,,,,,,,,,,,0.0,0.0,0.0,0.0
N(CCCC)C(=O)C(CCCCCCC)(CCCCCCC)N(C)CCO,-0.6492222497717366,,,,,,,,,,,,,,,,0.0,0.0,0.0,0.0
N(CCCCC)C(=O)C(CCCCCCC)(CCCCCCC)N(C)CCO,0.8178726599241514,,,,,,,,,,,,,,,,0.0,0.0,0.0,0.0
N(CC(=O)OC)C(=O)C(CCCCCCC)(CCCCCCC)N(C)CCO,-1.1001175127112588,,,,,,,,,,,,,,,,0.0,0.0,0.0,0.0
N(CC(=O)OCC)C(=O)C(CCCCCCC)(CCCCCCC)N(C)CCO,0.2541285169908198,,,,,,,,,,,,,,,,0.0,0.0,0.0,0.0
N(CC(=O)OC(C)(C)C)C(=O)C(CCCCCCC)(CCCCCCC)N(C)CCO,-0.4070261272128866,,,,,,,,,,,,,,,,0.0,0.0,0.0,0.0
N(C(C)C(=O)OC(C)(C)C)C(=O)C(CCCCCCC)(CCCCCCC)N(C)CCO,-0.2249757102511869,,,,,,,,,,,,,,,,0.0,0.0,0.0,0.0
N(CCC(=O)OCC)C(=O)C(CCCCCCC)(CCCCCCC)N(C)CCO,-0.5218394333568718,,,,,,,,,,,,,,,,0.0,0.0,0.0,0.0
N(CS(=O)(=O)c3ccc(C)cc3)C(=O)C(CCCCCCC)(CCCCCCC)N(C)CCO,-0.9130834464909076,,,,,,,,,,,,,,,,0.0,0.0,0.0,0.0
N(C3CCCCC3)C(=O)C(CCCCCCC)(CCCCCCC)N(C)CCO,-1.0149620117742115,,,,,,,,,,,,,,,,0.0,0.0,0.0,0.0
N(C(C)(C)C)C(=O)C(CCCCCC)(CCCCCC)N(C)CCO,-0.1343474597495809,,,,,,,,,,,,,,,,0.0,0.0,0.0,0.0
N(CCCC)C(=O)C(CCCCCC)(CCCCCC)N(C)CCO,0.1435542023544121,,,,,,,,,,,,,,,,0.0,0.0,0.0,0.0
N(CCCCC)C(=O)C(CCCCCC)(CCCCCC)N(C)CCO,0.3553540527588429,,,,,,,,,,,,,,,,0.0,0.0,0.0,0.0
N(CC(=O)OC)C(=O)C(CCCCCC)(CCCCCC)N(C)CCO,-0.9440198231517384,,,,,,,,,,,,,,,,0.0,0.0,0.0,0.0
N(CC(=O)OCC)C(=O)C(CCCCCC)(CCCCCC)N(C)CCO,-0.1912857964751155,,,,,,,,,,,,,,,,0.0,0.0,0.0,0.0
N(CC(=O)OC(C)(C)C)C(=O)C(CCCCCC)(CCCCCC)N(C)CCO,-1.1010298164529009,,,,,,,,,,,,,,,,0.0,0.0,0.0,0.0
N(C(C)C(=O)OC(C)(C)C)C(=O)C(CCCCCC)(CCCCCC)N(C)CCO,-0.8603920866049202,,,,,,,,,,,,,,,,0.0,0.0,0.0,0.0
N(CCC(=O)OCC)C(=O)C(CCCCCC)(CCCCCC)N(C)CCO,0.4342855609081473,,,,,,,,,,,,,,,,0.0,0.0,0.0,0.0
N(CS(=O)(=O)c3ccc(C)cc3)C(=O)C(CCCCCC)(CCCCCC)N(C)CCO,0.925203845400317,,,,,,,,,,,,,,,,0.0,0.0,0.0,0.0
N(C3CCCCC3)C(=O)C(CCCCCC)(CCCCCC)N(C)CCO,-0.0891990122557301,,,,,,,,,,,,,,,,0.0,0.0,0.0,0.0
N(C(C)(C)C)C(=O)C5(CCCCCCCCCCCCCC5)N(C)CCO,-1.3511547771846522,,,,,,,,,,,,,,,,0.0,0.0,0.0,0.0
N(CCCC)C(=O)C5(CCCCCCCCCCCCCC5)N(C)CCO,-1.3261385394240164,,,,,,,,,,,,,,,,0.0,0.0,0.0,0.0
N(CCCCC)C(=O)C5(CCCCCCCCCCCCCC5)N(C)CCO,-1.07393935295026,,,,,,,,,,,,,,,,0.0,0.0,0.0,0.0
N(CC(=O)OC)C(=O)C5(CCCCCCCCCCCCCC5)N(C)CCO,-1.3192660091895363,,,,,,,,,,,,,,,,0.0,0.0,0.0,0.0
N(CC(=O)OCC)C(=O)C5(CCCCCCCCCCCCCC5)N(C)CCO,-0.4270180239856289,,,,,,,,,,,,,,,,0.0,0.0,0.0,0.0
N(CC(=O)OC(C)(C)C)C(=O)C5(CCCCCCCCCCCCCC5)N(C)CCO,-1.1371415018348578,,,,,,,,,,,,,,,,0.0,0.0,0.0,0.0
N(C(C)C(=O)OC(C)(C)C)C(=O)C5(CCCCCCCCCCCCCC5)N(C)CCO,-1.2424281000252504,,,,,,,,,,,,,,,,0.0,0.0,0.0,0.0
N(CCC(=O)OCC)C(=O)C5(CCCCCCCCCCCCCC5)N(C)CCO,-0.3311813049438616,,,,,,,,,,,,,,,,0.0,0.0,0.0,0.0
N(CS(=O)(=O)c3ccc(C)cc3)C(=O)C5(CCCCCCCCCCCCCC5)N(C)CCO,-0.775863048499696,,,,,,,,,,,,,,,,0.0,0.0,0.0,0.0
N(C3CCCCC3)C(=O)C5(CCCCCCCCCCCCCC5)N(C)CCO,0.9821154468461344,,,,,,,,,,,,,,,,0.0,0.0,0.0,0.0
N(C(C)(C)C)C(=O)C5(CCCCCCCCCCC5)N(C)CCO,-0.2660021605469782,,,,,,,,,,,,,,,,0.0,0.0,0.0,0.0
N(CCCC)C(=O)C5(CCCCCCCCCCC5)N(C)CCO,0.5335811880558233,,,,,,,,,,,,,,,,0.0,0.0,0.0,0.0
N(CCCCC)C(=O)C5(CCCCCCCCCCC5)N(C)CCO,1.0208157847551511,,,,,,,,,,,,,,,,0.0,0.0,0.0,0.0
N(CC(=O)OC)C(=O)C5(CCCCCCCCCCC5)N(C)CCO,-1.3140291309022547,,,,,,,,,,,,,,,,0.0,0.0,0.0,0.0
N(CC(=O)OCC)C(=O)C5(CCCCCCCCCCC5)N(C)CCO,-0.0609044470337609,,,,,,,,,,,,,,,,0.0,0.0,0.0,0.0
N(CC(=O)OC(C)(C)C)C(=O)C5(CCCCCCCCCCC5)N(C)CCO,-0.3066490815019446,,,,,,,,,,,,,,,,0.0,0.0,0.0,0.0
N(C(C)C(=O)OC(C)(C)C)C(=O)C5(CCCCCCCCCCC5)N(C)CCO,-0.1121829562079135,,,,,,,,,,,,,,,,0.0,0.0,0.0,0.0
N(CCC(=O)OCC)C(=O)C5(CCCCCCCCCCC5)N(C)CCO,-0.6047215082385196,,,,,,,,,,,,,,,,0.0,0.0,0.0,0.0
N(CS(=O)(=O)c3ccc(C)cc3)C(=O)C5(CCCCCCCCCCC5)N(C)CCO,0.1751239006494778,,,,,,,,,,,,,,,,0.0,0.0,0.0,0.0
N(C3CCCCC3)C(=O)C5(CCCCCCCCCCC5)N(C)CCO,-0.3778593598916074,,,,,,,,,,,,,,,,0.0,0.0,0.0,0.0
N(C(C)(C)C)C(=O)C(CCCCC)(CCCCC)N(C)CCO,-1.314015438842319,,,,,,,,,,,,,,,,0.0,0.0,0.0,0.0
N(CCCC)C(=O)C(CCCCC)(CCCCC)N(C)CCO,-1.2990909900558691,,,,,,,,,,,,,,,,0.0,0.0,0.0,0.0
N(CCCCC)C(=O)C(CCCCC)(CCCCC)N(C)CCO,0.6141284563480864,,,,,,,,,,,,,,,,0.0,0.0,0.0,0.0
N(CC(=O)OC)C(=O)C(CCCCC)(CCCCC)N(C)CCO,-1.3406592154937425,,,,,,,,,,,,,,,,0.0,0.0,0.0,0.0
N(CC(=O)OCC)C(=O)C(CCCCC)(CCCCC)N(C)CCO,-0.4998756308907657,,,,,,,,,,,,,,,,0.0,0.0,0.0,0.0
N(CC(=O)OC(C)(C)C)C(=O)C(CCCCC)(CCCCC)N(C)CCO,-0.7605639826543718,,,,,,,,,,,,,,,,0.0,0.0,0.0,0.0
N(C(C)C(=O)OC(C)(C)C)C(=O)C(CCCCC)(CCCCC)N(C)CCO,-0.8198402207324652,,,,,,,,,,,,,,,,0.0,0.0,0.0,0.0
N(CCC(=O)OCC)C(=O)C(CCCCC)(CCCCC)N(C)CCO,-1.07393935295026,,,,,,,,,,,,,,,,0.0,0.0,0.0,0.0
N(CS(=O)(=O)c3ccc(C)cc3)C(=O)C(CCCCC)(CCCCC)N(C)CCO,-0.6951236724321747,,,,,,,,,,,,,,,,0.0,0.0,0.0,0.0
N(C3CCCCC3)C(=O)C(CCCCC)(CCCCC)N(C)CCO,-1.3438137383784332,,,,,,,,,,,,,,,,0.0,0.0,0.0,0.0
N(CC(=O)OCC)C(=O)C(CCCCCCC/C=C\CCCCCCCC)(CCCCCCC/C=C\CCCCCCCC)N(C)CCN(CC)CC,-1.060099356115701,,,,,,,,,,,,,,,,0.0,0.0,0.0,0.0
N(CC(=O)OCC)C(=O)C(CCCCCCC/C=C\CCCCCCCC)(CCCCCCC/C=C\CCCCCCCC)N(C)CCO,-1.3716909433906068,,,,,,,,,,,,,,,,0.0,0.0,0.0,0.0
N(CS(=O)(=O)c3ccc(C)cc3)C(=O)C(CCCCCCC/C=C\CCCCCCCC)(CCCCCCC/C=C\CCCCCCCC)N(C)CCN(CC)CC,-0.2752167589546612,,,,,,,,,,,,,,,,0.0,0.0,0.0,0.0
N(CC(=O)OC(C)(C)C)C(=O)C(CCCCCCC/C=C\CCCCCCCC)(CCCCCCC/C=C\CCCCCCCC)N(C)CCN(CC)CC,-0.6966779620855221,,,,,,,,,,,,,,,,0.0,0.0,0.0,0.0
N(CS(=O)(=O)c3ccc(C)cc3)C(=O)C(CCCCCCC/C=C\CCCCCCCC)(CCCCCCC/C=C\CCCCCCCC)N(C)CCO,-0.9524612231079812,,,,,,,,,,,,,,,,0.0,0.0,0.0,0.0
N(CC(=O)OC(C)(C)C)C(=O)C(CCCCCCC/C=C\CCCCCCCC)(CCCCCCC/C=C\CCCCCCCC)N(C)CCO,-1.03079690788154,,,,,,,,,,,,,,,,0.0,0.0,0.0,0.0
N(CC(=O)OCC)C(=O)C(CCCCCCC/C=C\CCCCCCCC)(CCCCCCC/C=C\CCCCCCCC)N(C)CCN(CC)CC,-0.9341794115645378,,,,,,,,,,,,,,,,0.0,0.0,0.0,0.0
N(CC(=O)OCC)C(=O)C(CCCCCCC/C=C\CCCCCCCC)(CCCCCCC/C=C\CCCCCCCC)N(C)CCO,-1.1656992394413592,,,,,,,,,,,,,,,,0.0,0.0,0.0,0.0
 N(CCC(=O)OCCCCCCCC/C=C\CC(CCCCCC)OC(OCCCCCCCC/C=C\CCCCCCCC)=O)(CCC(=O)OCCCCCCCC/C=C\CC(CCCCCC)OC(OCCCCCCCC/C=C\CCCCCCCC)=O)CCN(CC)CC,1.9042807194544484,,,,,,,,,,,,,,,,0.0,0.0,0.0,0.0
 C1(N2CCN(CCC(=O)OCCCCCCCC/C=C\CC(CCCCCC)OC(OCC#CCCCCCC)=O)CC2)=CC=NC=C1,1.867163245000052,,,,,,,,,,,,,,,,0.0,0.0,0.0,0.0
 N(CCC(=O)OCCCCCCCC/C=C\CC(CCCCCC)OC(OCCCCCCCC/C=C\C/C=C\CCCCC)=O)(CCC(=O)OCCCCCCCC/C=C\CC(CCCCCC)OC(OCCCCCCCC/C=C\C/C=C\CCCCC)=O)CCN(CC)CC,1.7940062848805904,,,,,,,,,,,,,,,,0.0,0.0,0.0,0.0
 CN(CCC(=O)OCCCCCCCC/C=C\CC(CCCCCC)OC(OCCCCCCCCCCCCCCCCCC)=O)CCCN(CCC(=O)OCCCCCCCC/C=C\CC(CCCCCC)OC(OCCCCCCCCCCCCCCCCCC)=O)C,1.757412382688665,,,,,,,,,,,,,,,,0.0,0.0,0.0,0.0
 CCN(CC)CCN(CCC(=O)OCCCCCCCC/C=C\CC(CCCCCC)OC(OCCCCCCCC/C=C\CCCCCCCC)=O)CCN(CC)CC,1.7553946419394575,,,,,,,,,,,,,,,,0.0,0.0,0.0,0.0
 N(CCC(=O)OCCCCCCCC/C=C\CC(CCCCCC)OC(OCC#CCCCC)=O)(CCC(=O)OCCCCCCCC/C=C\CC(CCCCCC)OC(OCC#CCCCC)=O)CCN1CCCCN(C)CC1,1.7218305704695769,,,,,,,,,,,,,,,,0.0,0.0,0.0,0.0
 N(CCC(=O)OCCCCCCCC/C=C\CC(CCCCCC)OC(OCCCCCCCCCCCCCCCCCC)=O)(CCC(=O)OCCCCCCCC/C=C\CC(CCCCCC)OC(OCCCCCCCCCCCCCCCCCC)=O)CCN(CC)CC,1.6089868337673503,,,,,,,,,,,,,,,,0.0,0.0,0.0,0.0
 CCN(CC)CCN(CCC(=O)OCCCCCCCC/C=C\CC(CCCCCC)OC(OCCCCCCCC/C=C\C/C=C\CCCCC)=O)CCN(CC)CC,1.6038982807174478,,,,,,,,,,,,,,,,0.0,0.0,0.0,0.0
 C1(N2CCN(CCC(=O)OCCCCCCCC/C=C\CC(CCCCCC)OC(OCCCCCCCC/C=C\CCCCCCCC)=O)CC2)=CN=CC=C1,1.5853722470797476,,,,,,,,,,,,,,,,0.0,0.0,0.0,0.0
 C1(N2CCN(CCC(=O)OCCCCCCCC/C=C\CC(CCCCCC)OC(OCC#CCCCCC)=O)CC2)=CC=NC=C1,1.490234215480488,,,,,,,,,,,,,,,,0.0,0.0,0.0,0.0
 CCN(CC)CCN(CCC(=O)OCCCCCCCC/C=C\CC(CCCCCC)OC(OCCCCCCCCCCCCCCCCCC)=O)CCN(CC)CC,1.4860850778868389,,,,,,,,,,,,,,,,0.0,0.0,0.0,0.0
 N(CCC(=O)OCCCCCCCC/C=C\CC(CCCCCC)OC(OCC#CCCCC)=O)(CCC(=O)OCCCCCCCC/C=C\CC(CCCCCC)OC(OCC#CCCCC)=O)CCN(CC)CC,1.410327963389788,,,,,,,,,,,,,,,,0.0,0.0,0.0,0.0
 N(CCC(=O)OCCCCCCCC/C=C\CC(CCCCCC)OC(OCCCCCCCCCCCCCCCCCC)=O)(CCC(=O)OCCCCCCCC/C=C\CC(CCCCCC)OC(OCCCCCCCCCCCCCCCCCC)=O)CCC1N(C(C)C)CCCC1,1.368984138018648,,,,,,,,,,,,,,,,0.0,0.0,0.0,0.0
 C1(N2CCN(CCC(=O)OCCCCCCCC/C=C\CC(CCCCCC)OC(OCCC#CCCCCCC)=O)CC2)=CC=NC=C1,1.3463912493378676,,,,,,,,,,,,,,,,0.0,0.0,0.0,0.0
 C1(N2CCN(CCC(=O)OCCCCCCCC/C=C\CC(CCCCCC)OC(OCCCCCCCC/C=C\C/C=C\CCCCC)=O)CC2)=CC=NC=C1,1.3025459392958552,,,,,,,,,,,,,,,,0.0,0.0,0.0,0.0
 CN(CCC(=O)OCCCCCCCC/C=C\CC(CCCCCC)OC(OCCCCCCCC/C=C\C/C=C\CCCCC)=O)CCCN(CCC(=O)OCCCCCCCC/C=C\CC(CCCCCC)OC(OCCCCCCCC/C=C\C/C=C\CCCCC)=O)C,1.2923345816898832,,,,,,,,,,,,,,,,0.0,0.0,0.0,0.0
 N(CCC(=O)OCCCCCCCC/C=C\CC(CCCCCC)OC(OCC#CCC)=O)(CCC(=O)OCCCCCCCC/C=C\CC(CCCCCC)OC(OCC#CCC)=O)CCC1N(C(C)C)CCCC1,1.2875168524600755,,,,,,,,,,,,,,,,0.0,0.0,0.0,0.0
 C1(N2CCN(CCC(=O)OCCCCCCCC/C=C\CC(CCCCCC)OC(OCCCCCCCCCCCCCCCCCC)=O)CC2)=CC=NC=C1,1.2399883574002344,,,,,,,,,,,,,,,,0.0,0.0,0.0,0.0
 N(CCC(=O)OCCCCCCCC/C=C\CC(CCCCCC)OC(OCC#CCCCCCC)=O)(CCC(=O)OCCCCCCCC/C=C\CC(CCCCCC)OC(OCC#CCCCCCC)=O)CCC1N(C(C)C)CCCC1,1.1972613150610067,,,,,,,,,,,,,,,,0.0,0.0,0.0,0.0
 CN(CCC(=O)OCCCCCCCC/C=C\CC(CCCCCC)OC(OCCCCCCCC/C=C\CCCCCCCC)=O)CCCN(CCC(=O)OCCCCCCCC/C=C\CC(CCCCCC)OC(OCCCCCCCC/C=C\CCCCCCCC)=O)C,1.192993100812051,,,,,,,,,,,,,,,,0.0,0.0,0.0,0.0
 CN(CCC(=O)OCCCCCCCC/C=C\CC(CCCCCC)OC(OCC#CCCC)=O)CCCN(CCC(=O)OCCCCCCCC/C=C\CC(CCCCCC)OC(OCC#CCCC)=O)C,1.1424694029641147,,,,,,,,,,,,,,,,0.0,0.0,0.0,0.0
 C1(N2CCN(CCC(=O)OCCCCCCCC/C=C\CC(CCCCCC)OC(OCC#CCCCC)=O)CC2)=CC=NC=C1,1.0884625777766497,,,,,,,,,,,,,,,,0.0,0.0,0.0,0.0
 N(CCC(=O)OCCCCCCCC/C=C\CC(CCCCCC)OC(OCC#CCC)=O)(CCC(=O)OCCCCCCCC/C=C\CC(CCCCCC)OC(OCC#CCC)=O)CCN1CCCCN(C)CC1,1.0768238972733433,,,,,,,,,,,,,,,,0.0,0.0,0.0,0.0
 N(CCC(=O)OCCCCCCCC/C=C\CC(CCCCCC)OC(OCC#CCCCCCC)=O)(CCC(=O)OCCCCCCCC/C=C\CC(CCCCCC)OC(OCC#CCCCCCC)=O)CCN(CC)CC,1.066685886050514,,,,,,,,,,,,,,,,0.0,0.0,0.0,0.0
 C1(N2CCN(CCC(=O)OCCCCCCCC/C=C\CC(CCCCCC)OC(OCCC#CCCCC)=O)CC2)=CC=NC=C1,1.008840187595614,,,,,,,,,,,,,,,,0.0,0.0,0.0,0.0
 N(CCC(=O)OCCCCCCCC/C=C\CC(CCCCCC)OC(OCC#CCCC)=O)(CCC(=O)OCCCCCCCC/C=C\CC(CCCCCC)OC(OCC#CCCC)=O)CCN(CC)CC,0.9833813842411744,,,,,,,,,,,,,,,,0.0,0.0,0.0,0.0
 N(CCC(=O)OCCCCCCCC/C=C\CC(CCCCCC)OC(OCC#CCCCCC)=O)(CCC(=O)OCCCCCCCC/C=C\CC(CCCCCC)OC(OCC#CCCCCC)=O)CCC1N(CC(C)C)CCCC1,0.9145358865008472,,,,,,,,,,,,,,,,0.0,0.0,0.0,0.0
 CN(CCC(=O)OCCCCCCCC/C=C\CC(CCCCCC)OC(OCC#CCCCC)=O)CCCN(CCC(=O)OCCCCCCCC/C=C\CC(CCCCCC)OC(OCC#CCCCC)=O)C,0.8996245611045148,,,,,,,,,,,,,,,,0.0,0.0,0.0,0.0
 N(CCC(=O)OCCCCCCCC/C=C\CC(CCCCCC)OC(OCCC#CCCCCCC)=O)(CCC(=O)OCCCCCCCC/C=C\CC(CCCCCC)OC(OCCC#CCCCCCC)=O)CCC1N(C(C)C)CCCC1,0.8877406789655329,,,,,,,,,,,,,,,,0.0,0.0,0.0,0.0
 N(CCC(=O)OCCCCCCCC/C=C\CC(CCCCCC)OC(OCC#CCCCC)=O)(CCC(=O)OCCCCCCCC/C=C\CC(CCCCCC)OC(OCC#CCCCC)=O)CCC1N(C(C)C)CCCC1,0.8464183362138913,,,,,,,,,,,,,,,,0.0,0.0,0.0,0.0
 N(CCC(=O)OCCCCCCCC/C=C\CC(CCCCCC)OC(OCCC#CCCCCCC)=O)(CCC(=O)OCCCCCCCC/C=C\CC(CCCCCC)OC(OCCC#CCCCCCC)=O)CCCN1CCOCC1,0.8092876286118926,,,,,,,,,,,,,,,,0.0,0.0,0.0,0.0
 N(CCC(=O)OCCCCCCCC/C=C\CC(CCCCCC)OC(OCC#CCCC)=O)(CCC(=O)OCCCCCCCC/C=C\CC(CCCCCC)OC(OCC#CCCC)=O)CCN1CCCCN(C)CC1,0.7417710509837026,,,,,,,,,,,,,,,,0.0,0.0,0.0,0.0
 N(CCC(=O)OCCCCCCCC/C=C\CC(CCCCCC)OC(OCC#CCC)=O)(CCC(=O)OCCCCCCCC/C=C\CC(CCCCCC)OC(OCC#CCC)=O)CCC1N(CC(C)C)CCCC1,0.712436761626841,,,,,,,,,,,,,,,,0.0,0.0,0.0,0.0
 CN(CCC(=O)OCCCCCCCC/C=C\CC(CCCCCC)OC(OCC#CCC)=O)CCCN(CCC(=O)OCCCCCCCC/C=C\CC(CCCCCC)OC(OCC#CCC)=O)C,0.6942667454013254,,,,,,,,,,,,,,,,0.0,0.0,0.0,0.0
 C1(N2CCN(CCC(=O)OCCCCCCCC/C=C\CC(CCCCCC)OC(OCC#CCCC)=O)CC2)=CC=NC=C1,0.6757893530773098,,,,,,,,,,,,,,,,0.0,0.0,0.0,0.0
 N(CCC(=O)OCCCCCCCC/C=C\CC(CCCCCC)OC(OCC#CCCCCCC)=O)(CCC(=O)OCCCCCCCC/C=C\CC(CCCCCC)OC(OCC#CCCCCCC)=O)CCN1CCCCN(C)CC1,0.6715354145668455,,,,,,,,,,,,,,,,0.0,0.0,0.0,0.0
 N(CCC(=O)OCCCCCCCC/C=C\CC(CCCCCC)OC(OCC#CCCCCC)=O)(CCC(=O)OCCCCCCCC/C=C\CC(CCCCCC)OC(OCC#CCCCCC)=O)CCN(CC)CC,0.6441917494705428,,,,,,,,,,,,,,,,0.0,0.0,0.0,0.0
 N(CCC(=O)OCCCCCCCC/C=C\CC(CCCCCC)OC(OCC#CCC)=O)(CCC(=O)OCCCCCCCC/C=C\CC(CCCCCC)OC(OCC#CCC)=O)CCN(CC)CC,0.6191696821925229,,,,,,,,,,,,,,,,0.0,0.0,0.0,0.0
 N(CCC(=O)OCCCCCCCC/C=C\CC(CCCCCC)OC(OCC#CCCC)=O)(CCC(=O)OCCCCCCCC/C=C\CC(CCCCCC)OC(OCC#CCCC)=O)CCC1N(CC(C)C)CCCC1,0.6024472155838723,,,,,,,,,,,,,,,,0.0,0.0,0.0,0.0
 N(CCC(=O)OCCCCCCCC/C=C\CC(CCCCCC)OC(OCC#CCCCCCC)=O)(CCC(=O)OCCCCCCCC/C=C\CC(CCCCCC)OC(OCC#CCCCCCC)=O)CCC1N(CC(C)C)CCCC1,0.6015103598365432,,,,,,,,,,,,,,,,0.0,0.0,0.0,0.0
 N(CCC(=O)OCCCCCCCC/C=C\CC(CCCCCC)OC(OCC#CCCC)=O)(CCC(=O)OCCCCCCCC/C=C\CC(CCCCCC)OC(OCC#CCCC)=O)CCCN1CCOCC1,0.5975200952996796,,,,,,,,,,,,,,,,0.0,0.0,0.0,0.0
 N(CCC(=O)OCCCCCCCC/C=C\CC(CCCCCC)OC(OCC#CCCCC)=O)(CCC(=O)OCCCCCCCC/C=C\CC(CCCCCC)OC(OCC#CCCCC)=O)CCCN1CCOCC1,0.5617697358297876,,,,,,,,,,,,,,,,0.0,0.0,0.0,0.0
 N(CCC(=O)OCCCCCCCC/C=C\CC(CCCCCC)OC(OCC#CCCCCC)=O)(CCC(=O)OCCCCCCCC/C=C\CC(CCCCCC)OC(OCC#CCCCCC)=O)CCCN1CCOCC1,0.5399490682130921,,,,,,,,,,,,,,,,0.0,0.0,0.0,0.0
 N(CCC(=O)OCCCCCCCC/C=C\CC(CCCCCC)OC(OCC#CCC)=O)(CCC(=O)OCCCCCCCC/C=C\CC(CCCCCC)OC(OCC#CCC)=O)CCCN1CCOCC1,0.5080389953258543,,,,,,,,,,,,,,,,0.0,0.0,0.0,0.0
 N(CCC(=O)OCCCCCCCC/C=C\CC(CCCCCC)OC(OCC#CCCCC)=O)(CCC(=O)OCCCCCCCC/C=C\CC(CCCCCC)OC(OCC#CCCCC)=O)CCC1N(CC(C)C)CCCC1,0.5009674617807651,,,,,,,,,,,,,,,,0.0,0.0,0.0,0.0
 CN(CCC(=O)OCCCCCCCC/C=C\CC(CCCCCC)OC(OCC#CCCCCC)=O)CCCN(CCC(=O)OCCCCCCCC/C=C\CC(CCCCCC)OC(OCC#CCCCCC)=O)C,0.4766848823193866,,,,,,,,,,,,,,,,0.0,0.0,0.0,0.0
 CCN(CC)CCN(CCC(=O)OCCCCCCCC/C=C\CC(CCCCCC)OC(OCC#CCCCCC)=O)CCN(CC)CC,0.3648750490096678,,,,,,,,,,,,,,,,0.0,0.0,0.0,0.0
 C1(N2CCN(CCC(=O)OCCCCCCCC/C=C\CC(CCCCCC)OC(OCC#CCC)=O)CC2)=CC=NC=C1,0.3571254937421149,,,,,,,,,,,,,,,,0.0,0.0,0.0,0.0
 CCOC(CN(CCC(=O)OCCCCCCCC/C=C\CC(CCCCCC)OC(OCC#CCC)=O)(CCC(=O)OCCCCCCCC/C=C\CC(CCCCCC)OC(OCC#CCC)=O))OCC,0.3465855534651859,,,,,,,,,,,,,,,,0.0,0.0,0.0,0.0
 CCN(CC)CCN(CCC(=O)OCCCCCCCC/C=C\CC(CCCCCC)OC(OCC#CCCCCCC)=O)CCN(CC)CC,0.2408622984674109,,,,,,,,,,,,,,,,0.0,0.0,0.0,0.0
 CN(CCC(=O)OCCCCCCCC/C=C\CC(CCCCCC)OC(OCC#CCCCCCC)=O)CCCN(CCC(=O)OCCCCCCCC/C=C\CC(CCCCCC)OC(OCC#CCCCCCC)=O)C,0.2230876808443074,,,,,,,,,,,,,,,,0.0,0.0,0.0,0.0
 N(CCC(=O)OCCCCCCCC/C=C\CC(CCCCCC)OC(OCC#CCCC)=O)(CCC(=O)OCCCCCCCC/C=C\CC(CCCCCC)OC(OCC#CCCC)=O)CCC1N(C(C)C)CCCC1,0.214092026420985,,,,,,,,,,,,,,,,0.0,0.0,0.0,0.0
 N(CCC(=O)OCCCCCCCC/C=C\CC(CCCCCC)OC(OCC#CCCCCC)=O)(CCC(=O)OCCCCCCCC/C=C\CC(CCCCCC)OC(OCC#CCCCCC)=O)CCC1N(C(C)C)CCCC1,0.150899701731715,,,,,,,,,,,,,,,,0.0,0.0,0.0,0.0
 N(CCC(=O)OCCCCCCCC/C=C\CC(CCCCCC)OC(OCCCCCCCC/C=C\CCCCCCCC)=O)(CCC(=O)OCCCCCCCC/C=C\CC(CCCCCC)OC(OCCCCCCCC/C=C\CCCCCCCC)=O)CCC1N(C(C)C)CCCC1,0.1239190978098975,,,,,,,,,,,,,,,,0.0,0.0,0.0,0.0
 CCN(CC)CCN(CCC(=O)OCCCCCCCC/C=C\CC(CCCCCC)OC(OCC#CCCCC)=O)CCN(CC)CC,0.0970433552614785,,,,,,,,,,,,,,,,0.0,0.0,0.0,0.0
 N(CCC(=O)OCCCCCCCC/C=C\CC(CCCCCC)OC(OCC#CCCCCCC)=O)(CCC(=O)OCCCCCCCC/C=C\CC(CCCCCC)OC(OCC#CCCCCCC)=O)CCCN1CCOCC1,0.0930963559651468,,,,,,,,,,,,,,,,0.0,0.0,0.0,0.0
 N(CCC(=O)OCCCCCCCC/C=C\CC(CCCCCC)OC(OCCC#CCCCCCC)=O)(CCC(=O)OCCCCCCCC/C=C\CC(CCCCCC)OC(OCCC#CCCCCCC)=O)CCC1N(CC(C)C)CCCC1,0.0637045450209948,,,,,,,,,,,,,,,,0.0,0.0,0.0,0.0
 N(CCC(=O)OCCCCCCCC/C=C\CC(CCCCCC)OC(OCCCCCCCCCCCCCCCCCC)=O)(CCC(=O)OCCCCCCCC/C=C\CC(CCCCCC)OC(OCCCCCCCCCCCCCCCCCC)=O)CCC1N(CC(C)C)CCCC1,0.0278454800515575,,,,,,,,,,,,,,,,0.0,0.0,0.0,0.0
 N(CCC(=O)OCCCCCCCC/C=C\CC(CCCCCC)OC(OCCC#CCCCC)=O)(CCC(=O)OCCCCCCCC/C=C\CC(CCCCCC)OC(OCCC#CCCCC)=O)CCC1N(CC(C)C)CCCC1,-0.010076005363531,,,,,,,,,,,,,,,,0.0,0.0,0.0,0.0
 N(CCC(=O)OCCCCCCCC/C=C\CC(CCCCCC)OC(OCC#CCCCCC)=O)(CCC(=O)OCCCCCCCC/C=C\CC(CCCCCC)OC(OCC#CCCCCC)=O)CCN1CCCCN(C)CC1,-0.0116746519517416,,,,,,,,,,,,,,,,0.0,0.0,0.0,0.0
 N(CCC(=O)OCCCCCCCC/C=C\CC(CCCCCC)OC(OCCC#CCCCC)=O)(CCC(=O)OCCCCCCCC/C=C\CC(CCCCCC)OC(OCCC#CCCCC)=O)CCC1N(C(C)C)CCCC1,-0.0226655561345913,,,,,,,,,,,,,,,,0.0,0.0,0.0,0.0
 N(CCC(=O)OCCCCCCCC/C=C\CC(CCCCCC)OC(OCCCCCCCC/C=C\CCCCCCCC)=O)(CCC(=O)OCCCCCCCC/C=C\CC(CCCCCC)OC(OCCCCCCCC/C=C\CCCCCCCC)=O)CCC1N(CC(C)C)CCCC1,-0.05321453345978,,,,,,,,,,,,,,,,0.0,0.0,0.0,0.0
 CCN(CC)CCN(CCC(=O)OCCCCCCCC/C=C\CC(CCCCCC)OC(OCC#CCCC)=O)CCN(CC)CC,-0.0842008788037872,,,,,,,,,,,,,,,,0.0,0.0,0.0,0.0
 N(CCC(=O)OCCCCCCCC/C=C\CC(CCCCCC)OC(OCCCCCCCC/C=C\C/C=C\CCCCC)=O)(CCC(=O)OCCCCCCCC/C=C\CC(CCCCCC)OC(OCCCCCCCC/C=C\C/C=C\CCCCC)=O)CCCCCO,-0.0941022777885318,,,,,,,,,,,,,,,,0.0,0.0,0.0,0.0
 CCOC(CN(CCC(=O)OCCCCCCCC/C=C\CC(CCCCCC)OC(OCC#CCCCCCC)=O)(CCC(=O)OCCCCCCCC/C=C\CC(CCCCCC)OC(OCC#CCCCCCC)=O))OCC,-0.0978623441885922,,,,,,,,,,,,,,,,0.0,0.0,0.0,0.0
 N(CCC(=O)OCCCCCCCC/C=C\CC(CCCCCC)OC(OCCC#CCCCCCC)=O)(CCC(=O)OCCCCCCCC/C=C\CC(CCCCCC)OC(OCCC#CCCCCCC)=O)CCN1CCCCN(C)CC1,-0.1177129644561664,,,,,,,,,,,,,,,,0.0,0.0,0.0,0.0
 N(CCC(=O)OCCCCCCCC/C=C\CC(CCCCCC)OC(OCCC#CCCCC)=O)(CCC(=O)OCCCCCCCC/C=C\CC(CCCCCC)OC(OCCC#CCCCC)=O)CCN1CCCCN(C)CC1,-0.1266031894423451,,,,,,,,,,,,,,,,0.0,0.0,0.0,0.0
 CCN(CC)CCN(CCC(=O)OCCCCCCCC/C=C\CC(CCCCCC)OC(OCC#CCC)=O)CCN(CC)CC,-0.154437455149412,,,,,,,,,,,,,,,,0.0,0.0,0.0,0.0
 C1(C2N(CCC(=O)OCCCCCCCC/C=C\CC(CCCCCC)OC(OCCC#CCCCC)=O)CC2)=CC=CC=C1,-0.17541414886316,,,,,,,,,,,,,,,,0.0,0.0,0.0,0.0
 N(CCC(=O)OCCCCCCCC/C=C\CC(CCCCCC)OC(OCCC#CCCCCCC)=O)(CCC(=O)OCCCCCCCC/C=C\CC(CCCCCC)OC(OCCC#CCCCCCC)=O)CCN1CCC(C)CC1,-0.2058572758365024,,,,,,,,,,,,,,,,0.0,0.0,0.0,0.0
 N(CCC(=O)OCCCCCCCC/C=C\CC(CCCCCC)OC(OCCCCCCCC/C=C\CCCCCCCC)=O)(CCC(=O)OCCCCCCCC/C=C\CC(CCCCCC)OC(OCCCCCCCC/C=C\CCCCCCCC)=O)CCN1CCCCN(C)CC1,-0.2435771066069393,,,,,,,,,,,,,,,,0.0,0.0,0.0,0.0
 N(CCC(=O)OCCCCCCCC/C=C\CC(CCCCCC)OC(OCCC#CCCCC)=O)(CCC(=O)OCCCCCCCC/C=C\CC(CCCCCC)OC(OCCC#CCCCC)=O)CCN1CCC(C)CC1,-0.2722230030855756,,,,,,,,,,,,,,,,0.0,0.0,0.0,0.0
 CCOC(CN(CCC(=O)OCCCCCCCC/C=C\CC(CCCCCC)OC(OCCC#CCCCCCC)=O)(CCC(=O)OCCCCCCCC/C=C\CC(CCCCCC)OC(OCCC#CCCCCCC)=O))OCC,-0.3187311404496405,,,,,,,,,,,,,,,,0.0,0.0,0.0,0.0
 N(CCC(=O)OCCCCCCCC/C=C\CC(CCCCCC)OC(OCCCCCCCC/C=C\C/C=C\CCCCC)=O)(CCC(=O)OCCCCCCCC/C=C\CC(CCCCCC)OC(OCCCCCCCC/C=C\C/C=C\CCCCC)=O)CCN1CCCCN(C)CC1,-0.4027966206799504,,,,,,,,,,,,,,,,0.0,0.0,0.0,0.0
 N(CCC(=O)OCCCCCCCC/C=C\CC(CCCCCC)OC(OCC#CCC)=O)(CCC(=O)OCCCCCCCC/C=C\CC(CCCCCC)OC(OCC#CCC)=O)CCCCCO,-0.4529989552855284,,,,,,,,,,,,,,,,0.0,0.0,0.0,0.0
 N(CCC(=O)OCCCCCCCC/C=C\CC(CCCCCC)OC(OCCC#CCCCCCC)=O)(CCC(=O)OCCCCCCCC/C=C\CC(CCCCCC)OC(OCCC#CCCCCCC)=O)CCC1OCCO1,-0.4629291795129171,,,,,,,,,,,,,,,,0.0,0.0,0.0,0.0
 N(CCC(=O)OCCCCCCCC/C=C\CC(CCCCCC)OC(OCC#CCCC)=O)(CCC(=O)OCCCCCCCC/C=C\CC(CCCCCC)OC(OCC#CCCC)=O)CCCCCO,-0.4947889844621714,,,,,,,,,,,,,,,,0.0,0.0,0.0,0.0
 N(CCC(=O)OCCCCCCCC/C=C\CC(CCCCCC)OC(OCC#CCCCCCC)=O)(CCC(=O)OCCCCCCCC/C=C\CC(CCCCCC)OC(OCC#CCCCCCC)=O)CCC1OCCO1,-0.520599286954711,,,,,,,,,,,,,,,,0.0,0.0,0.0,0.0
 N(CCC(=O)OCCCCCCCC/C=C\CC(CCCCCC)OC(OCCCCCCCC/C=C\C/C=C\CCCCC)=O)(CCC(=O)OCCCCCCCC/C=C\CC(CCCCCC)OC(OCCCCCCCC/C=C\C/C=C\CCCCC)=O)CCC1N(CC(C)C)CCCC1,-0.5237057663581755,,,,,,,,,,,,,,,,0.0,0.0,0.0,0.0
 N(CCC(=O)OCCCCCCCC/C=C\CC(CCCCCC)OC(OCCCCCCCCCCCCCCCCCC)=O)(CCC(=O)OCCCCCCCC/C=C\CC(CCCCCC)OC(OCCCCCCCCCCCCCCCCCC)=O)CCN1CCCCN(C)CC1,-0.53971603388306,,,,,,,,,,,,,,,,0.0,0.0,0.0,0.0
 CCOC(CN(CCC(=O)OCCCCCCCC/C=C\CC(CCCCCC)OC(OCC#CCCC)=O)(CCC(=O)OCCCCCCCC/C=C\CC(CCCCCC)OC(OCC#CCCC)=O))OCC,-0.5991056463265441,,,,,,,,,,,,,,,,0.0,0.0,0.0,0.0
 CN(CCC(=O)OCCCCCCCC/C=C\CC(CCCCCC)OC(OCCC#CCCCC)=O)CCCN(CCC(=O)OCCCCCCCC/C=C\CC(CCCCCC)OC(OCCC#CCCCC)=O)C,-0.6046804881780614,,,,,,,,,,,,,,,,0.0,0.0,0.0,0.0
 N(CCC(=O)OCCCCCCCC/C=C\CC(CCCCCC)OC(OCC#CCCCCCC)=O)(CCC(=O)OCCCCCCCC/C=C\CC(CCCCCC)OC(OCC#CCCCCCC)=O)CC1OCCO1,-0.6200010852516387,,,,,,,,,,,,,,,,0.0,0.0,0.0,0.0
 N(CCC(=O)OCCCCCCCC/C=C\CC(CCCCCC)OC(OCCC#CCCCC)=O)(CCC(=O)OCCCCCCCC/C=C\CC(CCCCCC)OC(OCCC#CCCCC)=O)CCCCCO,-0.6546155921378355,,,,,,,,,,,,,,,,0.0,0.0,0.0,0.0
 N(CCC(=O)OCCCCCCCC/C=C\CC(CCCCCC)OC(OCCCCCCCC/C=C\C/C=C\CCCCC)=O)(CCC(=O)OCCCCCCCC/C=C\CC(CCCCCC)OC(OCCCCCCCC/C=C\C/C=C\CCCCC)=O)CCC1N(C(C)C)CCCC1,-0.6678695824325407,,,,,,,,,,,,,,,,0.0,0.0,0.0,0.0
 N(CCC(=O)OCCCCCCCC/C=C\CC(CCCCCC)OC(OCCC#CCCCC)=O)(CCC(=O)OCCCCCCCC/C=C\CC(CCCCCC)OC(OCCC#CCCCC)=O)CCC1OCCO1,-0.7090204007318216,,,,,,,,,,,,,,,,0.0,0.0,0.0,0.0
 N(CCC(=O)OCCCCCCCC/C=C\CC(CCCCCC)OC(OCCC#CCCCC)=O)(CCC(=O)OCCCCCCCC/C=C\CC(CCCCCC)OC(OCCC#CCCCC)=O)CCCN1CCOCC1,-0.7259148834303297,,,,,,,,,,,,,,,,0.0,0.0,0.0,0.0
 C1(C2N(CCC(=O)OCCCCCCCC/C=C\CC(CCCCCC)OC(OCCC#CCCCCCC)=O)CC2)=CC=CC=C1,-0.7622372032431431,,,,,,,,,,,,,,,,0.0,0.0,0.0,0.0
 N(CCC(=O)OCCCCCCCC/C=C\CC(CCCCCC)OC(OCCC#CCCCCCC)=O)(CCC(=O)OCCCCCCCC/C=C\CC(CCCCCC)OC(OCCC#CCCCCCC)=O)CCCCCO,-0.7735739795390851,,,,,,,,,,,,,,,,0.0,0.0,0.0,0.0
 N(CCC(=O)OCCCCCCCC/C=C\CC(CCCCCC)OC(OCCC#CCCCC)=O)(CCC(=O)OCCCCCCCC/C=C\CC(CCCCCC)OC(OCCC#CCCCC)=O)CCN(CC)CC,-0.7751532731764964,,,,,,,,,,,,,,,,0.0,0.0,0.0,0.0
 N(CCC(=O)OCCCCCCCC/C=C\CC(CCCCCC)OC(OCC#CCCC)=O)(CCC(=O)OCCCCCCCC/C=C\CC(CCCCCC)OC(OCC#CCCC)=O)CCN1CCC(C)CC1,-0.7879722190384237,,,,,,,,,,,,,,,,0.0,0.0,0.0,0.0
 CCOC(CN(CCC(=O)OCCCCCCCC/C=C\CC(CCCCCC)OC(OCC#CCCCC)=O)(CCC(=O)OCCCCCCCC/C=C\CC(CCCCCC)OC(OCC#CCCCC)=O))OCC,-0.8024974743972169,,,,,,,,,,,,,,,,0.0,0.0,0.0,0.0
 N(CCC(=O)OCCCCCCCC/C=C\CC(CCCCCC)OC(OCC#CCCCC)=O)(CCC(=O)OCCCCCCCC/C=C\CC(CCCCCC)OC(OCC#CCCCC)=O)CCN1CCC(C)CC1,-0.8100001295413102,,,,,,,,,,,,,,,,0.0,0.0,0.0,0.0
 CN(CCC(=O)OCCCCCCCC/C=C\CC(CCCCCC)OC(OCCC#CCCCCCC)=O)CCCN(CCC(=O)OCCCCCCCC/C=C\CC(CCCCCC)OC(OCCC#CCCCCCC)=O)C,-0.8130953936782263,,,,,,,,,,,,,,,,0.0,0.0,0.0,0.0
 C1(C2N(CCC(=O)OCCCCCCCC/C=C\CC(CCCCCC)OC(OCC#CCCC)=O)CC2)=CC=CC=C1,-0.8185590832496104,,,,,,,,,,,,,,,,0.0,0.0,0.0,0.0
 C1(C2N(CCC(=O)OCCCCCCCC/C=C\CC(CCCCCC)OC(OCC#CCCCCC)=O)CC2)=CC=CC=C1,-0.8461554135179012,,,,,,,,,,,,,,,,0.0,0.0,0.0,0.0
 CCOC(CN(CCC(=O)OCCCCCCCC/C=C\CC(CCCCCC)OC(OCCCCCCCC/C=C\C/C=C\CCCCC)=O)(CCC(=O)OCCCCCCCC/C=C\CC(CCCCCC)OC(OCCCCCCCC/C=C\C/C=C\CCCCC)=O))OCC,-0.8732721052087402,,,,,,,,,,,,,,,,0.0,0.0,0.0,0.0
 N(CCC(=O)OCCCCCCCC/C=C\CC(CCCCCC)OC(OCCCCCCCC/C=C\CCCCCCCC)=O)(CCC(=O)OCCCCCCCC/C=C\CC(CCCCCC)OC(OCCCCCCCC/C=C\CCCCCCCC)=O)CCCCCO,-0.8803341710247454,,,,,,,,,,,,,,,,0.0,0.0,0.0,0.0
 N(CCC(=O)OCCCCCCCC/C=C\CC(CCCCCC)OC(OCCC#CCCCCCC)=O)(CCC(=O)OCCCCCCCC/C=C\CC(CCCCCC)OC(OCCC#CCCCCCC)=O)CC1OCCO1,-0.8918471474623866,,,,,,,,,,,,,,,,0.0,0.0,0.0,0.0
 N(CCC(=O)OCCCCCCCC/C=C\CC(CCCCCC)OC(OCC#CCC)=O)(CCC(=O)OCCCCCCCC/C=C\CC(CCCCCC)OC(OCC#CCC)=O)CCN1CCC(C)CC1,-0.9145637348753716,,,,,,,,,,,,,,,,0.0,0.0,0.0,0.0
 C1(C2N(CCC(=O)OCCCCCCCC/C=C\CC(CCCCCC)OC(OCC#CCCCCCC)=O)CC2)=CC=CC=C1,-0.9208916900885794,,,,,,,,,,,,,,,,0.0,0.0,0.0,0.0
 N(CCC(=O)OCCCCCCCC/C=C\CC(CCCCCC)OC(OCCC#CCCCCCC)=O)(CCC(=O)OCCCCCCCC/C=C\CC(CCCCCC)OC(OCCC#CCCCCCC)=O)CCN(CC)CC,-0.9535976727543456,,,,,,,,,,,,,,,,0.0,0.0,0.0,0.0
 N(CCC(=O)OCCCCCCCC/C=C\CC(CCCCCC)OC(OCCCCCCCC/C=C\C/C=C\CCCCC)=O)(CCC(=O)OCCCCCCCC/C=C\CC(CCCCCC)OC(OCCCCCCCC/C=C\C/C=C\CCCCC)=O)CCN1CCC(C)CC1,-0.9669706108063594,,,,,,,,,,,,,,,,0.0,0.0,0.0,0.0
 CCOC(CN(CCC(=O)OCCCCCCCC/C=C\CC(CCCCCC)OC(OCC#CCCCCC)=O)(CCC(=O)OCCCCCCCC/C=C\CC(CCCCCC)OC(OCC#CCCCCC)=O))OCC,-0.9770264889090426,,,,,,,,,,,,,,,,0.0,0.0,0.0,0.0
 N(CCC(=O)OCCCCCCCC/C=C\CC(CCCCCC)OC(OCC#CCCCCC)=O)(CCC(=O)OCCCCCCCC/C=C\CC(CCCCCC)OC(OCC#CCCCCC)=O)CCN1CCC(C)CC1,-0.9855285347214088,,,,,,,,,,,,,,,,0.0,0.0,0.0,0.0
 N(CCC(=O)OCCCCCCCC/C=C\CC(CCCCCC)OC(OCC#CCCCCCC)=O)(CCC(=O)OCCCCCCCC/C=C\CC(CCCCCC)OC(OCC#CCCCCCC)=O)CCCCCO,-0.991946524616132,,,,,,,,,,,,,,,,0.0,0.0,0.0,0.0
 N(CCC(=O)OCCCCCCCC/C=C\CC(CCCCCC)OC(OCC#CCC)=O)(CCC(=O)OCCCCCCCC/C=C\CC(CCCCCC)OC(OCC#CCC)=O)CCC1OCCO1,-0.9957478178432452,,,,,,,,,,,,,,,,0.0,0.0,0.0,0.0
 N(CCC(=O)OCCCCCCCC/C=C\CC(CCCCCC)OC(OCCCCCCCCCCCCCCCCCC)=O)(CCC(=O)OCCCCCCCC/C=C\CC(CCCCCC)OC(OCCCCCCCCCCCCCCCCCC)=O)CCCCCO,-1.0203673788778993,,,,,,,,,,,,,,,,0.0,0.0,0.0,0.0
 N(CCC(=O)OCCCCCCCC/C=C\CC(CCCCCC)OC(OCCCCCCCCCCCCCCCCCC)=O)(CCC(=O)OCCCCCCCC/C=C\CC(CCCCCC)OC(OCCCCCCCCCCCCCCCCCC)=O)CCCN1CCOCC1,-1.0901713039588932,,,,,,,,,,,,,,,,0.0,0.0,0.0,0.0
 CCOC(CN(CCC(=O)OCCCCCCCC/C=C\CC(CCCCCC)OC(OCCC#CCCCC)=O)(CCC(=O)OCCCCCCCC/C=C\CC(CCCCCC)OC(OCCC#CCCCC)=O))OCC,-1.090442976452535,,,,,,,,,,,,,,,,0.0,0.0,0.0,0.0
 N(CCC(=O)OCCCCCCCC/C=C\CC(CCCCCC)OC(OCC#CCCCC)=O)(CCC(=O)OCCCCCCCC/C=C\CC(CCCCCC)OC(OCC#CCCCC)=O)CCC1OCCO1,-1.0909867697310862,,,,,,,,,,,,,,,,0.0,0.0,0.0,0.0
 N(CCC(=O)OCCCCCCCC/C=C\CC(CCCCCC)OC(OCC#CCCCCCC)=O)(CCC(=O)OCCCCCCCC/C=C\CC(CCCCCC)OC(OCC#CCCCCCC)=O)CCN1CCC(C)CC1,-1.10758448589112,,,,,,,,,,,,,,,,0.0,0.0,0.0,0.0
 C1(C2N(CCC(=O)OCCCCCCCC/C=C\CC(CCCCCC)OC(OCC#CCCCC)=O)CC2)=CC=CC=C1,-1.118391474303413,,,,,,,,,,,,,,,,0.0,0.0,0.0,0.0
 N(CCC(=O)OCCCCCCCC/C=C\CC(CCCCCC)OC(OCC#CCCCC)=O)(CCC(=O)OCCCCCCCC/C=C\CC(CCCCCC)OC(OCC#CCCCC)=O)CCCCCO,-1.1359501512771613,,,,,,,,,,,,,,,,0.0,0.0,0.0,0.0
 CCOC(CN(CCC(=O)OCCCCCCCC/C=C\CC(CCCCCC)OC(OCCCCCCCC/C=C\CCCCCCCC)=O)(CCC(=O)OCCCCCCCC/C=C\CC(CCCCCC)OC(OCCCCCCCC/C=C\CCCCCCCC)=O))OCC,-1.174982726031285,,,,,,,,,,,,,,,,0.0,0.0,0.0,0.0
 C1(C2N(CCC(=O)OCCCCCCCC/C=C\CC(CCCCCC)OC(OCC#CCC)=O)CC2)=CC=CC=C1,-1.184747736104783,,,,,,,,,,,,,,,,0.0,0.0,0.0,0.0
 N(CCC(=O)OCCCCCCCC/C=C\CC(CCCCCC)OC(OCCCCCCCCCCCCCCCCCC)=O)(CCC(=O)OCCCCCCCC/C=C\CC(CCCCCC)OC(OCCCCCCCCCCCCCCCCCC)=O)CCN1CCC(C)CC1,-1.189703385052154,,,,,,,,,,,,,,,,0.0,0.0,0.0,0.0
 N(CCC(=O)OCCCCCCCC/C=C\CC(CCCCCC)OC(OCC#CCCCCC)=O)(CCC(=O)OCCCCCCCC/C=C\CC(CCCCCC)OC(OCC#CCCCCC)=O)CCC1OCCO1,-1.197737000709475,,,,,,,,,,,,,,,,0.0,0.0,0.0,0.0
 N(CCC(=O)OCCCCCCCC/C=C\CC(CCCCCC)OC(OCC#CCCCCC)=O)(CCC(=O)OCCCCCCCC/C=C\CC(CCCCCC)OC(OCC#CCCCCC)=O)CCCCCO,-1.239249327703809,,,,,,,,,,,,,,,,0.0,0.0,0.0,0.0
 N(CCC(=O)OCCCCCCCC/C=C\CC(CCCCCC)OC(OCC#CCCCC)=O)(CCC(=O)OCCCCCCCC/C=C\CC(CCCCCC)OC(OCC#CCCCC)=O)CC1OCCO1,-1.2466434279194711,,,,,,,,,,,,,,,,0.0,0.0,0.0,0.0
 N(CCC(=O)OCCCCCCCC/C=C\CC(CCCCCC)OC(OCC#CCC)=O)(CCC(=O)OCCCCCCCC/C=C\CC(CCCCCC)OC(OCC#CCC)=O)CC1OCCO1,-1.2718578920000652,,,,,,,,,,,,,,,,0.0,0.0,0.0,0.0
 CCN(CC)CCN(CCC(=O)OCCCCCCCC/C=C\CC(CCCCCC)OC(OCCC#CCCCCCC)=O)CCN(CC)CC,-1.2813545820685686,,,,,,,,,,,,,,,,0.0,0.0,0.0,0.0
 N(CCC(=O)OCCCCCCCC/C=C\CC(CCCCCC)OC(OCCCCCCCC/C=C\CCCCCCCC)=O)(CCC(=O)OCCCCCCCC/C=C\CC(CCCCCC)OC(OCCCCCCCC/C=C\CCCCCCCC)=O)CCN1CCC(C)CC1,-1.337113716227963,,,,,,,,,,,,,,,,0.0,0.0,0.0,0.0
 C1(C2N(CCC(=O)OCCCCCCCC/C=C\CC(CCCCCC)OC(OCCCCCCCC/C=C\C/C=C\CCCCC)=O)CC2)=CC=CC=C1,-1.3375610265030102,,,,,,,,,,,,,,,,0.0,0.0,0.0,0.0
 N(CCC(=O)OCCCCCCCC/C=C\CC(CCCCCC)OC(OCC#CCCC)=O)(CCC(=O)OCCCCCCCC/C=C\CC(CCCCCC)OC(OCC#CCCC)=O)CC1OCCO1,-1.353014982814528,,,,,,,,,,,,,,,,0.0,0.0,0.0,0.0
 CCN(CC)CCN(CCC(=O)OCCCCCCCC/C=C\CC(CCCCCC)OC(OCCC#CCCCC)=O)CCN(CC)CC,-1.3864358257944156,,,,,,,,,,,,,,,,0.0,0.0,0.0,0.0
 N(CCC(=O)OCCCCCCCC/C=C\CC(CCCCCC)OC(OCC#CCCCCC)=O)(CCC(=O)OCCCCCCCC/C=C\CC(CCCCCC)OC(OCC#CCCCCC)=O)CC1OCCO1,-1.415944483344434,,,,,,,,,,,,,,,,0.0,0.0,0.0,0.0
 N(CCC(=O)OCCCCCCCC/C=C\CC(CCCCCC)OC(OCCC#CCCCC)=O)(CCC(=O)OCCCCCCCC/C=C\CC(CCCCCC)OC(OCCC#CCCCC)=O)CC1OCCO1,-1.424937493647754,,,,,,,,,,,,,,,,0.0,0.0,0.0,0.0
 N(CCC(=O)OCCCCCCCC/C=C\CC(CCCCCC)OC(OCC#CCCC)=O)(CCC(=O)OCCCCCCCC/C=C\CC(CCCCCC)OC(OCC#CCCC)=O)CCC1OCCO1,-1.43627674181947,,,,,,,,,,,,,,,,0.0,0.0,0.0,0.0
 N(CCC(=O)OCCCCCCCC/C=C\CC(CCCCCC)OC(OCCCCCCCC/C=C\CCCCCCCC)=O)(CCC(=O)OCCCCCCCC/C=C\CC(CCCCCC)OC(OCCCCCCCC/C=C\CCCCCCCC)=O)CCC1OCCO1,-1.4898696572831291,,,,,,,,,,,,,,,,0.0,0.0,0.0,0.0
 C1(C2N(CCC(=O)OCCCCCCCC/C=C\CC(CCCCCC)OC(OCCCCCCCC/C=C\CCCCCCCC)=O)CC2)=CC=CC=C1,-1.5003253188015495,,,,,,,,,,,,,,,,0.0,0.0,0.0,0.0
 N(CCC(=O)OCCCCCCCC/C=C\CC(CCCCCC)OC(OCCCCCCCC/C=C\C/C=C\CCCCC)=O)(CCC(=O)OCCCCCCCC/C=C\CC(CCCCCC)OC(OCCCCCCCC/C=C\C/C=C\CCCCC)=O)CC1OCCO1,-1.5180424992484425,,,,,,,,,,,,,,,,0.0,0.0,0.0,0.0
 N(CCC(=O)OCCCCCCCC/C=C\CC(CCCCCC)OC(OCCCCCCCC/C=C\C/C=C\CCCCC)=O)(CCC(=O)OCCCCCCCC/C=C\CC(CCCCCC)OC(OCCCCCCCC/C=C\C/C=C\CCCCC)=O)CCC1OCCO1,-1.5357487883848182,,,,,,,,,,,,,,,,0.0,0.0,0.0,0.0
 N(CCC(=O)OCCCCCCCC/C=C\CC(CCCCCC)OC(OCCCCCCCC/C=C\CCCCCCCC)=O)(CCC(=O)OCCCCCCCC/C=C\CC(CCCCCC)OC(OCCCCCCCC/C=C\CCCCCCCC)=O)CCCN1CCOCC1,-1.6526767140591805,,,,,,,,,,,,,,,,0.0,0.0,0.0,0.0
 C1(C2N(CCC(=O)OCCCCCCCC/C=C\CC(CCCCCC)OC(OCCCCCCCCCCCCCCCCCC)=O)CC2)=CC=CC=C1,-1.6646557719706394,,,,,,,,,,,,,,,,0.0,0.0,0.0,0.0
 N(CCC(=O)OCCCCCCCC/C=C\CC(CCCCCC)OC(OCCCCCCCC/C=C\CCCCCCCC)=O)(CCC(=O)OCCCCCCCC/C=C\CC(CCCCCC)OC(OCCCCCCCC/C=C\CCCCCCCC)=O)CC1OCCO1,-1.6813907211527066,,,,,,,,,,,,,,,,0.0,0.0,0.0,0.0
 N(CCC(=O)OCCCCCCCC/C=C\CC(CCCCCC)OC(OCCCCCCCC/C=C\C/C=C\CCCCC)=O)(CCC(=O)OCCCCCCCC/C=C\CC(CCCCCC)OC(OCCCCCCCC/C=C\C/C=C\CCCCC)=O)CCCN1CCOCC1,-1.697783979992142,,,,,,,,,,,,,,,,0.0,0.0,0.0,0.0
 CCOC(CN(CCC(=O)OCCCCCCCC/C=C\CC(CCCCCC)OC(OCCCCCCCCCCCCCCCCCC)=O)(CCC(=O)OCCCCCCCC/C=C\CC(CCCCCC)OC(OCCCCCCCCCCCCCCCCCC)=O))OCC,-1.718586083078135,,,,,,,,,,,,,,,,0.0,0.0,0.0,0.0
 N(CCC(=O)OCCCCCCCC/C=C\CC(CCCCCC)OC(OCCCCCCCCCCCCCCCCCC)=O)(CCC(=O)OCCCCCCCC/C=C\CC(CCCCCC)OC(OCCCCCCCCCCCCCCCCCC)=O)CCC1OCCO1,-1.7362806596070128,,,,,,,,,,,,,,,,0.0,0.0,0.0,0.0
 N(CCC(=O)OCCCCCCCC/C=C\CC(CCCCCC)OC(OCCCCCCCCCCCCCCCCCC)=O)(CCC(=O)OCCCCCCCC/C=C\CC(CCCCCC)OC(OCCCCCCCCCCCCCCCCCC)=O)CC1OCCO1,-1.9761739323620024,,,,,,,,,,,,,,,,0.0,0.0,0.0,0.0
CCCCCCCC/C=C\CCCCCCCC(OCCCCCC(C(CN(CCCN(C)C)CCCN(C)C)CCCCOC(CCCCCCC/C=C\CCCCCCCC)=O)O)=O,-1.3576358376444797,,,,,,,,,,,,,,,,0.0,0.0,0.0,0.0
CCCCCCCC/C=C\CCCCCCCC(OCCCCCC(C(CN(CCCN(C)C)CCCN(C)C)CCCCOC(CCCCCCC/C=C\CCCCCCCC)=O)O)=O,-1.757752905393644,,,,,,,,,,,,,,,,0.0,0.0,0.0,0.0
CCCCCCCC/C=C\CCCCCCCC(OCCCCCC(C(CN(CCCN(C)C)CCCN(C)C)CCCCOC(CCCCCCC/C=C\CCCCCCCC)=O)O)=O,-0.70438348213564,,,,,,,,,,,,,,,,0.0,0.0,0.0,0.0
CCCCCCCC/C=C\CCCCCCCC(OCCCCCC(C(CN(CCCN(C)C)CCCN(C)C)CCCCOC(CCCCCCC/C=C\CCCCCCCC)=O)O)=O,-1.6434337431795971,,,,,,,,,,,,,,,,0.0,0.0,0.0,0.0
CCCCCCCC/C=C\CCCCCCCC(OCCCCCC(C(CNCCCN(C)C)CCCCOC(CCCCCCC/C=C\CCCCCCCC)=O)O)=O,-0.2307755243917311,,,,,,,,,,,,,,,,0.0,0.0,0.0,0.0
CCCCCCCC/C=C\CCCCCCCC(OCCCCCC(C(CNCCCN(C)C)CCCCOC(CCCCCCC/C=C\CCCCCCCC)=O)O)=O,-1.69242766984276,,,,,,,,,,,,,,,,0.0,0.0,0.0,0.0
CCCCCCCC/C=C\CCCCCCCC(OCCCCCC(C(CNCCCN(C)C)CCCCOC(CCCCCCC/C=C\CCCCCCCC)=O)O)=O,-0.4104199221566622,,,,,,,,,,,,,,,,0.0,0.0,0.0,0.0
CCCCCCCC/C=C\CCCCCCCC(OCCCCCC(C(CNCCCN(C)C)CCCCOC(CCCCCCC/C=C\CCCCCCCC)=O)O)=O,-0.6553895554724769,,,,,,,,,,,,,,,,0.0,0.0,0.0,0.0
CCCCCCCC/C=C\CCCCCCCC(OCCCCCC(C(CNCCCN(C)C)CCCCOC(CCCCCCC/C=C\CCCCCCCC)=O)O)=O,-0.1899472521724287,,,,,,,,,,,,,,,,0.0,0.0,0.0,0.0
CCCCCCCC/C=C\CCCCCCCC(OCCCCCC(C(CNCCCN(C)C)CCCCOC(CCCCCCC/C=C\CCCCCCCC)=O)O)=O,-1.6026054709602946,,,,,,,,,,,,,,,,0.0,0.0,0.0,0.0
CCCCCCCC/C=C\CCCCCCCC(OCCCCCC(C(CNCCCN(C)C)CCCCOC(CCCCCCC/C=C\CCCCCCCC)=O)O)=O,-0.7942056810181053,,,,,,,,,,,,,,,,0.0,0.0,0.0,0.0
CCCCCCCC/C=C\CCCCCCCC(OCCCCCC(C(CNCCCN(C)C)CCCCOC(CCCCCCC/C=C\CCCCCCCC)=O)O)=O,0.8389252077539937,,,,,,,,,,,,,,,,0.0,0.0,0.0,0.0
CCCCCCCC/C=C\CCCCCCCC(OCCCCCC(C(CNCCCN(C)C)CCCCOC(CCCCCCC/C=C\CCCCCCCC)=O)O)=O,-0.4022542677128015,,,,,,,,,,,,,,,,0.0,0.0,0.0,0.0
CCCCCCCC/C=C\CCCCCCCC(OCCCCCC(C(CNCCCN(C)C)CCCCOC(CCCCCCC/C=C\CCCCCCCC)=O)O)=O,-0.6227269376970349,,,,,,,,,,,,,,,,0.0,0.0,0.0,0.0
CCCCCCCC/C=C\CCCCCCCC(OCCCCCC(C(CNCCCN(C)C)CCCCOC(CCCCCCC/C=C\CCCCCCCC)=O)O)=O,-0.4267512310443832,,,,,,,,,,,,,,,,0.0,0.0,0.0,0.0
CCCCCCCC/C=C\CCCCCCCC(OCCCCCC(C(CNCCCN(C)C)CCCCOC(CCCCCCC/C=C\CCCCCCCC)=O)O)=O,0.4306424855609688,,,,,,,,,,,,,,,,0.0,0.0,0.0,0.0
CCCCCCCC/C=C\CCCCCCCC(OCCCCCC(C(CNCCCN(C)C)CCCCOC(CCCCCCC/C=C\CCCCCCCC)=O)O)=O,0.1448445800258517,,,,,,,,,,,,,,,,0.0,0.0,0.0,0.0
CCCCCCCC/C=C\CCCCCCCC(OCCCCCC(C(CNCCCN(C)C)CCCCOC(CCCCCCC/C=C\CCCCCCCC)=O)O)=O,-0.3287633777180571,,,,,,,,,,,,,,,,0.0,0.0,0.0,0.0
CCCCCCCC/C=C\CCCCCCCC(OCCCCCC(C(CNCCCN(C)C)CCCCOC(CCCCCCC/C=C\CCCCCCCC)=O)O)=O,0.4959677211118528,,,,,,,,,,,,,,,,0.0,0.0,0.0,0.0
CCCCCCCC/C=C\CCCCCCCC(OCCCCCC(C(CNCCCN(C)C)CCCCOC(CCCCCCC/C=C\CCCCCCCC)=O)O)=O,0.4714707577802718,,,,,,,,,,,,,,,,0.0,0.0,0.0,0.0
CCCCCCCC/C=C\CCCCCCCC(OCCCCCC(C(CNCCCO)CCCCOC(CCCCCCC/C=C\CCCCCCCC)=O)O)=O,-0.9411874610075944,,,,,,,,,,,,,,,,0.0,0.0,0.0,0.0
CCCCCCCC/C=C\CCCCCCCC(OCCCCCC(C(CNCCCO)CCCCOC(CCCCCCC/C=C\CCCCCCCC)=O)O)=O,1.010403951075064,,,,,,,,,,,,,,,,0.0,0.0,0.0,0.0
CCCCCCCC/C=C\CCCCCCCC(OCCCCCC(C(CNCCCO)CCCCOC(CCCCCCC/C=C\CCCCCCCC)=O)O)=O,0.1285132711381307,,,,,,,,,,,,,,,,0.0,0.0,0.0,0.0
CCCCCCCC/C=C\CCCCCCCC(OCCCCCC(C(CNCCCO)CCCCOC(CCCCCCC/C=C\CCCCCCCC)=O)O)=O,0.757268663315389,,,,,,,,,,,,,,,,0.0,0.0,0.0,0.0
CCCCCCCC/C=C\CCCCCCCC(OCCCCCC(C(CNCCCO)CCCCOC(CCCCCCC/C=C\CCCCCCCC)=O)O)=O,1.516674526594415,,,,,,,,,,,,,,,,0.0,0.0,0.0,0.0
CCCCCCCC/C=C\CCCCCCCC(OCCCCCC(C(CNCCCO)CCCCOC(CCCCCCC/C=C\CCCCCCCC)=O)O)=O,0.2265011244644564,,,,,,,,,,,,,,,,0.0,0.0,0.0,0.0
CCCCCCCC/C=C\CCCCCCCC(OCCCCCC(C(CNCCCO)CCCCOC(CCCCCCC/C=C\CCCCCCCC)=O)O)=O,-0.3287633777180571,,,,,,,,,,,,,,,,0.0,0.0,0.0,0.0
CCCCCCCC/C=C\CCCCCCCC(OCCCCCC(C(CNCCCO)CCCCOC(CCCCCCC/C=C\CCCCCCCC)=O)O)=O,0.0795193444749677,,,,,,,,,,,,,,,,0.0,0.0,0.0,0.0
CCCCCCCC/C=C\CCCCCCCC(OCCCCCC(C(CNCCCO)CCCCOC(CCCCCCC/C=C\CCCCCCCC)=O)O)=O,0.8389252077539937,,,,,,,,,,,,,,,,0.0,0.0,0.0,0.0
OC(C(CNCCCN(C)C)CCCCOC(CCCCCCC/C=C\C/C=C\CCCCC)=O)CCCCCOC(CCCCCCC/C=C\C/C=C\CCCCC)=O,-0.3859229588250805,,,,,,,,,,,,,,,,0.0,0.0,0.0,0.0
OC(C(CNCCCN(C)C)CCCCOC(CCCCCCC/C=C\C/C=C\CCCCC)=O)CCCCCOC(CCCCCCC/C=C\C/C=C\CCCCC)=O,-0.2552724877233128,,,,,,,,,,,,,,,,0.0,0.0,0.0,0.0
OC(C(CNCCN1CCN(C)CC1)CCCCOC(CCCCCCC/C=C\C/C=C\CCCCC)=O)CCCCCOC(CCCCCCC/C=C\C/C=C\CCCCC)=O,-0.4594138488198252,,,,,,,,,,,,,,,,0.0,0.0,0.0,0.0
OC(C(CNCCN1CCN(C)CC1)CCCCOC(CCCCCCC/C=C\C/C=C\CCCCC)=O)CCCCCOC(CCCCCCC/C=C\C/C=C\CCCCC)=O,-0.4839108121514065,,,,,,,,,,,,,,,,0.0,0.0,0.0,0.0
OC(C(CNCCNCCN1CCN(CCNCC(CCCCOC(CCCCCCC/C=C\C/C=C\CCCCC)=O)C(O)CCCCCOC(CCCCCCC/C=C\C/C=C\CCCCC)=O)CC1)CCCCOC(CCCCCCC/C=C\C/C=C\CCCCC)=O)CCCCCOC(CCCCCCC/C=C\C/C=C\CCCCC)=O,1.0920604955136697,,,,,,,,,,,,,,,,0.0,0.0,0.0,0.0
OC(C(CNCCNCCN1CCN(CCNCC(CCCCOC(CCCCCCC/C=C\C/C=C\CCCCC)=O)C(O)CCCCCOC(CCCCCCC/C=C\C/C=C\CCCCC)=O)CC1)CCCCOC(CCCCCCC/C=C\C/C=C\CCCCC)=O)CCCCCOC(CCCCCCC/C=C\C/C=C\CCCCC)=O,1.10022614995753,,,,,,,,,,,,,,,,0.0,0.0,0.0,0.0
CCCCCCCC/C=C\CCCCCCCC(OCCCCCC(C(CNCCNCCN1CCN(CCNCC(CCCCOC(CCCCCCC/C=C\CCCCCCCC)=O)C(O)CCCCCOC(CCCCCCC/C=C\CCCCCCCC)=O)CC1)CCCCOC(CCCCCCC/C=C\CCCCCCCC)=O)O)=O,-0.5329047388145696,,,,,,,,,,,,,,,,0.0,0.0,0.0,0.0
CCCCCCCC/C=C\CCCCCCCC(OCCCCCC(C(CNCCNCCN1CCN(CCNCC(CCCCOC(CCCCCCC/C=C\CCCCCCCC)=O)C(O)CCCCCOC(CCCCCCC/C=C\CCCCCCCC)=O)CC1)CCCCOC(CCCCCCC/C=C\CCCCCCCC)=O)O)=O,-0.0919593988461027,,,,,,,,,,,,,,,,0.0,0.0,0.0,0.0
CN1CCN(CCNCC(CCCCOC(CCCCCCC/C=C\CCCCCCCC)=O)C(O)CCCCCOC(CCCCCCC/C=C\CCCCCCCC)=O)CC1,-0.5329047388145696,,,,,,,,,,,,,,,,0.0,0.0,0.0,0.0
CN1CCN(CCNCC(CCCCOC(CCCCCCC/C=C\CCCCCCCC)=O)C(O)CCCCCOC(CCCCCCC/C=C\CCCCCCCC)=O)CC1,-0.4430825399321042,,,,,,,,,,,,,,,,0.0,0.0,0.0,0.0
O=C(OCCCCCCCC/C=C\CC(CCCCCC)OC(CC/C=C\CCCCC)=O)CCN(C)CCCN1C=NC=C1,-1.8344302273046755,,,,,,,,,,,,,,,,0.0,0.0,0.0,0.0
O=C(OCCCCCCCC/C=C\CC(CCCCCC)OC(CC/C=C\CCCCC)=O)CCN(C)CCCN1C=NC=C1,-1.8074456038973763,,,,,,,,,,,,,,,,0.0,0.0,0.0,0.0
O=C(OCCCCCCCC/C=C\CC(CCCCCC)OC(CC/C=C\CCCCC)=O)CCN(C)CCCN1C=NC=C1,-1.2497633868131932,,,,,,,,,,,,,,,,0.0,0.0,0.0,0.0
O=C(OCCCCCCCC/C=C\CC(CCCCCC)OC(CC/C=C\CCCCC)=O)CCN(C)CCCN1C=NC=C1,-1.7984507294282768,,,,,,,,,,,,,,,,0.0,0.0,0.0,0.0
O=C(OCCCCCCCC/C=C\CC(CCCCCC)OC(CC/C=C\CCCCC)=O)CCN(C)CCCN1C=NC=C1,-1.7714661060209775,,,,,,,,,,,,,,,,0.0,0.0,0.0,0.0
O=C(OCCCCCCCC/C=C\CC(CCCCCC)OC(CC/C=C\CCCCC)=O)CCN(C)CCCN1C=NC=C1,-2.616984306116352,,,,,,,,,,,,,,,,0.0,0.0,0.0,0.0
O=C(OCCCCCCCC/C=C\CC(CCCCCC)OC(CC/C=C\CCCCC)=O)CCN(C)CCCN1C=NC=C1,-1.2407685123440932,,,,,,,,,,,,,,,,0.0,0.0,0.0,0.0
O=C(OCCCCCCCC/C=C\CC(CCCCCC)OC(CC/C=C\CCCCC)=O)CCN(C)CCCN1C=NC=C1,-1.6905122357990798,,,,,,,,,,,,,,,,0.0,0.0,0.0,0.0
O=C(OCCCCCCCC/C=C\CC(CCCCCC)OC(CC/C=C\CCCCC)=O)CCN(C)CCCN1C=NC=C1,0.2433857750573619,,,,,,,,,,,,,,,,0.0,0.0,0.0,0.0
O=C(OCCCCCCCC/C=C\CC(CCCCCC)OC(CC/C=C\CCCCC)=O)CCN(C)CCCN1C=NC=C1,-1.4026762527878889,,,,,,,,,,,,,,,,0.0,0.0,0.0,0.0
O=C(OCCCCCCCC/C=C\CC(CCCCCC)OC(CC/C=C\CCCCC)=O)CCN(C)CCCN1C=NC=C1,0.108462658020866,,,,,,,,,,,,,,,,0.0,0.0,0.0,0.0
O=C(OCCCCCCCC/C=C\CC(CCCCCC)OC(CC/C=C\CCCCC)=O)CCN(C)CCCN1C=NC=C1,-1.717496859206379,,,,,,,,,,,,,,,,0.0,0.0,0.0,0.0
O=C(OCCCCCCCC/C=C\CC(CCCCCC)OC(CC/C=C\CCCCC)=O)CCN(C)CCCN1C=NC=C1,-1.546594244293484,,,,,,,,,,,,,,,,0.0,0.0,0.0,0.0
O=C(OCCCCCCCC/C=C\CC(CCCCCC)OC(CC/C=C\CCCCC)=O)CCN(C)CCCN1C=NC=C1,-1.186799265529495,,,,,,,,,,,,,,,,0.0,0.0,0.0,0.0
O=C(OCCCCCCCC/C=C\CC(CCCCCC)OC(CC/C=C\CCCCC)=O)CCN1CCC(C2=CN=CC=C2)CC1,-1.7984507294282768,,,,,,,,,,,,,,,,0.0,0.0,0.0,0.0
O=C(OCCCCCCCC/C=C\CC(CCCCCC)OC(CC/C=C\CCCCC)=O)CCN1CCC(C2=CN=CC=C2)CC1,-0.9439376548638022,,,,,,,,,,,,,,,,0.0,0.0,0.0,0.0
O=C(OCCCCCCCC/C=C\CC(CCCCCC)OC(CC/C=C\CCCCC)=O)CCN1CCC(C2=CN=CC=C2)CC1,-1.1688095165912955,,,,,,,,,,,,,,,,0.0,0.0,0.0,0.0
O=C(OCCCCCCCC/C=C\CC(CCCCCC)OC(CC/C=C\CCCCC)=O)CCN1CCC(C2=CN=CC=C2)CC1,-1.3487070059732902,,,,,,,,,,,,,,,,0.0,0.0,0.0,0.0
O=C(OCCCCCCCC/C=C\CC(CCCCCC)OC(CC/C=C\CCCCC)=O)CCN1CCC(C2=CN=CC=C2)CC1,-1.2497633868131932,,,,,,,,,,,,,,,,0.0,0.0,0.0,0.0
O=C(OCCCCCCCC/C=C\CC(CCCCCC)OC(CC/C=C\CCCCC)=O)CCN1CCC(C2=CN=CC=C2)CC1,-1.3397121315041902,,,,,,,,,,,,,,,,0.0,0.0,0.0,0.0
O=C(OCCCCCCCC/C=C\CC(CCCCCC)OC(CC/C=C\CCCCC)=O)CCN1CCC(C2=CN=CC=C2)CC1,-0.3322861909650209,,,,,,,,,,,,,,,,0.0,0.0,0.0,0.0
O=C(OCCCCCCCC/C=C\CC(CCCCCC)OC(CC/C=C\CCCCC)=O)CCN1CCC(C2=CN=CC=C2)CC1,-1.6905122357990798,,,,,,,,,,,,,,,,0.0,0.0,0.0,0.0
O=C(OCCCCCCCC/C=C\CC(CCCCCC)OC(CC/C=C\CCCCC)=O)CCN1CCC(C2=CN=CC=C2)CC1,-0.4941939314088157,,,,,,,,,,,,,,,,0.0,0.0,0.0,0.0
O=C(OCCCCCCCC/C=C\CC(CCCCCC)OC(CC/C=C\CCCCC)=O)CCN1CCC(C2=CN=CC=C2)CC1,-1.2677531357513927,,,,,,,,,,,,,,,,0.0,0.0,0.0,0.0
O=C(OCCCCCCCC/C=C\CC(CCCCCC)OC(CC/C=C\CCCCC)=O)CCN1CCC(C2=CN=CC=C2)CC1,0.207406277180963,,,,,,,,,,,,,,,,0.0,0.0,0.0,0.0
O=C(OCCCCCCCC/C=C\CC(CCCCCC)OC(CC/C=C\CCCCC)=O)CCN1CCC(C2=CN=CC=C2)CC1,-1.3127275080968912,,,,,,,,,,,,,,,,0.0,0.0,0.0,0.0
O=C(OCCCCCCCC/C=C\CC(CCCCCC)OC(CC/C=C\CCCCC)=O)CCN1CCC(C2=CN=CC=C2)CC1,-1.3307172570350907,,,,,,,,,,,,,,,,0.0,0.0,0.0,0.0
O=C(OCCCCCCCC/C=C\CC(CCCCCC)OC(CC/C=C\CCCCC)=O)CCN1CCC(C2=CN=CC=C2)CC1,-1.051876148492999,,,,,,,,,,,,,,,,0.0,0.0,0.0,0.0
CN(CCC(OCCCCCCCC/C=C\CC(CCCCCC)OC(C(CCCCCCCC)CCCCCC)=O)=O)CCCN(C)CCCN(CCC(OCCCCCCCC/C=C\CC(CCCCC)OC(C(CCCCCCCC)CCCCCC)=O)=O)C,-0.3142964420268214,,,,,,,,,,,,,,,,0.0,0.0,0.0,0.0
CN(CCC(OCCCCCCCC/C=C\CC(CCCCCC)OC(C(CCCCCCCC)CCCCCC)=O)=O)CCCN(C)CCCN(CCC(OCCCCCCCC/C=C\CC(CCCCC)OC(C(CCCCCCCC)CCCCCC)=O)=O)C,0.0454985367371681,,,,,,,,,,,,,,,,0.0,0.0,0.0,0.0
CN(CCC(OCCCCCCCC/C=C\CC(CCCCCC)OC(C(CCCCCCCC)CCCCCC)=O)=O)CCCN(C)CCCN(CCC(OCCCCCCCC/C=C\CC(CCCCC)OC(C(CCCCCCCC)CCCCCC)=O)=O)C,-0.1164092037066271,,,,,,,,,,,,,,,,0.0,0.0,0.0,0.0
CN(CCC(OCCCCCCCC/C=C\CC(CCCCCC)OC(C(CCCCCCCC)CCCCCC)=O)=O)CCCN(C)CCCN(CCC(OCCCCCCCC/C=C\CC(CCCCC)OC(C(CCCCCCCC)CCCCCC)=O)=O)C,-0.7460504165436084,,,,,,,,,,,,,,,,0.0,0.0,0.0,0.0
CN(CCC(OCCCCCCCC/C=C\CC(CCCCCC)OC(C(CCCCCCCC)CCCCCC)=O)=O)CCCN(C)CCCN(CCC(OCCCCCCCC/C=C\CC(CCCCC)OC(C(CCCCCCCC)CCCCCC)=O)=O)C,0.3873037665629573,,,,,,,,,,,,,,,,0.0,0.0,0.0,0.0
CN(CCC(OCCCCCCCC/C=C\CC(CCCCCC)OC(C(CCCCCCCC)CCCCCC)=O)=O)CCCN(C)CCCN(CCC(OCCCCCCCC/C=C\CC(CCCCC)OC(C(CCCCCCCC)CCCCCC)=O)=O)C,-0.3142964420268214,,,,,,,,,,,,,,,,0.0,0.0,0.0,0.0
CN(CCC(OCCCCCCCC/C=C\CC(CCCCCC)OC(C(CCCCCCCC)CCCCCC)=O)=O)CCCN(C)CCCN(CCC(OCCCCCCCC/C=C\CC(CCCCC)OC(C(CCCCCCCC)CCCCCC)=O)=O)C,0.8460423644870442,,,,,,,,,,,,,,,,0.0,0.0,0.0,0.0
CN(CCC(OCCCCCCCC/C=C\CC(CCCCCC)OC(C(CCCCCCCC)CCCCCC)=O)=O)CCCN(C)CCCN(CCC(OCCCCCCCC/C=C\CC(CCCCC)OC(C(CCCCCCCC)CCCCCC)=O)=O)C,-0.2693220696813225,,,,,,,,,,,,,,,,0.0,0.0,0.0,0.0
CN(CCC(OCCCCCCCC/C=C\CC(CCCCCC)OC(C(CCCCCCCC)CCCCCC)=O)=O)CCCN(C)CCCN(CCC(OCCCCCCCC/C=C\CC(CCCCC)OC(C(CCCCCCCC)CCCCCC)=O)=O)C,1.115888598560036,,,,,,,,,,,,,,,,0.0,0.0,0.0,0.0
CN(CCC(OCCCCCCCC/C=C\CC(CCCCCC)OC(C(CCCCCCCC)CCCCCC)=O)=O)CCCN(C)CCCN(CCC(OCCCCCCCC/C=C\CC(CCCCC)OC(C(CCCCCCCC)CCCCCC)=O)=O)C,-0.5841426760998131,,,,,,,,,,,,,,,,0.0,0.0,0.0,0.0
CN(CCC(OCCCCCCCC/C=C\CC(CCCCCC)OC(C(CCCCCCCC)CCCCCC)=O)=O)CCCN(C)CCCN(CCC(OCCCCCCCC/C=C\CC(CCCCC)OC(C(CCCCCCCC)CCCCCC)=O)=O)C,1.0889039751527363,,,,,,,,,,,,,,,,0.0,0.0,0.0,0.0
CN(CCC(OCCCCCCCC/C=C\CC(CCCCCC)OC(C(CCCCCCCC)CCCCCC)=O)=O)CCCN(C)CCCN(CCC(OCCCCCCCC/C=C\CC(CCCCC)OC(C(CCCCCCCC)CCCCCC)=O)=O)C,0.0185139133298687,,,,,,,,,,,,,,,,0.0,0.0,0.0,0.0
CN(CCC(OCCCCCCCC/C=C\CC(CCCCCC)OC(C(CCCCCCCC)CCCCCC)=O)=O)CCCN(C)CCCN(CCC(OCCCCCCCC/C=C\CC(CCCCC)OC(C(CCCCCCCC)CCCCCC)=O)=O)C,-0.5391683037543146,,,,,,,,,,,,,,,,0.0,0.0,0.0,0.0
CN(CCC(OCCCCCCCC/C=C\CC(CCCCCC)OC(C(CCCCCCCC)CCCCCC)=O)=O)CCCN(C)CCCN(CCC(OCCCCCCCC/C=C\CC(CCCCC)OC(C(CCCCCCCC)CCCCCC)=O)=O)C,0.5672012559449521,,,,,,,,,,,,,,,,0.0,0.0,0.0,0.0
CN(CCC(OCCCCCCCC/C=C\CC(CCCCCC)OC(C(CCCCCCCC)CCCCCC)=O)=O)CCCN(C)CCCN(CCC(OCCCCCCCC/C=C\CC(CCCCC)OC(C(CCCCCCCC)CCCCCC)=O)=O)C,-0.0174655845465302,,,,,,,,,,,,,,,,0.0,0.0,0.0,0.0
CN(CCC(OCCCCCCCC/C=C\CC(CCCCCC)OC(C(CCCCCCCC)CCCCCC)=O)=O)CCCN(C)CCCN(CCC(OCCCCCCCC/C=C\CC(CCCCC)OC(C(CCCCCCCC)CCCCCC)=O)=O)C,-0.3772605633105193,,,,,,,,,,,,,,,,0.0,0.0,0.0,0.0
CN(CCC(OCCCCCCCC/C=C\CC(CCCCCC)OC(C(CCCCCCCC)CCCCCC)=O)=O)CCCN(C)CCCN(CCC(OCCCCCCCC/C=C\CC(CCCCC)OC(C(CCCCCCCC)CCCCCC)=O)=O)C,0.7111192474505479,,,,,,,,,,,,,,,,0.0,0.0,0.0,0.0
CN(CCC(OCCCCCCCC/C=C\CC(CCCCCC)OC(C(CCCCCCCC)CCCCCC)=O)=O)CCCN(C)CCCN(CCC(OCCCCCCCC/C=C\CC(CCCCC)OC(C(CCCCCCCC)CCCCCC)=O)=O)C,-0.1433938271139265,,,,,,,,,,,,,,,,0.0,0.0,0.0,0.0
CN(CCC(OCCCCCCCC/C=C\CC(CCCCCC)OC(C(CCCCCCCC)CCCCCC)=O)=O)CCCN(C)CCCN(CCC(OCCCCCCCC/C=C\CC(CCCCC)OC(C(CCCCCCCC)CCCCCC)=O)=O)C,0.1174575324899656,,,,,,,,,,,,,,,,0.0,0.0,0.0,0.0
CN(CCC(OCCCCCCCC/C=C\CC(CCCCCC)OC(C(CCCCCCCC)CCCCCC)=O)=O)CCCN(C)CCCN(CCC(OCCCCCCCC/C=C\CC(CCCCC)OC(C(CCCCCCCC)CCCCCC)=O)=O)C,1.5206579496695238,,,,,,,,,,,,,,,,0.0,0.0,0.0,0.0
CN(CCC(OCCCCCCCC/C=C\CC(CCCCCC)OC(C(CCCCCCCC)CCCCCC)=O)=O)CCCN(C)CCCN(CCC(OCCCCCCCC/C=C\CC(CCCCC)OC(C(CCCCCCCC)CCCCCC)=O)=O)C,0.8910167368325427,,,,,,,,,,,,,,,,0.0,0.0,0.0,0.0
CN(CCC(OCCCCCCCC/C=C\CC(CCCCCC)OC(C(CCCCCCCC)CCCCCC)=O)=O)CCCN(C)CCCN(CCC(OCCCCCCCC/C=C\CC(CCCCC)OC(C(CCCCCCCC)CCCCCC)=O)=O)C,0.953980858116241,,,,,,,,,,,,,,,,0.0,0.0,0.0,0.0
CN(CCC(OCCCCCCCC/C=C\CC(CCCCCC)OC(C(CCCCCCCC)CCCCCC)=O)=O)CCCN(C)CCCN(CCC(OCCCCCCCC/C=C\CC(CCCCC)OC(C(CCCCCCCC)CCCCCC)=O)=O)C,-0.3142964420268214,,,,,,,,,,,,,,,,0.0,0.0,0.0,0.0
CN(CCC(OCCCCCCCC/C=C\CC(CCCCCC)OC(C(CCCCCCCC)CCCCCC)=O)=O)CCCN(C)CCCN(CCC(OCCCCCCCC/C=C\CC(CCCCC)OC(C(CCCCCCCC)CCCCCC)=O)=O)C,-0.0264604590156297,,,,,,,,,,,,,,,,0.0,0.0,0.0,0.0
CN(CCC(OCCCCCCCC/C=C\CC(CCCCCC)OC(CC/C=C\CCCCC)=O)=O)CCCN(C)CCCN(CCC(OCCCCCCCC/C=C\CC(CCCCC)OC(CC/C=C\CCCCC)=O)=O)C,-0.3053015675577214,,,,,,,,,,,,,,,,0.0,0.0,0.0,0.0
CN(CCC(OCCCCCCCC/C=C\CC(CCCCCC)OC(CC/C=C\CCCCC)=O)=O)CCCN(C)CCCN(CCC(OCCCCCCCC/C=C\CC(CCCCC)OC(CC/C=C\CCCCC)=O)=O)C,0.1354472814281651,,,,,,,,,,,,,,,,0.0,0.0,0.0,0.0
CN(CCC(OCCCCCCCC/C=C\CC(CCCCCC)OC(CC/C=C\CCCCC)=O)=O)CCCN(C)CCCN(CCC(OCCCCCCCC/C=C\CC(CCCCC)OC(CC/C=C\CCCCC)=O)=O)C,0.8730269878943427,,,,,,,,,,,,,,,,0.0,0.0,0.0,0.0
CN(CCC(OCCCCCCCC/C=C\CC(CCCCCC)OC(CC/C=C\CCCCC)=O)=O)CCCN(C)CCCN(CCC(OCCCCCCCC/C=C\CC(CCCCC)OC(CC/C=C\CCCCC)=O)=O)C,-0.7640401654818079,,,,,,,,,,,,,,,,0.0,0.0,0.0,0.0
CN(CCC(OCCCCCCCC/C=C\CC(CCCCCC)OC(CC/C=C\CCCCC)=O)=O)CCCN(C)CCCN(CCC(OCCCCCCCC/C=C\CC(CCCCC)OC(CC/C=C\CCCCC)=O)=O)C,-0.1613835760521256,,,,,,,,,,,,,,,,0.0,0.0,0.0,0.0
CN(CCC(OCCCCCCCC/C=C\CC(CCCCCC)OC(CC/C=C\CCCCC)=O)=O)CCCN(C)CCCN(CCC(OCCCCCCCC/C=C\CC(CCCCC)OC(CC/C=C\CCCCC)=O)=O)C,0.0185139133298687,,,,,,,,,,,,,,,,0.0,0.0,0.0,0.0
CN(CCC(OCCCCCCCC/C=C\CC(CCCCCC)OC(CC/C=C\CCCCC)=O)=O)CCCN(C)CCCN(CCC(OCCCCCCCC/C=C\CC(CCCCC)OC(CC/C=C\CCCCC)=O)=O)C,1.4397040794476257,,,,,,,,,,,,,,,,0.0,0.0,0.0,0.0
CN(CCC(OCCCCCCCC/C=C\CC(CCCCCC)OC(CC/C=C\CCCCC)=O)=O)CCCN(C)CCCN(CCC(OCCCCCCCC/C=C\CC(CCCCC)OC(CC/C=C\CCCCC)=O)=O)C,-0.188368199459425,,,,,,,,,,,,,,,,0.0,0.0,0.0,0.0
CN(CCC(OCCCCCCCC/C=C\CC(CCCCCC)OC(CC/C=C\CCCCC)=O)=O)CCCN(C)CCCN(CCC(OCCCCCCCC/C=C\CC(CCCCC)OC(CC/C=C\CCCCC)=O)=O)C,1.745529811397017,,,,,,,,,,,,,,,,0.0,0.0,0.0,0.0
CN(CCC(OCCCCCCCC/C=C\CC(CCCCCC)OC(CC/C=C\CCCCC)=O)=O)CCCN(C)CCCN(CCC(OCCCCCCCC/C=C\CC(CCCCC)OC(CC/C=C\CCCCC)=O)=O)C,-0.215352822866724,,,,,,,,,,,,,,,,0.0,0.0,0.0,0.0
CN(CCC(OCCCCCCCC/C=C\CC(CCCCCC)OC(CC/C=C\CCCCC)=O)=O)CCCN(C)CCCN(CCC(OCCCCCCCC/C=C\CC(CCCCC)OC(CC/C=C\CCCCC)=O)=O)C,1.376739958163928,,,,,,,,,,,,,,,,0.0,0.0,0.0,0.0
CN(CCC(OCCCCCCCC/C=C\CC(CCCCCC)OC(CC/C=C\CCCCC)=O)=O)CCCN(C)CCCN(CCC(OCCCCCCCC/C=C\CC(CCCCC)OC(CC/C=C\CCCCC)=O)=O)C,0.2164011516500629,,,,,,,,,,,,,,,,0.0,0.0,0.0,0.0
CN(CCC(OCCCCCCCC/C=C\CC(CCCCCC)OC(CC/C=C\CCCCC)=O)=O)CCCN(C)CCCN(CCC(OCCCCCCCC/C=C\CC(CCCCC)OC(CC/C=C\CCCCC)=O)=O)C,0.8100628666106452,,,,,,,,,,,,,,,,0.0,0.0,0.0,0.0
CN(CCC(OCCCCCCCC/C=C\CC(CCCCCC)OC(CC/C=C\CCCCC)=O)=O)CCCN(C)CCCN(CCC(OCCCCCCCC/C=C\CC(CCCCC)OC(CC/C=C\CCCCC)=O)=O)C,0.7830782432033458,,,,,,,,,,,,,,,,0.0,0.0,0.0,0.0
CN(CCC(OCCCCCCCC/C=C\CC(CCCCCC)OC(CC/C=C\CCCCC)=O)=O)CCCN(C)CCCN(CCC(OCCCCCCCC/C=C\CC(CCCCC)OC(CC/C=C\CCCCC)=O)=O)C,0.6031807538213511,,,,,,,,,,,,,,,,0.0,0.0,0.0,0.0
CN(CCC(OCCCCCCCC/C=C\CC(CCCCCC)OC(CC/C=C\CCCCC)=O)=O)CCCN(C)CCCN(CCC(OCCCCCCCC/C=C\CC(CCCCC)OC(CC/C=C\CCCCC)=O)=O)C,0.6301653772286505,,,,,,,,,,,,,,,,0.0,0.0,0.0,0.0
CN(CCC(OCCCCCCCC/C=C\CC(CCCCCC)OC(CC/C=C\CCCCC)=O)=O)CCCN(C)CCCN(CCC(OCCCCCCCC/C=C\CC(CCCCC)OC(CC/C=C\CCCCC)=O)=O)C,1.5116630752004236,,,,,,,,,,,,,,,,0.0,0.0,0.0,0.0
CN(CCC(OCCCCCCCC/C=C\CC(CCCCCC)OC(CC/C=C\CCCCC)=O)=O)CCCN(C)CCCN(CCC(OCCCCCCCC/C=C\CC(CCCCC)OC(CC/C=C\CCCCC)=O)=O)C,1.2688014645347312,,,,,,,,,,,,,,,,0.0,0.0,0.0,0.0
CN(CCC(OCCCCCCCC/C=C\CC(CCCCCC)OC(CC/C=C\CCCCC)=O)=O)CCCN(C)CCCN(CCC(OCCCCCCCC/C=C\CC(CCCCC)OC(CC/C=C\CCCCC)=O)=O)C,1.2148322177201325,,,,,,,,,,,,,,,,0.0,0.0,0.0,0.0
CN(CCC(OCCCCCCCC/C=C\CC(CCCCCC)OC(CC/C=C\CCCCC)=O)=O)CCCN(C)CCCN(CCC(OCCCCCCCC/C=C\CC(CCCCC)OC(CC/C=C\CCCCC)=O)=O)C,1.8984426773717125,,,,,,,,,,,,,,,,0.0,0.0,0.0,0.0
CN(CCC(OCCCCCCCC/C=C\CC(CCCCCC)OC(CC/C=C\CCCCC)=O)=O)CCCN(C)CCCN(CCC(OCCCCCCCC/C=C\CC(CCCCC)OC(CC/C=C\CCCCC)=O)=O)C,0.8280526155488442,,,,,,,,,,,,,,,,0.0,0.0,0.0,0.0
CN(CCC(OCCCCCCCC/C=C\CC(CCCCCC)OC(CC/C=C\CCCCC)=O)=O)CCCN(C)CCCN(CCC(OCCCCCCCC/C=C\CC(CCCCC)OC(CC/C=C\CCCCC)=O)=O)C,1.601611819891421,,,,,,,,,,,,,,,,0.0,0.0,0.0,0.0
CN(CCC(OCCCCCCCC/C=C\CC(CCCCCC)OC(CC/C=C\CCCCC)=O)=O)CCCN(C)CCCN(CCC(OCCCCCCCC/C=C\CC(CCCCC)OC(CC/C=C\CCCCC)=O)=O)C,0.6571500006359499,,,,,,,,,,,,,,,,0.0,0.0,0.0,0.0
CN(CCC(OCCCCCCCC/C=C\CC(CCCCCC)OC(CC/C=C\CCCCC)=O)=O)CCCN(C)CCCN(CCC(OCCCCCCCC/C=C\CC(CCCCC)OC(CC/C=C\CCCCC)=O)=O)C,0.6931294985123488,,,,,,,,,,,,,,,,0.0,0.0,0.0,0.0
O=C(CCN(CCC(OCCCCCCCC/C=C\CC(CCCCCC)OC(CC/C=C\CCCCC)=O)=O)CCCN(C)C)OCCCCCCCC/C=C\CC(CCCCCC)OC(CC/C=C\CCCCC)=O,0.5941858793522515,,,,,,,,,,,,,,,,0.0,0.0,0.0,0.0
O=C(CCN(CCC(OCCCCCCCC/C=C\CC(CCCCCC)OC(CC/C=C\CCCCC)=O)=O)CCCN(C)C)OCCCCCCCC/C=C\CC(CCCCCC)OC(CC/C=C\CCCCC)=O,-2.248194452883263,,,,,,,,,,,,,,,,0.0,0.0,0.0,0.0
O=C(CCN(CCC(OCCCCCCCC/C=C\CC(CCCCCC)OC(CC/C=C\CCCCC)=O)=O)CCCN(C)C)OCCCCCCCC/C=C\CC(CCCCCC)OC(CC/C=C\CCCCC)=O,1.4037245815712276,,,,,,,,,,,,,,,,0.0,0.0,0.0,0.0
O=C(CCN(CCC(OCCCCCCCC/C=C\CC(CCCCCC)OC(CC/C=C\CCCCC)=O)=O)CCCN(C)C)OCCCCCCCC/C=C\CC(CCCCCC)OC(CC/C=C\CCCCC)=O,-0.0444502079538292,,,,,,,,,,,,,,,,0.0,0.0,0.0,0.0
O=C(CCN(CCC(OCCCCCCCC/C=C\CC(CCCCCC)OC(CC/C=C\CCCCC)=O)=O)CCCN(C)C)OCCCCCCCC/C=C\CC(CCCCCC)OC(CC/C=C\CCCCC)=O,1.5116630752004236,,,,,,,,,,,,,,,,0.0,0.0,0.0,0.0
O=C(CCN(CCC(OCCCCCCCC/C=C\CC(CCCCCC)OC(CC/C=C\CCCCC)=O)=O)CCCN(C)C)OCCCCCCCC/C=C\CC(CCCCCC)OC(CC/C=C\CCCCC)=O,0.1804216537736639,,,,,,,,,,,,,,,,0.0,0.0,0.0,0.0
O=C(CCN(CCC(OCCCCCCCC/C=C\CC(CCCCCC)OC(CC/C=C\CCCCC)=O)=O)CCCN(C)C)OCCCCCCCC/C=C\CC(CCCCCC)OC(CC/C=C\CCCCC)=O,-0.7550452910127079,,,,,,,,,,,,,,,,0.0,0.0,0.0,0.0
O=C(CCN(CCC(OCCCCCCCC/C=C\CC(CCCCCC)OC(CC/C=C\CCCCC)=O)=O)CCCN(C)C)OCCCCCCCC/C=C\CC(CCCCCC)OC(CC/C=C\CCCCC)=O,0.5761961304140516,,,,,,,,,,,,,,,,0.0,0.0,0.0,0.0
O=C(CCN(CCC(OCCCCCCCC/C=C\CC(CCCCCC)OC(CC/C=C\CCCCC)=O)=O)CCCN(C)C)OCCCCCCCC/C=C\CC(CCCCCC)OC(CC/C=C\CCCCC)=O,0.7291089963887478,,,,,,,,,,,,,,,,0.0,0.0,0.0,0.0
O=C(CCN(CCC(OCCCCCCCC/C=C\CC(CCCCCC)OC(CC/C=C\CCCCC)=O)=O)CCCN(C)C)OCCCCCCCC/C=C\CC(CCCCCC)OC(CC/C=C\CCCCC)=O,-0.1254040781757271,,,,,,,,,,,,,,,,0.0,0.0,0.0,0.0
O=C(CCN(CCC(OCCCCCCCC/C=C\CC(CCCCCC)OC(CC/C=C\CCCCC)=O)=O)CCCN(C)C)OCCCCCCCC/C=C\CC(CCCCCC)OC(CC/C=C\CCCCC)=O,0.6841346240432485,,,,,,,,,,,,,,,,0.0,0.0,0.0,0.0
O=C(CCN(CCC(OCCCCCCCC/C=C\CC(CCCCCC)OC(CC/C=C\CCCCC)=O)=O)CCCN(C)C)OCCCCCCCC/C=C\CC(CCCCCC)OC(CC/C=C\CCCCC)=O,0.8370474900179439,,,,,,,,,,,,,,,,0.0,0.0,0.0,0.0
O=C(CCN(CCC(OCCCCCCCC/C=C\CC(CCCCCC)OC(CC/C=C\CCCCC)=O)=O)CCCN(C)C)OCCCCCCCC/C=C\CC(CCCCCC)OC(CC/C=C\CCCCC)=O,1.4576938283858256,,,,,,,,,,,,,,,,0.0,0.0,0.0,0.0
O=C(CCN(CCC(OCCCCCCCC/C=C\CC(CCCCCC)OC(CC/C=C\CCCCC)=O)=O)CCCN(C)C)OCCCCCCCC/C=C\CC(CCCCCC)OC(CC/C=C\CCCCC)=O,1.9524119241863105,,,,,,,,,,,,,,,,0.0,0.0,0.0,0.0
O=C(CCN(CCC(OCCCCCCCC/C=C\CC(CCCCCC)OC(CC/C=C\CCCCC)=O)=O)CCCN(C)C)OCCCCCCCC/C=C\CC(CCCCCC)OC(CC/C=C\CCCCC)=O,-0.1793733249903251,,,,,,,,,,,,,,,,0.0,0.0,0.0,0.0
O=C(CCN(CCC(OCCCCCCCC/C=C\CC(CCCCCC)OC(CC/C=C\CCCCC)=O)=O)CCCN(C)C)OCCCCCCCC/C=C\CC(CCCCCC)OC(CC/C=C\CCCCC)=O,1.5656323220150223,,,,,,,,,,,,,,,,0.0,0.0,0.0,0.0
O=C(CCN(CCC(OCCCCCCCC/C=C\CC(CCCCCC)OC(CC/C=C\CCCCC)=O)=O)CCCN(C)C)OCCCCCCCC/C=C\CC(CCCCCC)OC(CC/C=C\CCCCC)=O,1.376739958163928,,,,,,,,,,,,,,,,0.0,0.0,0.0,0.0
O=C(CCN(CCC(OCCCCCCCC/C=C\CC(CCCCCC)OC(CC/C=C\CCCCC)=O)=O)CCCN(C)C)OCCCCCCCC/C=C\CC(CCCCCC)OC(CC/C=C\CCCCC)=O,1.5566374475459228,,,,,,,,,,,,,,,,0.0,0.0,0.0,0.0
O=C(CCN(CCC(OCCCCCCCC/C=C\CC(CCCCCC)OC(CCCCCCC/C=C\CCCCCCCCC)=O)=O)CCCN(C)C)OCCCCCCCC/C=C\CC(CCCCCC)OC(CCCCCCC/C=C\CCCCCCCCC)=O,0.144442155897265,,,,,,,,,,,,,,,,0.0,0.0,0.0,0.0
O=C(CCN(CCC(OCCCCCCCC/C=C\CC(CCCCCC)OC(CCCCCCC/C=C\CCCCCCCCC)=O)=O)CCCN(C)C)OCCCCCCCC/C=C\CC(CCCCCC)OC(CCCCCCC/C=C\CCCCCCCCC)=O,-0.3682656888414198,,,,,,,,,,,,,,,,0.0,0.0,0.0,0.0
O=C(CCN(CCC(OCCCCCCCC/C=C\CC(CCCCCC)OC(CCCCCCC/C=C\CCCCCCCCC)=O)=O)CCCN(C)C)OCCCCCCCC/C=C\CC(CCCCCC)OC(CCCCCCC/C=C\CCCCCCCCC)=O,1.043929602807238,,,,,,,,,,,,,,,,0.0,0.0,0.0,0.0
O=C(CCN(CCC(OCCCCCCCC/C=C\CC(CCCCCC)OC(CCCCCCC/C=C\CCCCCCCCC)=O)=O)CCCN(C)C)OCCCCCCCC/C=C\CC(CCCCCC)OC(CCCCCCC/C=C\CCCCCCCCC)=O,0.3873037665629573,,,,,,,,,,,,,,,,0.0,0.0,0.0,0.0
O=C(CCN(CCC(OCCCCCCCC/C=C\CC(CCCCCC)OC(CCCCCCC/C=C\CCCCCCCCC)=O)=O)CCCN(C)C)OCCCCCCCC/C=C\CC(CCCCCC)OC(CCCCCCC/C=C\CCCCCCCCC)=O,1.1068937240909364,,,,,,,,,,,,,,,,0.0,0.0,0.0,0.0
O=C(CCN(CCC(OCCCCCCCC/C=C\CC(CCCCCC)OC(CCCCCCC/C=C\CCCCCCCCC)=O)=O)CCCN(C)C)OCCCCCCCC/C=C\CC(CCCCCC)OC(CCCCCCC/C=C\CCCCCCCCC)=O,0.1534370303663645,,,,,,,,,,,,,,,,0.0,0.0,0.0,0.0
O=C(CCN(CCC(OCCCCCCCC/C=C\CC(CCCCCC)OC(CCCCCCC/C=C\CCCCCCCCC)=O)=O)CCCN(C)C)OCCCCCCCC/C=C\CC(CCCCCC)OC(CCCCCCC/C=C\CCCCCCCCC)=O,-0.4042451867178183,,,,,,,,,,,,,,,,0.0,0.0,0.0,0.0
O=C(CCN(CCC(OCCCCCCCC/C=C\CC(CCCCCC)OC(CCCCCCC/C=C\CCCCCCCCC)=O)=O)CCCN(C)C)OCCCCCCCC/C=C\CC(CCCCCC)OC(CCCCCCC/C=C\CCCCCCCCC)=O,-0.0804297058302282,,,,,,,,,,,,,,,,0.0,0.0,0.0,0.0
O=C(CCN(CCC(OCCCCCCCC/C=C\CC(CCCCCC)OC(CCCCCCC/C=C\CCCCCCCCC)=O)=O)CCCN(C)C)OCCCCCCCC/C=C\CC(CCCCCC)OC(CCCCCCC/C=C\CCCCCCCCC)=O,-0.0714348313611286,,,,,,,,,,,,,,,,0.0,0.0,0.0,0.0
O=C(CCN(CCC(OCCCCCCCC/C=C\CC(CCCCCC)OC(CCCCCCC/C=C\CCCCCCCCC)=O)=O)CCCN(C)C)OCCCCCCCC/C=C\CC(CCCCCC)OC(CCCCCCC/C=C\CCCCCCCCC)=O,-0.7550452910127079,,,,,,,,,,,,,,,,0.0,0.0,0.0,0.0
O=C(CCN(CCC(OCCCCCCCC/C=C\CC(CCCCCC)OC(CCCCCCC/C=C\CCCCCCCCC)=O)=O)CCCN(C)C)OCCCCCCCC/C=C\CC(CCCCCC)OC(CCCCCCC/C=C\CCCCCCCCC)=O,1.1428732219673352,,,,,,,,,,,,,,,,0.0,0.0,0.0,0.0
O=C(CCN(CCC(OCCCCCCCC/C=C\CC(CCCCCC)OC(CCCCCCC/C=C\CCCCCCCCC)=O)=O)CCCN(C)C)OCCCCCCCC/C=C\CC(CCCCCC)OC(CCCCCCC/C=C\CCCCCCCCC)=O,1.0709142262145377,,,,,,,,,,,,,,,,0.0,0.0,0.0,0.0
O=C(CCN(CCC(OCCCCCCCC/C=C\CC(CCCCCC)OC(CCCCCCC/C=C\CCCCCCCCC)=O)=O)CCCN(C)C)OCCCCCCCC/C=C\CC(CCCCCC)OC(CCCCCCC/C=C\CCCCCCCCC)=O,0.7830782432033458,,,,,,,,,,,,,,,,0.0,0.0,0.0,0.0
O=C(CCN(CCC(OCCCCCCCC/C=C\CC(CCCCCC)OC(CCCCCCC/C=C\CCCCCCCCC)=O)=O)CCCN(C)C)OCCCCCCCC/C=C\CC(CCCCCC)OC(CCCCCCC/C=C\CCCCCCCCC)=O,1.4037245815712276,,,,,,,,,,,,,,,,0.0,0.0,0.0,0.0
O=C(CCN(CCC(OCCCCCCCC/C=C\CC(CCCCCC)OC(CCCCCCC/C=C\CCCCCCCCC)=O)=O)CCCN(C)C)OCCCCCCCC/C=C\CC(CCCCCC)OC(CCCCCCC/C=C\CCCCCCCCC)=O,1.4217143305094266,,,,,,,,,,,,,,,,0.0,0.0,0.0,0.0
O=C(CCN(CCC(OCCCCCCCC/C=C\CC(CCCCCC)OC(CCCCCCC/C=C\CCCCCCCCC)=O)=O)CCCN(C)C)OCCCCCCCC/C=C\CC(CCCCCC)OC(CCCCCCC/C=C\CCCCCCCCC)=O,1.3137758368802297,,,,,,,,,,,,,,,,0.0,0.0,0.0,0.0
O=C(CCN(CCC(OCCCCCCCC/C=C\CC(CCCCCC)OC(CCCCCCC/C=C\CCCCCCCCC)=O)=O)CCCN(C)C)OCCCCCCCC/C=C\CC(CCCCCC)OC(CCCCCCC/C=C\CCCCCCCCC)=O,1.4936733262622244,,,,,,,,,,,,,,,,0.0,0.0,0.0,0.0
O=C(CCN(CCC(OCCCCCCCC/C=C\CC(CCCCCC)OC(CCCCCCC/C=C\CCCCCCCCC)=O)=O)CCCN(C)C)OCCCCCCCC/C=C\CC(CCCCCC)OC(CCCCCCC/C=C\CCCCCCCCC)=O,1.2328219666583322,,,,,,,,,,,,,,,,0.0,0.0,0.0,0.0
O=C(CCN(CCC(OCCCCCCCC/C=C\CC(CCCCCC)OC(CCCCCCC/C=C\C/C=C\CCCCC)=O)=O)CCCN(C)C)OCCCCCCCC/C=C\CC(CCCCCC)OC(CCCCCCC/C=C\C/C=C\CCCCC)=O,-0.4851990569397162,,,,,,,,,,,,,,,,0.0,0.0,0.0,0.0
O=C(CCN(CCC(OCCCCCCCC/C=C\CC(CCCCCC)OC(CCCCCCC/C=C\C/C=C\CCCCC)=O)=O)CCCN(C)C)OCCCCCCCC/C=C\CC(CCCCCC)OC(CCCCCCC/C=C\C/C=C\CCCCC)=O,-0.9349427803947028,,,,,,,,,,,,,,,,0.0,0.0,0.0,0.0
O=C(CCN(CCC(OCCCCCCCC/C=C\CC(CCCCCC)OC(CCCCCCC/C=C\C/C=C\CCCCC)=O)=O)CCCN(C)C)OCCCCCCCC/C=C\CC(CCCCCC)OC(CCCCCCC/C=C\C/C=C\CCCCC)=O,0.6121756282904506,,,,,,,,,,,,,,,,0.0,0.0,0.0,0.0
O=C(CCN(CCC(OCCCCCCCC/C=C\CC(CCCCCC)OC(CCCCCCC/C=C\C/C=C\CCCCC)=O)=O)CCCN(C)C)OCCCCCCCC/C=C\CC(CCCCCC)OC(CCCCCCC/C=C\C/C=C\CCCCC)=O,-0.0624399568920287,,,,,,,,,,,,,,,,0.0,0.0,0.0,0.0
O=C(CCN(CCC(OCCCCCCCC/C=C\CC(CCCCCC)OC(CCCCCCC/C=C\C/C=C\CCCCC)=O)=O)CCCN(C)C)OCCCCCCCC/C=C\CC(CCCCCC)OC(CCCCCCC/C=C\C/C=C\CCCCC)=O,0.8010679921415449,,,,,,,,,,,,,,,,0.0,0.0,0.0,0.0
O=C(CCN(CCC(OCCCCCCCC/C=C\CC(CCCCCC)OC(CCCCCCC/C=C\C/C=C\CCCCC)=O)=O)CCCN(C)C)OCCCCCCCC/C=C\CC(CCCCCC)OC(CCCCCCC/C=C\C/C=C\CCCCC)=O,-0.2063579483976245,,,,,,,,,,,,,,,,0.0,0.0,0.0,0.0
O=C(CCN(CCC(OCCCCCCCC/C=C\CC(CCCCCC)OC(CCCCCCC/C=C\C/C=C\CCCCC)=O)=O)CCCN(C)C)OCCCCCCCC/C=C\CC(CCCCCC)OC(CCCCCCC/C=C\C/C=C\CCCCC)=O,-0.0624399568920287,,,,,,,,,,,,,,,,0.0,0.0,0.0,0.0
O=C(CCN(CCC(OCCCCCCCC/C=C\CC(CCCCCC)OC(CCCCCCC/C=C\C/C=C\CCCCC)=O)=O)CCCN(C)C)OCCCCCCCC/C=C\CC(CCCCCC)OC(CCCCCCC/C=C\C/C=C\CCCCC)=O,-0.3862554377796189,,,,,,,,,,,,,,,,0.0,0.0,0.0,0.0
O=C(CCN(CCC(OCCCCCCCC/C=C\CC(CCCCCC)OC(CCCCCCC/C=C\C/C=C\CCCCC)=O)=O)CCCN(C)C)OCCCCCCCC/C=C\CC(CCCCCC)OC(CCCCCCC/C=C\C/C=C\CCCCC)=O,-0.1164092037066271,,,,,,,,,,,,,,,,0.0,0.0,0.0,0.0
O=C(CCN(CCC(OCCCCCCCC/C=C\CC(CCCCCC)OC(CCCCCCC/C=C\C/C=C\CCCCC)=O)=O)CCCN(C)C)OCCCCCCCC/C=C\CC(CCCCCC)OC(CCCCCCC/C=C\C/C=C\CCCCC)=O,1.1248834730291355,,,,,,,,,,,,,,,,0.0,0.0,0.0,0.0
O=C(CCN(CCC(OCCCCCCCC/C=C\CC(CCCCCC)OC(CCCCCCC/C=C\C/C=C\CCCCC)=O)=O)CCCN(C)C)OCCCCCCCC/C=C\CC(CCCCCC)OC(CCCCCCC/C=C\C/C=C\CCCCC)=O,0.9000116113016422,,,,,,,,,,,,,,,,0.0,0.0,0.0,0.0
O=C(CCN(CCC(OCCCCCCCC/C=C\CC(CCCCCC)OC(CCCCCCC/C=C\C/C=C\CCCCC)=O)=O)CCCN(C)C)OCCCCCCCC/C=C\CC(CCCCCC)OC(CCCCCCC/C=C\C/C=C\CCCCC)=O,0.8280526155488442,,,,,,,,,,,,,,,,0.0,0.0,0.0,0.0
O=C(CCN(CCC(OCCCCCCCC/C=C\CC(CCCCCC)OC(CCCCCCC/C=C\C/C=C\CCCCC)=O)=O)CCCN(C)C)OCCCCCCCC/C=C\CC(CCCCCC)OC(CCCCCCC/C=C\C/C=C\CCCCC)=O,1.781509309273416,,,,,,,,,,,,,,,,0.0,0.0,0.0,0.0
O=C(CCN(CCC(OCCCCCCCC/C=C\CC(CCCCCC)OC(CCCCCCC/C=C\C/C=C\CCCCC)=O)=O)CCCN(C)C)OCCCCCCCC/C=C\CC(CCCCCC)OC(CCCCCCC/C=C\C/C=C\CCCCC)=O,1.2957860879420309,,,,,,,,,,,,,,,,0.0,0.0,0.0,0.0
O=C(CCN(CCC(OCCCCCCCC/C=C\CC(CCCCCC)OC(CCCCCCC/C=C\C/C=C\CCCCC)=O)=O)CCCN(C)C)OCCCCCCCC/C=C\CC(CCCCCC)OC(CCCCCCC/C=C\C/C=C\CCCCC)=O,1.5476425730768224,,,,,,,,,,,,,,,,0.0,0.0,0.0,0.0
O=C(CCN(CCC(OCCCCCCCC/C=C\CC(CCCCCC)OC(CCCCCCC/C=C\C/C=C\CCCCC)=O)=O)CCCN(C)C)OCCCCCCCC/C=C\CC(CCCCCC)OC(CCCCCCC/C=C\C/C=C\CCCCC)=O,1.5206579496695238,,,,,,,,,,,,,,,,0.0,0.0,0.0,0.0
O=C(CCN(CCC(OCCCCCCCC/C=C\CC(CCCCCC)OC(CCCCCCC/C=C\C/C=C\CCCCC)=O)=O)CCCN(C)C)OCCCCCCCC/C=C\CC(CCCCCC)OC(CCCCCCC/C=C\C/C=C\CCCCC)=O,0.7201141219196474,,,,,,,,,,,,,,,,0.0,0.0,0.0,0.0
O=C(CCN(CCC(OCCCCCCCC/C=C\CC(CCCCCC)OC(CCCCCCC/C=C\CCCCCC)=O)=O)CCCN(C)C)OCCCCCCCC/C=C\CC(CCCCCC)OC(CCCCCCC/C=C\CCCCCCC)=O,0.9449859836471408,,,,,,,,,,,,,,,,0.0,0.0,0.0,0.0
O=C(CCN(CCC(OCCCCCCCC/C=C\CC(CCCCCC)OC(CCCCCCC/C=C\CCCCCC)=O)=O)CCCN(C)C)OCCCCCCCC/C=C\CC(CCCCCC)OC(CCCCCCC/C=C\CCCCCCC)=O,0.5402166325376527,,,,,,,,,,,,,,,,0.0,0.0,0.0,0.0
O=C(CCN(CCC(OCCCCCCCC/C=C\CC(CCCCCC)OC(CCCCCCCCC/C=C\CCCCCCCC)=O)=O)CCCN(C)C)OCCCCCCCC/C=C\CC(CCCCCC)OC(CCCCCCCCC/C=C\CCCCCCCC)=O,1.376739958163928,,,,,,,,,,,,,,,,0.0,0.0,0.0,0.0
O=C(CCN(CCC(OCCCCCCCC/C=C\CC(CCCCCC)OC(CCCCCCCCC/C=C\CCCCCCCC)=O)=O)CCCN(C)C)OCCCCCCCC/C=C\CC(CCCCCC)OC(CCCCCCCCC/C=C\CCCCCCCC)=O,0.7111192474505479,,,,,,,,,,,,,,,,0.0,0.0,0.0,0.0
N(CCC(=O)OCCCCCCCC\C=C/CC(CCCCCC)OC(=O)CCCCCCCCC/C=C\CCCCCCCC)(CCC(=O)OCCCCCCCC\C=C/CC(CCCCCC)OC(=O)CCCCCCCCC/C=C\CCCCCCCC)CCCN(C)C,0.8280526155488442,,,,,,,,,,,,,,,,0.0,0.0,0.0,0.0
N(CCC(=O)OCCCCCCCC\C=C/CC(CCCCCC)OC(=O)C)(CCC(=O)OCCCCCCCC\C=C/CC(CCCCCC)OC(=O)C)CCCN(C)C,1.8721368818493096,,,,,,,,,,,,,,,,0.0,0.0,0.0,0.0
N(CCC(=O)OCCCCCCCC\C=C/CC(CCCCCC)OC(=O)CCC)(CCC(=O)OCCCCCCCC\C=C/CC(CCCCCC)OC(=O)CCC)CCCN(C)C,1.4942506712748982,,,,,,,,,,,,,,,,0.0,0.0,0.0,0.0
N(CCC(=O)OCCCCCCCC\C=C/CC(CCCCCC)OC(=O)CCCCC)(CCC(=O)OCCCCCCCC\C=C/CC(CCCCCC)OC(=O)CCCCC)CCCN(C)C,1.5696256837858618,,,,,,,,,,,,,,,,0.0,0.0,0.0,0.0
N(CCC(=O)OCCCCCCCC\C=C/CC(CCCCCC)OC(=O)CCCCCC)(CCC(=O)OCCCCCCCC\C=C/CC(CCCCCC)OC(=O)CCCCCC)CCCN(C)C,1.667493321670166,,,,,,,,,,,,,,,,0.0,0.0,0.0,0.0
N(CCC(=O)OCCCCCCCC\C=C/CC(CCCCCC)OC(=O)CCCCCCC)(CCC(=O)OCCCCCCCC\C=C/CC(CCCCCC)OC(=O)CCCCCCC)CCCN(C)C,1.5883624561492322,,,,,,,,,,,,,,,,0.0,0.0,0.0,0.0
N(CCC(=O)OCCCCCCCC\C=C/CC(CCCCCC)OC(=O)CCCCCCCCC)(CCC(=O)OCCCCCCCC\C=C/CC(CCCCCC)OC(=O)CCCCCCCCC)CCCN(C)C,0.8853551856426644,,,,,,,,,,,,,,,,0.0,0.0,0.0,0.0
N(CCC(=O)OCCCCCCCC\C=C/CC(CCCCCC)OC(=O)CCCCCCC/C=C\C/C=C\CCCCC)(CCC(=O)OCCCCCCCC\C=C/CC(CCCCCC)OC(=O)CCCCCCC/C=C\C/C=C\CCCCC)CCCN(C)C,1.543275787293424,,,,,,,,,,,,,,,,0.0,0.0,0.0,0.0
C[N+](C)(C)CCCC[N+](CCC(=O)OCCCCCCCC\C=C/CC(CCCCCC)OC(=O)CC/C=C\CCCCC)(CCC(=O)OCCCCCCCC\C=C/CC(CCCCCC)OC(=O)CC/C=C\CCCCC)C,0.144442155897265,,,,,,,,,,,,,,,,0.0,0.0,0.0,0.0
N(CCC(=O)OCCCCCCCC\C=C/CC(CCCCCC)OC(=O)CC/C=C\CC)(CCC(=O)OCCCCCCCC\C=C/CC(CCCCCC)OC(=O)CC/C=C\CC)CCCN(C)C,-0.3045035837749413,,,,,,,,,,,,,,,,0.0,0.0,0.0,0.0
N(CCC(=O)OCCCCCCCC\C=C/CC(CCCCCC)OC(=O)CCCCCCCCCCC)(CCC(=O)OCCCCCCCC\C=C/CC(CCCCCC)OC(=O)CCCCCCCCCCC)CCCN(C)C,-0.3045035837749413,,,,,,,,,,,,,,,,0.0,0.0,0.0,0.0
N(CCC(=O)OCCCCCCCC\C=C/CC(CCCCCC)OC(=O)CCCCCCCCCCCCC)(CCC(=O)OCCCCCCCC\C=C/CC(CCCCCC)OC(=O)CCCCCCCCCCCCC)CCCN(C)C,-0.3045035837749413,,,,,,,,,,,,,,,,0.0,0.0,0.0,0.0
N(CCC(=O)OCCCCCCCC\C=C/CC(CCCCCC)OC(=O)CCCCCCCCCCCCCCC)(CCC(=O)OCCCCCCCC\C=C/CC(CCCCCC)OC(=O)CCCCCCCCCCCCCCC)CCCN(C)C,-0.3045035837749413,,,,,,,,,,,,,,,,0.0,0.0,0.0,0.0
N(CCC(=O)OCCCCCCCC\C=C/CC(CCCCCC)OC(=O)C(CCCCCC)CCCCCCCC)(CCC(=O)OCCCCCCCC\C=C/CC(CCCCCC)OC(=O)C(CCCCCC)CCCCCCCC)CCCN(C)C,-0.3045035837749413,,,,,,,,,,,,,,,,0.0,0.0,0.0,0.0
N(CCC(=O)OCCCCCCCC\C=C/CC(CCCCCC)OC(=O)CC/C=C\CCCCC)(CCC(=O)OCCCCCCCC\C=C/CC(CCCCCC)OC(=O)CC/C=C\CCCCC)CCCN(C)C,-0.3045035837749413,,,,,,,,,,,,,,,,0.0,0.0,0.0,0.0
N(CCC(=O)OCCCCCCCC\C=C/CC(CCCCCC)OC(=O)CCC/C=C\C/C=C\C/C=C\C/C=C\CCCCC)(CCC(=O)OCCCCCCCC\C=C/CC(CCCCCC)OC(=O)CCC/C=C\C/C=C\C/C=C\C/C=C\CCCCC)CCCN(C)C,-0.3045035837749413,,,,,,,,,,,,,,,,0.0,0.0,0.0,0.0
N(CCC(=O)OCCCCCCCC\C=C/CC(CCCCCC)OC(=O)CC\C=C/C/C=C\C\C=C/C\C=C/C\C=C/C\C=C/CC)(CCC(=O)OCCCCCCCC\C=C/CC(CCCCCC)OC(=O)CC\C=C/C/C=C\C\C=C/C\C=C/C\C=C/C\C=C/CC)CCCN(C)C,3.076099265589626,,,,,,,,,,,,,,,,0.0,0.0,0.0,0.0
N(CCC(=O)OCCCCCCCC\C=C/CC(CCCCCC)OC(=O)CCCCC)(CCC(=O)OCCCCCCCC\C=C/CC(CCCCCC)OC(=O)CCCCC)CCCN(C)C,-0.3045035837749413,,,,,,,,,,,,,,,,0.0,0.0,0.0,0.0
N(CCC(=O)OCCCCCCCC\C=C/CC(CCCCCC)OC(=O)CCCCCC)(CCC(=O)OCCCCCCCC\C=C/CC(CCCCCC)OC(=O)CCCCCC)CCCN(C)C,-0.3045035837749413,,,,,,,,,,,,,,,,0.0,0.0,0.0,0.0
N(CCC(=O)OCCCCCCCC\C=C/CC(CCCCCC)OC(=O)CCCCCCC)(CCC(=O)OCCCCCCCC\C=C/CC(CCCCCC)OC(=O)CCCCCCC)CCCN(C)C,-0.3045035837749413,,,,,,,,,,,,,,,,0.0,0.0,0.0,0.0
N(CCC(=O)OCCCCCCCC\C=C/CC(CCCCCC)OC(=O)CCCCCCCCCCCCCCCCC)(CCC(=O)OCCCCCCCC\C=C/CC(CCCCCC)OC(=O)CCCCCCCCCCCCCCCCC)CCCN(C)C,-0.3045035837749413,,,,,,,,,,,,,,,,0.0,0.0,0.0,0.0
N(CCC(=O)OCCCCCCCC\C=C/CC(CCCCCC)OC(=O)CCCCCCC/C=C\CCCCCCCC)(CCC(=O)OCCCCCCCC\C=C/CC(CCCCCC)OC(=O)CCCCCCC/C=C\CCCCCCCC)CCCN(C)C,-0.3045035837749413,,,,,,,,,,,,,,,,0.0,0.0,0.0,0.0
N(CCC(=O)OCCCCCCCC\C=C/CC(CCCCCC)OC(=O)CCCCCCC/C=C\C/C=C\CCCCC)(CCC(=O)OCCCCCCCC\C=C/CC(CCCCCC)OC(=O)CCCCCCC/C=C\C/C=C\CCCCC)CCCN(C)C,-0.3045035837749413,,,,,,,,,,,,,,,,0.0,0.0,0.0,0.0
N(CCC(=O)OCCCCCCCC\C=C/CC(CCCCCC)OC(=O)CCC/C=C\C/C=C\C/C=C\C/C=C\C/C=C\CC)(CCC(=O)OCCCCCCCC\C=C/CC(CCCCCC)OC(=O)CCC/C=C\C/C=C\C/C=C\C/C=C\C/C=C\CC)CCCN(C)C,3.6661139409760657,,,,,,,,,,,,,,,,0.0,0.0,0.0,0.0
N(CCC(=O)OCCCCCCCC\C=C/CC(CCCCCC)OC(=O)CCCCCCCCCC)(CCC(=O)OCCCCCCCC\C=C/CC(CCCCCC)OC(=O)CCCCCCCCCC)CCCN(C)C,-0.3045035837749413,,,,,,,,,,,,,,,,0.0,0.0,0.0,0.0
CCN(CC)CCN(CCC(=O)OCCCCCCCC\C=C/CC(CCCCCC)OC(=O)CC/C=C\CC)CCN(CC)CC,-0.3045035837749413,,,,,,,,,,,,,,,,0.0,0.0,0.0,0.0
CCN(CC)CCN(CCC(=O)OCCCCCCCC\C=C/CC(CCCCCC)OC(=O)CCCCCCCCCCC)CCN(CC)CC,-0.3045035837749413,,,,,,,,,,,,,,,,0.0,0.0,0.0,0.0
CCN(CC)CCN(CCC(=O)OCCCCCCCC\C=C/CC(CCCCCC)OC(=O)CCCCCCCCCCCCC)CCN(CC)CC,-0.3045035837749413,,,,,,,,,,,,,,,,0.0,0.0,0.0,0.0
CCN(CC)CCN(CCC(=O)OCCCCCCCC\C=C/CC(CCCCCC)OC(=O)CCCCCCCCCCCCCCC)CCN(CC)CC,-0.3045035837749413,,,,,,,,,,,,,,,,0.0,0.0,0.0,0.0
CCN(CC)CCN(CCC(=O)OCCCCCCCC\C=C/CC(CCCCCC)OC(=O)C(CCCCCC)CCCCCCCC)CCN(CC)CC,-0.3045035837749413,,,,,,,,,,,,,,,,0.0,0.0,0.0,0.0
CCN(CC)CCN(CCC(=O)OCCCCCCCC\C=C/CC(CCCCCC)OC(=O)CC/C=C\CCCCC)CCN(CC)CC,-0.3045035837749413,,,,,,,,,,,,,,,,0.0,0.0,0.0,0.0
CCN(CC)CCN(CCC(=O)OCCCCCCCC\C=C/CC(CCCCCC)OC(=O)CCC/C=C\C/C=C\C/C=C\C/C=C\CCCCC)CCN(CC)CC,-0.3045035837749413,,,,,,,,,,,,,,,,0.0,0.0,0.0,0.0
CCN(CC)CCN(CCC(=O)OCCCCCCCC\C=C/CC(CCCCCC)OC(=O)CC\C=C/C/C=C\C\C=C/C\C=C/C\C=C/C\C=C/CC)CCN(CC)CC,1.1131221552964117,,,,,,,,,,,,,,,,0.0,0.0,0.0,0.0
CCN(CC)CCN(CCC(=O)OCCCCCCCC\C=C/CC(CCCCCC)OC(=O)CCCCC)CCN(CC)CC,-0.3045035837749413,,,,,,,,,,,,,,,,0.0,0.0,0.0,0.0
CCN(CC)CCN(CCC(=O)OCCCCCCCC\C=C/CC(CCCCCC)OC(=O)CCCCCC)CCN(CC)CC,-0.3045035837749413,,,,,,,,,,,,,,,,0.0,0.0,0.0,0.0
CCN(CC)CCN(CCC(=O)OCCCCCCCC\C=C/CC(CCCCCC)OC(=O)CCCCCCC)CCN(CC)CC,-0.3045035837749413,,,,,,,,,,,,,,,,0.0,0.0,0.0,0.0
CCN(CC)CCN(CCC(=O)OCCCCCCCC\C=C/CC(CCCCCC)OC(=O)CCCCCCCCCCCCCCCCC)CCN(CC)CC,-0.3045035837749413,,,,,,,,,,,,,,,,0.0,0.0,0.0,0.0
CCN(CC)CCN(CCC(=O)OCCCCCCCC\C=C/CC(CCCCCC)OC(=O)CCCCCCC/C=C\CCCCCCCC)CCN(CC)CC,-0.3045035837749413,,,,,,,,,,,,,,,,0.0,0.0,0.0,0.0
CCN(CC)CCN(CCC(=O)OCCCCCCCC\C=C/CC(CCCCCC)OC(=O)CCCCCCC/C=C\C/C=C\CCCCC)CCN(CC)CC,-0.3045035837749413,,,,,,,,,,,,,,,,0.0,0.0,0.0,0.0
CCN(CC)CCN(CCC(=O)OCCCCCCCC\C=C/CC(CCCCCC)OC(=O)CCC/C=C\C/C=C\C/C=C\C/C=C\C/C=C\CC)CCN(CC)CC,-0.3045035837749413,,,,,,,,,,,,,,,,0.0,0.0,0.0,0.0
CCN(CC)CCN(CCC(=O)OCCCCCCCC\C=C/CC(CCCCCC)OC(=O)CCCCCCCCCC)CCN(CC)CC,-0.3045035837749413,,,,,,,,,,,,,,,,0.0,0.0,0.0,0.0
N(CCC(=O)OCCCCCCCC\C=C/CC(CCCCCC)OC(=O)CC/C=C\CC)(CCC(=O)OCCCCCCCC\C=C/CC(CCCCCC)OC(=O)CC/C=C\CC)CCN1CCN(C)CC1,-0.3045035837749413,,,,,,,,,,,,,,,,0.0,0.0,0.0,0.0
N(CCC(=O)OCCCCCCCC\C=C/CC(CCCCCC)OC(=O)CCCCCCCCCCC)(CCC(=O)OCCCCCCCC\C=C/CC(CCCCCC)OC(=O)CCCCCCCCCCC)CCN1CCN(C)CC1,-0.3045035837749413,,,,,,,,,,,,,,,,0.0,0.0,0.0,0.0
N(CCC(=O)OCCCCCCCC\C=C/CC(CCCCCC)OC(=O)CCCCCCCCCCCCC)(CCC(=O)OCCCCCCCC\C=C/CC(CCCCCC)OC(=O)CCCCCCCCCCCCC)CCN1CCN(C)CC1,-0.3045035837749413,,,,,,,,,,,,,,,,0.0,0.0,0.0,0.0
N(CCC(=O)OCCCCCCCC\C=C/CC(CCCCCC)OC(=O)CCCCCCCCCCCCCCC)(CCC(=O)OCCCCCCCC\C=C/CC(CCCCCC)OC(=O)CCCCCCCCCCCCCCC)CCN1CCN(C)CC1,-0.3045035837749413,,,,,,,,,,,,,,,,0.0,0.0,0.0,0.0
N(CCC(=O)OCCCCCCCC\C=C/CC(CCCCCC)OC(=O)C(CCCCCC)CCCCCCCC)(CCC(=O)OCCCCCCCC\C=C/CC(CCCCCC)OC(=O)C(CCCCCC)CCCCCCCC)CCN1CCN(C)CC1,-0.3045035837749413,,,,,,,,,,,,,,,,0.0,0.0,0.0,0.0
N(CCC(=O)OCCCCCCCC\C=C/CC(CCCCCC)OC(=O)CC/C=C\CCCCC)(CCC(=O)OCCCCCCCC\C=C/CC(CCCCCC)OC(=O)CC/C=C\CCCCC)CCN1CCN(C)CC1,-0.3045035837749413,,,,,,,,,,,,,,,,0.0,0.0,0.0,0.0
N(CCC(=O)OCCCCCCCC\C=C/CC(CCCCCC)OC(=O)CCC/C=C\C/C=C\C/C=C\C/C=C\CCCCC)(CCC(=O)OCCCCCCCC\C=C/CC(CCCCCC)OC(=O)CCC/C=C\C/C=C\C/C=C\C/C=C\CCCCC)CCN1CCN(C)CC1,-0.3045035837749413,,,,,,,,,,,,,,,,0.0,0.0,0.0,0.0
N(CCC(=O)OCCCCCCCC\C=C/CC(CCCCCC)OC(=O)CC\C=C/C/C=C\C\C=C/C\C=C/C\C=C/C\C=C/CC)(CCC(=O)OCCCCCCCC\C=C/CC(CCCCCC)OC(=O)CC\C=C/C/C=C\C\C=C/C\C=C/C\C=C/C\C=C/CC)CCN1CCN(C)CC1,5.201422000346438,,,,,,,,,,,,,,,,0.0,0.0,0.0,0.0
N(CCC(=O)OCCCCCCCC\C=C/CC(CCCCCC)OC(=O)CCCCC)(CCC(=O)OCCCCCCCC\C=C/CC(CCCCCC)OC(=O)CCCCC)CCN1CCN(C)CC1,-0.3045035837749413,,,,,,,,,,,,,,,,0.0,0.0,0.0,0.0
N(CCC(=O)OCCCCCCCC\C=C/CC(CCCCCC)OC(=O)CCCCCC)(CCC(=O)OCCCCCCCC\C=C/CC(CCCCCC)OC(=O)CCCCCC)CCN1CCN(C)CC1,-0.3045035837749413,,,,,,,,,,,,,,,,0.0,0.0,0.0,0.0
N(CCC(=O)OCCCCCCCC\C=C/CC(CCCCCC)OC(=O)CCCCCCC)(CCC(=O)OCCCCCCCC\C=C/CC(CCCCCC)OC(=O)CCCCCCC)CCN1CCN(C)CC1,-0.3045035837749413,,,,,,,,,,,,,,,,0.0,0.0,0.0,0.0
N(CCC(=O)OCCCCCCCC\C=C/CC(CCCCCC)OC(=O)CCCCCCCCCCCCCCCCC)(CCC(=O)OCCCCCCCC\C=C/CC(CCCCCC)OC(=O)CCCCCCCCCCCCCCCCC)CCN1CCN(C)CC1,-0.3045035837749413,,,,,,,,,,,,,,,,0.0,0.0,0.0,0.0
N(CCC(=O)OCCCCCCCC\C=C/CC(CCCCCC)OC(=O)CCCCCCC/C=C\CCCCCCCC)(CCC(=O)OCCCCCCCC\C=C/CC(CCCCCC)OC(=O)CCCCCCC/C=C\CCCCCCCC)CCN1CCN(C)CC1,-0.3045035837749413,,,,,,,,,,,,,,,,0.0,0.0,0.0,0.0
N(CCC(=O)OCCCCCCCC\C=C/CC(CCCCCC)OC(=O)CCCCCCC/C=C\C/C=C\CCCCC)(CCC(=O)OCCCCCCCC\C=C/CC(CCCCCC)OC(=O)CCCCCCC/C=C\C/C=C\CCCCC)CCN1CCN(C)CC1,-0.3045035837749413,,,,,,,,,,,,,,,,0.0,0.0,0.0,0.0
N(CCC(=O)OCCCCCCCC\C=C/CC(CCCCCC)OC(=O)CCC/C=C\C/C=C\C/C=C\C/C=C\C/C=C\CC)(CCC(=O)OCCCCCCCC\C=C/CC(CCCCCC)OC(=O)CCC/C=C\C/C=C\C/C=C\C/C=C\C/C=C\CC)CCN1CCN(C)CC1,4.542829136765084,,,,,,,,,,,,,,,,0.0,0.0,0.0,0.0
N(CCC(=O)OCCCCCCCC\C=C/CC(CCCCCC)OC(=O)CCCCCCCCCC)(CCC(=O)OCCCCCCCC\C=C/CC(CCCCCC)OC(=O)CCCCCCCCCC)CCN1CCN(C)CC1,-0.3045035837749413,,,,,,,,,,,,,,,,0.0,0.0,0.0,0.0
N(CCC(=O)OCCCCCCCC\C=C/CC(CCCCCC)OC(=O)CC/C=C\CC)(CCC(=O)OCCCCCCCC\C=C/CC(CCCCCC)OC(=O)CC/C=C\CC)CCO,-0.3045035837749413,,,,,,,,,,,,,,,,0.0,0.0,0.0,0.0
N(CCC(=O)OCCCCCCCC\C=C/CC(CCCCCC)OC(=O)CCCCCCCCCCC)(CCC(=O)OCCCCCCCC\C=C/CC(CCCCCC)OC(=O)CCCCCCCCCCC)CCO,-0.3045035837749413,,,,,,,,,,,,,,,,0.0,0.0,0.0,0.0
N(CCC(=O)OCCCCCCCC\C=C/CC(CCCCCC)OC(=O)CCCCCCCCCCCCC)(CCC(=O)OCCCCCCCC\C=C/CC(CCCCCC)OC(=O)CCCCCCCCCCCCC)CCO,-0.3045035837749413,,,,,,,,,,,,,,,,0.0,0.0,0.0,0.0
N(CCC(=O)OCCCCCCCC\C=C/CC(CCCCCC)OC(=O)CCCCCCCCCCCCCCC)(CCC(=O)OCCCCCCCC\C=C/CC(CCCCCC)OC(=O)CCCCCCCCCCCCCCC)CCO,-0.3045035837749413,,,,,,,,,,,,,,,,0.0,0.0,0.0,0.0
N(CCC(=O)OCCCCCCCC\C=C/CC(CCCCCC)OC(=O)C(CCCCCC)CCCCCCCC)(CCC(=O)OCCCCCCCC\C=C/CC(CCCCCC)OC(=O)C(CCCCCC)CCCCCCCC)CCO,-0.3045035837749413,,,,,,,,,,,,,,,,0.0,0.0,0.0,0.0
N(CCC(=O)OCCCCCCCC\C=C/CC(CCCCCC)OC(=O)CC/C=C\CCCCC)(CCC(=O)OCCCCCCCC\C=C/CC(CCCCCC)OC(=O)CC/C=C\CCCCC)CCO,-0.3045035837749413,,,,,,,,,,,,,,,,0.0,0.0,0.0,0.0
N(CCC(=O)OCCCCCCCC\C=C/CC(CCCCCC)OC(=O)CCC/C=C\C/C=C\C/C=C\C/C=C\CCCCC)(CCC(=O)OCCCCCCCC\C=C/CC(CCCCCC)OC(=O)CCC/C=C\C/C=C\C/C=C\C/C=C\CCCCC)CCO,-0.3045035837749413,,,,,,,,,,,,,,,,0.0,0.0,0.0,0.0
N(CCC(=O)OCCCCCCCC\C=C/CC(CCCCCC)OC(=O)CC\C=C/C/C=C\C\C=C/C\C=C/C\C=C/C\C=C/CC)(CCC(=O)OCCCCCCCC\C=C/CC(CCCCCC)OC(=O)CC\C=C/C/C=C\C\C=C/C\C=C/C\C=C/C\C=C/CC)CCO,1.9233544467751489,,,,,,,,,,,,,,,,0.0,0.0,0.0,0.0
N(CCC(=O)OCCCCCCCC\C=C/CC(CCCCCC)OC(=O)CCCCC)(CCC(=O)OCCCCCCCC\C=C/CC(CCCCCC)OC(=O)CCCCC)CCO,-0.3045035837749413,,,,,,,,,,,,,,,,0.0,0.0,0.0,0.0
N(CCC(=O)OCCCCCCCC\C=C/CC(CCCCCC)OC(=O)CCCCCC)(CCC(=O)OCCCCCCCC\C=C/CC(CCCCCC)OC(=O)CCCCCC)CCO,-0.3045035837749413,,,,,,,,,,,,,,,,0.0,0.0,0.0,0.0
N(CCC(=O)OCCCCCCCC\C=C/CC(CCCCCC)OC(=O)CCCCCCC)(CCC(=O)OCCCCCCCC\C=C/CC(CCCCCC)OC(=O)CCCCCCC)CCO,-0.3045035837749413,,,,,,,,,,,,,,,,0.0,0.0,0.0,0.0
N(CCC(=O)OCCCCCCCC\C=C/CC(CCCCCC)OC(=O)CCCCCCCCCCCCCCCCC)(CCC(=O)OCCCCCCCC\C=C/CC(CCCCCC)OC(=O)CCCCCCCCCCCCCCCCC)CCO,-0.3045035837749413,,,,,,,,,,,,,,,,0.0,0.0,0.0,0.0
N(CCC(=O)OCCCCCCCC\C=C/CC(CCCCCC)OC(=O)CCCCCCC/C=C\CCCCCCCC)(CCC(=O)OCCCCCCCC\C=C/CC(CCCCCC)OC(=O)CCCCCCC/C=C\CCCCCCCC)CCO,-0.3045035837749413,,,,,,,,,,,,,,,,0.0,0.0,0.0,0.0
N(CCC(=O)OCCCCCCCC\C=C/CC(CCCCCC)OC(=O)CCCCCCC/C=C\C/C=C\CCCCC)(CCC(=O)OCCCCCCCC\C=C/CC(CCCCCC)OC(=O)CCCCCCC/C=C\C/C=C\CCCCC)CCO,-0.3045035837749413,,,,,,,,,,,,,,,,0.0,0.0,0.0,0.0
N(CCC(=O)OCCCCCCCC\C=C/CC(CCCCCC)OC(=O)CCC/C=C\C/C=C\C/C=C\C/C=C\C/C=C\CC)(CCC(=O)OCCCCCCCC\C=C/CC(CCCCCC)OC(=O)CCC/C=C\C/C=C\C/C=C\C/C=C\C/C=C\CC)CCO,1.214912986442808,,,,,,,,,,,,,,,,0.0,0.0,0.0,0.0
N(CCC(=O)OCCCCCCCC\C=C/CC(CCCCCC)OC(=O)CCCCCCCCCC)(CCC(=O)OCCCCCCCC\C=C/CC(CCCCCC)OC(=O)CCCCCCCCCC)CCO,-0.3045035837749413,,,,,,,,,,,,,,,,0.0,0.0,0.0,0.0
N(CCC(=O)OCCCCCCCC\C=C/CC(CCCCCC)OC(=O)CC/C=C\CC)(CCC(=O)OCCCCCCCC\C=C/CC(CCCCCC)OC(=O)CC/C=C\CC)CCC1OCCO1,-0.3045035837749413,,,,,,,,,,,,,,,,0.0,0.0,0.0,0.0
N(CCC(=O)OCCCCCCCC\C=C/CC(CCCCCC)OC(=O)CCCCCCCCCCC)(CCC(=O)OCCCCCCCC\C=C/CC(CCCCCC)OC(=O)CCCCCCCCCCC)CCC1OCCO1,-0.3045035837749413,,,,,,,,,,,,,,,,0.0,0.0,0.0,0.0
N(CCC(=O)OCCCCCCCC\C=C/CC(CCCCCC)OC(=O)CCCCCCCCCCCCC)(CCC(=O)OCCCCCCCC\C=C/CC(CCCCCC)OC(=O)CCCCCCCCCCCCC)CCC1OCCO1,-0.3045035837749413,,,,,,,,,,,,,,,,0.0,0.0,0.0,0.0
N(CCC(=O)OCCCCCCCC\C=C/CC(CCCCCC)OC(=O)CCCCCCCCCCCCCCC)(CCC(=O)OCCCCCCCC\C=C/CC(CCCCCC)OC(=O)CCCCCCCCCCCCCCC)CCC1OCCO1,-0.3045035837749413,,,,,,,,,,,,,,,,0.0,0.0,0.0,0.0
N(CCC(=O)OCCCCCCCC\C=C/CC(CCCCCC)OC(=O)C(CCCCCC)CCCCCCCC)(CCC(=O)OCCCCCCCC\C=C/CC(CCCCCC)OC(=O)C(CCCCCC)CCCCCCCC)CCC1OCCO1,-0.3045035837749413,,,,,,,,,,,,,,,,0.0,0.0,0.0,0.0
N(CCC(=O)OCCCCCCCC\C=C/CC(CCCCCC)OC(=O)CC/C=C\CCCCC)(CCC(=O)OCCCCCCCC\C=C/CC(CCCCCC)OC(=O)CC/C=C\CCCCC)CCC1OCCO1,-0.3045035837749413,,,,,,,,,,,,,,,,0.0,0.0,0.0,0.0
N(CCC(=O)OCCCCCCCC\C=C/CC(CCCCCC)OC(=O)CCC/C=C\C/C=C\C/C=C\C/C=C\CCCCC)(CCC(=O)OCCCCCCCC\C=C/CC(CCCCCC)OC(=O)CCC/C=C\C/C=C\C/C=C\C/C=C\CCCCC)CCC1OCCO1,-0.3045035837749413,,,,,,,,,,,,,,,,0.0,0.0,0.0,0.0
N(CCC(=O)OCCCCCCCC\C=C/CC(CCCCCC)OC(=O)CC\C=C/C/C=C\C\C=C/C\C=C/C\C=C/C\C=C/CC)(CCC(=O)OCCCCCCCC\C=C/CC(CCCCCC)OC(=O)CC\C=C/C/C=C\C\C=C/C\C=C/C\C=C/C\C=C/CC)CCC1OCCO1,-0.3045035837749413,,,,,,,,,,,,,,,,0.0,0.0,0.0,0.0
N(CCC(=O)OCCCCCCCC\C=C/CC(CCCCCC)OC(=O)CCCCC)(CCC(=O)OCCCCCCCC\C=C/CC(CCCCCC)OC(=O)CCCCC)CCC1OCCO1,-0.3045035837749413,,,,,,,,,,,,,,,,0.0,0.0,0.0,0.0
N(CCC(=O)OCCCCCCCC\C=C/CC(CCCCCC)OC(=O)CCCCCC)(CCC(=O)OCCCCCCCC\C=C/CC(CCCCCC)OC(=O)CCCCCC)CCC1OCCO1,-0.3045035837749413,,,,,,,,,,,,,,,,0.0,0.0,0.0,0.0
N(CCC(=O)OCCCCCCCC\C=C/CC(CCCCCC)OC(=O)CCCCCCC)(CCC(=O)OCCCCCCCC\C=C/CC(CCCCCC)OC(=O)CCCCCCC)CCC1OCCO1,-0.3045035837749413,,,,,,,,,,,,,,,,0.0,0.0,0.0,0.0
N(CCC(=O)OCCCCCCCC\C=C/CC(CCCCCC)OC(=O)CCCCCCCCCCCCCCCCC)(CCC(=O)OCCCCCCCC\C=C/CC(CCCCCC)OC(=O)CCCCCCCCCCCCCCCCC)CCC1OCCO1,-0.3045035837749413,,,,,,,,,,,,,,,,0.0,0.0,0.0,0.0
N(CCC(=O)OCCCCCCCC\C=C/CC(CCCCCC)OC(=O)CCCCCCC/C=C\CCCCCCCC)(CCC(=O)OCCCCCCCC\C=C/CC(CCCCCC)OC(=O)CCCCCCC/C=C\CCCCCCCC)CCC1OCCO1,-0.3045035837749413,,,,,,,,,,,,,,,,0.0,0.0,0.0,0.0
N(CCC(=O)OCCCCCCCC\C=C/CC(CCCCCC)OC(=O)CCCCCCC/C=C\C/C=C\CCCCC)(CCC(=O)OCCCCCCCC\C=C/CC(CCCCCC)OC(=O)CCCCCCC/C=C\C/C=C\CCCCC)CCC1OCCO1,-0.3045035837749413,,,,,,,,,,,,,,,,0.0,0.0,0.0,0.0
N(CCC(=O)OCCCCCCCC\C=C/CC(CCCCCC)OC(=O)CCC/C=C\C/C=C\C/C=C\C/C=C\C/C=C\CC)(CCC(=O)OCCCCCCCC\C=C/CC(CCCCCC)OC(=O)CCC/C=C\C/C=C\C/C=C\C/C=C\C/C=C\CC)CCC1OCCO1,0.9785687537741714,,,,,,,,,,,,,,,,0.0,0.0,0.0,0.0
N(CCC(=O)OCCCCCCCC\C=C/CC(CCCCCC)OC(=O)CCCCCCCCCC)(CCC(=O)OCCCCCCCC\C=C/CC(CCCCCC)OC(=O)CCCCCCCCCC)CCC1OCCO1,-0.3045035837749413,,,,,,,,,,,,,,,,0.0,0.0,0.0,0.0
N(CCC(=O)OCCCCCCCC\C=C/CC(CCCCCC)OC(=O)CCC/C=C\C/C=C\C/C=C\C/C=C\C/C=C\CC)(CCC(=O)OCCCCCCCC\C=C/CC(CCCCCC)OC(=O)CCC/C=C\C/C=C\C/C=C\C/C=C\C/C=C\CC)CCCN(CCC(=O)OCCCCCCCC\C=C/CC(CCCCCC)OC(=O)CCC/C=C\C/C=C\C/C=C\C/C=C\C/C=C\CC)C,-1.4123426580847758,,,,,,,,,,,,,,,,0.0,0.0,0.0,0.0
N(CCC(=O)OCCCCCCCC\C=C/CC(CCCCCC)OC(=O)CC\C=C/C/C=C\C\C=C/C\C=C/C\C=C/C\C=C/CC)(CCC(=O)OCCCCCCCC\C=C/CC(CCCCCC)OC(=O)CC\C=C/C/C=C\C\C=C/C\C=C/C\C=C/C\C=C/CC)CCCN(CCC(=O)OCCCCCCCC\C=C/CC(CCCCCC)OC(=O)CC\C=C/C/C=C\C\C=C/C\C=C/C\C=C/C\C=C/CC)C,-1.6131991285163043,,,,,,,,,,,,,,,,0.0,0.0,0.0,0.0
N(CCC(=O)OCCCCCCCC\C=C/CC(CCCCCC)OC(=O)CCCCCCC/C=C\C/C=C\C/C=C\CC)(CCC(=O)OCCCCCCCC\C=C/CC(CCCCCC)OC(=O)CCCCCCC/C=C\C/C=C\C/C=C\CC)CCCN(C)C,0.3250360523776949,,,,,,,,,,,,,,,,0.0,0.0,0.0,0.0
N(CCC(=O)OCCCCCCCC\C=C/CC(CCCCCC)OC(=O)CCCC\C=C/C\C=C/C\C=C/CCCCC)(CCC(=O)OCCCCCCCC\C=C/CC(CCCCCC)OC(=O)CCCC\C=C/C\C=C/C\C=C/CCCCC)CCCN(C)C,0.8653690501019671,,,,,,,,,,,,,,,,0.0,0.0,0.0,0.0
N(CCC(=O)OCCCCCCCC\C=C/CC(CCCCCC)OC(=O)CCCC\C=C/C\C=C/C\C=C/CCCCC)(CCC(=O)OCCCCCCCC\C=C/CC(CCCCCC)OC(=O)CCCC\C=C/C\C=C/C\C=C/CCCCC)CCCCO,-1.787593946391099,,,,,,,,,,,,,,,,0.0,0.0,0.0,0.0
N(CCC(=O)OCCCCCCCC\C=C/CC(CCCCCC)OC(=O)C(CCCC)CCCCCC)(CCC(=O)OCCCCCCCC\C=C/CC(CCCCCC)OC(=O)C(CCCC)CCCCCC)CCCN(C)C,0.407411691742969,,,,,,,,,,,,,,,,0.0,0.0,0.0,0.0
N(CCC(=O)OCCCCCCCC\C=C/CC(CCCCCC)OC(=O)CCC/C=C\C/C=C\C/C=C\C/C=C\CCCCC)(CCC(=O)OCCCCCCCC\C=C/CC(CCCCCC)OC(=O)CCC/C=C\C/C=C\C/C=C\C/C=C\CCCCC)CCCN(C)C,0.4759080522821249,,,,,,,,,,,,,,,,0.0,0.0,0.0,0.0
N(CCC(=O)OCCCCCCCC\C=C/CC(CCCCCC)OC(=O)CCC/C=C\C/C=C\C/C=C\C/C=C\C/C=C\CC)(CCC(=O)OCCCCCCCC\C=C/CC(CCCCCC)OC(=O)CCC/C=C\C/C=C\C/C=C\C/C=C\C/C=C\CC)CCCN(CCC(=O)OCCCCCCCC\C=C/CC(CCCCCC)OC(=O)CCC/C=C\C/C=C\C/C=C\C/C=C\C/C=C\CC)C,-1.5221761644563148,,,,,,,,,,,,,,,,0.0,0.0,0.0,0.0
N(CCC(=O)OCCCCCCCC\C=C/CC(CCCCCC)OC(=O)CC\C=C/C/C=C\C\C=C/C\C=C/C\C=C/C\C=C/CC)(CCC(=O)OCCCCCCCC\C=C/CC(CCCCCC)OC(=O)CC\C=C/C/C=C\C\C=C/C\C=C/C\C=C/C\C=C/CC)CCCN(CCC(=O)OCCCCCCCC\C=C/CC(CCCCCC)OC(=O)CC\C=C/C/C=C\C\C=C/C\C=C/C\C=C/C\C=C/CC)C,-1.124567186244558,,,,,,,,,,,,,,,,0.0,0.0,0.0,0.0
N(CCC(=O)OCCCCCCCC\C=C/CC(CCCCCC)OC(=O)CCCCCCC/C=C\C/C=C\C/C=C\CC)(CCC(=O)OCCCCCCCC\C=C/CC(CCCCCC)OC(=O)CCCCCCC/C=C\C/C=C\C/C=C\CC)CCCN(C)C,1.217659060224039,,,,,,,,,,,,,,,,0.0,0.0,0.0,0.0
N(CCC(=O)OCCCCCCCC\C=C/CC(CCCCCC)OC(=O)CCCC\C=C/C\C=C/C\C=C/CCCCC)(CCC(=O)OCCCCCCCC\C=C/CC(CCCCCC)OC(=O)CCCC\C=C/C\C=C/C\C=C/CCCCC)CCCN(C)C,1.358233204453423,,,,,,,,,,,,,,,,0.0,0.0,0.0,0.0
N(CCC(=O)OCCCCCCCC\C=C/CC(CCCCCC)OC(=O)CCCC\C=C/C\C=C/C\C=C/CCCCC)(CCC(=O)OCCCCCCCC\C=C/CC(CCCCCC)OC(=O)CCCC\C=C/C\C=C/C\C=C/CCCCC)CCCCO,-1.8475767896303128,,,,,,,,,,,,,,,,0.0,0.0,0.0,0.0
N(CCC(=O)OCCCCCCCC\C=C/CC(CCCCCC)OC(=O)C(CCCC)CCCCCC)(CCC(=O)OCCCCCCCC\C=C/CC(CCCCCC)OC(=O)C(CCCC)CCCCCC)CCCN(C)C,0.4587611105663483,,,,,,,,,,,,,,,,0.0,0.0,0.0,0.0
N(CCC(=O)OCCCCCCCC\C=C/CC(CCCCCC)OC(=O)CCC/C=C\C/C=C\C/C=C\C/C=C\CCCCC)(CCC(=O)OCCCCCCCC\C=C/CC(CCCCCC)OC(=O)CCC/C=C\C/C=C\C/C=C\C/C=C\CCCCC)CCCN(C)C,0.6323789816154731,,,,,,,,,,,,,,,,0.0,0.0,0.0,0.0
N(CCC(=O)OCCCCCCCC\C=C/CC(CCCCCC)OC(=O)CCC/C=C\C/C=C\C/C=C\C/C=C\C/C=C\CC)(CCC(=O)OCCCCCCCC\C=C/CC(CCCCCC)OC(=O)CCC/C=C\C/C=C\C/C=C\C/C=C\C/C=C\CC)CCCN(CCC(=O)OCCCCCCCC\C=C/CC(CCCCCC)OC(=O)CCC/C=C\C/C=C\C/C=C\C/C=C\C/C=C\CC)C,-1.5488388460547526,,,,,,,,,,,,,,,,0.0,0.0,0.0,0.0
N(CCC(=O)OCCCCCCCC\C=C/CC(CCCCCC)OC(=O)CC\C=C/C/C=C\C\C=C/C\C=C/C\C=C/C\C=C/CC)(CCC(=O)OCCCCCCCC\C=C/CC(CCCCCC)OC(=O)CC\C=C/C/C=C\C\C=C/C\C=C/C\C=C/C\C=C/CC)CCCN(CCC(=O)OCCCCCCCC\C=C/CC(CCCCCC)OC(=O)CC\C=C/C/C=C\C\C=C/C\C=C/C\C=C/C\C=C/CC)C,-0.158114842893949,,,,,,,,,,,,,,,,0.0,0.0,0.0,0.0
N(CCC(=O)OCCCCCCCC\C=C/CC(CCCCCC)OC(=O)CCCC\C=C/C\C=C/C\C=C/CCCCC)(CCC(=O)OCCCCCCCC\C=C/CC(CCCCCC)OC(=O)CCCC\C=C/C\C=C/C\C=C/CCCCC)CCCN(C)C,0.4533622838287946,,,,,,,,,,,,,,,,0.0,0.0,0.0,0.0
N(CCC(=O)OCCCCCCCC\C=C/CC(CCCCCC)OC(=O)CCCC\C=C/C\C=C/C\C=C/CCCCC)(CCC(=O)OCCCCCCCC\C=C/CC(CCCCCC)OC(=O)CCCC\C=C/C\C=C/C\C=C/CCCCC)CCCCO,0.904454687462616,,,,,,,,,,,,,,,,0.0,0.0,0.0,0.0
N(C(CCCCCOC(=O)CCCCCCC/C=C\C/C=C\CCCCC)C(=O)NCC(=O)OC(C)(C)C)(C(=O)CCCCCCC/C=C\CCCCCCCC)CCN(C)C,2.3501003504165467,,,,,,,,,,,,,,,,0.0,0.0,0.0,0.0
N(C(CCCCCOC(=O)CCCCCCC/C=C\CCCCCCCC)C(=O)NCC(=O)OC(C)(C)C)(C(=O)CCCCCCC/C=C\C/C=C\CCCCC)CCN(C)C,2.3501003504165467,,,,,,,,,,,,,,,,0.0,0.0,0.0,0.0
N(C(CCCCCOC(=O)CCCCCCC/C=C\CCCCCCCC)C(=O)NCC(=O)OC(C)(C)C)(C(=O)CCCCCCCCCCCCCCC)CCN(C)C,2.3501003504165467,,,,,,,,,,,,,,,,0.0,0.0,0.0,0.0
N(C(CCCCCOC(=O)CCCCCCC/C=C\C/C=C\CCCCC)C(=O)NCC(=O)OC(C)(C)C)(C(=O)CCCCCCCCCCCCCCC)CCN(C)C,2.2563960535905623,,,,,,,,,,,,,,,,0.0,0.0,0.0,0.0
N(C(CCCCCOC(=O)CCCCCCCCCCCCCCC)C(=O)NCC(=O)OC(C)(C)C)(C(=O)CCCCCCC/C=C\C/C=C\CCCCC)CCN(C)C,2.164731448507119,,,,,,,,,,,,,,,,0.0,0.0,0.0,0.0
N(C(CCCCCOC(=O)CCCCCCCCCCCCCCC)C(=O)NCC(=O)OC(C)(C)C)(C(=O)CCCCC(=O)OC(CCCCCCCC)CCCCCCCC)CCN(C)C,2.158071332128438,,,,,,,,,,,,,,,,0.0,0.0,0.0,0.0
N(C(CCCCCOC(=O)CCCCCCC/C=C\CCCCCCCC)C(=O)NCC(=O)OC(C)(C)C)(C(=O)CCCCCCC/C=C\CCCCCCCC)CCN(C)C,1.468594503150377,,,,,,,,,,,,,,,,0.0,0.0,0.0,0.0
N(C(CCCCCOC(=O)CCCCCCCCCCCCCCC)C(=O)NCC(=O)OC(C)(C)C)(C(=O)CCCCCCC/C=C\CCCCCCCC)CCN(C)C,2.086877406708734,,,,,,,,,,,,,,,,0.0,0.0,0.0,0.0
N(C(CCCCCOC(=O)CCCCCCCCCCCCCCCCC)C(=O)NCC(=O)OC(C)(C)C)(C(=O)CCCCCCC/C=C\CCCCCCCC)CCN(C)C,1.51372757581285,,,,,,,,,,,,,,,,0.0,0.0,0.0,0.0
N(C(CCCCCOC(=O)CCCCCCC/C=C\CCCCCCCC)C(=O)NCCCC)(C(=O)CCCCCCC/C=C\C/C=C\CCCCC)CCN(C)C,1.3025772409154577,,,,,,,,,,,,,,,,0.0,0.0,0.0,0.0
N(C(CCCCCOC(=O)CCCCCCCCCC)C(=O)NCC(=O)OC(C)(C)C)(C(=O)CCCCCCCCCCCCCCC)CCN(C)C,1.14592653255986,,,,,,,,,,,,,,,,0.0,0.0,0.0,0.0
N(C(CCCCCOC(=O)CCCCCCCCCCCCCCCCC)C(=O)NCC(=O)OC(C)(C)C)(C(=O)CCCCC(=O)OC(CCCCCCCC)CCCCCCCC)CCN(C)C,1.14592653255986,,,,,,,,,,,,,,,,0.0,0.0,0.0,0.0
N(C(CCCCCOC(=O)CCCCCCCCCCCCCCC)C(=O)NC2CCCCC2)(C(=O)CCCCCCC/C=C\CCCCCCCC)CCN(C)C,0.911440488955874,,,,,,,,,,,,,,,,0.0,0.0,0.0,0.0
N(C(CCCCCOC(=O)CCCCCCCCCCCCCCC)C(=O)NC2CCCCC2)(C(=O)CCCCCCC/C=C\C/C=C\CCCCC)CCN(C)C,0.7823935069362792,,,,,,,,,,,,,,,,0.0,0.0,0.0,0.0
N(C(CCCCCOC(=O)CCCCCCCCCC)C(=O)NCC(=O)OC(C)(C)C)(C(=O)CCCCC(=O)OC(CCCCCCCC)CCCCCCCC)CCN(C)C,0.6769544453518888,,,,,,,,,,,,,,,,0.0,0.0,0.0,0.0
N(C(CCCCCOC(=O)CCCCCCCCCCCCCCC)C(=O)NCC(=O)OC(C)(C)C)(C(=O)CCCCCCCCCCCCCCC)CCN(C)C,0.647290827981139,,,,,,,,,,,,,,,,0.0,0.0,0.0,0.0
N(C(CCCCCOC(=O)CCCCCCC/C=C\CCCCCCCC)C(=O)NCCCC)(C(=O)CCCCCCCCCCCCCCC)CCN(C)C,0.647290827981139,,,,,,,,,,,,,,,,0.0,0.0,0.0,0.0
N(C(CCCCCOC(=O)CCCCCCC/C=C\C/C=C\CCCCC)C(=O)NC2CCCCC2)(C(=O)CCCCCCC/C=C\CCCCCCCC)CCN(C)C,0.6160230107607201,,,,,,,,,,,,,,,,0.0,0.0,0.0,0.0
N(C(CCCCCOC(=O)CCCCCCCCCCCC)C(=O)NCC(=O)OC(C)(C)C)(C(=O)CCCCCCC/C=C\C/C=C\CCCCC)CCN(C)C,0.5829675142341652,,,,,,,,,,,,,,,,0.0,0.0,0.0,0.0
N(C(CCCCCOC(=O)CCCCCCC/C=C\CCCCCCCC)C(=O)NC(C)(C)C)(C(=O)CCCCCCC/C=C\C/C=C\CCCCC)CCN(C)C,0.5829675142341652,,,,,,,,,,,,,,,,0.0,0.0,0.0,0.0
N(C(CCCCCOC(=O)CCCCCCCCCCCC)C(=O)NC2CCCCC2)(C(=O)CCCCCCC/C=C\C/C=C\CCCCC)CCN(C)C,0.5829675142341652,,,,,,,,,,,,,,,,0.0,0.0,0.0,0.0
N(C(CCCCCOC(=O)CCCCCCCCCC)C(=O)NCCCC)(C(=O)CCCCCCC/C=C\CCCCCCCC)CCN(C)C,0.5105839491763291,,,,,,,,,,,,,,,,0.0,0.0,0.0,0.0
N(C(CCCCCOC(=O)CCCCCCC/C=C\C/C=C\CCCCC)C(=O)NC(C)(C)C)(C(=O)CCCCC(=O)OC(CCCCCCCC)CCCCCCCC)CCN(C)C,0.5105839491763291,,,,,,,,,,,,,,,,0.0,0.0,0.0,0.0
N(C(CCCCCOC(=O)CCCCCCCCCC)C(=O)NCC(=O)OC(C)(C)C)(C(=O)CCCCCCC/C=C\CCCCCCCC)CCN(C)C,0.2546639251388293,,,,,,,,,,,,,,,,0.0,0.0,0.0,0.0
N(C(CCCCCOC(=O)CCCCCCCCCCCC)C(=O)NC(C)(C)C)(C(=O)CCCCCCC/C=C\CCCCCCCC)CCN(C)C,0.4706844240392303,,,,,,,,,,,,,,,,0.0,0.0,0.0,0.0
N(C(CCCCC(=O)OC(CCCCCCCC)CCCCCCCC)C(=O)NC(C)(C)C)(C(=O)CCCCCCC/C=C\CCCCCCCC)CCN(C)C,0.4706844240392303,,,,,,,,,,,,,,,,0.0,0.0,0.0,0.0
N(C(CCCCCOC(=O)CCCCCCCCCCCCCCC)C(=O)NCCCC)(C(=O)CCCCCCC/C=C\CCCCCCCC)CCN(C)C,0.4706844240392303,,,,,,,,,,,,,,,,0.0,0.0,0.0,0.0
N(C(CCCCCOC(=O)CCCCCCCCCCCC)C(=O)NCCCC)(C(=O)CCCCCCC/C=C\CCCCCCCC)CCN(C)C,0.4706844240392303,,,,,,,,,,,,,,,,0.0,0.0,0.0,0.0
N(C(CCCCCOC(=O)CCCCCCCCCC)C(=O)NC2CCCCC2)(C(=O)CCCCCCC/C=C\C/C=C\CCCCC)CCN(C)C,0.4706844240392303,,,,,,,,,,,,,,,,0.0,0.0,0.0,0.0
N(C(CCCCCOC(=O)CCCCCCCCCCCC)C(=O)NC(C)(C)C)(C(=O)CCCCCCCCCCCCCCC)CCN(C)C,0.4706844240392303,,,,,,,,,,,,,,,,0.0,0.0,0.0,0.0
N(C(CCCCCOC(=O)CCCCCCCCCC)C(=O)NC2CCCCC2)(C(=O)CCCCCCC/C=C\CCCCCCCC)CCN(C)C,0.54004939270143,,,,,,,,,,,,,,,,0.0,0.0,0.0,0.0
N(C(CCCCCOC(=O)CCCCCCCC)C(=O)NCC(=O)OC(C)(C)C)(C(=O)CCCCCCC/C=C\C/C=C\CCCCC)CCN(C)C,0.4278267645582191,,,,,,,,,,,,,,,,0.0,0.0,0.0,0.0
N(C(CCCCCOC(=O)CCCCCCCCCCCC)C(=O)NCCCC)(C(=O)CCCCCCC/C=C\C/C=C\CCCCC)CCN(C)C,0.4278267645582191,,,,,,,,,,,,,,,,0.0,0.0,0.0,0.0
N(C(CCCCCOC(=O)CCCCCCCCCCCCCCCCC)C(=O)NC(C)(C)C)(C(=O)CCCCCCCCCCCCCCC)CCN(C)C,0.4278267645582191,,,,,,,,,,,,,,,,0.0,0.0,0.0,0.0
N(C(CCCCCOC(=O)CCCCCCCCCC)C(=O)NC2CCCCC2)(C(=O)CCCCCCCCCCCCCCC)CCN(C)C,0.4278267645582191,,,,,,,,,,,,,,,,0.0,0.0,0.0,0.0
N(C(CCCCCOC(=O)CCCCCCCCCCCC)C(=O)NCC(=O)OC(C)(C)C)(C(=O)CCCCC(=O)OC(CCCCCCCC)CCCCCCCC)CCN(C)C,0.4278267645582191,,,,,,,,,,,,,,,,0.0,0.0,0.0,0.0
N(C(CCCCCOC(=O)CCCCCCCCCC)C(=O)NCC(=O)OC(C)(C)C)(C(=O)CCCCCCC/C=C\C/C=C\CCCCC)CCN(C)C,0.3088328673354898,,,,,,,,,,,,,,,,0.0,0.0,0.0,0.0
N(C(CCCCCOC(=O)CCCCCCC/C=C\CCCCCCCC)C(=O)NC2CCCCC2)(C(=O)CCCCCCC/C=C\CCCCCCCC)CCN(C)C,0.3815369671567343,,,,,,,,,,,,,,,,0.0,0.0,0.0,0.0
N(C(CCCCCOC(=O)CCCCCCC/C=C\CCCCCCCC)C(=O)NCCCC)(C(=O)CCCCCCC/C=C\CCCCCCCC)CCN(C)C,0.3815369671567343,,,,,,,,,,,,,,,,0.0,0.0,0.0,0.0
N(C(CCCCCOC(=O)CCCCCCC/C=C\C/C=C\CCCCC)C(=O)NCCCC)(C(=O)CCCCCCC/C=C\CCCCCCCC)CCN(C)C,0.3815369671567343,,,,,,,,,,,,,,,,0.0,0.0,0.0,0.0
N(C(CCCCCOC(=O)CCCCCCCC)C(=O)NCC(=O)OC(C)(C)C)(C(=O)CCCCCCCCCCCCCCC)CCN(C)C,0.3815369671567343,,,,,,,,,,,,,,,,0.0,0.0,0.0,0.0
N(C(CCCCCOC(=O)CCCCCCCCCC)C(=O)NC(C)(C)C)(C(=O)CCCCCCCCCCCCCCC)CCN(C)C,0.3815369671567343,,,,,,,,,,,,,,,,0.0,0.0,0.0,0.0
N(C(CCCCCOC(=O)CCCCCCCCCC)C(=O)NCCCC)(C(=O)CCCCCCC/C=C\C/C=C\CCCCC)CCN(C)C,0.4581892276368288,,,,,,,,,,,,,,,,0.0,0.0,0.0,0.0
N(C(CCCCCOC(=O)CCCCCCCC)C(=O)NC2CCCCC2)(C(=O)CCCCCCC/C=C\CCCCCCCC)CCN(C)C,0.3312170920380163,,,,,,,,,,,,,,,,0.0,0.0,0.0,0.0
N(C(CCCCCOC(=O)CCCCCCCCCCCC)C(=O)NCC(=O)OC(C)(C)C)(C(=O)CCCCCCCCCCCCCCC)CCN(C)C,0.3312170920380163,,,,,,,,,,,,,,,,0.0,0.0,0.0,0.0
N(C(CCCCCOC(=O)CCCCCCC/C=C\C/C=C\CCCCC)C(=O)NC2CCCCC2)(C(=O)CCCCCCCCCCCCCCC)CCN(C)C,0.3312170920380163,,,,,,,,,,,,,,,,0.0,0.0,0.0,0.0
N(C(CCCCCOC(=O)CCCCCCCCCCCC)C(=O)NC2CCCCC2)(C(=O)CCCCCCC/C=C\CCCCCCCC)CCN(C)C,0.2760979055723439,,,,,,,,,,,,,,,,0.0,0.0,0.0,0.0
N(C(CCCCCOC(=O)CCCCCCC/C=C\C/C=C\CCCCC)C(=O)NC(C)(C)C)(C(=O)CCCCCCC/C=C\C/C=C\CCCCC)CCN(C)C,0.2760979055723439,,,,,,,,,,,,,,,,0.0,0.0,0.0,0.0
N(C(CCCCCOC(=O)CCCCCCCCCCCCCCC)C(=O)NC(C)(C)C)(C(=O)CCCCCCC/C=C\C/C=C\CCCCC)CCN(C)C,0.2760979055723439,,,,,,,,,,,,,,,,0.0,0.0,0.0,0.0
N(C(CCCCCOC(=O)CCCCCCC/C=C\C/C=C\CCCCC)C(=O)NCCCC)(C(=O)CCCCCCCCCCCCCCC)CCN(C)C,0.2760979055723439,,,,,,,,,,,,,,,,0.0,0.0,0.0,0.0
N(C(CCCCCOC(=O)CCCCCCCCCCCCCCCCC)C(=O)NC2CCCCC2)(C(=O)CCCCC(=O)OC(CCCCCCCC)CCCCCCCC)CCN(C)C,0.2760979055723439,,,,,,,,,,,,,,,,0.0,0.0,0.0,0.0
N(C(CCCCCOC(=O)CCCCCCCCCC)C(=O)NC2CCCCC2)(C(=O)CCCCC(=O)OC(CCCCCCCC)CCCCCCCC)CCN(C)C,0.2760979055723439,,,,,,,,,,,,,,,,0.0,0.0,0.0,0.0
N(C(CCCCCOC(=O)CCCCCCCCCCCC)C(=O)NCCCC)(C(=O)CCCCC(=O)OC(CCCCCCCC)CCCCCCCC)CCN(C)C,0.2760979055723439,,,,,,,,,,,,,,,,0.0,0.0,0.0,0.0
N(C(CCCCCOC(=O)CCCCCCCCCC)C(=O)NCCCC)(C(=O)CCCCC(=O)OC(CCCCCCCC)CCCCCCCC)CCN(C)C,0.2760979055723439,,,,,,,,,,,,,,,,0.0,0.0,0.0,0.0
N(C(CCCCCOC(=O)CCCCCCC/C=C\C/C=C\CCCCC)C(=O)NCC(=O)OC(C)(C)C)(C(=O)CCCCC(=O)OC(CCCCCCCC)CCCCCCCC)CCN(C)C,1.4340793191340548,,,,,,,,,,,,,,,,0.0,0.0,0.0,0.0
N(C(CCCCCOC(=O)CCCCCCCCCC)C(=O)NC(C)(C)C)(C(=O)CCCCCCC/C=C\C/C=C\CCCCC)CCN(C)C,-0.0838778700931075,,,,,,,,,,,,,,,,0.0,0.0,0.0,0.0
N(C(CCCCC(=O)OC(CCCCCCCC)CCCCCCCC)C(=O)NCC(=O)OC(C)(C)C)(C(=O)CCCCCCC/C=C\C/C=C\CCCCC)CCN(C)C,0.2151664723127919,,,,,,,,,,,,,,,,0.0,0.0,0.0,0.0
N(C(CCCCCOC(=O)CCCCCCCC)C(=O)NCC(=O)OC(C)(C)C)(C(=O)CCCCC(=O)OC(CCCCCCCC)CCCCCCCC)CCN(C)C,0.2151664723127919,,,,,,,,,,,,,,,,0.0,0.0,0.0,0.0
N(C(CCCCCOC(=O)CCCCCCCCCCCC)C(=O)NC(C)(C)C)(C(=O)CCCCC(=O)OC(CCCCCCCC)CCCCCCCC)CCN(C)C,0.2151664723127919,,,,,,,,,,,,,,,,0.0,0.0,0.0,0.0
N(C(CCCCCOC(=O)CCCCCCC/C=C\CCCCCCCC)C(=O)NC(C)(C)C)(C(=O)CCCCCCCCCCCCCCC)CCN(C)C,0.147050923552749,,,,,,,,,,,,,,,,0.0,0.0,0.0,0.0
N(C(CCCCCOC(=O)CCCCCCCCCC)C(=O)NCCCC)(C(=O)CCCCCCCCCCCCCCC)CCN(C)C,0.147050923552749,,,,,,,,,,,,,,,,0.0,0.0,0.0,0.0
N(C(CCCCCOC(=O)CCCCCCCCCCCC)C(=O)NC2CCCCC2)(C(=O)CCCCC(=O)OC(CCCCCCCC)CCCCCCCC)CCN(C)C,0.147050923552749,,,,,,,,,,,,,,,,0.0,0.0,0.0,0.0
N(C(CCCCCOC(=O)CCCCCCC/C=C\C/C=C\CCCCC)C(=O)NCCCC)(C(=O)CCCCC(=O)OC(CCCCCCCC)CCCCCCCC)CCN(C)C,1.146372064841897,,,,,,,,,,,,,,,,0.0,0.0,0.0,0.0
N(C(CCCCCOC(=O)CCCCCCCCCCCC)C(=O)NCC(=O)OC(C)(C)C)(C(=O)CCCCCCC/C=C\CCCCCCCC)CCN(C)C,0.0698278842596853,,,,,,,,,,,,,,,,0.0,0.0,0.0,0.0
N(C(CCCCCOC(=O)CCCCCCCC)C(=O)NC(C)(C)C)(C(=O)CCCCCCC/C=C\CCCCCCCC)CCN(C)C,0.0698278842596853,,,,,,,,,,,,,,,,0.0,0.0,0.0,0.0
N(C(CCCCCOC(=O)CCCCCCCCCCCC)C(=O)NC(C)(C)C)(C(=O)CCCCCCC/C=C\C/C=C\CCCCC)CCN(C)C,0.0698278842596853,,,,,,,,,,,,,,,,0.0,0.0,0.0,0.0
N(C(CCCCCOC(=O)CCCCCCC/C=C\CCCCCCCC)C(=O)NC2CCCCC2)(C(=O)CCCCCCC/C=C\C/C=C\CCCCC)CCN(C)C,0.0698278842596853,,,,,,,,,,,,,,,,0.0,0.0,0.0,0.0
N(C(CCCCCOC(=O)CCCCCCCCCCCCCCC)C(=O)NCCCC)(C(=O)CCCCCCC/C=C\C/C=C\CCCCC)CCN(C)C,0.0698278842596853,,,,,,,,,,,,,,,,0.0,0.0,0.0,0.0
N(C(CCCCCOC(=O)CCCCCCCCCCCC)C(=O)NCCCC)(C(=O)CCCCCCCCCCCCCCC)CCN(C)C,0.0698278842596853,,,,,,,,,,,,,,,,0.0,0.0,0.0,0.0
N(C(CCCCCOC(=O)CCCCCCC/C=C\CCCCCCCC)C(=O)NC(C)(C)C)(C(=O)CCCCC(=O)OC(CCCCCCCC)CCCCCCCC)CCN(C)C,0.0698278842596853,,,,,,,,,,,,,,,,0.0,0.0,0.0,0.0
N(C(CCCCC(=O)OC(CCCCCCCC)CCCCCCCC)C(=O)NC(C)(C)C)(C(=O)CCCCCCC/C=C\C/C=C\CCCCC)CCN(C)C,-0.0193195726228103,,,,,,,,,,,,,,,,0.0,0.0,0.0,0.0
N(C(CCCCCOC(=O)CCCCCCCC)C(=O)NC(C)(C)C)(C(=O)CCCCCCCCCCCCCCC)CCN(C)C,-0.0193195726228103,,,,,,,,,,,,,,,,0.0,0.0,0.0,0.0
N(C(CCCCCOC(=O)CCCCCCCCCCCCCCC)C(=O)NC2CCCCC2)(C(=O)CCCCCCCCCCCCCCC)CCN(C)C,-0.0193195726228103,,,,,,,,,,,,,,,,0.0,0.0,0.0,0.0
N(C(CCCCCOC(=O)CCCCCCCCCCCC)C(=O)NC2CCCCC2)(C(=O)CCCCCCCCCCCCCCC)CCN(C)C,-0.0193195726228103,,,,,,,,,,,,,,,,0.0,0.0,0.0,0.0
N(C(CCCCCOC(=O)CCCCCCCCCCCCCCCCC)C(=O)NCCCC)(C(=O)CCCCCCCCCCCCCCC)CCN(C)C,-0.0193195726228103,,,,,,,,,,,,,,,,0.0,0.0,0.0,0.0
N(C(CCCCCOC(=O)CCCCCCC/C=C\CCCCCCCC)C(=O)NC(C)(C)C)(C(=O)CCCCCCC/C=C\CCCCCCCC)CCN(C)C,-0.1247586342072013,,,,,,,,,,,,,,,,0.0,0.0,0.0,0.0
N(C(CCCCCOC(=O)CCCCCCCCCCCCCCCCC)C(=O)NC2CCCCC2)(C(=O)CCCCCCC/C=C\CCCCCCCC)CCN(C)C,-0.1247586342072013,,,,,,,,,,,,,,,,0.0,0.0,0.0,0.0
N(C(CCCCC(=O)OC(CCCCCCCC)CCCCCCCC)C(=O)NC2CCCCC2)(C(=O)CCCCCCC/C=C\CCCCCCCC)CCN(C)C,-0.1247586342072013,,,,,,,,,,,,,,,,0.0,0.0,0.0,0.0
N(C(CCCCCOC(=O)CCCCCCCCCCCCCCCCC)C(=O)NCCCC)(C(=O)CCCCCCC/C=C\C/C=C\CCCCC)CCN(C)C,-0.1247586342072013,,,,,,,,,,,,,,,,0.0,0.0,0.0,0.0
N(C(CCCCCOC(=O)CCCCCCCCCCCCCCCCC)C(=O)NCC(=O)OC(C)(C)C)(C(=O)CCCCCCCCCCCCCCC)CCN(C)C,-0.1247586342072013,,,,,,,,,,,,,,,,0.0,0.0,0.0,0.0
N(C(CCCCC(=O)OC(CCCCCCCC)CCCCCCCC)C(=O)NCC(=O)OC(C)(C)C)(C(=O)CCCCCCCCCCCCCCC)CCN(C)C,-0.1247586342072013,,,,,,,,,,,,,,,,0.0,0.0,0.0,0.0
N(C(CCCCCOC(=O)CCCCCCCCCCCCCCC)C(=O)NCCCC)(C(=O)CCCCCCCCCCCCCCC)CCN(C)C,-0.1247586342072013,,,,,,,,,,,,,,,,0.0,0.0,0.0,0.0
N(C(CCCCCOC(=O)CCCCCCCCCCCCCCCCC)C(=O)NC(C)(C)C)(C(=O)CCCCC(=O)OC(CCCCCCCC)CCCCCCCC)CCN(C)C,-0.1247586342072013,,,,,,,,,,,,,,,,0.0,0.0,0.0,0.0
N(C(CCCCCOC(=O)CCCCCCCCCC)C(=O)NC(C)(C)C)(C(=O)CCCCC(=O)OC(CCCCCCCC)CCCCCCCC)CCN(C)C,-0.1247586342072013,,,,,,,,,,,,,,,,0.0,0.0,0.0,0.0
N(C(CCCCCOC(=O)CCCCCCC/C=C\C/C=C\CCCCC)C(=O)NC(C)(C)C)(C(=O)CCCCCCC/C=C\CCCCCCCC)CCN(C)C,-0.2538056162267961,,,,,,,,,,,,,,,,0.0,0.0,0.0,0.0
N(C(CCCCCOC(=O)CCCCCCCCCC)C(=O)NC(C)(C)C)(C(=O)CCCCCCC/C=C\CCCCCCCC)CCN(C)C,-0.2538056162267961,,,,,,,,,,,,,,,,0.0,0.0,0.0,0.0
N(C(CCCCCOC(=O)CCCCCCCCCCCCCCCCC)C(=O)NCCCC)(C(=O)CCCCCCC/C=C\CCCCCCCC)CCN(C)C,-0.2538056162267961,,,,,,,,,,,,,,,,0.0,0.0,0.0,0.0
N(C(CCCCCOC(=O)CCCCCCCCCCCCCCCCC)C(=O)NC(C)(C)C)(C(=O)CCCCCCC/C=C\C/C=C\CCCCC)CCN(C)C,-0.2538056162267961,,,,,,,,,,,,,,,,0.0,0.0,0.0,0.0
N(C(CCCCCOC(=O)CCCCCCC/C=C\CCCCCCCC)C(=O)NC2CCCCC2)(C(=O)CCCCCCCCCCCCCCC)CCN(C)C,-0.2538056162267961,,,,,,,,,,,,,,,,0.0,0.0,0.0,0.0
N(C(CCCCC(=O)OC(CCCCCCCC)CCCCCCCC)C(=O)NC(C)(C)C)(C(=O)CCCCC(=O)OC(CCCCCCCC)CCCCCCCC)CCN(C)C,-0.2538056162267961,,,,,,,,,,,,,,,,0.0,0.0,0.0,0.0
N(C(CCCCCOC(=O)CCCCCCC/C=C\CCCCCCCC)C(=O)NC2CCCCC2)(C(=O)CCCCC(=O)OC(CCCCCCCC)CCCCCCCC)CCN(C)C,-0.2538056162267961,,,,,,,,,,,,,,,,0.0,0.0,0.0,0.0
N(C(CCCCCOC(=O)CCCCCCCCCCCCCCC)C(=O)NC2CCCCC2)(C(=O)CCCCC(=O)OC(CCCCCCCC)CCCCCCCC)CCN(C)C,-0.2538056162267961,,,,,,,,,,,,,,,,0.0,0.0,0.0,0.0
N(C(CCCCCOC(=O)CCCCCCCCCCCCCCC)C(=O)NC(C)(C)C)(C(=O)CCCCCCC/C=C\CCCCCCCC)CCN(C)C,-0.4201761110707385,,,,,,,,,,,,,,,,0.0,0.0,0.0,0.0
N(C(CCCCCOC(=O)CCCCCCCCCCCCCCC)C(=O)NC(C)(C)C)(C(=O)CCCCCCCCCCCCCCC)CCN(C)C,-0.4201761110707385,,,,,,,,,,,,,,,,0.0,0.0,0.0,0.0
N(C(CCCCCOC(=O)CCCCCCC/C=C\CCCCCCCC)C(=O)NCC(=O)OC(C)(C)C)(C(=O)CCCCC(=O)OC(CCCCCCCC)CCCCCCCC)CCN(C)C,-0.4201761110707385,,,,,,,,,,,,,,,,0.0,0.0,0.0,0.0
N(C(CCCCCOC(=O)CCCCCCCC)C(=O)NCC(=O)OC(C)(C)C)(C(=O)CCCCCCC/C=C\CCCCCCCC)CCN(C)C,-0.6546621546747243,,,,,,,,,,,,,,,,0.0,0.0,0.0,0.0
N(C(CCCCC(=O)OC(CCCCCCCC)CCCCCCCC)C(=O)NCCCC)(C(=O)CCCCCCC/C=C\CCCCCCCC)CCN(C)C,-0.6546621546747243,,,,,,,,,,,,,,,,0.0,0.0,0.0,0.0
N(C(CCCCCOC(=O)CCCCCCCCCCCCCCCCC)C(=O)NC2CCCCC2)(C(=O)CCCCCCC/C=C\C/C=C\CCCCC)CCN(C)C,-0.6546621546747243,,,,,,,,,,,,,,,,0.0,0.0,0.0,0.0
N(C(CCCCCOC(=O)CCCCCCC/C=C\C/C=C\CCCCC)C(=O)NC(C)(C)C)(C(=O)CCCCCCCCCCCCCCC)CCN(C)C,-0.6546621546747243,,,,,,,,,,,,,,,,0.0,0.0,0.0,0.0
N(C(CCCCCOC(=O)CCCCCCCC)C(=O)NCCCC)(C(=O)CCCCCCCCCCCCCCC)CCN(C)C,-0.6546621546747243,,,,,,,,,,,,,,,,0.0,0.0,0.0,0.0
N(C(CCCCC(=O)OC(CCCCCCCC)CCCCCCCC)C(=O)NCC(=O)OC(C)(C)C)(C(=O)CCCCCCC/C=C\CCCCCCCC)CCN(C)C,-1.0555186944542694,,,,,,,,,,,,,,,,0.0,0.0,0.0,0.0
N(C(CCCCCOC(=O)CCCCCCCCCCCCCCCCC)C(=O)NC(C)(C)C)(C(=O)CCCCCCC/C=C\CCCCCCCC)CCN(C)C,-1.0555186944542694,,,,,,,,,,,,,,,,0.0,0.0,0.0,0.0
N(C(CCCCCOC(=O)CCCCCCCC)C(=O)NCCCC)(C(=O)CCCCCCC/C=C\CCCCCCCC)CCN(C)C,-1.0555186944542694,,,,,,,,,,,,,,,,0.0,0.0,0.0,0.0
N(C(CCCCCOC(=O)CCCCCCC/C=C\C/C=C\CCCCC)C(=O)NCC(=O)OC(C)(C)C)(C(=O)CCCCCCC/C=C\C/C=C\CCCCC)CCN(C)C,-1.0555186944542694,,,,,,,,,,,,,,,,0.0,0.0,0.0,0.0
N(C(CCCCCOC(=O)CCCCCCCCCCCCCCCCC)C(=O)NCC(=O)OC(C)(C)C)(C(=O)CCCCCCC/C=C\C/C=C\CCCCC)CCN(C)C,-1.0555186944542694,,,,,,,,,,,,,,,,0.0,0.0,0.0,0.0
N(C(CCCCCOC(=O)CCCCCCCC)C(=O)NC(C)(C)C)(C(=O)CCCCCCC/C=C\C/C=C\CCCCC)CCN(C)C,-1.0555186944542694,,,,,,,,,,,,,,,,0.0,0.0,0.0,0.0
N(C(CCCCCOC(=O)CCCCCCC/C=C\C/C=C\CCCCC)C(=O)NC2CCCCC2)(C(=O)CCCCCCC/C=C\C/C=C\CCCCC)CCN(C)C,-1.0555186944542694,,,,,,,,,,,,,,,,0.0,0.0,0.0,0.0
N(C(CCCCCOC(=O)CCCCCCCC)C(=O)NC2CCCCC2)(C(=O)CCCCCCC/C=C\C/C=C\CCCCC)CCN(C)C,-1.0555186944542694,,,,,,,,,,,,,,,,0.0,0.0,0.0,0.0
N(C(CCCCC(=O)OC(CCCCCCCC)CCCCCCCC)C(=O)NC2CCCCC2)(C(=O)CCCCCCC/C=C\C/C=C\CCCCC)CCN(C)C,-1.0555186944542694,,,,,,,,,,,,,,,,0.0,0.0,0.0,0.0
N(C(CCCCCOC(=O)CCCCCCC/C=C\C/C=C\CCCCC)C(=O)NCCCC)(C(=O)CCCCCCC/C=C\C/C=C\CCCCC)CCN(C)C,-1.0555186944542694,,,,,,,,,,,,,,,,0.0,0.0,0.0,0.0
N(C(CCCCCOC(=O)CCCCCCCC)C(=O)NCCCC)(C(=O)CCCCCCC/C=C\C/C=C\CCCCC)CCN(C)C,-1.0555186944542694,,,,,,,,,,,,,,,,0.0,0.0,0.0,0.0
N(C(CCCCC(=O)OC(CCCCCCCC)CCCCCCCC)C(=O)NCCCC)(C(=O)CCCCCCC/C=C\C/C=C\CCCCC)CCN(C)C,-1.0555186944542694,,,,,,,,,,,,,,,,0.0,0.0,0.0,0.0
N(C(CCCCC(=O)OC(CCCCCCCC)CCCCCCCC)C(=O)NC(C)(C)C)(C(=O)CCCCCCCCCCCCCCC)CCN(C)C,-1.0555186944542694,,,,,,,,,,,,,,,,0.0,0.0,0.0,0.0
N(C(CCCCCOC(=O)CCCCCCCCCCCCCCCCC)C(=O)NC2CCCCC2)(C(=O)CCCCCCCCCCCCCCC)CCN(C)C,-1.0555186944542694,,,,,,,,,,,,,,,,0.0,0.0,0.0,0.0
N(C(CCCCCOC(=O)CCCCCCCC)C(=O)NC2CCCCC2)(C(=O)CCCCCCCCCCCCCCC)CCN(C)C,-1.0555186944542694,,,,,,,,,,,,,,,,0.0,0.0,0.0,0.0
N(C(CCCCC(=O)OC(CCCCCCCC)CCCCCCCC)C(=O)NC2CCCCC2)(C(=O)CCCCCCCCCCCCCCC)CCN(C)C,-1.0555186944542694,,,,,,,,,,,,,,,,0.0,0.0,0.0,0.0
N(C(CCCCC(=O)OC(CCCCCCCC)CCCCCCCC)C(=O)NCCCC)(C(=O)CCCCCCCCCCCCCCC)CCN(C)C,-1.0555186944542694,,,,,,,,,,,,,,,,0.0,0.0,0.0,0.0
N(C(CCCCC(=O)OC(CCCCCCCC)CCCCCCCC)C(=O)NCC(=O)OC(C)(C)C)(C(=O)CCCCC(=O)OC(CCCCCCCC)CCCCCCCC)CCN(C)C,-1.0555186944542694,,,,,,,,,,,,,,,,0.0,0.0,0.0,0.0
N(C(CCCCCOC(=O)CCCCCCCCCCCCCCC)C(=O)NC(C)(C)C)(C(=O)CCCCC(=O)OC(CCCCCCCC)CCCCCCCC)CCN(C)C,-1.0555186944542694,,,,,,,,,,,,,,,,0.0,0.0,0.0,0.0
N(C(CCCCCOC(=O)CCCCCCCC)C(=O)NC(C)(C)C)(C(=O)CCCCC(=O)OC(CCCCCCCC)CCCCCCCC)CCN(C)C,-1.0555186944542694,,,,,,,,,,,,,,,,0.0,0.0,0.0,0.0
N(C(CCCCCOC(=O)CCCCCCC/C=C\C/C=C\CCCCC)C(=O)NC2CCCCC2)(C(=O)CCCCC(=O)OC(CCCCCCCC)CCCCCCCC)CCN(C)C,-1.0555186944542694,,,,,,,,,,,,,,,,0.0,0.0,0.0,0.0
N(C(CCCCCOC(=O)CCCCCCCC)C(=O)NC2CCCCC2)(C(=O)CCCCC(=O)OC(CCCCCCCC)CCCCCCCC)CCN(C)C,-1.0555186944542694,,,,,,,,,,,,,,,,0.0,0.0,0.0,0.0
N(C(CCCCC(=O)OC(CCCCCCCC)CCCCCCCC)C(=O)NC2CCCCC2)(C(=O)CCCCC(=O)OC(CCCCCCCC)CCCCCCCC)CCN(C)C,-1.0555186944542694,,,,,,,,,,,,,,,,0.0,0.0,0.0,0.0
N(C(CCCCCOC(=O)CCCCCCC/C=C\CCCCCCCC)C(=O)NCCCC)(C(=O)CCCCC(=O)OC(CCCCCCCC)CCCCCCCC)CCN(C)C,-1.0555186944542694,,,,,,,,,,,,,,,,0.0,0.0,0.0,0.0
N(C(CCCCCOC(=O)CCCCCCCCCCCCCCCCC)C(=O)NCCCC)(C(=O)CCCCC(=O)OC(CCCCCCCC)CCCCCCCC)CCN(C)C,-1.0555186944542694,,,,,,,,,,,,,,,,0.0,0.0,0.0,0.0
N(C(CCCCCOC(=O)CCCCCCCCCCCCCCC)C(=O)NCCCC)(C(=O)CCCCC(=O)OC(CCCCCCCC)CCCCCCCC)CCN(C)C,-1.0555186944542694,,,,,,,,,,,,,,,,0.0,0.0,0.0,0.0
N(C(CCCCCOC(=O)CCCCCCCC)C(=O)NCCCC)(C(=O)CCCCC(=O)OC(CCCCCCCC)CCCCCCCC)CCN(C)C,-1.0555186944542694,,,,,,,,,,,,,,,,0.0,0.0,0.0,0.0
N(C(CCCCC(=O)OC(CCCCCCCC)CCCCCCCC)C(=O)NCCCC)(C(=O)CCCCC(=O)OC(CCCCCCCC)CCCCCCCC)CCN(C)C,-1.0555186944542694,,,,,,,,,,,,,,,,0.0,0.0,0.0,0.0
N(C(CCCCCOC(=O)CCCCCCC/C=C\CCCCCCCC)C(=O)NCC(=O)OC(C)(C)C)(C(=O)CCCCCCC/C=C\CCCCCCCC)CCCN(CCN1C)CC1,4.620220093564446,,,,,,,,,,,,,,,,0.0,0.0,0.0,0.0
N(C(CCCCCOC(=O)CCCCCCC/C=C\CCCCCCCC)C(=O)NCC(=O)OC(C)(C)C)(C(=O)CCCCCCC/C=C\CCCCCCCC)CCN1CCCC1,3.693790104280348,,,,,,,,,,,,,,,,0.0,0.0,0.0,0.0
N(C(CCCCCOC(=O)CCCCCCC/C=C\C/C=C\CCCCC)C(=O)NCC(=O)OC(C)(C)C)(C(=O)CCCCC(=O)OC(CCCCCCCC)CCCCCCCC)CCCN(CCN1C)CC1,2.598132241246821,,,,,,,,,,,,,,,,0.0,0.0,0.0,0.0
N(C(CCCCCOC(=O)CCCCCCC/C=C\CCCCCCCC)C(=O)NCC(=O)OC(C)(C)C)(C(=O)CCCCCCC/C=C\CCCCCCCC)CCCN1CCN(C)CCC1,2.5901143220276737,,,,,,,,,,,,,,,,0.0,0.0,0.0,0.0
N(C(CCCCCOC(=O)CCCCCCC/C=C\C/C=C\CCCCC)C(=O)NCC(=O)OC(C)(C)C)(C(=O)CCCCC(=O)OC(CCCCCCCC)CCCCCCCC)CCCN1CCN(C)CCC1,1.5939909821013432,,,,,,,,,,,,,,,,0.0,0.0,0.0,0.0
N(C(CCCCCOC(=O)CCCCCCC/C=C\C/C=C\CCCCC)C(=O)NCC(=O)OC(C)(C)C)(C(=O)CCCCC(=O)OC(CCCCCCCC)CCCCCCCC)CCN1CCCC1,1.581218868037267,,,,,,,,,,,,,,,,0.0,0.0,0.0,0.0
N(C(CCCCCOC(=O)CCCCCCC/C=C\C/C=C\CCCCC)C(=O)NCCCC)(C(=O)CCCCC(=O)OC(CCCCCCCC)CCCCCCCC)CCCN(CCN1C)CC1,1.3746028274827082,,,,,,,,,,,,,,,,0.0,0.0,0.0,0.0
N(C(CCCCCOC(=O)CCCCCCC/C=C\CCCCCCCC)C(=O)NCC(=O)OC(C)(C)C)(C(=O)CCCCCCC/C=C\CCCCCCCC)CCN1CCCCC1CC,1.25200950667251,,,,,,,,,,,,,,,,0.0,0.0,0.0,0.0
N(C(CCCCCOC(=O)CCCCCCC/C=C\C/C=C\CCCCC)C(=O)NCCCC)(C(=O)CCCCC(=O)OC(CCCCCCCC)CCCCCCCC)CCN1CCCC1,0.960618805117038,,,,,,,,,,,,,,,,0.0,0.0,0.0,0.0
N(C(CCCCCOC(=O)CCCCCCCCCC)C(=O)NCC(=O)OC(C)(C)C)(C(=O)CCCCCCC/C=C\CCCCCCCC)CCCN(CCN1C)CC1,0.9528959588202904,,,,,,,,,,,,,,,,0.0,0.0,0.0,0.0
N(C(CCCCCOC(=O)CCCCCCCCCC)C(=O)NCC(=O)OC(C)(C)C)(C(=O)CCCCCCC/C=C\C/C=C\CCCCC)CCCN(CCN1C)CC1,0.664216963972346,,,,,,,,,,,,,,,,0.0,0.0,0.0,0.0
N(C(CCCCCOC(=O)CCCCCCCCCC)C(=O)NCC(=O)OC(C)(C)C)(C(=O)CCCCCCC/C=C\C/C=C\CCCCC)CCN1CCCC1,0.6472212137285227,,,,,,,,,,,,,,,,0.0,0.0,0.0,0.0
N(C(CCCCCOC(=O)CCCCCCCCCC)C(=O)NC2CCCCC2)(C(=O)CCCCCCC/C=C\CCCCCCCC)CCCN(CCN1C)CC1,0.4622936042338779,,,,,,,,,,,,,,,,0.0,0.0,0.0,0.0
N(C(CCCCCOC(=O)CCCCCCCCCC)C(=O)NCC(=O)OC(C)(C)C)(C(=O)CCCCCCC/C=C\CCCCCCCC)CCN1CCCC1,0.4232913849478563,,,,,,,,,,,,,,,,0.0,0.0,0.0,0.0
N(C(CCCCCOC(=O)CCCCCCC/C=C\C/C=C\CCCCC)C(=O)NCC(=O)OC(C)(C)C)(C(=O)CCCCC(=O)OC(CCCCCCCC)CCCCCCCC)CCN1CCCCC1CC,0.3701115995204946,,,,,,,,,,,,,,,,0.0,0.0,0.0,0.0
N(C(CCCCCOC(=O)CCCCCCCCCC)C(=O)NCCCC)(C(=O)CCCCCCC/C=C\C/C=C\CCCCC)CCN1CCCC1,0.0298587448699698,,,,,,,,,,,,,,,,0.0,0.0,0.0,0.0
N(C(CCCCCOC(=O)CCCCCCC/C=C\C/C=C\CCCCC)C(=O)NCCCC)(C(=O)CCCCC(=O)OC(CCCCCCCC)CCCCCCCC)CCCN1CCN(C)CCC1,0.0269006118576746,,,,,,,,,,,,,,,,0.0,0.0,0.0,0.0
N(C(CCCCCOC(=O)CCCCCCCCCC)C(=O)NC2CCCCC2)(C(=O)CCCCCCC/C=C\CCCCCCCC)CCN1CCCC1,-0.0875047343038531,,,,,,,,,,,,,,,,0.0,0.0,0.0,0.0
N(C(CCCCCOC(=O)CCCCCCCCCC)C(=O)NC(C)(C)C)(C(=O)CCCCCCC/C=C\C/C=C\CCCCC)CCN1CCCC1,-0.1606116441517561,,,,,,,,,,,,,,,,0.0,0.0,0.0,0.0
N(C(CCCCCOC(=O)CCCCCCCCCC)C(=O)NCC(=O)OC(C)(C)C)(C(=O)CCCCCCC/C=C\C/C=C\CCCCC)CCN1CCCCC1CC,-0.1857596817193692,,,,,,,,,,,,,,,,0.0,0.0,0.0,0.0
N(C(CCCCCOC(=O)CCCCCCCCCC)C(=O)NC(C)(C)C)(C(=O)CCCCCCC/C=C\C/C=C\CCCCC)CCCN(CCN1C)CC1,-0.190059431772357,,,,,,,,,,,,,,,,0.0,0.0,0.0,0.0
N(C(CCCCCOC(=O)CCCCCCCCCC)C(=O)NCCCC)(C(=O)CCCCCCC/C=C\C/C=C\CCCCC)CCCN(CCN1C)CC1,-0.2734809625754538,,,,,,,,,,,,,,,,0.0,0.0,0.0,0.0
N(C(CCCCCOC(=O)CCCCCCC/C=C\C/C=C\CCCCC)C(=O)NCCCC)(C(=O)CCCCC(=O)OC(CCCCCCCC)CCCCCCCC)CCN1CCCCC1CC,-0.3366324137659058,,,,,,,,,,,,,,,,0.0,0.0,0.0,0.0
N(C(CCCCCOC(=O)CCCCCCCCCC)C(=O)NCCCC)(C(=O)CCCCCCC/C=C\C/C=C\CCCCC)CCN1CCCCC1CC,-0.6644515567473023,,,,,,,,,,,,,,,,0.0,0.0,0.0,0.0
N(C(CCCCCOC(=O)CCCCCCCCCC)C(=O)NC2CCCCC2)(C(=O)CCCCCCC/C=C\CCCCCCCC)CCN1CCCCC1CC,-0.7264731205996989,,,,,,,,,,,,,,,,0.0,0.0,0.0,0.0
N(C(CCCCCOC(=O)CCCCCCCCCC)C(=O)NCC(=O)OC(C)(C)C)(C(=O)CCCCCCC/C=C\CCCCCCCC)CCN1CCCCC1CC,-0.8610017902399989,,,,,,,,,,,,,,,,0.0,0.0,0.0,0.0
N(C(CCCCCOC(=O)CCCCCCCCCC)C(=O)NCC(=O)OC(C)(C)C)(C(=O)CCCCCCC/C=C\CCCCCCCC)CCCN1CCN(C)CCC1,-0.9501492471224946,,,,,,,,,,,,,,,,0.0,0.0,0.0,0.0
N(C(CCCCCOC(=O)CCCCCCCCCC)C(=O)NCC(=O)OC(C)(C)C)(C(=O)CCCCCCC/C=C\C/C=C\CCCCC)CCCN1CCN(C)CCC1,-1.0182647945509211,,,,,,,,,,,,,,,,0.0,0.0,0.0,0.0
N(C(CCCCCOC(=O)CCCCCCCCCC)C(=O)NC(C)(C)C)(C(=O)CCCCCCC/C=C\C/C=C\CCCCC)CCN1CCCCC1CC,-1.2349551658451987,,,,,,,,,,,,,,,,0.0,0.0,0.0,0.0
N(C(CCCCCOC(=O)CCCCCCCCCC)C(=O)NC(C)(C)C)(C(=O)CCCCCCC/C=C\C/C=C\CCCCC)CCCN1CCN(C)CCC1,-1.6358117056247432,,,,,,,,,,,,,,,,0.0,0.0,0.0,0.0
N(C(CCCCCOC(=O)CCCCCCCCCC)C(=O)NCCCC)(C(=O)CCCCCCC/C=C\C/C=C\CCCCC)CCCN1CCN(C)CCC1,-2.3872049087334983,,,,,,,,,,,,,,,,0.0,0.0,0.0,0.0
N(C(CCCCCOC(=O)CCCCCCCCCC)C(=O)NC2CCCCC2)(C(=O)CCCCCCC/C=C\CCCCCCCC)CCCN1CCN(C)CCC1,-2.621690952337484,,,,,,,,,,,,,,,,0.0,0.0,0.0,0.0
N(C(CCCCCOC(=O)CCCCCCCCCC)C(=O)NCC(=O)OC(C)(C)C)(C(=O)CCCCCCC/C=C\C/C=C\CCCCC)CCCN(CCN1C)CC1,1.2806415916587297,,,,,,,,,,,,,,,,0.0,0.0,0.0,0.0
N(C(CCCCCOC(=O)CCCCCCC/C=C\CCCCCCCC)C(=O)NCC(=O)OC(C)(C)C)(C(=O)CCCCCCC/C=C\CCCCCCCC)CCN1CCCCC1CC,1.1720792968970222,,,,,,,,,,,,,,,,0.0,0.0,0.0,0.0
N(C(CCCCCOC(=O)CCCCCCC/C=C\C/C=C\CCCCC)C(=O)NCC(=O)OC(C)(C)C)(C(=O)CCCCC(=O)OC(CCCCCCCC)CCCCCCCC)CCCN1CCN(C)CCC1,0.7996873611160548,,,,,,,,,,,,,,,,0.0,0.0,0.0,0.0
N(C(CCCCCOC(=O)CCCCCCC/C=C\C/C=C\CCCCC)C(=O)NCC(=O)OC(C)(C)C)(C(=O)CCCCC(=O)OC(CCCCCCCC)CCCCCCCC)CCN(C)C,0.7529697571760057,,,,,,,,,,,,,,,,0.0,0.0,0.0,0.0
N(C(CCCCCOC(=O)CCCCCCC/C=C\C/C=C\CCCCC)C(=O)NCC(=O)OC(C)(C)C)(C(=O)CCCCC(=O)OC(CCCCCCCC)CCCCCCCC)CCN1CCCC1,0.736386375986719,,,,,,,,,,,,,,,,0.0,0.0,0.0,0.0
N(C(CCCCCOC(=O)CCCCCCC/C=C\C/C=C\CCCCC)C(=O)NCCCC)(C(=O)CCCCC(=O)OC(CCCCCCCC)CCCCCCCC)CCCN(CCN1C)CC1,-0.169791508300961,,,,,,,,,,,,,,,,0.0,0.0,0.0,0.0
N(C(CCCCCOC(=O)CCCCCCCCCC)C(=O)NCC(=O)OC(C)(C)C)(C(=O)CCCCCCC/C=C\CCCCCCCC)CCCN(CCN1C)CC1,-0.169791508300961,,,,,,,,,,,,,,,,0.0,0.0,0.0,0.0
N(C(CCCCCOC(=O)CCCCCCC/C=C\CCCCCCCC)C(=O)NCC(=O)OC(C)(C)C)(C(=O)CCCCCCC/C=C\CCCCCCCC)CCN(C)C,-0.4281398757553232,,,,,,,,,,,,,,,,0.0,0.0,0.0,0.0
N(C(CCCCCOC(=O)CCCCCCC/C=C\C/C=C\CCCCC)C(=O)NCCCC)(C(=O)CCCCC(=O)OC(CCCCCCCC)CCCCCCCC)CCN(C)C,-0.4281398757553232,,,,,,,,,,,,,,,,0.0,0.0,0.0,0.0
N(C(CCCCCOC(=O)CCCCCCC/C=C\CCCCCCCC)C(=O)NCC(=O)OC(C)(C)C)(C(=O)CCCCCCC/C=C\CCCCCCCC)CCCN(CCN1C)CC1,-0.6332022162010338,,,,,,,,,,,,,,,,0.0,0.0,0.0,0.0
N(C(CCCCCOC(=O)CCCCCCCCCC)C(=O)NC2CCCCC2)(C(=O)CCCCCCC/C=C\CCCCCCCC)CCN(C)C,-0.983757554841364,,,,,,,,,,,,,,,,0.0,0.0,0.0,0.0
N(C(CCCCCOC(=O)CCCCCCC/C=C\CCCCCCCC)C(=O)NCC(=O)OC(C)(C)C)(C(=O)CCCCCCC/C=C\CCCCCCCC)CCN1CCCC1,-0.983757554841364,,,,,,,,,,,,,,,,0.0,0.0,0.0,0.0
N(C(CCCCCOC(=O)CCCCCCC/C=C\C/C=C\CCCCC)C(=O)NCC(=O)OC(C)(C)C)(C(=O)CCCCC(=O)OC(CCCCCCCC)CCCCCCCC)CCCN(CCN1C)CC1,-0.983757554841364,,,,,,,,,,,,,,,,0.0,0.0,0.0,0.0
N(C(CCCCCOC(=O)CCCCCCC/C=C\CCCCCCCC)C(=O)NCC(=O)OC(C)(C)C)(C(=O)CCCCCCC/C=C\CCCCCCCC)CCCN1CCN(C)CCC1,-0.983757554841364,,,,,,,,,,,,,,,,0.0,0.0,0.0,0.0
N(C(CCCCCOC(=O)CCCCCCC/C=C\C/C=C\CCCCC)C(=O)NCCCC)(C(=O)CCCCC(=O)OC(CCCCCCCC)CCCCCCCC)CCN1CCCC1,-0.983757554841364,,,,,,,,,,,,,,,,0.0,0.0,0.0,0.0
N(CCCCCCCCCCCCC)(CCCCCCCCCCCCC)CCOP(=O)([O-])OCCCCCC,1.5815382588716866,,,,,,,,,,,,,,,,0.0,0.0,0.0,0.0
[N+](CCCCCCCCCCCC)(CCCCCCCCCCCC)(CCCCCCCCCCCC)CCOP(=O)([O-])OCCCCCCCCC,1.5815382588716866,,,,,,,,,,,,,,,,0.0,0.0,0.0,0.0
[N+](CCCCCCCCCCCC)(CCCCCCCCCCCC)(CCCCCCCCCCCC)CCOP(=O)([O-])OCCCCCCCCCC,1.5815382588716866,,,,,,,,,,,,,,,,0.0,0.0,0.0,0.0
N(CCCCCC)(CCCCCC)CCOP(=O)([O-])OCCCCCCCCCCC,1.5815382588716866,,,,,,,,,,,,,,,,0.0,0.0,0.0,0.0
N(CCCCCCCCCCCCC)(CCCCCCCCCCCCC)CCOP(=O)([O-])OCCCCCCCCCCC,1.5815382588716866,,,,,,,,,,,,,,,,0.0,0.0,0.0,0.0
[N+](CCCCCCCCCCCC)(CCCCCCCCCCCC)(CCCCCCCCCCCC)CCOP(=O)([O-])OCCCCCCCCCCC,1.5815382588716866,,,,,,,,,,,,,,,,0.0,0.0,0.0,0.0
N(CCCCCC)(CCCCCC)CCOP(=O)([O-])OCCCCCCCCCCCC,1.5815382588716866,,,,,,,,,,,,,,,,0.0,0.0,0.0,0.0
[N+](CCCCCC)(CCCCCC)(CCCCCC)CCOP(=O)([O-])OCCCCCCCCCCCC,1.5815382588716866,,,,,,,,,,,,,,,,0.0,0.0,0.0,0.0
[N+](CCCCCC)(CCCCCC)(CCCCCC)CCOP(=O)([O-])OCCCCCCCCCCCCC,1.5815382588716866,,,,,,,,,,,,,,,,0.0,0.0,0.0,0.0
[N+](CCCCCCCCCCCC)(CCCCCCCCCCCC)(CCCCCCCCCCCC)CCOP(=O)([O-])OCCCCCCCCCCCCC,1.5815382588716866,,,,,,,,,,,,,,,,0.0,0.0,0.0,0.0
N(CCCCCC)(CCCCCC)CCOP(=O)([O-])OCCCCCCCCCCCCCC,1.5815382588716866,,,,,,,,,,,,,,,,0.0,0.0,0.0,0.0
[N+](CCCCCC)(CCCCCC)(CCCCCC)CCOP(=O)([O-])OCCCCCCCCCCCCCC,1.5815382588716866,,,,,,,,,,,,,,,,0.0,0.0,0.0,0.0
[N+](CCCCCCCCCCCC)(CCCCCCCCCCCC)(CCCCCCCCCCCC)CCOP(=O)([O-])OCCCCCCCCCCCCCC,1.5815382588716866,,,,,,,,,,,,,,,,0.0,0.0,0.0,0.0
N(CCCCCC)(CCCCCC)CCOP(=O)([O-])OCCCCCCCCCCCCCCCC,1.5815382588716866,,,,,,,,,,,,,,,,0.0,0.0,0.0,0.0
N(CCOP(=O)([O-])OCCCC)CCCCCCCCCCCC,0.2108717678495582,,,,,,,,,,,,,,,,0.0,0.0,0.0,0.0
N(CCCCCC)(CCCCCC)CCOP(=O)([O-])OCCCC,0.2108717678495582,,,,,,,,,,,,,,,,0.0,0.0,0.0,0.0
N(CCCCCCCCCCCCC)(CCCCCCCCCCCCC)CCOP(=O)([O-])OCCCC,0.2108717678495582,,,,,,,,,,,,,,,,0.0,0.0,0.0,0.0
N(CCOP(=O)([O-])OCCCCC)CCCCCCCCCCCC,0.2108717678495582,,,,,,,,,,,,,,,,0.0,0.0,0.0,0.0
N(CCCCCC)(CCCCCC)CCOP(=O)([O-])OCCCCC,0.2108717678495582,,,,,,,,,,,,,,,,0.0,0.0,0.0,0.0
N(CCCCCCCCCCCCC)(CCCCCCCCCCCCC)CCOP(=O)([O-])OCCCCC,0.2108717678495582,,,,,,,,,,,,,,,,0.0,0.0,0.0,0.0
N(CCOP(=O)([O-])OCCCCCC)CCCCCCCCCCCC,0.2108717678495582,,,,,,,,,,,,,,,,0.0,0.0,0.0,0.0
N(CCCCCC)(CCCCCC)CCOP(=O)([O-])OCCCCCC,0.2108717678495582,,,,,,,,,,,,,,,,0.0,0.0,0.0,0.0
N(CCCCCC)(CCCCCC)CCOP(=O)([O-])OCCCCCCC,0.2108717678495582,,,,,,,,,,,,,,,,0.0,0.0,0.0,0.0
N(CCCCCCCCCCCCC)(CCCCCCCCCCCCC)CCOP(=O)([O-])OCCCCCCC,0.2108717678495582,,,,,,,,,,,,,,,,0.0,0.0,0.0,0.0
N(CCOP(=O)([O-])OCCCCCCCC)CCCCCCCCCCCC,0.2108717678495582,,,,,,,,,,,,,,,,0.0,0.0,0.0,0.0
N(CCCCCC)(CCCCCC)CCOP(=O)([O-])OCCCCCCCC,0.2108717678495582,,,,,,,,,,,,,,,,0.0,0.0,0.0,0.0
N(CCCCCCCCCCCCC)(CCCCCCCCCCCCC)CCOP(=O)([O-])OCCCCCCCC,0.2108717678495582,,,,,,,,,,,,,,,,0.0,0.0,0.0,0.0
[N+](CCCCCC)(CCCCCC)(CCCCCC)CCOP(=O)([O-])OCCCCCCCC,0.2108717678495582,,,,,,,,,,,,,,,,0.0,0.0,0.0,0.0
[N+](CCCCCCCCCCCC)(CCCCCCCCCCCC)(CCCCCCCCCCCC)CCOP(=O)([O-])OCCCCCCCC,0.2108717678495582,,,,,,,,,,,,,,,,0.0,0.0,0.0,0.0
N(CCOP(=O)([O-])OCCCCCCCCC)CCCCCCCCCCCC,0.2108717678495582,,,,,,,,,,,,,,,,0.0,0.0,0.0,0.0
N(CCCCCC)(CCCCCC)CCOP(=O)([O-])OCCCCCCCCC,0.2108717678495582,,,,,,,,,,,,,,,,0.0,0.0,0.0,0.0
N(CCCCCCCCCCCCC)(CCCCCCCCCCCCC)CCOP(=O)([O-])OCCCCCCCCC,0.2108717678495582,,,,,,,,,,,,,,,,0.0,0.0,0.0,0.0
[N+](CCCCCC)(CCCCCC)(CCCCCC)CCOP(=O)([O-])OCCCCCCCCC,0.2108717678495582,,,,,,,,,,,,,,,,0.0,0.0,0.0,0.0
N(CCOP(=O)([O-])OCCCCCCCCCC)CCCCCCCCCCCC,0.2108717678495582,,,,,,,,,,,,,,,,0.0,0.0,0.0,0.0
N(CCCCCC)(CCCCCC)CCOP(=O)([O-])OCCCCCCCCCC,0.2108717678495582,,,,,,,,,,,,,,,,0.0,0.0,0.0,0.0
N(CCCCCCCCCCCCC)(CCCCCCCCCCCCC)CCOP(=O)([O-])OCCCCCCCCCC,0.2108717678495582,,,,,,,,,,,,,,,,0.0,0.0,0.0,0.0
[N+](CCCCCC)(CCCCCC)(CCCCCC)CCOP(=O)([O-])OCCCCCCCCCC,0.2108717678495582,,,,,,,,,,,,,,,,0.0,0.0,0.0,0.0
N(CCOP(=O)([O-])OCCCCCCCCCCC)CCCCCCCCCCCC,0.2108717678495582,,,,,,,,,,,,,,,,0.0,0.0,0.0,0.0
[N+](CCCCCC)(CCCCCC)(CCCCCC)CCOP(=O)([O-])OCCCCCCCCCCC,0.2108717678495582,,,,,,,,,,,,,,,,0.0,0.0,0.0,0.0
N(CCOP(=O)([O-])OCCCCCCCCCCCC)CCCCCCCCCCCC,0.2108717678495582,,,,,,,,,,,,,,,,0.0,0.0,0.0,0.0
N(CCCCCCCCCCCCC)(CCCCCCCCCCCCC)CCOP(=O)([O-])OCCCCCCCCCCCC,0.2108717678495582,,,,,,,,,,,,,,,,0.0,0.0,0.0,0.0
[N+](CCCCCCCCCCCC)(CCCCCCCCCCCC)(CCCCCCCCCCCC)CCOP(=O)([O-])OCCCCCCCCCCCC,0.2108717678495582,,,,,,,,,,,,,,,,0.0,0.0,0.0,0.0
N(CCOP(=O)([O-])OCCCCCCCCCCCCC)CCCCCCCCCCCC,0.2108717678495582,,,,,,,,,,,,,,,,0.0,0.0,0.0,0.0
N(CCCCCC)(CCCCCC)CCOP(=O)([O-])OCCCCCCCCCCCCC,0.2108717678495582,,,,,,,,,,,,,,,,0.0,0.0,0.0,0.0
N(CCCCCCCCCCCCC)(CCCCCCCCCCCCC)CCOP(=O)([O-])OCCCCCCCCCCCCC,0.2108717678495582,,,,,,,,,,,,,,,,0.0,0.0,0.0,0.0
N(CCOP(=O)([O-])OCCCCCCCCCCCCCC)CCCCCCCCCCCC,0.2108717678495582,,,,,,,,,,,,,,,,0.0,0.0,0.0,0.0
N(CCCCCCCCCCCCC)(CCCCCCCCCCCCC)CCOP(=O)([O-])OCCCCCCCCCCCCCC,0.2108717678495582,,,,,,,,,,,,,,,,0.0,0.0,0.0,0.0
N(CCOP(=O)([O-])OCCCCCCCCCCCCCCC)CCCCCCCCCCCC,0.2108717678495582,,,,,,,,,,,,,,,,0.0,0.0,0.0,0.0
N(CCCCCC)(CCCCCC)CCOP(=O)([O-])OCCCCCCCCCCCCCCC,0.2108717678495582,,,,,,,,,,,,,,,,0.0,0.0,0.0,0.0
N(CCCCCCCCCCCCC)(CCCCCCCCCCCCC)CCOP(=O)([O-])OCCCCCCCCCCCCCCC,0.2108717678495582,,,,,,,,,,,,,,,,0.0,0.0,0.0,0.0
[N+](CCCCCC)(CCCCCC)(CCCCCC)CCOP(=O)([O-])OCCCCCCCCCCCCCCC,0.2108717678495582,,,,,,,,,,,,,,,,0.0,0.0,0.0,0.0
[N+](CCCCCCCCCCCC)(CCCCCCCCCCCC)(CCCCCCCCCCCC)CCOP(=O)([O-])OCCCCCCCCCCCCCCC,0.2108717678495582,,,,,,,,,,,,,,,,0.0,0.0,0.0,0.0
N(CCCCCCCCCCCCC)(CCCCCCCCCCCCC)CCOP(=O)([O-])OCCCCCCCCCCCCCCCC,0.2108717678495582,,,,,,,,,,,,,,,,0.0,0.0,0.0,0.0
[N+](CCCCCC)(CCCCCC)(CCCCCC)CCOP(=O)([O-])OCCCCCCCCCCCCCCCC,0.2108717678495582,,,,,,,,,,,,,,,,0.0,0.0,0.0,0.0
[N+](CCCCCCCCCCCC)(CCCCCCCCCCCC)(CCCCCCCCCCCC)CCOP(=O)([O-])OCCCCCCCCCCCCCCCC,0.2108717678495582,,,,,,,,,,,,,,,,0.0,0.0,0.0,0.0
[N+](CCCCCC)(CCCCCC)(CCCCCC)CCOP(=O)([O-])OCCCC,-1.1597947231725705,,,,,,,,,,,,,,,,0.0,0.0,0.0,0.0
[N+](CCCCCCCCCCCC)(CCCCCCCCCCCC)(CCCCCCCCCCCC)CCOP(=O)([O-])OCCCC,-1.1597947231725705,,,,,,,,,,,,,,,,0.0,0.0,0.0,0.0
[N+](CCCCCC)(CCCCCC)(CCCCCC)CCOP(=O)([O-])OCCCCC,-1.1597947231725705,,,,,,,,,,,,,,,,0.0,0.0,0.0,0.0
[N+](CCCCCCCCCCCC)(CCCCCCCCCCCC)(CCCCCCCCCCCC)CCOP(=O)([O-])OCCCCC,-1.1597947231725705,,,,,,,,,,,,,,,,0.0,0.0,0.0,0.0
[N+](CCCCCC)(CCCCCC)(CCCCCC)CCOP(=O)([O-])OCCCCCC,-1.1597947231725705,,,,,,,,,,,,,,,,0.0,0.0,0.0,0.0
[N+](CCCCCCCCCCCC)(CCCCCCCCCCCC)(CCCCCCCCCCCC)CCOP(=O)([O-])OCCCCCC,-1.1597947231725705,,,,,,,,,,,,,,,,0.0,0.0,0.0,0.0
N(CCOP(=O)([O-])OCCCCCCC)CCCCCCCCCCCC,-1.1597947231725705,,,,,,,,,,,,,,,,0.0,0.0,0.0,0.0
[N+](CCCCCC)(CCCCCC)(CCCCCC)CCOP(=O)([O-])OCCCCCCC,-1.1597947231725705,,,,,,,,,,,,,,,,0.0,0.0,0.0,0.0
[N+](CCCCCCCCCCCC)(CCCCCCCCCCCC)(CCCCCCCCCCCC)CCOP(=O)([O-])OCCCCCCC,-1.1597947231725705,,,,,,,,,,,,,,,,0.0,0.0,0.0,0.0
N(CCOP(=O)([O-])OCCCCCCCCCCCCCCCC)CCCCCCCCCCCC,-1.1597947231725705,,,,,,,,,,,,,,,,0.0,0.0,0.0,0.0
N(CCC(=O)OCCOC(=O)C(C)CSCCCC)(CCC(=O)OCCOC(=O)C(C)CSCCCC)CCCN1CCN(CCCN(CCC(=O)OCCOC(=O)C(C)CSCCCC)(CCC(=O)OCCOC(=O)C(C)CSCCCC))CC1,3.601853897883668,,,,,,,,,,,,,,,,0.0,0.0,0.0,0.0
N(CCC(=O)OCCOC(=O)C(C)CSCCCCCCC)(CCC(=O)OCCOC(=O)C(C)CSCCCCCCC)CCCN1CCN(CCCN(CCC(=O)OCCOC(=O)C(C)CSCCCCCCC)(CCC(=O)OCCOC(=O)C(C)CSCCCCCCC))CC1,3.601853897883668,,,,,,,,,,,,,,,,0.0,0.0,0.0,0.0
N(CCC(=O)OCCOC(=O)C(C)CSCCCCCCCC)(CCC(=O)OCCOC(=O)C(C)CSCCCCCCCC)CCCN1CCN(CCCN(CCC(=O)OCCOC(=O)C(C)CSCCCCCCCC)(CCC(=O)OCCOC(=O)C(C)CSCCCCCCCC))CC1,3.601853897883668,,,,,,,,,,,,,,,,0.0,0.0,0.0,0.0
N(CCC(=O)OCCOC(=O)C(C)CSCCCCCCCCC)(CCC(=O)OCCOC(=O)C(C)CSCCCCCCCCC)CCCN1CCN(CCCN(CCC(=O)OCCOC(=O)C(C)CSCCCCCCCCC)(CCC(=O)OCCOC(=O)C(C)CSCCCCCCCCC))CC1,3.601853897883668,,,,,,,,,,,,,,,,0.0,0.0,0.0,0.0
N(CCC(=O)OCCOC(=O)C(C)CSCCCCCCCCCC)(CCC(=O)OCCOC(=O)C(C)CSCCCCCCCCCC)CCCN1CCN(CCCN(CCC(=O)OCCOC(=O)C(C)CSCCCCCCCCCC)(CCC(=O)OCCOC(=O)C(C)CSCCCCCCCCCC))CC1,3.601853897883668,,,,,,,,,,,,,,,,0.0,0.0,0.0,0.0
N(CCC(=O)OCCOC(=O)C(C)CSCCCCCCCCCCC)(CCC(=O)OCCOC(=O)C(C)CSCCCCCCCCCCC)CCCN1CCN(CCCN(CCC(=O)OCCOC(=O)C(C)CSCCCCCCCCCCC)(CCC(=O)OCCOC(=O)C(C)CSCCCCCCCCCCC))CC1,3.601853897883668,,,,,,,,,,,,,,,,0.0,0.0,0.0,0.0
N(CCC(=O)OCCOC(=O)C(C)CSCCCCCCCCCCCC)(CCC(=O)OCCOC(=O)C(C)CSCCCCCCCCCCCC)CCCN1CCN(CCCN(CCC(=O)OCCOC(=O)C(C)CSCCCCCCCCCCCC)(CCC(=O)OCCOC(=O)C(C)CSCCCCCCCCCCCC))CC1,3.601853897883668,,,,,,,,,,,,,,,,0.0,0.0,0.0,0.0
N(CCC(=O)OCCOC(=O)C(C)CSCCCCCCCCCCCCCC)(CCC(=O)OCCOC(=O)C(C)CSCCCCCCCCCCCCCC)CCN1CCCC1,3.601853897883668,,,,,,,,,,,,,,,,0.0,0.0,0.0,0.0
N(CCC(=O)OCCOC(=O)C(C)CSCC(C)C)(CCC(=O)OCCOC(=O)C(C)CSCC(C)C)CCCN1CCN(CCCN(CCC(=O)OCCOC(=O)C(C)CSCC(C)C)(CCC(=O)OCCOC(=O)C(C)CSCC(C)C))CC1,2.185099711203099,,,,,,,,,,,,,,,,0.0,0.0,0.0,0.0
CCCCCCCCCCCCN(CCC(=O)OCCOC(=O)C(C)CSCC(C)C)CCC(=O)OCCOC(=O)C(C)CSCC(C)C,2.185099711203099,,,,,,,,,,,,,,,,0.0,0.0,0.0,0.0
C1N(C)CCN(CCC(=O)OCCOC(=O)C(C)CSCCC(C)C)C1,2.185099711203099,,,,,,,,,,,,,,,,0.0,0.0,0.0,0.0
N(CCC(=O)OCCOC(=O)C(C)CSCCC(C)C)(CCC(=O)OCCOC(=O)C(C)CSCCC(C)C)CCCN1CCN(CCCN(CCC(=O)OCCOC(=O)C(C)CSCCC(C)C)(CCC(=O)OCCOC(=O)C(C)CSCCC(C)C))CC1,2.185099711203099,,,,,,,,,,,,,,,,0.0,0.0,0.0,0.0
C1N(C)CCN(CCC(=O)OCCOC(=O)C(C)CSCCCC)C1,2.185099711203099,,,,,,,,,,,,,,,,0.0,0.0,0.0,0.0
N(CCC(=O)OCCOC(=O)C(C)CSCCCCC)(CCC(=O)OCCOC(=O)C(C)CSCCCCC)CCCN1CCN(CCCN(CCC(=O)OCCOC(=O)C(C)CSCCCCC)(CCC(=O)OCCOC(=O)C(C)CSCCCCC))CC1,2.185099711203099,,,,,,,,,,,,,,,,0.0,0.0,0.0,0.0
N(CCC(=O)OCCOC(=O)C(C)CSCCCCCC)(CCC(=O)OCCOC(=O)C(C)CSCCCCCC)CCCN1CCN(CCCN(CCC(=O)OCCOC(=O)C(C)CSCCCCCC)(CCC(=O)OCCOC(=O)C(C)CSCCCCCC))CC1,2.185099711203099,,,,,,,,,,,,,,,,0.0,0.0,0.0,0.0
C1N(C)CCN(CCC(=O)OCCOC(=O)C(C)CSCCCCCCC)C1,2.185099711203099,,,,,,,,,,,,,,,,0.0,0.0,0.0,0.0
N(CCC(=O)OCCOC(=O)C(C)CSCCCCCCC)(CCC(=O)OCCOC(=O)C(C)CSCCCCCCC)CCOCCOCCN(CCC(=O)OCCOC(=O)C(C)CSCCCCCCC)CCC(=O)OCCOC(=O)C(C)CSCCCCCCC,2.185099711203099,,,,,,,,,,,,,,,,0.0,0.0,0.0,0.0
N(CCC(=O)OCCOC(=O)C(C)CSCCCCCCC)(CCC(=O)OCCOC(=O)C(C)CSCCCCCCC)CCNCCN(CCC(=O)OCCOC(=O)C(C)CSCCCCCCC)CCNCCN(CCC(=O)OCCOC(=O)C(C)CSCCCCCCC)CCC(=O)OCCOC(=O)C(C)CSCCCCCCC,2.185099711203099,,,,,,,,,,,,,,,,0.0,0.0,0.0,0.0
N(CCC(=O)OCCOC(=O)C(C)CSCCCCCCCC)(CCC(=O)OCCOC(=O)C(C)CSCCCCCCCC)CCNCCN(CCC(=O)OCCOC(=O)C(C)CSCCCCCCCC)CCNCCN(CCC(=O)OCCOC(=O)C(C)CSCCCCCCCC)CCC(=O)OCCOC(=O)C(C)CSCCCCCCCC,2.185099711203099,,,,,,,,,,,,,,,,0.0,0.0,0.0,0.0
N(CCC(=O)OCCOC(=O)C(C)CSCCCCCCCCCCC)(CCC(=O)OCCOC(=O)C(C)CSCCCCCCCCCCC)CCOCCOCCN(CCC(=O)OCCOC(=O)C(C)CSCCCCCCCCCCC)CCC(=O)OCCOC(=O)C(C)CSCCCCCCCCCCC,2.185099711203099,,,,,,,,,,,,,,,,0.0,0.0,0.0,0.0
N(CCC(=O)OCCOC(=O)C(C)CSCCCCCCCCCCC)(CCC(=O)OCCOC(=O)C(C)CSCCCCCCCCCCC)CCNCCN(CCC(=O)OCCOC(=O)C(C)CSCCCCCCCCCCC)CCNCCN(CCC(=O)OCCOC(=O)C(C)CSCCCCCCCCCCC)CCC(=O)OCCOC(=O)C(C)CSCCCCCCCCCCC,2.185099711203099,,,,,,,,,,,,,,,,0.0,0.0,0.0,0.0
N(CCC(=O)OCCOC(=O)C(C)CSCCCCCCCCCCCC)(CCC(=O)OCCOC(=O)C(C)CSCCCCCCCCCCCC)CCNCCN(CCC(=O)OCCOC(=O)C(C)CSCCCCCCCCCCCC)CCNCCN(CCC(=O)OCCOC(=O)C(C)CSCCCCCCCCCCCC)CCC(=O)OCCOC(=O)C(C)CSCCCCCCCCCCCC,2.185099711203099,,,,,,,,,,,,,,,,0.0,0.0,0.0,0.0
N(CCC(=O)OCCOC(=O)C(C)CSCC(O)CO)(CCC(=O)OCCOC(=O)C(C)CSCC(O)CO)CCCN1CCN(CCCN(CCC(=O)OCCOC(=O)C(C)CSCC(O)CO)(CCC(=O)OCCOC(=O)C(C)CSCC(O)CO))CC1,2.185099711203099,,,,,,,,,,,,,,,,0.0,0.0,0.0,0.0
CCCCCCCCCCCCCCCCCCN(CCC(=O)OCCOC(=O)C(C)CSCCNCCCC)CCC(=O)OCCOC(=O)C(C)CSCCNCCCC,2.185099711203099,,,,,,,,,,,,,,,,0.0,0.0,0.0,0.0
CCCCCCCCCCCCCCCCCCN(CCC(=O)OCCOC(=O)C(C)CSCCN5CCCCCC5)CCC(=O)OCCOC(=O)C(C)CSCCN5CCCCCC5,2.185099711203099,,,,,,,,,,,,,,,,0.0,0.0,0.0,0.0
C1N(C)CCN(CCC(=O)OCCOC(=O)C(C)CSCC(C)C)C1,0.7683455245225306,,,,,,,,,,,,,,,,0.0,0.0,0.0,0.0
N(CCC(=O)OCCOC(=O)C(C)CSCC(C)C)(CCC(=O)OCCOC(=O)C(C)CSCC(C)C)CCN1CCCC1,0.7683455245225306,,,,,,,,,,,,,,,,0.0,0.0,0.0,0.0
N(CCC(=O)OCCOC(=O)C(C)CSCC(C)C)(CCC(=O)OCCOC(=O)C(C)CSCC(C)C)CCOCCOCCN(CCC(=O)OCCOC(=O)C(C)CSCC(C)C)CCC(=O)OCCOC(=O)C(C)CSCC(C)C,0.7683455245225306,,,,,,,,,,,,,,,,0.0,0.0,0.0,0.0
N(CCC(=O)OCCOC(=O)C(C)CSCC(C)C)(CCC(=O)OCCOC(=O)C(C)CSCC(C)C)CCNCCN(CCC(=O)OCCOC(=O)C(C)CSCC(C)C)CCNCCN(CCC(=O)OCCOC(=O)C(C)CSCC(C)C)CCC(=O)OCCOC(=O)C(C)CSCC(C)C,0.7683455245225306,,,,,,,,,,,,,,,,0.0,0.0,0.0,0.0
CCCCCCCCN(CCC(=O)OCCOC(=O)C(C)CSCC(C)C)CCCCCCCC,0.7683455245225306,,,,,,,,,,,,,,,,0.0,0.0,0.0,0.0
N(CCC(=O)OCCOC(=O)C(C)CSCCC(C)C)(CCC(=O)OCCOC(=O)C(C)CSCCC(C)C)CCN1CCCC1,0.7683455245225306,,,,,,,,,,,,,,,,0.0,0.0,0.0,0.0
N(CCC(=O)OCCOC(=O)C(C)CSCCC(C)C)(CCC(=O)OCCOC(=O)C(C)CSCCC(C)C)CCOCCOCCN(CCC(=O)OCCOC(=O)C(C)CSCCC(C)C)CCC(=O)OCCOC(=O)C(C)CSCCC(C)C,0.7683455245225306,,,,,,,,,,,,,,,,0.0,0.0,0.0,0.0
CCCCCCCCCCCCN(CCC(=O)OCCOC(=O)C(C)CSCCC(C)C)CCC(=O)OCCOC(=O)C(C)CSCCC(C)C,0.7683455245225306,,,,,,,,,,,,,,,,0.0,0.0,0.0,0.0
CCCCCCCCCCCCCCCCCCN(CCC(=O)OCCOC(=O)C(C)CSCCC(C)C)CCC(=O)OCCOC(=O)C(C)CSCCC(C)C,0.7683455245225306,,,,,,,,,,,,,,,,0.0,0.0,0.0,0.0
C1N(C)CCN(CCC(=O)OCCOC(=O)C(C)CSCCC(C)C)C1,0.7683455245225306,,,,,,,,,,,,,,,,0.0,0.0,0.0,0.0
N(CCC(=O)OCCOC(=O)C(C)CSCCC(C)C)(CCC(=O)OCCOC(=O)C(C)CSCCC(C)C)CCCN1CCN(CCCN(CCC(=O)OCCOC(=O)C(C)CSCCC(C)C)(CCC(=O)OCCOC(=O)C(C)CSCCC(C)C))CC1,0.7683455245225306,,,,,,,,,,,,,,,,0.0,0.0,0.0,0.0
CCCCCCCCN(CCC(=O)OCCOC(=O)C(C)CSCCC(C)C)CCCCCCCC,0.7683455245225306,,,,,,,,,,,,,,,,0.0,0.0,0.0,0.0
CCCCCCCCCCCCN(CCC(=O)OCCOC(=O)C(C)CSCCC(C)C)CCC(=O)OCCOC(=O)C(C)CSCCC(C)C,0.7683455245225306,,,,,,,,,,,,,,,,0.0,0.0,0.0,0.0
CCCCCCCCCCCCCCCCCCN(CCC(=O)OCCOC(=O)C(C)CSCCC(C)C)CCC(=O)OCCOC(=O)C(C)CSCCC(C)C,0.7683455245225306,,,,,,,,,,,,,,,,0.0,0.0,0.0,0.0
N(CCC(=O)OCCOC(=O)C(C)CSCCCC)(CCC(=O)OCCOC(=O)C(C)CSCCCC)CCN1CCCC1,0.7683455245225306,,,,,,,,,,,,,,,,0.0,0.0,0.0,0.0
CCCCCCCCN(CCC(=O)OCCOC(=O)C(C)CSCCCC)CCCCCCCC,0.7683455245225306,,,,,,,,,,,,,,,,0.0,0.0,0.0,0.0
CCCCCCCCCCCCN(CCC(=O)OCCOC(=O)C(C)CSCCCC)CCC(=O)OCCOC(=O)C(C)CSCCCC,0.7683455245225306,,,,,,,,,,,,,,,,0.0,0.0,0.0,0.0
CCCCCCCCCCCCCCCCCCN(CCC(=O)OCCOC(=O)C(C)CSCCCC)CCC(=O)OCCOC(=O)C(C)CSCCCC,0.7683455245225306,,,,,,,,,,,,,,,,0.0,0.0,0.0,0.0
C1N(C)CCN(CCC(=O)OCCOC(=O)C(C)CSCCCCC)C1,0.7683455245225306,,,,,,,,,,,,,,,,0.0,0.0,0.0,0.0
N(CCC(=O)OCCOC(=O)C(C)CSCCCCC)(CCC(=O)OCCOC(=O)C(C)CSCCCCC)CCN1CCCC1,0.7683455245225306,,,,,,,,,,,,,,,,0.0,0.0,0.0,0.0
N(CCC(=O)OCCOC(=O)C(C)CSCCCCC)(CCC(=O)OCCOC(=O)C(C)CSCCCCC)CCOCCOCCN(CCC(=O)OCCOC(=O)C(C)CSCCCCC)CCC(=O)OCCOC(=O)C(C)CSCCCCC,0.7683455245225306,,,,,,,,,,,,,,,,0.0,0.0,0.0,0.0
N(CCC(=O)OCCOC(=O)C(C)CSCCCCC)(CCC(=O)OCCOC(=O)C(C)CSCCCCC)CCNCCN(CCC(=O)OCCOC(=O)C(C)CSCCCCC)CCNCCN(CCC(=O)OCCOC(=O)C(C)CSCCCCC)CCC(=O)OCCOC(=O)C(C)CSCCCCC,0.7683455245225306,,,,,,,,,,,,,,,,0.0,0.0,0.0,0.0
CCCCCCCCN(CCC(=O)OCCOC(=O)C(C)CSCCCCC)CCCCCCCC,0.7683455245225306,,,,,,,,,,,,,,,,0.0,0.0,0.0,0.0
CCCCCCCCCCCCCCCCCCN(CCC(=O)OCCOC(=O)C(C)CSCCCCC)CCC(=O)OCCOC(=O)C(C)CSCCCCC,0.7683455245225306,,,,,,,,,,,,,,,,0.0,0.0,0.0,0.0
C1N(C)CCN(CCC(=O)OCCOC(=O)C(C)CSCCCCCC)C1,0.7683455245225306,,,,,,,,,,,,,,,,0.0,0.0,0.0,0.0
N(CCC(=O)OCCOC(=O)C(C)CSCCCCCC)(CCC(=O)OCCOC(=O)C(C)CSCCCCCC)CCOCCOCCN(CCC(=O)OCCOC(=O)C(C)CSCCCCCC)CCC(=O)OCCOC(=O)C(C)CSCCCCCC,0.7683455245225306,,,,,,,,,,,,,,,,0.0,0.0,0.0,0.0
N(CCC(=O)OCCOC(=O)C(C)CSCCCCCC)(CCC(=O)OCCOC(=O)C(C)CSCCCCCC)CCNCCN(CCC(=O)OCCOC(=O)C(C)CSCCCCCC)CCNCCN(CCC(=O)OCCOC(=O)C(C)CSCCCCCC)CCC(=O)OCCOC(=O)C(C)CSCCCCCC,0.7683455245225306,,,,,,,,,,,,,,,,0.0,0.0,0.0,0.0
CCCCCCCCN(CCC(=O)OCCOC(=O)C(C)CSCCCCCC)CCCCCCCC,0.7683455245225306,,,,,,,,,,,,,,,,0.0,0.0,0.0,0.0
CCCCCCCCCCCCN(CCC(=O)OCCOC(=O)C(C)CSCCCCCC)CCC(=O)OCCOC(=O)C(C)CSCCCCCC,0.7683455245225306,,,,,,,,,,,,,,,,0.0,0.0,0.0,0.0
CCCCCCCCCCCCCCCCCCN(CCC(=O)OCCOC(=O)C(C)CSCCCCCC)CCC(=O)OCCOC(=O)C(C)CSCCCCCC,0.7683455245225306,,,,,,,,,,,,,,,,0.0,0.0,0.0,0.0
CCCCCCCCCCCCN(CCC(=O)OCCOC(=O)C(C)CSCCCCCCC)CCC(=O)OCCOC(=O)C(C)CSCCCCCCC,0.7683455245225306,,,,,,,,,,,,,,,,0.0,0.0,0.0,0.0
C1N(C)CCN(CCC(=O)OCCOC(=O)C(C)CSCCCCCCCC)C1,0.7683455245225306,,,,,,,,,,,,,,,,0.0,0.0,0.0,0.0
N(CCC(=O)OCCOC(=O)C(C)CSCCCCCCCC)(CCC(=O)OCCOC(=O)C(C)CSCCCCCCCC)CCOCCOCCN(CCC(=O)OCCOC(=O)C(C)CSCCCCCCCC)CCC(=O)OCCOC(=O)C(C)CSCCCCCCCC,0.7683455245225306,,,,,,,,,,,,,,,,0.0,0.0,0.0,0.0
CCCCCCCCN(CCC(=O)OCCOC(=O)C(C)CSCCCCCCCC)CCCCCCCC,0.7683455245225306,,,,,,,,,,,,,,,,0.0,0.0,0.0,0.0
CCCCCCCCCCCCN(CCC(=O)OCCOC(=O)C(C)CSCCCCCCCC)CCC(=O)OCCOC(=O)C(C)CSCCCCCCCC,0.7683455245225306,,,,,,,,,,,,,,,,0.0,0.0,0.0,0.0
N(CCC(=O)OCCOC(=O)C(C)CSCCCCCCCCC)(CCC(=O)OCCOC(=O)C(C)CSCCCCCCCCC)CCOCCOCCN(CCC(=O)OCCOC(=O)C(C)CSCCCCCCCCC)CCC(=O)OCCOC(=O)C(C)CSCCCCCCCCC,0.7683455245225306,,,,,,,,,,,,,,,,0.0,0.0,0.0,0.0
N(CCC(=O)OCCOC(=O)C(C)CSCCCCCCCCC)(CCC(=O)OCCOC(=O)C(C)CSCCCCCCCCC)CCNCCN(CCC(=O)OCCOC(=O)C(C)CSCCCCCCCCC)CCNCCN(CCC(=O)OCCOC(=O)C(C)CSCCCCCCCCC)CCC(=O)OCCOC(=O)C(C)CSCCCCCCCCC,0.7683455245225306,,,,,,,,,,,,,,,,0.0,0.0,0.0,0.0
CCCCCCCCN(CCC(=O)OCCOC(=O)C(C)CSCCCCCCCCC)CCCCCCCC,0.7683455245225306,,,,,,,,,,,,,,,,0.0,0.0,0.0,0.0
CCCCCCCCCCCCN(CCC(=O)OCCOC(=O)C(C)CSCCCCCCCCC)CCC(=O)OCCOC(=O)C(C)CSCCCCCCCCC,0.7683455245225306,,,,,,,,,,,,,,,,0.0,0.0,0.0,0.0
CCCCCCCCCCCCCCCCCCN(CCC(=O)OCCOC(=O)C(C)CSCCCCCCCCC)CCC(=O)OCCOC(=O)C(C)CSCCCCCCCCC,0.7683455245225306,,,,,,,,,,,,,,,,0.0,0.0,0.0,0.0
N(CCC(=O)OCCOC(=O)C(C)CSCCCCCCCCCC)(CCC(=O)OCCOC(=O)C(C)CSCCCCCCCCCC)CCN1CCCC1,0.7683455245225306,,,,,,,,,,,,,,,,0.0,0.0,0.0,0.0
N(CCC(=O)OCCOC(=O)C(C)CSCCCCCCCCCC)(CCC(=O)OCCOC(=O)C(C)CSCCCCCCCCCC)CCOCCOCCN(CCC(=O)OCCOC(=O)C(C)CSCCCCCCCCCC)CCC(=O)OCCOC(=O)C(C)CSCCCCCCCCCC,0.7683455245225306,,,,,,,,,,,,,,,,0.0,0.0,0.0,0.0
N(CCC(=O)OCCOC(=O)C(C)CSCCCCCCCCCC)(CCC(=O)OCCOC(=O)C(C)CSCCCCCCCCCC)CCNCCN(CCC(=O)OCCOC(=O)C(C)CSCCCCCCCCCC)CCNCCN(CCC(=O)OCCOC(=O)C(C)CSCCCCCCCCCC)CCC(=O)OCCOC(=O)C(C)CSCCCCCCCCCC,0.7683455245225306,,,,,,,,,,,,,,,,0.0,0.0,0.0,0.0
CCCCCCCCCCCCN(CCC(=O)OCCOC(=O)C(C)CSCCCCCCCCCC)CCC(=O)OCCOC(=O)C(C)CSCCCCCCCCCC,0.7683455245225306,,,,,,,,,,,,,,,,0.0,0.0,0.0,0.0
CCCCCCCCN(CCC(=O)OCCOC(=O)C(C)CSCCCCCCCCCCC)CCCCCCCC,0.7683455245225306,,,,,,,,,,,,,,,,0.0,0.0,0.0,0.0
CCCCCCCCCCCCN(CCC(=O)OCCOC(=O)C(C)CSCCCCCCCCCCC)CCC(=O)OCCOC(=O)C(C)CSCCCCCCCCCCC,0.7683455245225306,,,,,,,,,,,,,,,,0.0,0.0,0.0,0.0
N(CCC(=O)OCCOC(=O)C(C)CSCCCCCCCCCCCC)(CCC(=O)OCCOC(=O)C(C)CSCCCCCCCCCCCC)CCN1CCCC1,0.7683455245225306,,,,,,,,,,,,,,,,0.0,0.0,0.0,0.0
N(CCC(=O)OCCOC(=O)C(C)CSCCCCCCCCCCCC)(CCC(=O)OCCOC(=O)C(C)CSCCCCCCCCCCCC)CCOCCOCCN(CCC(=O)OCCOC(=O)C(C)CSCCCCCCCCCCCC)CCC(=O)OCCOC(=O)C(C)CSCCCCCCCCCCCC,0.7683455245225306,,,,,,,,,,,,,,,,0.0,0.0,0.0,0.0
CCCCCCCCN(CCC(=O)OCCOC(=O)C(C)CSCCCCCCCCCCCC)CCCCCCCC,0.7683455245225306,,,,,,,,,,,,,,,,0.0,0.0,0.0,0.0
CCCCCCCCCCCCN(CCC(=O)OCCOC(=O)C(C)CSCCCCCCCCCCCC)CCC(=O)OCCOC(=O)C(C)CSCCCCCCCCCCCC,0.7683455245225306,,,,,,,,,,,,,,,,0.0,0.0,0.0,0.0
CCCCCCCCCCCCN(CCC(=O)OCCOC(=O)C(C)CSCCCCCCCCCCCCCC)CCC(=O)OCCOC(=O)C(C)CSCCCCCCCCCCCCCC,0.7683455245225306,,,,,,,,,,,,,,,,0.0,0.0,0.0,0.0
CCCCCCCCCCCCCCCCCCN(CCC(=O)OCCOC(=O)C(C)CSCCCCCCCCCCCCCCCC)CCC(=O)OCCOC(=O)C(C)CSCCCCCCCCCCCCCCCC,0.7683455245225306,,,,,,,,,,,,,,,,0.0,0.0,0.0,0.0
CCCCCCCCCCCCCCCCCCN(CCC(=O)OCCOC(=O)C(C)CSCCc5ccccc5)CCC(=O)OCCOC(=O)C(C)CSCCc5ccccc5,0.7683455245225306,,,,,,,,,,,,,,,,0.0,0.0,0.0,0.0
CCCCCCCCCCCCCCCCCCN(CCC(=O)OCCOC(=O)C(C)CSCCC(O)=O)CCC(=O)OCCOC(=O)C(C)CSCCC(O)=O,0.7683455245225306,,,,,,,,,,,,,,,,0.0,0.0,0.0,0.0
C1N(C)CCN(CCC(=O)OCCOC(=O)C(C)CSCCCCCC(O)=O)C1,0.7683455245225306,,,,,,,,,,,,,,,,0.0,0.0,0.0,0.0
CCCCCCCCCCCCCCCCCCN(CCC(=O)OCCOC(=O)C(C)CSCCCCCC(O)=O)CCC(=O)OCCOC(=O)C(C)CSCCCCCC(O)=O,0.7683455245225306,,,,,,,,,,,,,,,,0.0,0.0,0.0,0.0
N(CCC(=O)OCCOC(=O)C(C)CSCCCCCCCCCCC(O)=O)(CCC(=O)OCCOC(=O)C(C)CSCCCCCCCCCCC(O)=O)CCOCCOCCN(CCC(=O)OCCOC(=O)C(C)CSCCCCCCCCCCC(O)=O)CCC(=O)OCCOC(=O)C(C)CSCCCCCCCCCCC(O)=O,0.7683455245225306,,,,,,,,,,,,,,,,0.0,0.0,0.0,0.0
N(CCC(=O)OCCOC(=O)C(C)CSCCCCCCCCCCC(O)=O)(CCC(=O)OCCOC(=O)C(C)CSCCCCCCCCCCC(O)=O)CCNCCN(CCC(=O)OCCOC(=O)C(C)CSCCCCCCCCCCC(O)=O)CCNCCN(CCC(=O)OCCOC(=O)C(C)CSCCCCCCCCCCC(O)=O)CCC(=O)OCCOC(=O)C(C)CSCCCCCCCCCCC(O)=O,0.7683455245225306,,,,,,,,,,,,,,,,0.0,0.0,0.0,0.0
CCCCCCCCCCCCCCCCCCN(CCC(=O)OCCOC(=O)C(C)CSCCCCCCCCCCC(O)=O)CCC(=O)OCCOC(=O)C(C)CSCCCCCCCCCCC(O)=O,0.7683455245225306,,,,,,,,,,,,,,,,0.0,0.0,0.0,0.0
C1N(C)CCN(CCC(=O)OCCOC(=O)C(C)CSCCCO)C1,0.7683455245225306,,,,,,,,,,,,,,,,0.0,0.0,0.0,0.0
N(CCC(=O)OCCOC(=O)C(C)CSCCCO)(CCC(=O)OCCOC(=O)C(C)CSCCCO)CCN1CCCC1,0.7683455245225306,,,,,,,,,,,,,,,,0.0,0.0,0.0,0.0
N(CCC(=O)OCCOC(=O)C(C)CSCCCO)(CCC(=O)OCCOC(=O)C(C)CSCCCO)CCCN1CCN(CCCN(CCC(=O)OCCOC(=O)C(C)CSCCCO)(CCC(=O)OCCOC(=O)C(C)CSCCCO))CC1,0.7683455245225306,,,,,,,,,,,,,,,,0.0,0.0,0.0,0.0
N(CCC(=O)OCCOC(=O)C(C)CSCCCO)(CCC(=O)OCCOC(=O)C(C)CSCCCO)CCOCCOCCN(CCC(=O)OCCOC(=O)C(C)CSCCCO)CCC(=O)OCCOC(=O)C(C)CSCCCO,0.7683455245225306,,,,,,,,,,,,,,,,0.0,0.0,0.0,0.0
N(CCC(=O)OCCOC(=O)C(C)CSCCCO)(CCC(=O)OCCOC(=O)C(C)CSCCCO)CCNCCN(CCC(=O)OCCOC(=O)C(C)CSCCCO)CCNCCN(CCC(=O)OCCOC(=O)C(C)CSCCCO)CCC(=O)OCCOC(=O)C(C)CSCCCO,0.7683455245225306,,,,,,,,,,,,,,,,0.0,0.0,0.0,0.0
CCCCCCCCCCCCN(CCC(=O)OCCOC(=O)C(C)CSCCCO)CCC(=O)OCCOC(=O)C(C)CSCCCO,0.7683455245225306,,,,,,,,,,,,,,,,0.0,0.0,0.0,0.0
N(CCC(=O)OCCOC(=O)C(C)CSCCCCO)(CCC(=O)OCCOC(=O)C(C)CSCCCCO)CCN1CCCC1,0.7683455245225306,,,,,,,,,,,,,,,,0.0,0.0,0.0,0.0
N(CCC(=O)OCCOC(=O)C(C)CSCCCCO)(CCC(=O)OCCOC(=O)C(C)CSCCCCO)CCOCCOCCN(CCC(=O)OCCOC(=O)C(C)CSCCCCO)CCC(=O)OCCOC(=O)C(C)CSCCCCO,0.7683455245225306,,,,,,,,,,,,,,,,0.0,0.0,0.0,0.0
N(CCC(=O)OCCOC(=O)C(C)CSCCCCO)(CCC(=O)OCCOC(=O)C(C)CSCCCCO)CCNCCN(CCC(=O)OCCOC(=O)C(C)CSCCCCO)CCNCCN(CCC(=O)OCCOC(=O)C(C)CSCCCCO)CCC(=O)OCCOC(=O)C(C)CSCCCCO,0.7683455245225306,,,,,,,,,,,,,,,,0.0,0.0,0.0,0.0
N(CCC(=O)OCCOC(=O)C(C)CSCCCCCCCCCCCO)(CCC(=O)OCCOC(=O)C(C)CSCCCCCCCCCCCO)CCN1CCCC1,0.7683455245225306,,,,,,,,,,,,,,,,0.0,0.0,0.0,0.0
C1N(C)CCN(CCC(=O)OCCOC(=O)C(C)CSCCN(C)C)C1,0.7683455245225306,,,,,,,,,,,,,,,,0.0,0.0,0.0,0.0
N(CCC(=O)OCCOC(=O)C(C)CSCCN(C)C)(CCC(=O)OCCOC(=O)C(C)CSCCN(C)C)CCCN1CCN(CCCN(CCC(=O)OCCOC(=O)C(C)CSCCN(C)C)(CCC(=O)OCCOC(=O)C(C)CSCCN(C)C))CC1,0.7683455245225306,,,,,,,,,,,,,,,,0.0,0.0,0.0,0.0
N(CCC(=O)OCCOC(=O)C(C)CSCCN(CC)CC)(CCC(=O)OCCOC(=O)C(C)CSCCN(CC)CC)CCCN1CCN(CCCN(CCC(=O)OCCOC(=O)C(C)CSCCN(CC)CC)(CCC(=O)OCCOC(=O)C(C)CSCCN(CC)CC))CC1,0.7683455245225306,,,,,,,,,,,,,,,,0.0,0.0,0.0,0.0
CCCCCCCCCCCCN(CCC(=O)OCCOC(=O)C(C)CSCCN5CCCC5)CCC(=O)OCCOC(=O)C(C)CSCCN5CCCC5,0.7683455245225306,,,,,,,,,,,,,,,,0.0,0.0,0.0,0.0
N(CCC(=O)OCCOC(=O)C(C)CSCCN5CCCCC5)(CCC(=O)OCCOC(=O)C(C)CSCCN5CCCCC5)CCN1CCCC1,0.7683455245225306,,,,,,,,,,,,,,,,0.0,0.0,0.0,0.0
N(CCC(=O)OCCOC(=O)C(C)CSCCN5CCCCC5)(CCC(=O)OCCOC(=O)C(C)CSCCN5CCCCC5)CCCN1CCN(CCCN(CCC(=O)OCCOC(=O)C(C)CSCCN5CCCCC5)(CCC(=O)OCCOC(=O)C(C)CSCCN5CCCCC5))CC1,0.7683455245225306,,,,,,,,,,,,,,,,0.0,0.0,0.0,0.0
N(CCC(=O)OCCOC(=O)C(C)CSCCN5CCCCC5)(CCC(=O)OCCOC(=O)C(C)CSCCN5CCCCC5)CCOCCOCCN(CCC(=O)OCCOC(=O)C(C)CSCCN5CCCCC5)CCC(=O)OCCOC(=O)C(C)CSCCN5CCCCC5,0.7683455245225306,,,,,,,,,,,,,,,,0.0,0.0,0.0,0.0
CCCCCCCCCCCCN(CCC(=O)OCCOC(=O)C(C)CSCCN5CCCCC5)CCC(=O)OCCOC(=O)C(C)CSCCN5CCCCC5,0.7683455245225306,,,,,,,,,,,,,,,,0.0,0.0,0.0,0.0
N(CCC(=O)OCCOC(=O)C(C)CSCCN(CCC)CCC)(CCC(=O)OCCOC(=O)C(C)CSCCN(CCC)CCC)CCNCCN(CCC(=O)OCCOC(=O)C(C)CSCCN(CCC)CCC)CCNCCN(CCC(=O)OCCOC(=O)C(C)CSCCN(CCC)CCC)CCC(=O)OCCOC(=O)C(C)CSCCN(CCC)CCC,0.7683455245225306,,,,,,,,,,,,,,,,0.0,0.0,0.0,0.0
N(CCC(=O)OCCOC(=O)C(C)CSCCN(CCCC)CCCC)(CCC(=O)OCCOC(=O)C(C)CSCCN(CCCC)CCCC)CCOCCOCCN(CCC(=O)OCCOC(=O)C(C)CSCCN(CCCC)CCCC)CCC(=O)OCCOC(=O)C(C)CSCCN(CCCC)CCCC,0.7683455245225306,,,,,,,,,,,,,,,,0.0,0.0,0.0,0.0
N(CCC(=O)OCCOC(=O)C(C)CSCCN(CCCC)CCCC)(CCC(=O)OCCOC(=O)C(C)CSCCN(CCCC)CCCC)CCNCCN(CCC(=O)OCCOC(=O)C(C)CSCCN(CCCC)CCCC)CCNCCN(CCC(=O)OCCOC(=O)C(C)CSCCN(CCCC)CCCC)CCC(=O)OCCOC(=O)C(C)CSCCN(CCCC)CCCC,0.7683455245225306,,,,,,,,,,,,,,,,0.0,0.0,0.0,0.0
C1N(C)CCN(CCC(=O)OCCOC(=O)C(C)CSCCCC(=O)N5CCN(CCO)CC5)C1,0.7683455245225306,,,,,,,,,,,,,,,,0.0,0.0,0.0,0.0
N(CCC(=O)OCCOC(=O)C(C)CSCCCC(=O)N5CCN(CCO)CC5)(CCC(=O)OCCOC(=O)C(C)CSCCCC(=O)N5CCN(CCO)CC5)CCOCCOCCN(CCC(=O)OCCOC(=O)C(C)CSCCCC(=O)N5CCN(CCO)CC5)CCC(=O)OCCOC(=O)C(C)CSCCCC(=O)N5CCN(CCO)CC5,0.7683455245225306,,,,,,,,,,,,,,,,0.0,0.0,0.0,0.0
CCCCCCCCCCCCCCCCCCN(CCC(=O)OCCOC(=O)C(C)CSCCCC(=O)N(C)CCCN(C)C)CCC(=O)OCCOC(=O)C(C)CSCCCC(=O)N(C)CCCN(C)C,0.7683455245225306,,,,,,,,,,,,,,,,0.0,0.0,0.0,0.0
CCCCCCCCCCCCCCCCCCN(CCC(=O)OCCOC(=O)C(C)CSCC(C)C)CCC(=O)OCCOC(=O)C(C)CSCC(C)C,-0.6484086621580379,,,,,,,,,,,,,,,,0.0,0.0,0.0,0.0
N(CCC(=O)OCCOC(=O)C(C)CSCCC(C)C)(CCC(=O)OCCOC(=O)C(C)CSCCC(C)C)CCNCCN(CCC(=O)OCCOC(=O)C(C)CSCCC(C)C)CCNCCN(CCC(=O)OCCOC(=O)C(C)CSCCC(C)C)CCC(=O)OCCOC(=O)C(C)CSCCC(C)C,-0.6484086621580379,,,,,,,,,,,,,,,,0.0,0.0,0.0,0.0
CCCCCCCCN(CCC(=O)OCCOC(=O)C(C)CSCCC(C)C)CCCCCCCC,-0.6484086621580379,,,,,,,,,,,,,,,,0.0,0.0,0.0,0.0
N(CCC(=O)OCCOC(=O)C(C)CSCCC(C)C)(CCC(=O)OCCOC(=O)C(C)CSCCC(C)C)CCN1CCCC1,-0.6484086621580379,,,,,,,,,,,,,,,,0.0,0.0,0.0,0.0
N(CCC(=O)OCCOC(=O)C(C)CSCCC(C)C)(CCC(=O)OCCOC(=O)C(C)CSCCC(C)C)CCOCCOCCN(CCC(=O)OCCOC(=O)C(C)CSCCC(C)C)CCC(=O)OCCOC(=O)C(C)CSCCC(C)C,-0.6484086621580379,,,,,,,,,,,,,,,,0.0,0.0,0.0,0.0
N(CCC(=O)OCCOC(=O)C(C)CSCCC(C)C)(CCC(=O)OCCOC(=O)C(C)CSCCC(C)C)CCNCCN(CCC(=O)OCCOC(=O)C(C)CSCCC(C)C)CCNCCN(CCC(=O)OCCOC(=O)C(C)CSCCC(C)C)CCC(=O)OCCOC(=O)C(C)CSCCC(C)C,-0.6484086621580379,,,,,,,,,,,,,,,,0.0,0.0,0.0,0.0
N(CCC(=O)OCCOC(=O)C(C)CSCCCC)(CCC(=O)OCCOC(=O)C(C)CSCCCC)CCOCCOCCN(CCC(=O)OCCOC(=O)C(C)CSCCCC)CCC(=O)OCCOC(=O)C(C)CSCCCC,-0.6484086621580379,,,,,,,,,,,,,,,,0.0,0.0,0.0,0.0
N(CCC(=O)OCCOC(=O)C(C)CSCCCC)(CCC(=O)OCCOC(=O)C(C)CSCCCC)CCNCCN(CCC(=O)OCCOC(=O)C(C)CSCCCC)CCNCCN(CCC(=O)OCCOC(=O)C(C)CSCCCC)CCC(=O)OCCOC(=O)C(C)CSCCCC,-0.6484086621580379,,,,,,,,,,,,,,,,0.0,0.0,0.0,0.0
CCCCCCCCCCCCN(CCC(=O)OCCOC(=O)C(C)CSCCCCC)CCC(=O)OCCOC(=O)C(C)CSCCCCC,-0.6484086621580379,,,,,,,,,,,,,,,,0.0,0.0,0.0,0.0
N(CCC(=O)OCCOC(=O)C(C)CSCCCCCC)(CCC(=O)OCCOC(=O)C(C)CSCCCCCC)CCN1CCCC1,-0.6484086621580379,,,,,,,,,,,,,,,,0.0,0.0,0.0,0.0
N(CCC(=O)OCCOC(=O)C(C)CSCCCCCCC)(CCC(=O)OCCOC(=O)C(C)CSCCCCCCC)CCN1CCCC1,-0.6484086621580379,,,,,,,,,,,,,,,,0.0,0.0,0.0,0.0
CCCCCCCCN(CCC(=O)OCCOC(=O)C(C)CSCCCCCCC)CCCCCCCC,-0.6484086621580379,,,,,,,,,,,,,,,,0.0,0.0,0.0,0.0
CCCCCCCCCCCCCCCCCCN(CCC(=O)OCCOC(=O)C(C)CSCCCCCCC)CCC(=O)OCCOC(=O)C(C)CSCCCCCCC,-0.6484086621580379,,,,,,,,,,,,,,,,0.0,0.0,0.0,0.0
N(CCC(=O)OCCOC(=O)C(C)CSCCCCCCCC)(CCC(=O)OCCOC(=O)C(C)CSCCCCCCCC)CCN1CCCC1,-0.6484086621580379,,,,,,,,,,,,,,,,0.0,0.0,0.0,0.0
CCCCCCCCCCCCCCCCCCN(CCC(=O)OCCOC(=O)C(C)CSCCCCCCCC)CCC(=O)OCCOC(=O)C(C)CSCCCCCCCC,-0.6484086621580379,,,,,,,,,,,,,,,,0.0,0.0,0.0,0.0
C1N(C)CCN(CCC(=O)OCCOC(=O)C(C)CSCCCCCCCCC)C1,-0.6484086621580379,,,,,,,,,,,,,,,,0.0,0.0,0.0,0.0
N(CCC(=O)OCCOC(=O)C(C)CSCCCCCCCCC)(CCC(=O)OCCOC(=O)C(C)CSCCCCCCCCC)CCN1CCCC1,-0.6484086621580379,,,,,,,,,,,,,,,,0.0,0.0,0.0,0.0
C1N(C)CCN(CCC(=O)OCCOC(=O)C(C)CSCCCCCCCCCC)C1,-0.6484086621580379,,,,,,,,,,,,,,,,0.0,0.0,0.0,0.0
CCCCCCCCN(CCC(=O)OCCOC(=O)C(C)CSCCCCCCCCCC)CCCCCCCC,-0.6484086621580379,,,,,,,,,,,,,,,,0.0,0.0,0.0,0.0
CCCCCCCCCCCCCCCCCCN(CCC(=O)OCCOC(=O)C(C)CSCCCCCCCCCC)CCC(=O)OCCOC(=O)C(C)CSCCCCCCCCCC,-0.6484086621580379,,,,,,,,,,,,,,,,0.0,0.0,0.0,0.0
C1N(C)CCN(CCC(=O)OCCOC(=O)C(C)CSCCCCCCCCCCC)C1,-0.6484086621580379,,,,,,,,,,,,,,,,0.0,0.0,0.0,0.0
N(CCC(=O)OCCOC(=O)C(C)CSCCCCCCCCCCC)(CCC(=O)OCCOC(=O)C(C)CSCCCCCCCCCCC)CCN1CCCC1,-0.6484086621580379,,,,,,,,,,,,,,,,0.0,0.0,0.0,0.0
CCCCCCCCCCCCCCCCCCN(CCC(=O)OCCOC(=O)C(C)CSCCCCCCCCCCC)CCC(=O)OCCOC(=O)C(C)CSCCCCCCCCCCC,-0.6484086621580379,,,,,,,,,,,,,,,,0.0,0.0,0.0,0.0
C1N(C)CCN(CCC(=O)OCCOC(=O)C(C)CSCCCCCCCCCCCC)C1,-0.6484086621580379,,,,,,,,,,,,,,,,0.0,0.0,0.0,0.0
CCCCCCCCCCCCCCCCCCN(CCC(=O)OCCOC(=O)C(C)CSCCCCCCCCCCCC)CCC(=O)OCCOC(=O)C(C)CSCCCCCCCCCCCC,-0.6484086621580379,,,,,,,,,,,,,,,,0.0,0.0,0.0,0.0
C1N(C)CCN(CCC(=O)OCCOC(=O)C(C)CSCCCCCCCCCCCCCC)C1,-0.6484086621580379,,,,,,,,,,,,,,,,0.0,0.0,0.0,0.0
N(CCC(=O)OCCOC(=O)C(C)CSCCCCCCCCCCCCCC)(CCC(=O)OCCOC(=O)C(C)CSCCCCCCCCCCCCCC)CCCN1CCN(CCCN(CCC(=O)OCCOC(=O)C(C)CSCCCCCCCCCCCCCC)(CCC(=O)OCCOC(=O)C(C)CSCCCCCCCCCCCCCC))CC1,-0.6484086621580379,,,,,,,,,,,,,,,,0.0,0.0,0.0,0.0
N(CCC(=O)OCCOC(=O)C(C)CSCCCCCCCCCCCCCC)(CCC(=O)OCCOC(=O)C(C)CSCCCCCCCCCCCCCC)CCOCCOCCN(CCC(=O)OCCOC(=O)C(C)CSCCCCCCCCCCCCCC)CCC(=O)OCCOC(=O)C(C)CSCCCCCCCCCCCCCC,-0.6484086621580379,,,,,,,,,,,,,,,,0.0,0.0,0.0,0.0
N(CCC(=O)OCCOC(=O)C(C)CSCCCCCCCCCCCCCC)(CCC(=O)OCCOC(=O)C(C)CSCCCCCCCCCCCCCC)CCNCCN(CCC(=O)OCCOC(=O)C(C)CSCCCCCCCCCCCCCC)CCNCCN(CCC(=O)OCCOC(=O)C(C)CSCCCCCCCCCCCCCC)CCC(=O)OCCOC(=O)C(C)CSCCCCCCCCCCCCCC,-0.6484086621580379,,,,,,,,,,,,,,,,0.0,0.0,0.0,0.0
CCCCCCCCN(CCC(=O)OCCOC(=O)C(C)CSCCCCCCCCCCCCCC)CCCCCCCC,-0.6484086621580379,,,,,,,,,,,,,,,,0.0,0.0,0.0,0.0
CCCCCCCCCCCCCCCCCCN(CCC(=O)OCCOC(=O)C(C)CSCCCCCCCCCCCCCC)CCC(=O)OCCOC(=O)C(C)CSCCCCCCCCCCCCCC,-0.6484086621580379,,,,,,,,,,,,,,,,0.0,0.0,0.0,0.0
C1N(C)CCN(CCC(=O)OCCOC(=O)C(C)CSCCCCCCCCCCCCCCCC)C1,-0.6484086621580379,,,,,,,,,,,,,,,,0.0,0.0,0.0,0.0
N(CCC(=O)OCCOC(=O)C(C)CSCCCCCCCCCCCCCCCC)(CCC(=O)OCCOC(=O)C(C)CSCCCCCCCCCCCCCCCC)CCN1CCCC1,-0.6484086621580379,,,,,,,,,,,,,,,,0.0,0.0,0.0,0.0
N(CCC(=O)OCCOC(=O)C(C)CSCCCCCCCCCCCCCCCC)(CCC(=O)OCCOC(=O)C(C)CSCCCCCCCCCCCCCCCC)CCCN1CCN(CCCN(CCC(=O)OCCOC(=O)C(C)CSCCCCCCCCCCCCCCCC)(CCC(=O)OCCOC(=O)C(C)CSCCCCCCCCCCCCCCCC))CC1,-0.6484086621580379,,,,,,,,,,,,,,,,0.0,0.0,0.0,0.0
N(CCC(=O)OCCOC(=O)C(C)CSCCCCCCCCCCCCCCCC)(CCC(=O)OCCOC(=O)C(C)CSCCCCCCCCCCCCCCCC)CCOCCOCCN(CCC(=O)OCCOC(=O)C(C)CSCCCCCCCCCCCCCCCC)CCC(=O)OCCOC(=O)C(C)CSCCCCCCCCCCCCCCCC,-0.6484086621580379,,,,,,,,,,,,,,,,0.0,0.0,0.0,0.0
N(CCC(=O)OCCOC(=O)C(C)CSCCCCCCCCCCCCCCCC)(CCC(=O)OCCOC(=O)C(C)CSCCCCCCCCCCCCCCCC)CCNCCN(CCC(=O)OCCOC(=O)C(C)CSCCCCCCCCCCCCCCCC)CCNCCN(CCC(=O)OCCOC(=O)C(C)CSCCCCCCCCCCCCCCCC)CCC(=O)OCCOC(=O)C(C)CSCCCCCCCCCCCCCCCC,-0.6484086621580379,,,,,,,,,,,,,,,,0.0,0.0,0.0,0.0
CCCCCCCCN(CCC(=O)OCCOC(=O)C(C)CSCCCCCCCCCCCCCCCC)CCCCCCCC,-0.6484086621580379,,,,,,,,,,,,,,,,0.0,0.0,0.0,0.0
CCCCCCCCCCCCN(CCC(=O)OCCOC(=O)C(C)CSCCCCCCCCCCCCCCCC)CCC(=O)OCCOC(=O)C(C)CSCCCCCCCCCCCCCCCC,-0.6484086621580379,,,,,,,,,,,,,,,,0.0,0.0,0.0,0.0
C1N(C)CCN(CCC(=O)OCCOC(=O)C(C)CSCCCCCCCCCCCCCCCCCC)C1,-0.6484086621580379,,,,,,,,,,,,,,,,0.0,0.0,0.0,0.0
N(CCC(=O)OCCOC(=O)C(C)CSCCCCCCCCCCCCCCCCCC)(CCC(=O)OCCOC(=O)C(C)CSCCCCCCCCCCCCCCCCCC)CCN1CCCC1,-0.6484086621580379,,,,,,,,,,,,,,,,0.0,0.0,0.0,0.0
N(CCC(=O)OCCOC(=O)C(C)CSCCCCCCCCCCCCCCCCCC)(CCC(=O)OCCOC(=O)C(C)CSCCCCCCCCCCCCCCCCCC)CCCN1CCN(CCCN(CCC(=O)OCCOC(=O)C(C)CSCCCCCCCCCCCCCCCCCC)(CCC(=O)OCCOC(=O)C(C)CSCCCCCCCCCCCCCCCCCC))CC1,-0.6484086621580379,,,,,,,,,,,,,,,,0.0,0.0,0.0,0.0
N(CCC(=O)OCCOC(=O)C(C)CSCCCCCCCCCCCCCCCCCC)(CCC(=O)OCCOC(=O)C(C)CSCCCCCCCCCCCCCCCCCC)CCOCCOCCN(CCC(=O)OCCOC(=O)C(C)CSCCCCCCCCCCCCCCCCCC)CCC(=O)OCCOC(=O)C(C)CSCCCCCCCCCCCCCCCCCC,-0.6484086621580379,,,,,,,,,,,,,,,,0.0,0.0,0.0,0.0
N(CCC(=O)OCCOC(=O)C(C)CSCCCCCCCCCCCCCCCCCC)(CCC(=O)OCCOC(=O)C(C)CSCCCCCCCCCCCCCCCCCC)CCNCCN(CCC(=O)OCCOC(=O)C(C)CSCCCCCCCCCCCCCCCCCC)CCNCCN(CCC(=O)OCCOC(=O)C(C)CSCCCCCCCCCCCCCCCCCC)CCC(=O)OCCOC(=O)C(C)CSCCCCCCCCCCCCCCCCCC,-0.6484086621580379,,,,,,,,,,,,,,,,0.0,0.0,0.0,0.0
CCCCCCCCN(CCC(=O)OCCOC(=O)C(C)CSCCCCCCCCCCCCCCCCCC)CCCCCCCC,-0.6484086621580379,,,,,,,,,,,,,,,,0.0,0.0,0.0,0.0
CCCCCCCCCCCCN(CCC(=O)OCCOC(=O)C(C)CSCCCCCCCCCCCCCCCCCC)CCC(=O)OCCOC(=O)C(C)CSCCCCCCCCCCCCCCCCCC,-0.6484086621580379,,,,,,,,,,,,,,,,0.0,0.0,0.0,0.0
CCCCCCCCCCCCCCCCCCN(CCC(=O)OCCOC(=O)C(C)CSCCCCCCCCCCCCCCCCCC)CCC(=O)OCCOC(=O)C(C)CSCCCCCCCCCCCCCCCCCC,-0.6484086621580379,,,,,,,,,,,,,,,,0.0,0.0,0.0,0.0
C1N(C)CCN(CCC(=O)OCCOC(=O)C(C)CSCCc5ccccc5)C1,-0.6484086621580379,,,,,,,,,,,,,,,,0.0,0.0,0.0,0.0
N(CCC(=O)OCCOC(=O)C(C)CSCCc5ccccc5)(CCC(=O)OCCOC(=O)C(C)CSCCc5ccccc5)CCN1CCCC1,-0.6484086621580379,,,,,,,,,,,,,,,,0.0,0.0,0.0,0.0
N(CCC(=O)OCCOC(=O)C(C)CSCCc5ccccc5)(CCC(=O)OCCOC(=O)C(C)CSCCc5ccccc5)CCCN1CCN(CCCN(CCC(=O)OCCOC(=O)C(C)CSCCc5ccccc5)(CCC(=O)OCCOC(=O)C(C)CSCCc5ccccc5))CC1,-0.6484086621580379,,,,,,,,,,,,,,,,0.0,0.0,0.0,0.0
N(CCC(=O)OCCOC(=O)C(C)CSCCc5ccccc5)(CCC(=O)OCCOC(=O)C(C)CSCCc5ccccc5)CCOCCOCCN(CCC(=O)OCCOC(=O)C(C)CSCCc5ccccc5)CCC(=O)OCCOC(=O)C(C)CSCCc5ccccc5,-0.6484086621580379,,,,,,,,,,,,,,,,0.0,0.0,0.0,0.0
N(CCC(=O)OCCOC(=O)C(C)CSCCc5ccccc5)(CCC(=O)OCCOC(=O)C(C)CSCCc5ccccc5)CCNCCN(CCC(=O)OCCOC(=O)C(C)CSCCc5ccccc5)CCNCCN(CCC(=O)OCCOC(=O)C(C)CSCCc5ccccc5)CCC(=O)OCCOC(=O)C(C)CSCCc5ccccc5,-0.6484086621580379,,,,,,,,,,,,,,,,0.0,0.0,0.0,0.0
CCCCCCCCN(CCC(=O)OCCOC(=O)C(C)CSCCc5ccccc5)CCCCCCCC,-0.6484086621580379,,,,,,,,,,,,,,,,0.0,0.0,0.0,0.0
CCCCCCCCCCCCN(CCC(=O)OCCOC(=O)C(C)CSCCc5ccccc5)CCC(=O)OCCOC(=O)C(C)CSCCc5ccccc5,-0.6484086621580379,,,,,,,,,,,,,,,,0.0,0.0,0.0,0.0
C1N(C)CCN(CCC(=O)OCCOC(=O)C(C)CSCCC(O)=O)C1,-0.6484086621580379,,,,,,,,,,,,,,,,0.0,0.0,0.0,0.0
N(CCC(=O)OCCOC(=O)C(C)CSCCC(O)=O)(CCC(=O)OCCOC(=O)C(C)CSCCC(O)=O)CCN1CCCC1,-0.6484086621580379,,,,,,,,,,,,,,,,0.0,0.0,0.0,0.0
N(CCC(=O)OCCOC(=O)C(C)CSCCC(O)=O)(CCC(=O)OCCOC(=O)C(C)CSCCC(O)=O)CCCN1CCN(CCCN(CCC(=O)OCCOC(=O)C(C)CSCCC(O)=O)(CCC(=O)OCCOC(=O)C(C)CSCCC(O)=O))CC1,-0.6484086621580379,,,,,,,,,,,,,,,,0.0,0.0,0.0,0.0
N(CCC(=O)OCCOC(=O)C(C)CSCCC(O)=O)(CCC(=O)OCCOC(=O)C(C)CSCCC(O)=O)CCOCCOCCN(CCC(=O)OCCOC(=O)C(C)CSCCC(O)=O)CCC(=O)OCCOC(=O)C(C)CSCCC(O)=O,-0.6484086621580379,,,,,,,,,,,,,,,,0.0,0.0,0.0,0.0
N(CCC(=O)OCCOC(=O)C(C)CSCCC(O)=O)(CCC(=O)OCCOC(=O)C(C)CSCCC(O)=O)CCNCCN(CCC(=O)OCCOC(=O)C(C)CSCCC(O)=O)CCNCCN(CCC(=O)OCCOC(=O)C(C)CSCCC(O)=O)CCC(=O)OCCOC(=O)C(C)CSCCC(O)=O,-0.6484086621580379,,,,,,,,,,,,,,,,0.0,0.0,0.0,0.0
CCCCCCCCN(CCC(=O)OCCOC(=O)C(C)CSCCC(O)=O)CCCCCCCC,-0.6484086621580379,,,,,,,,,,,,,,,,0.0,0.0,0.0,0.0
CCCCCCCCCCCCN(CCC(=O)OCCOC(=O)C(C)CSCCC(O)=O)CCC(=O)OCCOC(=O)C(C)CSCCC(O)=O,-0.6484086621580379,,,,,,,,,,,,,,,,0.0,0.0,0.0,0.0
N(CCC(=O)OCCOC(=O)C(C)CSCCCCCC(O)=O)(CCC(=O)OCCOC(=O)C(C)CSCCCCCC(O)=O)CCN1CCCC1,-0.6484086621580379,,,,,,,,,,,,,,,,0.0,0.0,0.0,0.0
N(CCC(=O)OCCOC(=O)C(C)CSCCCCCC(O)=O)(CCC(=O)OCCOC(=O)C(C)CSCCCCCC(O)=O)CCCN1CCN(CCCN(CCC(=O)OCCOC(=O)C(C)CSCCCCCC(O)=O)(CCC(=O)OCCOC(=O)C(C)CSCCCCCC(O)=O))CC1,-0.6484086621580379,,,,,,,,,,,,,,,,0.0,0.0,0.0,0.0
N(CCC(=O)OCCOC(=O)C(C)CSCCCCCC(O)=O)(CCC(=O)OCCOC(=O)C(C)CSCCCCCC(O)=O)CCOCCOCCN(CCC(=O)OCCOC(=O)C(C)CSCCCCCC(O)=O)CCC(=O)OCCOC(=O)C(C)CSCCCCCC(O)=O,-0.6484086621580379,,,,,,,,,,,,,,,,0.0,0.0,0.0,0.0
N(CCC(=O)OCCOC(=O)C(C)CSCCCCCC(O)=O)(CCC(=O)OCCOC(=O)C(C)CSCCCCCC(O)=O)CCNCCN(CCC(=O)OCCOC(=O)C(C)CSCCCCCC(O)=O)CCNCCN(CCC(=O)OCCOC(=O)C(C)CSCCCCCC(O)=O)CCC(=O)OCCOC(=O)C(C)CSCCCCCC(O)=O,-0.6484086621580379,,,,,,,,,,,,,,,,0.0,0.0,0.0,0.0
CCCCCCCCN(CCC(=O)OCCOC(=O)C(C)CSCCCCCC(O)=O)CCCCCCCC,-0.6484086621580379,,,,,,,,,,,,,,,,0.0,0.0,0.0,0.0
CCCCCCCCCCCCN(CCC(=O)OCCOC(=O)C(C)CSCCCCCC(O)=O)CCC(=O)OCCOC(=O)C(C)CSCCCCCC(O)=O,-0.6484086621580379,,,,,,,,,,,,,,,,0.0,0.0,0.0,0.0
C1N(C)CCN(CCC(=O)OCCOC(=O)C(C)CSCCCCCCCCCCC(O)=O)C1,-0.6484086621580379,,,,,,,,,,,,,,,,0.0,0.0,0.0,0.0
N(CCC(=O)OCCOC(=O)C(C)CSCCCCCCCCCCC(O)=O)(CCC(=O)OCCOC(=O)C(C)CSCCCCCCCCCCC(O)=O)CCN1CCCC1,-0.6484086621580379,,,,,,,,,,,,,,,,0.0,0.0,0.0,0.0
N(CCC(=O)OCCOC(=O)C(C)CSCCCCCCCCCCC(O)=O)(CCC(=O)OCCOC(=O)C(C)CSCCCCCCCCCCC(O)=O)CCCN1CCN(CCCN(CCC(=O)OCCOC(=O)C(C)CSCCCCCCCCCCC(O)=O)(CCC(=O)OCCOC(=O)C(C)CSCCCCCCCCCCC(O)=O))CC1,-0.6484086621580379,,,,,,,,,,,,,,,,0.0,0.0,0.0,0.0
CCCCCCCCN(CCC(=O)OCCOC(=O)C(C)CSCCCCCCCCCCC(O)=O)CCCCCCCC,-0.6484086621580379,,,,,,,,,,,,,,,,0.0,0.0,0.0,0.0
CCCCCCCCCCCCN(CCC(=O)OCCOC(=O)C(C)CSCCCCCCCCCCC(O)=O)CCC(=O)OCCOC(=O)C(C)CSCCCCCCCCCCC(O)=O,-0.6484086621580379,,,,,,,,,,,,,,,,0.0,0.0,0.0,0.0
C1N(C)CCN(CCC(=O)OCCOC(=O)C(C)CSCCO)C1,-0.6484086621580379,,,,,,,,,,,,,,,,0.0,0.0,0.0,0.0
N(CCC(=O)OCCOC(=O)C(C)CSCCO)(CCC(=O)OCCOC(=O)C(C)CSCCO)CCN1CCCC1,-0.6484086621580379,,,,,,,,,,,,,,,,0.0,0.0,0.0,0.0
N(CCC(=O)OCCOC(=O)C(C)CSCCO)(CCC(=O)OCCOC(=O)C(C)CSCCO)CCCN1CCN(CCCN(CCC(=O)OCCOC(=O)C(C)CSCCO)(CCC(=O)OCCOC(=O)C(C)CSCCO))CC1,-0.6484086621580379,,,,,,,,,,,,,,,,0.0,0.0,0.0,0.0
N(CCC(=O)OCCOC(=O)C(C)CSCCO)(CCC(=O)OCCOC(=O)C(C)CSCCO)CCOCCOCCN(CCC(=O)OCCOC(=O)C(C)CSCCO)CCC(=O)OCCOC(=O)C(C)CSCCO,-0.6484086621580379,,,,,,,,,,,,,,,,0.0,0.0,0.0,0.0
N(CCC(=O)OCCOC(=O)C(C)CSCCO)(CCC(=O)OCCOC(=O)C(C)CSCCO)CCNCCN(CCC(=O)OCCOC(=O)C(C)CSCCO)CCNCCN(CCC(=O)OCCOC(=O)C(C)CSCCO)CCC(=O)OCCOC(=O)C(C)CSCCO,-0.6484086621580379,,,,,,,,,,,,,,,,0.0,0.0,0.0,0.0
CCCCCCCCN(CCC(=O)OCCOC(=O)C(C)CSCCO)CCCCCCCC,-0.6484086621580379,,,,,,,,,,,,,,,,0.0,0.0,0.0,0.0
CCCCCCCCCCCCN(CCC(=O)OCCOC(=O)C(C)CSCCO)CCC(=O)OCCOC(=O)C(C)CSCCO,-0.6484086621580379,,,,,,,,,,,,,,,,0.0,0.0,0.0,0.0
CCCCCCCCCCCCCCCCCCN(CCC(=O)OCCOC(=O)C(C)CSCCO)CCC(=O)OCCOC(=O)C(C)CSCCO,-0.6484086621580379,,,,,,,,,,,,,,,,0.0,0.0,0.0,0.0
C1N(C)CCN(CCC(=O)OCCOC(=O)C(C)CSCC(O)CO)C1,-0.6484086621580379,,,,,,,,,,,,,,,,0.0,0.0,0.0,0.0
N(CCC(=O)OCCOC(=O)C(C)CSCC(O)CO)(CCC(=O)OCCOC(=O)C(C)CSCC(O)CO)CCN1CCCC1,-0.6484086621580379,,,,,,,,,,,,,,,,0.0,0.0,0.0,0.0
N(CCC(=O)OCCOC(=O)C(C)CSCC(O)CO)(CCC(=O)OCCOC(=O)C(C)CSCC(O)CO)CCOCCOCCN(CCC(=O)OCCOC(=O)C(C)CSCC(O)CO)CCC(=O)OCCOC(=O)C(C)CSCC(O)CO,-0.6484086621580379,,,,,,,,,,,,,,,,0.0,0.0,0.0,0.0
N(CCC(=O)OCCOC(=O)C(C)CSCC(O)CO)(CCC(=O)OCCOC(=O)C(C)CSCC(O)CO)CCNCCN(CCC(=O)OCCOC(=O)C(C)CSCC(O)CO)CCNCCN(CCC(=O)OCCOC(=O)C(C)CSCC(O)CO)CCC(=O)OCCOC(=O)C(C)CSCC(O)CO,-0.6484086621580379,,,,,,,,,,,,,,,,0.0,0.0,0.0,0.0
CCCCCCCCN(CCC(=O)OCCOC(=O)C(C)CSCC(O)CO)CCCCCCCC,-0.6484086621580379,,,,,,,,,,,,,,,,0.0,0.0,0.0,0.0
CCCCCCCCCCCCN(CCC(=O)OCCOC(=O)C(C)CSCC(O)CO)CCC(=O)OCCOC(=O)C(C)CSCC(O)CO,-0.6484086621580379,,,,,,,,,,,,,,,,0.0,0.0,0.0,0.0
CCCCCCCCCCCCCCCCCCN(CCC(=O)OCCOC(=O)C(C)CSCC(O)CO)CCC(=O)OCCOC(=O)C(C)CSCC(O)CO,-0.6484086621580379,,,,,,,,,,,,,,,,0.0,0.0,0.0,0.0
CCCCCCCCN(CCC(=O)OCCOC(=O)C(C)CSCCCO)CCCCCCCC,-0.6484086621580379,,,,,,,,,,,,,,,,0.0,0.0,0.0,0.0
CCCCCCCCCCCCCCCCCCN(CCC(=O)OCCOC(=O)C(C)CSCCCO)CCC(=O)OCCOC(=O)C(C)CSCCCO,-0.6484086621580379,,,,,,,,,,,,,,,,0.0,0.0,0.0,0.0
C1N(C)CCN(CCC(=O)OCCOC(=O)C(C)CSCCCCO)C1,-0.6484086621580379,,,,,,,,,,,,,,,,0.0,0.0,0.0,0.0
N(CCC(=O)OCCOC(=O)C(C)CSCCCCO)(CCC(=O)OCCOC(=O)C(C)CSCCCCO)CCCN1CCN(CCCN(CCC(=O)OCCOC(=O)C(C)CSCCCCO)(CCC(=O)OCCOC(=O)C(C)CSCCCCO))CC1,-0.6484086621580379,,,,,,,,,,,,,,,,0.0,0.0,0.0,0.0
CCCCCCCCN(CCC(=O)OCCOC(=O)C(C)CSCCCCO)CCCCCCCC,-0.6484086621580379,,,,,,,,,,,,,,,,0.0,0.0,0.0,0.0
CCCCCCCCCCCCN(CCC(=O)OCCOC(=O)C(C)CSCCCCO)CCC(=O)OCCOC(=O)C(C)CSCCCCO,-0.6484086621580379,,,,,,,,,,,,,,,,0.0,0.0,0.0,0.0
CCCCCCCCCCCCCCCCCCN(CCC(=O)OCCOC(=O)C(C)CSCCCCO)CCC(=O)OCCOC(=O)C(C)CSCCCCO,-0.6484086621580379,,,,,,,,,,,,,,,,0.0,0.0,0.0,0.0
C1N(C)CCN(CCC(=O)OCCOC(=O)C(C)CSCCCCCCO)C1,-0.6484086621580379,,,,,,,,,,,,,,,,0.0,0.0,0.0,0.0
N(CCC(=O)OCCOC(=O)C(C)CSCCCCCCO)(CCC(=O)OCCOC(=O)C(C)CSCCCCCCO)CCN1CCCC1,-0.6484086621580379,,,,,,,,,,,,,,,,0.0,0.0,0.0,0.0
N(CCC(=O)OCCOC(=O)C(C)CSCCCCCCO)(CCC(=O)OCCOC(=O)C(C)CSCCCCCCO)CCCN1CCN(CCCN(CCC(=O)OCCOC(=O)C(C)CSCCCCCCO)(CCC(=O)OCCOC(=O)C(C)CSCCCCCCO))CC1,-0.6484086621580379,,,,,,,,,,,,,,,,0.0,0.0,0.0,0.0
N(CCC(=O)OCCOC(=O)C(C)CSCCCCCCO)(CCC(=O)OCCOC(=O)C(C)CSCCCCCCO)CCOCCOCCN(CCC(=O)OCCOC(=O)C(C)CSCCCCCCO)CCC(=O)OCCOC(=O)C(C)CSCCCCCCO,-0.6484086621580379,,,,,,,,,,,,,,,,0.0,0.0,0.0,0.0
N(CCC(=O)OCCOC(=O)C(C)CSCCCCCCO)(CCC(=O)OCCOC(=O)C(C)CSCCCCCCO)CCNCCN(CCC(=O)OCCOC(=O)C(C)CSCCCCCCO)CCNCCN(CCC(=O)OCCOC(=O)C(C)CSCCCCCCO)CCC(=O)OCCOC(=O)C(C)CSCCCCCCO,-0.6484086621580379,,,,,,,,,,,,,,,,0.0,0.0,0.0,0.0
CCCCCCCCN(CCC(=O)OCCOC(=O)C(C)CSCCCCCCO)CCCCCCCC,-0.6484086621580379,,,,,,,,,,,,,,,,0.0,0.0,0.0,0.0
CCCCCCCCCCCCN(CCC(=O)OCCOC(=O)C(C)CSCCCCCCO)CCC(=O)OCCOC(=O)C(C)CSCCCCCCO,-0.6484086621580379,,,,,,,,,,,,,,,,0.0,0.0,0.0,0.0
CCCCCCCCCCCCCCCCCCN(CCC(=O)OCCOC(=O)C(C)CSCCCCCCO)CCC(=O)OCCOC(=O)C(C)CSCCCCCCO,-0.6484086621580379,,,,,,,,,,,,,,,,0.0,0.0,0.0,0.0
C1N(C)CCN(CCC(=O)OCCOC(=O)C(C)CSCCCCCCCCCCCO)C1,-0.6484086621580379,,,,,,,,,,,,,,,,0.0,0.0,0.0,0.0
N(CCC(=O)OCCOC(=O)C(C)CSCCCCCCCCCCCO)(CCC(=O)OCCOC(=O)C(C)CSCCCCCCCCCCCO)CCCN1CCN(CCCN(CCC(=O)OCCOC(=O)C(C)CSCCCCCCCCCCCO)(CCC(=O)OCCOC(=O)C(C)CSCCCCCCCCCCCO))CC1,-0.6484086621580379,,,,,,,,,,,,,,,,0.0,0.0,0.0,0.0
N(CCC(=O)OCCOC(=O)C(C)CSCCCCCCCCCCCO)(CCC(=O)OCCOC(=O)C(C)CSCCCCCCCCCCCO)CCOCCOCCN(CCC(=O)OCCOC(=O)C(C)CSCCCCCCCCCCCO)CCC(=O)OCCOC(=O)C(C)CSCCCCCCCCCCCO,-0.6484086621580379,,,,,,,,,,,,,,,,0.0,0.0,0.0,0.0
N(CCC(=O)OCCOC(=O)C(C)CSCCCCCCCCCCCO)(CCC(=O)OCCOC(=O)C(C)CSCCCCCCCCCCCO)CCNCCN(CCC(=O)OCCOC(=O)C(C)CSCCCCCCCCCCCO)CCNCCN(CCC(=O)OCCOC(=O)C(C)CSCCCCCCCCCCCO)CCC(=O)OCCOC(=O)C(C)CSCCCCCCCCCCCO,-0.6484086621580379,,,,,,,,,,,,,,,,0.0,0.0,0.0,0.0
CCCCCCCCN(CCC(=O)OCCOC(=O)C(C)CSCCCCCCCCCCCO)CCCCCCCC,-0.6484086621580379,,,,,,,,,,,,,,,,0.0,0.0,0.0,0.0
CCCCCCCCCCCCN(CCC(=O)OCCOC(=O)C(C)CSCCCCCCCCCCCO)CCC(=O)OCCOC(=O)C(C)CSCCCCCCCCCCCO,-0.6484086621580379,,,,,,,,,,,,,,,,0.0,0.0,0.0,0.0
CCCCCCCCCCCCCCCCCCN(CCC(=O)OCCOC(=O)C(C)CSCCCCCCCCCCCO)CCC(=O)OCCOC(=O)C(C)CSCCCCCCCCCCCO,-0.6484086621580379,,,,,,,,,,,,,,,,0.0,0.0,0.0,0.0
N(CCC(=O)OCCOC(=O)C(C)CSCCN(C)C)(CCC(=O)OCCOC(=O)C(C)CSCCN(C)C)CCN1CCCC1,-0.6484086621580379,,,,,,,,,,,,,,,,0.0,0.0,0.0,0.0
N(CCC(=O)OCCOC(=O)C(C)CSCCN(C)C)(CCC(=O)OCCOC(=O)C(C)CSCCN(C)C)CCOCCOCCN(CCC(=O)OCCOC(=O)C(C)CSCCN(C)C)CCC(=O)OCCOC(=O)C(C)CSCCN(C)C,-0.6484086621580379,,,,,,,,,,,,,,,,0.0,0.0,0.0,0.0
N(CCC(=O)OCCOC(=O)C(C)CSCCN(C)C)(CCC(=O)OCCOC(=O)C(C)CSCCN(C)C)CCNCCN(CCC(=O)OCCOC(=O)C(C)CSCCN(C)C)CCNCCN(CCC(=O)OCCOC(=O)C(C)CSCCN(C)C)CCC(=O)OCCOC(=O)C(C)CSCCN(C)C,-0.6484086621580379,,,,,,,,,,,,,,,,0.0,0.0,0.0,0.0
CCCCCCCCN(CCC(=O)OCCOC(=O)C(C)CSCCN(C)C)CCCCCCCC,-0.6484086621580379,,,,,,,,,,,,,,,,0.0,0.0,0.0,0.0
CCCCCCCCCCCCN(CCC(=O)OCCOC(=O)C(C)CSCCN(C)C)CCC(=O)OCCOC(=O)C(C)CSCCN(C)C,-0.6484086621580379,,,,,,,,,,,,,,,,0.0,0.0,0.0,0.0
CCCCCCCCCCCCCCCCCCN(CCC(=O)OCCOC(=O)C(C)CSCCN(C)C)CCC(=O)OCCOC(=O)C(C)CSCCN(C)C,-0.6484086621580379,,,,,,,,,,,,,,,,0.0,0.0,0.0,0.0
C1N(C)CCN(CCC(=O)OCCOC(=O)C(C)CSCCNCCCC)C1,-0.6484086621580379,,,,,,,,,,,,,,,,0.0,0.0,0.0,0.0
N(CCC(=O)OCCOC(=O)C(C)CSCCNCCCC)(CCC(=O)OCCOC(=O)C(C)CSCCNCCCC)CCN1CCCC1,-0.6484086621580379,,,,,,,,,,,,,,,,0.0,0.0,0.0,0.0
N(CCC(=O)OCCOC(=O)C(C)CSCCNCCCC)(CCC(=O)OCCOC(=O)C(C)CSCCNCCCC)CCCN1CCN(CCCN(CCC(=O)OCCOC(=O)C(C)CSCCNCCCC)(CCC(=O)OCCOC(=O)C(C)CSCCNCCCC))CC1,-0.6484086621580379,,,,,,,,,,,,,,,,0.0,0.0,0.0,0.0
N(CCC(=O)OCCOC(=O)C(C)CSCCNCCCC)(CCC(=O)OCCOC(=O)C(C)CSCCNCCCC)CCOCCOCCN(CCC(=O)OCCOC(=O)C(C)CSCCNCCCC)CCC(=O)OCCOC(=O)C(C)CSCCNCCCC,-0.6484086621580379,,,,,,,,,,,,,,,,0.0,0.0,0.0,0.0
N(CCC(=O)OCCOC(=O)C(C)CSCCNCCCC)(CCC(=O)OCCOC(=O)C(C)CSCCNCCCC)CCNCCN(CCC(=O)OCCOC(=O)C(C)CSCCNCCCC)CCNCCN(CCC(=O)OCCOC(=O)C(C)CSCCNCCCC)CCC(=O)OCCOC(=O)C(C)CSCCNCCCC,-0.6484086621580379,,,,,,,,,,,,,,,,0.0,0.0,0.0,0.0
CCCCCCCCN(CCC(=O)OCCOC(=O)C(C)CSCCNCCCC)CCCCCCCC,-0.6484086621580379,,,,,,,,,,,,,,,,0.0,0.0,0.0,0.0
CCCCCCCCCCCCN(CCC(=O)OCCOC(=O)C(C)CSCCNCCCC)CCC(=O)OCCOC(=O)C(C)CSCCNCCCC,-0.6484086621580379,,,,,,,,,,,,,,,,0.0,0.0,0.0,0.0
C1N(C)CCN(CCC(=O)OCCOC(=O)C(C)CSCCN(CC)CC)C1,-0.6484086621580379,,,,,,,,,,,,,,,,0.0,0.0,0.0,0.0
N(CCC(=O)OCCOC(=O)C(C)CSCCN(CC)CC)(CCC(=O)OCCOC(=O)C(C)CSCCN(CC)CC)CCN1CCCC1,-0.6484086621580379,,,,,,,,,,,,,,,,0.0,0.0,0.0,0.0
N(CCC(=O)OCCOC(=O)C(C)CSCCN(CC)CC)(CCC(=O)OCCOC(=O)C(C)CSCCN(CC)CC)CCOCCOCCN(CCC(=O)OCCOC(=O)C(C)CSCCN(CC)CC)CCC(=O)OCCOC(=O)C(C)CSCCN(CC)CC,-0.6484086621580379,,,,,,,,,,,,,,,,0.0,0.0,0.0,0.0
N(CCC(=O)OCCOC(=O)C(C)CSCCN(CC)CC)(CCC(=O)OCCOC(=O)C(C)CSCCN(CC)CC)CCNCCN(CCC(=O)OCCOC(=O)C(C)CSCCN(CC)CC)CCNCCN(CCC(=O)OCCOC(=O)C(C)CSCCN(CC)CC)CCC(=O)OCCOC(=O)C(C)CSCCN(CC)CC,-0.6484086621580379,,,,,,,,,,,,,,,,0.0,0.0,0.0,0.0
CCCCCCCCN(CCC(=O)OCCOC(=O)C(C)CSCCN(CC)CC)CCCCCCCC,-0.6484086621580379,,,,,,,,,,,,,,,,0.0,0.0,0.0,0.0
CCCCCCCCCCCCN(CCC(=O)OCCOC(=O)C(C)CSCCN(CC)CC)CCC(=O)OCCOC(=O)C(C)CSCCN(CC)CC,-0.6484086621580379,,,,,,,,,,,,,,,,0.0,0.0,0.0,0.0
CCCCCCCCCCCCCCCCCCN(CCC(=O)OCCOC(=O)C(C)CSCCN(CC)CC)CCC(=O)OCCOC(=O)C(C)CSCCN(CC)CC,-0.6484086621580379,,,,,,,,,,,,,,,,0.0,0.0,0.0,0.0
C1N(C)CCN(CCC(=O)OCCOC(=O)C(C)CSCCN5CCCC5)C1,-0.6484086621580379,,,,,,,,,,,,,,,,0.0,0.0,0.0,0.0
N(CCC(=O)OCCOC(=O)C(C)CSCCN5CCCC5)(CCC(=O)OCCOC(=O)C(C)CSCCN5CCCC5)CCN1CCCC1,-0.6484086621580379,,,,,,,,,,,,,,,,0.0,0.0,0.0,0.0
N(CCC(=O)OCCOC(=O)C(C)CSCCN5CCCC5)(CCC(=O)OCCOC(=O)C(C)CSCCN5CCCC5)CCCN1CCN(CCCN(CCC(=O)OCCOC(=O)C(C)CSCCN5CCCC5)(CCC(=O)OCCOC(=O)C(C)CSCCN5CCCC5))CC1,-0.6484086621580379,,,,,,,,,,,,,,,,0.0,0.0,0.0,0.0
N(CCC(=O)OCCOC(=O)C(C)CSCCN5CCCC5)(CCC(=O)OCCOC(=O)C(C)CSCCN5CCCC5)CCOCCOCCN(CCC(=O)OCCOC(=O)C(C)CSCCN5CCCC5)CCC(=O)OCCOC(=O)C(C)CSCCN5CCCC5,-0.6484086621580379,,,,,,,,,,,,,,,,0.0,0.0,0.0,0.0
N(CCC(=O)OCCOC(=O)C(C)CSCCN5CCCC5)(CCC(=O)OCCOC(=O)C(C)CSCCN5CCCC5)CCNCCN(CCC(=O)OCCOC(=O)C(C)CSCCN5CCCC5)CCNCCN(CCC(=O)OCCOC(=O)C(C)CSCCN5CCCC5)CCC(=O)OCCOC(=O)C(C)CSCCN5CCCC5,-0.6484086621580379,,,,,,,,,,,,,,,,0.0,0.0,0.0,0.0
CCCCCCCCN(CCC(=O)OCCOC(=O)C(C)CSCCN5CCCC5)CCCCCCCC,-0.6484086621580379,,,,,,,,,,,,,,,,0.0,0.0,0.0,0.0
CCCCCCCCCCCCCCCCCCN(CCC(=O)OCCOC(=O)C(C)CSCCN5CCCC5)CCC(=O)OCCOC(=O)C(C)CSCCN5CCCC5,-0.6484086621580379,,,,,,,,,,,,,,,,0.0,0.0,0.0,0.0
C1N(C)CCN(CCC(=O)OCCOC(=O)C(C)CSCCN5CCCCC5)C1,-0.6484086621580379,,,,,,,,,,,,,,,,0.0,0.0,0.0,0.0
N(CCC(=O)OCCOC(=O)C(C)CSCCN5CCCCC5)(CCC(=O)OCCOC(=O)C(C)CSCCN5CCCCC5)CCNCCN(CCC(=O)OCCOC(=O)C(C)CSCCN5CCCCC5)CCNCCN(CCC(=O)OCCOC(=O)C(C)CSCCN5CCCCC5)CCC(=O)OCCOC(=O)C(C)CSCCN5CCCCC5,-0.6484086621580379,,,,,,,,,,,,,,,,0.0,0.0,0.0,0.0
CCCCCCCCN(CCC(=O)OCCOC(=O)C(C)CSCCN5CCCCC5)CCCCCCCC,-0.6484086621580379,,,,,,,,,,,,,,,,0.0,0.0,0.0,0.0
CCCCCCCCCCCCCCCCCCN(CCC(=O)OCCOC(=O)C(C)CSCCN5CCCCC5)CCC(=O)OCCOC(=O)C(C)CSCCN5CCCCC5,-0.6484086621580379,,,,,,,,,,,,,,,,0.0,0.0,0.0,0.0
C1N(C)CCN(CCC(=O)OCCOC(=O)C(C)CSCCN5CCCCCC5)C1,-0.6484086621580379,,,,,,,,,,,,,,,,0.0,0.0,0.0,0.0
N(CCC(=O)OCCOC(=O)C(C)CSCCN5CCCCCC5)(CCC(=O)OCCOC(=O)C(C)CSCCN5CCCCCC5)CCN1CCCC1,-0.6484086621580379,,,,,,,,,,,,,,,,0.0,0.0,0.0,0.0
N(CCC(=O)OCCOC(=O)C(C)CSCCN5CCCCCC5)(CCC(=O)OCCOC(=O)C(C)CSCCN5CCCCCC5)CCCN1CCN(CCCN(CCC(=O)OCCOC(=O)C(C)CSCCN5CCCCCC5)(CCC(=O)OCCOC(=O)C(C)CSCCN5CCCCCC5))CC1,-0.6484086621580379,,,,,,,,,,,,,,,,0.0,0.0,0.0,0.0
N(CCC(=O)OCCOC(=O)C(C)CSCCN5CCCCCC5)(CCC(=O)OCCOC(=O)C(C)CSCCN5CCCCCC5)CCOCCOCCN(CCC(=O)OCCOC(=O)C(C)CSCCN5CCCCCC5)CCC(=O)OCCOC(=O)C(C)CSCCN5CCCCCC5,-0.6484086621580379,,,,,,,,,,,,,,,,0.0,0.0,0.0,0.0
N(CCC(=O)OCCOC(=O)C(C)CSCCN5CCCCCC5)(CCC(=O)OCCOC(=O)C(C)CSCCN5CCCCCC5)CCNCCN(CCC(=O)OCCOC(=O)C(C)CSCCN5CCCCCC5)CCNCCN(CCC(=O)OCCOC(=O)C(C)CSCCN5CCCCCC5)CCC(=O)OCCOC(=O)C(C)CSCCN5CCCCCC5,-0.6484086621580379,,,,,,,,,,,,,,,,0.0,0.0,0.0,0.0
CCCCCCCCN(CCC(=O)OCCOC(=O)C(C)CSCCN5CCCCCC5)CCCCCCCC,-0.6484086621580379,,,,,,,,,,,,,,,,0.0,0.0,0.0,0.0
CCCCCCCCCCCCN(CCC(=O)OCCOC(=O)C(C)CSCCN5CCCCCC5)CCC(=O)OCCOC(=O)C(C)CSCCN5CCCCCC5,-0.6484086621580379,,,,,,,,,,,,,,,,0.0,0.0,0.0,0.0
C1N(C)CCN(CCC(=O)OCCOC(=O)C(C)CSCCN(CCC)CCC)C1,-0.6484086621580379,,,,,,,,,,,,,,,,0.0,0.0,0.0,0.0
N(CCC(=O)OCCOC(=O)C(C)CSCCN(CCC)CCC)(CCC(=O)OCCOC(=O)C(C)CSCCN(CCC)CCC)CCN1CCCC1,-0.6484086621580379,,,,,,,,,,,,,,,,0.0,0.0,0.0,0.0
N(CCC(=O)OCCOC(=O)C(C)CSCCN(CCC)CCC)(CCC(=O)OCCOC(=O)C(C)CSCCN(CCC)CCC)CCCN1CCN(CCCN(CCC(=O)OCCOC(=O)C(C)CSCCN(CCC)CCC)(CCC(=O)OCCOC(=O)C(C)CSCCN(CCC)CCC))CC1,-0.6484086621580379,,,,,,,,,,,,,,,,0.0,0.0,0.0,0.0
N(CCC(=O)OCCOC(=O)C(C)CSCCN(CCC)CCC)(CCC(=O)OCCOC(=O)C(C)CSCCN(CCC)CCC)CCOCCOCCN(CCC(=O)OCCOC(=O)C(C)CSCCN(CCC)CCC)CCC(=O)OCCOC(=O)C(C)CSCCN(CCC)CCC,-0.6484086621580379,,,,,,,,,,,,,,,,0.0,0.0,0.0,0.0
CCCCCCCCN(CCC(=O)OCCOC(=O)C(C)CSCCN(CCC)CCC)CCCCCCCC,-0.6484086621580379,,,,,,,,,,,,,,,,0.0,0.0,0.0,0.0
CCCCCCCCCCCCN(CCC(=O)OCCOC(=O)C(C)CSCCN(CCC)CCC)CCC(=O)OCCOC(=O)C(C)CSCCN(CCC)CCC,-0.6484086621580379,,,,,,,,,,,,,,,,0.0,0.0,0.0,0.0
CCCCCCCCCCCCCCCCCCN(CCC(=O)OCCOC(=O)C(C)CSCCN(CCC)CCC)CCC(=O)OCCOC(=O)C(C)CSCCN(CCC)CCC,-0.6484086621580379,,,,,,,,,,,,,,,,0.0,0.0,0.0,0.0
C1N(C)CCN(CCC(=O)OCCOC(=O)C(C)CSCCN(CCCC)CCCC)C1,-0.6484086621580379,,,,,,,,,,,,,,,,0.0,0.0,0.0,0.0
N(CCC(=O)OCCOC(=O)C(C)CSCCN(CCCC)CCCC)(CCC(=O)OCCOC(=O)C(C)CSCCN(CCCC)CCCC)CCN1CCCC1,-0.6484086621580379,,,,,,,,,,,,,,,,0.0,0.0,0.0,0.0
N(CCC(=O)OCCOC(=O)C(C)CSCCN(CCCC)CCCC)(CCC(=O)OCCOC(=O)C(C)CSCCN(CCCC)CCCC)CCCN1CCN(CCCN(CCC(=O)OCCOC(=O)C(C)CSCCN(CCCC)CCCC)(CCC(=O)OCCOC(=O)C(C)CSCCN(CCCC)CCCC))CC1,-0.6484086621580379,,,,,,,,,,,,,,,,0.0,0.0,0.0,0.0
CCCCCCCCN(CCC(=O)OCCOC(=O)C(C)CSCCN(CCCC)CCCC)CCCCCCCC,-0.6484086621580379,,,,,,,,,,,,,,,,0.0,0.0,0.0,0.0
CCCCCCCCCCCCN(CCC(=O)OCCOC(=O)C(C)CSCCN(CCCC)CCCC)CCC(=O)OCCOC(=O)C(C)CSCCN(CCCC)CCCC,-0.6484086621580379,,,,,,,,,,,,,,,,0.0,0.0,0.0,0.0
CCCCCCCCCCCCCCCCCCN(CCC(=O)OCCOC(=O)C(C)CSCCN(CCCC)CCCC)CCC(=O)OCCOC(=O)C(C)CSCCN(CCCC)CCCC,-0.6484086621580379,,,,,,,,,,,,,,,,0.0,0.0,0.0,0.0
N(CCC(=O)OCCOC(=O)C(C)CSCCCC(=O)N5CCN(CCO)CC5)(CCC(=O)OCCOC(=O)C(C)CSCCCC(=O)N5CCN(CCO)CC5)CCN1CCCC1,-0.6484086621580379,,,,,,,,,,,,,,,,0.0,0.0,0.0,0.0
N(CCC(=O)OCCOC(=O)C(C)CSCCCC(=O)N5CCN(CCO)CC5)(CCC(=O)OCCOC(=O)C(C)CSCCCC(=O)N5CCN(CCO)CC5)CCCN1CCN(CCCN(CCC(=O)OCCOC(=O)C(C)CSCCCC(=O)N5CCN(CCO)CC5)(CCC(=O)OCCOC(=O)C(C)CSCCCC(=O)N5CCN(CCO)CC5))CC1,-0.6484086621580379,,,,,,,,,,,,,,,,0.0,0.0,0.0,0.0
N(CCC(=O)OCCOC(=O)C(C)CSCCCC(=O)N5CCN(CCO)CC5)(CCC(=O)OCCOC(=O)C(C)CSCCCC(=O)N5CCN(CCO)CC5)CCNCCN(CCC(=O)OCCOC(=O)C(C)CSCCCC(=O)N5CCN(CCO)CC5)CCNCCN(CCC(=O)OCCOC(=O)C(C)CSCCCC(=O)N5CCN(CCO)CC5)CCC(=O)OCCOC(=O)C(C)CSCCCC(=O)N5CCN(CCO)CC5,-0.6484086621580379,,,,,,,,,,,,,,,,0.0,0.0,0.0,0.0
CCCCCCCCN(CCC(=O)OCCOC(=O)C(C)CSCCCC(=O)N5CCN(CCO)CC5)CCCCCCCC,-0.6484086621580379,,,,,,,,,,,,,,,,0.0,0.0,0.0,0.0
CCCCCCCCCCCCN(CCC(=O)OCCOC(=O)C(C)CSCCCC(=O)N5CCN(CCO)CC5)CCC(=O)OCCOC(=O)C(C)CSCCCC(=O)N5CCN(CCO)CC5,-0.6484086621580379,,,,,,,,,,,,,,,,0.0,0.0,0.0,0.0
CCCCCCCCCCCCCCCCCCN(CCC(=O)OCCOC(=O)C(C)CSCCCC(=O)N5CCN(CCO)CC5)CCC(=O)OCCOC(=O)C(C)CSCCCC(=O)N5CCN(CCO)CC5,-0.6484086621580379,,,,,,,,,,,,,,,,0.0,0.0,0.0,0.0
C1N(C)CCN(CCC(=O)OCCOC(=O)C(C)CSCCCC(=O)N(C)CCCN(C)C)C1,-0.6484086621580379,,,,,,,,,,,,,,,,0.0,0.0,0.0,0.0
N(CCC(=O)OCCOC(=O)C(C)CSCCCC(=O)N(C)CCCN(C)C)(CCC(=O)OCCOC(=O)C(C)CSCCCC(=O)N(C)CCCN(C)C)CCN1CCCC1,-0.6484086621580379,,,,,,,,,,,,,,,,0.0,0.0,0.0,0.0
N(CCC(=O)OCCOC(=O)C(C)CSCCCC(=O)N(C)CCCN(C)C)(CCC(=O)OCCOC(=O)C(C)CSCCCC(=O)N(C)CCCN(C)C)CCCN1CCN(CCCN(CCC(=O)OCCOC(=O)C(C)CSCCCC(=O)N(C)CCCN(C)C)(CCC(=O)OCCOC(=O)C(C)CSCCCC(=O)N(C)CCCN(C)C))CC1,-0.6484086621580379,,,,,,,,,,,,,,,,0.0,0.0,0.0,0.0
N(CCC(=O)OCCOC(=O)C(C)CSCCCC(=O)N(C)CCCN(C)C)(CCC(=O)OCCOC(=O)C(C)CSCCCC(=O)N(C)CCCN(C)C)CCOCCOCCN(CCC(=O)OCCOC(=O)C(C)CSCCCC(=O)N(C)CCCN(C)C)CCC(=O)OCCOC(=O)C(C)CSCCCC(=O)N(C)CCCN(C)C,-0.6484086621580379,,,,,,,,,,,,,,,,0.0,0.0,0.0,0.0
N(CCC(=O)OCCOC(=O)C(C)CSCCCC(=O)N(C)CCCN(C)C)(CCC(=O)OCCOC(=O)C(C)CSCCCC(=O)N(C)CCCN(C)C)CCNCCN(CCC(=O)OCCOC(=O)C(C)CSCCCC(=O)N(C)CCCN(C)C)CCNCCN(CCC(=O)OCCOC(=O)C(C)CSCCCC(=O)N(C)CCCN(C)C)CCC(=O)OCCOC(=O)C(C)CSCCCC(=O)N(C)CCCN(C)C,-0.6484086621580379,,,,,,,,,,,,,,,,0.0,0.0,0.0,0.0
CCCCCCCCN(CCC(=O)OCCOC(=O)C(C)CSCCCC(=O)N(C)CCCN(C)C)CCCCCCCC,-0.6484086621580379,,,,,,,,,,,,,,,,0.0,0.0,0.0,0.0
CCCCCCCCCCCCN(CCC(=O)OCCOC(=O)C(C)CSCCCC(=O)N(C)CCCN(C)C)CCC(=O)OCCOC(=O)C(C)CSCCCC(=O)N(C)CCCN(C)C,-0.6484086621580379,,,,,,,,,,,,,,,,0.0,0.0,0.0,0.0
C1N(C)CCN(CCC(=O)OCCOC(=O)C(C)CSCCCC(=O)N(C)CCN5(CCCCC5))C1,-0.6484086621580379,,,,,,,,,,,,,,,,0.0,0.0,0.0,0.0
N(CCC(=O)OCCOC(=O)C(C)CSCCCC(=O)N(C)CCN5(CCCCC5))(CCC(=O)OCCOC(=O)C(C)CSCCCC(=O)N(C)CCN5(CCCCC5))CCN1CCCC1,-0.6484086621580379,,,,,,,,,,,,,,,,0.0,0.0,0.0,0.0
N(CCC(=O)OCCOC(=O)C(C)CSCCCC(=O)N(C)CCN5(CCCCC5))(CCC(=O)OCCOC(=O)C(C)CSCCCC(=O)N(C)CCN5(CCCCC5))CCCN1CCN(CCCN(CCC(=O)OCCOC(=O)C(C)CSCCCC(=O)N(C)CCN5(CCCCC5))(CCC(=O)OCCOC(=O)C(C)CSCCCC(=O)N(C)CCN5(CCCCC5)))CC1,-0.6484086621580379,,,,,,,,,,,,,,,,0.0,0.0,0.0,0.0
N(CCC(=O)OCCOC(=O)C(C)CSCCCC(=O)N(C)CCN5(CCCCC5))(CCC(=O)OCCOC(=O)C(C)CSCCCC(=O)N(C)CCN5(CCCCC5))CCOCCOCCN(CCC(=O)OCCOC(=O)C(C)CSCCCC(=O)N(C)CCN5(CCCCC5))CCC(=O)OCCOC(=O)C(C)CSCCCC(=O)N(C)CCN5(CCCCC5),-0.6484086621580379,,,,,,,,,,,,,,,,0.0,0.0,0.0,0.0
N(CCC(=O)OCCOC(=O)C(C)CSCCCC(=O)N(C)CCN5(CCCCC5))(CCC(=O)OCCOC(=O)C(C)CSCCCC(=O)N(C)CCN5(CCCCC5))CCNCCN(CCC(=O)OCCOC(=O)C(C)CSCCCC(=O)N(C)CCN5(CCCCC5))CCNCCN(CCC(=O)OCCOC(=O)C(C)CSCCCC(=O)N(C)CCN5(CCCCC5))CCC(=O)OCCOC(=O)C(C)CSCCCC(=O)N(C)CCN5(CCCCC5),-0.6484086621580379,,,,,,,,,,,,,,,,0.0,0.0,0.0,0.0
CCCCCCCCN(CCC(=O)OCCOC(=O)C(C)CSCCCC(=O)N(C)CCN5(CCCCC5))CCCCCCCC,-0.6484086621580379,,,,,,,,,,,,,,,,0.0,0.0,0.0,0.0
CCCCCCCCCCCCN(CCC(=O)OCCOC(=O)C(C)CSCCCC(=O)N(C)CCN5(CCCCC5))CCC(=O)OCCOC(=O)C(C)CSCCCC(=O)N(C)CCN5(CCCCC5),-0.6484086621580379,,,,,,,,,,,,,,,,0.0,0.0,0.0,0.0
CCCCCCCCCCCCCCCCCCN(CCC(=O)OCCOC(=O)C(C)CSCCCC(=O)N(C)CCN5(CCCCC5))CCC(=O)OCCOC(=O)C(C)CSCCCC(=O)N(C)CCN5(CCCCC5),-0.6484086621580379,,,,,,,,,,,,,,,,0.0,0.0,0.0,0.0
N(CCC(=O)OCCOC(=O)C(C)CSCCCCCCCCCCCC)(CCC(=O)OCCOC(=O)C(C)CSCCCCCCCCCCCC)CCCN1CCN(CCCN(CCC(=O)OCCOC(=O)C(C)CSCCCCCCCCCCCC)(CCC(=O)OCCOC(=O)C(C)CSCCCCCCCCCCCC))CC1,1.2074501313102086,,,,,,,,,,,,,,,,0.0,0.0,0.0,0.0
N(CCC(=O)OCCOC(=O)C(C)CSCCCCCCCC)(CCC(=O)OCCOC(=O)C(C)CSCCCCCCCC)CCCN1CCN(CCCN(CCC(=O)OCCOC(=O)C(C)CSCCCCCCCC)(CCC(=O)OCCOC(=O)C(C)CSCCCCCCCC))CC1,1.2074501313102086,,,,,,,,,,,,,,,,0.0,0.0,0.0,0.0
N(CCC(=O)OCCOC(=O)C(C)CSCCCCCCCCCCCC)(CCC(=O)OCCOC(=O)C(C)CSCCCCCCCCCCCC)CCNCCN(CCC(=O)OCCOC(=O)C(C)CSCCCCCCCCCCCC)CCNCCN(CCC(=O)OCCOC(=O)C(C)CSCCCCCCCCCCCC)CCC(=O)OCCOC(=O)C(C)CSCCCCCCCCCCCC,-0.3239500352295682,,,,,,,,,,,,,,,,0.0,0.0,0.0,0.0
N(CCC(=O)OCCOC(=O)C(C)CSCCCCCCCC)(CCC(=O)OCCOC(=O)C(C)CSCCCCCCCC)CCNCCN(CCC(=O)OCCOC(=O)C(C)CSCCCCCCCC)CCNCCN(CCC(=O)OCCOC(=O)C(C)CSCCCCCCCC)CCC(=O)OCCOC(=O)C(C)CSCCCCCCCC,1.2074501313102086,,,,,,,,,,,,,,,,0.0,0.0,0.0,0.0
O=C(NCCCN(CCCCCCCCCCCC)CCCCCCCCCCCC)[C@H](C)N(CCCCCCCCCCCC)CCCCCCCCCCCC,,0.0,1.0,0.0,,,,,,,0.7745,,0.0,1.0,0.0,80.78,1.0,0.0,0.0,0.0
O=C(NCCCCCCN(CCCCCCCCCCCC)CCCCCCCCCCCC)[C@H](C)N(CCCCCCCCCCCC)CCCCCCCCCCCC,,1.0,0.0,0.0,,,,,,,,,0.0,1.0,0.0,166.4,0.0,1.0,0.0,0.0
O=C(NCCCN(CCCCCCCCCC)CCCCCCCCCC)[C@H](C)N(CCCCCCCCCC)CCCCCCCCCC,,1.0,0.0,0.0,,,,,,,,,0.0,0.0,0.0,85.0,1.0,0.0,0.0,0.0
O=C(NCCCCCCN(CCCCCCCC)CCCCCCCC)[C@H](C)N(CCCCCCCC)CCCCCCCC,,1.0,0.0,0.0,,,,,,,,,0.0,0.0,0.0,92.83,1.0,0.0,0.0,0.0
O=C(NCCCN(CCCCCCCC)CCCCCCCC)[C@H](C)N(CCCCCCCC)CCCCCCCC,,1.0,0.0,0.0,,,,,,,,,0.0,0.0,0.0,73.81,1.0,0.0,0.0,0.0
O=C(CCCCCCCC)OCCCCCCN(CCCNC([C@H](C)N(CCCCCCOC(CCCCCCCC)=O)CCCCCCOC(CCCCCCCC)=O)=O)CCCCCCOC(CCCCCCCC)=O,,1.0,0.0,0.0,,,,,,,,,0.0,0.0,0.0,87.67,1.0,0.0,0.0,0.0
O=C(CCCCCCC)OCCCCCCN(CCCNC([C@H](C)N(CCCCCCOC(CCCCCCC)=O)CCCCCCOC(CCCCCCC)=O)=O)CCCCCCOC(CCCCCCC)=O,,0.0,0.0,1.0,,,,,,,,,0.0,1.0,0.0,95.7,1.0,0.0,0.0,0.0
O=C(CCCCCC)OCCCCCCN(CCCNC([C@H](C)N(CCCCCCOC(CCCCCC)=O)CCCCCCOC(CCCCCC)=O)=O)CCCCCCOC(CCCCCC)=O,,0.0,0.0,1.0,,,,,,,,,0.0,1.0,0.0,109.5,1.0,0.0,0.0,0.0
O=C(CCCCCCCC)OCCCCCCN(CCCCCCNC([C@H](C)N(CCCCCCOC(CCCCCCCC)=O)CCCCCCOC(CCCCCCCC)=O)=O)CCCCCCOC(CCCCCCCC)=O,,0.0,0.0,1.0,,,,,,,,,0.0,1.0,0.0,109.8,1.0,0.0,0.0,0.0
O=C(CCCCCC)OCCCCCCN(CCCCCCNC([C@H](C)N(CCCCCCOC(CCCCCC)=O)CCCCCCOC(CCCCCC)=O)=O)CCCCCCOC(CCCCCC)=O,,0.0,1.0,0.0,,,,,,,,,0.0,1.0,0.0,140.6,0.0,1.0,0.0,0.0
O=C(NCCCCCCN(CCCCCCCC)CCCCCCCC)[C@H](C)N(CCCCCCCC)CCCCCCCC,,0.0,1.0,0.0,,,,,,,,,0.0,1.0,0.0,85.65,0.0,1.0,0.0,0.0
O=C(C(CCCCCCCC)CCCCCC)OCCCCCC[N+](CC)(CC)CC.[Br-],,1.0,0.0,0.0,,,,,,,,,0.0,0.0,0.0,117.0,0.0,1.0,0.0,0.0
O=C(OCCCCCCCC)CCN(CCC(OCCCCCCCC)=O)CCCCN(CCCCN(CCC(OCCCCCCCC)=O)CCC(OCCCCCCCC)=O)CCN(CC1=CN=CN1)CC2=CN=CN2,-0.7932524775798828,0.0,0.0,1.0,0.0042379852290665,0.003606059858827,0.0132163308359338,0.182768863634774,0.789078621894797,0.007092138546601,,0.0033387326299993,0.0,1.0,0.0,94.16,1.0,0.0,0.0,0.0
O=C(OCCCCCCCC)CCN(CCC(OCCCCCCCC)=O)CCCCN(CCCCN(CCC(OCCCCCCCC)=O)CCC(OCCCCCCCC)=O)CCN(CC1=CN=CN1)CC2=CN=CN2,-0.9932206279677468,0.0,0.0,1.0,0.0318134391856252,0.0195739470918212,0.0658637908929555,0.0405146823853727,0.0383355214778253,0.0445803960220688,0.759318222944331,0.0007826107131428,0.0,1.0,0.0,94.16,1.0,0.0,0.0,0.0
O=C(OCCCCCCCC)CCN(CCC(OCCCCCCCC)=O)CCCCN(CCN1CC(C(OC)=O)CC1=O)CCCCN(CCC(OCCCCCCCC)=O)CCC(OCCCCCCCC)=O,-0.9790979415255276,0.0,1.0,0.0,0.0138253404297663,0.006703759222215,0.064918033729737,0.0310082272870404,0.0307691214666871,0.0156091189056244,0.83716639895893,0.0111434256880136,0.0,1.0,0.0,160.06,1.0,0.0,0.0,0.0
O=C(OCCCCCCCC)CCN(CCC(OCCCCCCCC)=O)CCCCN(CCN1CC(C(OC)=O)CC1=O)CCCCN(CCC(OCCCCCCCC)=O)CCC(OCCCCCCCC)=O,-0.3581770684173719,0.0,1.0,0.0,0.0087382681367643,0.0014511247593954,0.193065080283125,0.778197018798523,0.014433213681334,0.0041152943408582,,0.165721665234437,0.0,1.0,0.0,160.06,1.0,0.0,0.0,0.0
O=C(OCCCCCCCC)CCN(CCC(OCCCCCCCC)=O)CCCCN(CCCCN(CCC(OCCCCCCCC)=O)CCC(OCCCCCCCC)=O)CCNC([C@@H](N)CC1=CN=CN1)=O,-0.9898245769997748,0.0,0.0,1.0,0.0172566765287249,0.0031834436541191,0.0712890876960715,0.171965068058214,0.0218135302099503,0.0115493777455846,0.702942816107335,0.00327405282427,0.0,1.0,0.0,104.73,0.0,1.0,0.0,0.0
O=C(OCCCCCCCC)CCN(CCC(OCCCCCCCC)=O)CCCCN(CCCCN(CCC(OCCCCCCCC)=O)CCC(OCCCCCCCC)=O)CCNC([C@@H](N)CC1=CN=CN1)=O,-0.7719492498908107,0.0,0.0,1.0,0.0017198350198896,0.0018956101670469,0.0120716635806003,0.711278646835123,0.270438826106656,0.0025954182906838,,0.0112897234542117,0.0,1.0,0.0,104.73,0.0,1.0,0.0,0.0
O=C(OCCCCCCCC)CCN(CCC(OCCCCCCCC)=O)CCCCN(CCCCN(CCC(OCCCCCCCC)=O)CCC(OCCCCCCCC)=O)CCNC([C@@H](N)CCCCN)=O,,1.0,0.0,0.0,,,,,,,,,0.0,0.0,0.0,66.88,0.0,1.0,0.0,0.0
