{"num_mu": {"Cationic_Lipid_Mass_Ratio": 10.707576751708984, "Phospholipid_Mass_Ratio": 3.1967031955718994, "Cholesterol_Mass_Ratio": 3.4617512226104736, "PEG_Lipid_Mass_Ratio": 1.6432850360870361, "Cationic_Lipid_Mol_Ratio": 45.513214111328125, "Phospholipid_Mol_Ratio": 19.19008445739746, "Cholesterol_Mol_Ratio": 33.2835578918457, "PEG_Lipid_Mol_Ratio": 2.0130844116210938, "Cationic_Lipid_to_mRNA_weight_ratio": 10.633238792419434, "size": 5.903571605682373, "PDI": 0.0, "Purity": 0.0}, "num_sd": {"Cationic_Lipid_Mass_Ratio": 22.742874145507812, "Phospholipid_Mass_Ratio": 7.637477397918701, "Cholesterol_Mass_Ratio": 7.662389755249023, "PEG_Lipid_Mass_Ratio": 4.033186912536621, "Cationic_Lipid_Mol_Ratio": 18.002342224121094, "Phospholipid_Mol_Ratio": 11.852645874023438, "Cholesterol_Mol_Ratio": 16.56505584716797, "PEG_Lipid_Mol_Ratio": 1.1403614282608032, "Cationic_Lipid_to_mRNA_weight_ratio": 5.419266700744629, "size": 90.35078430175781, "PDI": 1.0, "Purity": 1.0}}